 0.00000000e+00  0.00000000e+00  0.00000000e+00  1.80000000e+00 
 2.00000000e-14  0.00000000e+00  2.00000000e-14  1.80000000e+00 
 4.00000000e-14  0.00000000e+00  4.00000000e-14  1.80000000e+00 
 8.00000000e-14  0.00000000e+00  8.00000000e-14  1.80000000e+00 
 1.60000000e-13  0.00000000e+00  1.60000000e-13  1.80000000e+00 
 3.20000000e-13  0.00000000e+00  3.20000000e-13  1.80000000e+00 
 6.40000000e-13  0.00000000e+00  6.40000000e-13  1.80000000e+00 
 1.28000000e-12  0.00000000e+00  1.28000000e-12  1.80000000e+00 
 2.56000000e-12  0.00000000e+00  2.56000000e-12  1.80000000e+00 
 4.56000000e-12  0.00000000e+00  4.56000000e-12  1.80000000e+00 
 6.56000000e-12  0.00000000e+00  6.56000000e-12  1.80000000e+00 
 8.56000000e-12  0.00000000e+00  8.56000000e-12  1.80000000e+00 
 1.05600000e-11  0.00000000e+00  1.05600000e-11  1.80000000e+00 
 1.25600000e-11  0.00000000e+00  1.25600000e-11  1.80000000e+00 
 1.45600000e-11  0.00000000e+00  1.45600000e-11  1.80000000e+00 
 1.65600000e-11  0.00000000e+00  1.65600000e-11  1.80000000e+00 
 1.85600000e-11  0.00000000e+00  1.85600000e-11  1.80000000e+00 
 2.05600000e-11  0.00000000e+00  2.05600000e-11  1.80000000e+00 
 2.25600000e-11  0.00000000e+00  2.25600000e-11  1.80000000e+00 
 2.45600000e-11  0.00000000e+00  2.45600000e-11  1.80000000e+00 
 2.65600000e-11  0.00000000e+00  2.65600000e-11  1.80000000e+00 
 2.85600000e-11  0.00000000e+00  2.85600000e-11  1.80000000e+00 
 3.05600000e-11  0.00000000e+00  3.05600000e-11  1.80000000e+00 
 3.25600000e-11  0.00000000e+00  3.25600000e-11  1.80000000e+00 
 3.45600000e-11  0.00000000e+00  3.45600000e-11  1.80000000e+00 
 3.65600000e-11  0.00000000e+00  3.65600000e-11  1.80000000e+00 
 3.85600000e-11  0.00000000e+00  3.85600000e-11  1.80000000e+00 
 4.05600000e-11  0.00000000e+00  4.05600000e-11  1.80000000e+00 
 4.25600000e-11  0.00000000e+00  4.25600000e-11  1.80000000e+00 
 4.45600000e-11  0.00000000e+00  4.45600000e-11  1.80000000e+00 
 4.65600000e-11  0.00000000e+00  4.65600000e-11  1.80000000e+00 
 4.85600000e-11  0.00000000e+00  4.85600000e-11  1.80000000e+00 
 5.05600000e-11  0.00000000e+00  5.05600000e-11  1.80000000e+00 
 5.25600000e-11  0.00000000e+00  5.25600000e-11  1.80000000e+00 
 5.45600000e-11  0.00000000e+00  5.45600000e-11  1.80000000e+00 
 5.65600000e-11  0.00000000e+00  5.65600000e-11  1.80000000e+00 
 5.85600000e-11  0.00000000e+00  5.85600000e-11  1.80000000e+00 
 6.05600000e-11  0.00000000e+00  6.05600000e-11  1.80000000e+00 
 6.25600000e-11  0.00000000e+00  6.25600000e-11  1.80000000e+00 
 6.45600000e-11  0.00000000e+00  6.45600000e-11  1.80000000e+00 
 6.65600000e-11  0.00000000e+00  6.65600000e-11  1.80000000e+00 
 6.85600000e-11  0.00000000e+00  6.85600000e-11  1.80000000e+00 
 7.05600000e-11  0.00000000e+00  7.05600000e-11  1.80000000e+00 
 7.25600000e-11  0.00000000e+00  7.25600000e-11  1.80000000e+00 
 7.45600000e-11  0.00000000e+00  7.45600000e-11  1.80000000e+00 
 7.65600000e-11  0.00000000e+00  7.65600000e-11  1.80000000e+00 
 7.85600000e-11  0.00000000e+00  7.85600000e-11  1.80000000e+00 
 8.05600000e-11  0.00000000e+00  8.05600000e-11  1.80000000e+00 
 8.25600000e-11  0.00000000e+00  8.25600000e-11  1.80000000e+00 
 8.45600000e-11  0.00000000e+00  8.45600000e-11  1.80000000e+00 
 8.65600000e-11  0.00000000e+00  8.65600000e-11  1.80000000e+00 
 8.85600000e-11  0.00000000e+00  8.85600000e-11  1.80000000e+00 
 9.05600000e-11  0.00000000e+00  9.05600000e-11  1.80000000e+00 
 9.25600000e-11  0.00000000e+00  9.25600000e-11  1.80000000e+00 
 9.45600000e-11  0.00000000e+00  9.45600000e-11  1.80000000e+00 
 9.65600000e-11  0.00000000e+00  9.65600000e-11  1.80000000e+00 
 9.85600000e-11  0.00000000e+00  9.85600000e-11  1.80000000e+00 
 1.00560000e-10  0.00000000e+00  1.00560000e-10  1.80000000e+00 
 1.02560000e-10  0.00000000e+00  1.02560000e-10  1.80000000e+00 
 1.04560000e-10  0.00000000e+00  1.04560000e-10  1.80000000e+00 
 1.06560000e-10  0.00000000e+00  1.06560000e-10  1.80000000e+00 
 1.08560000e-10  0.00000000e+00  1.08560000e-10  1.80000000e+00 
 1.10560000e-10  0.00000000e+00  1.10560000e-10  1.80000000e+00 
 1.12560000e-10  0.00000000e+00  1.12560000e-10  1.80000000e+00 
 1.14560000e-10  0.00000000e+00  1.14560000e-10  1.80000000e+00 
 1.16560000e-10  0.00000000e+00  1.16560000e-10  1.80000000e+00 
 1.18560000e-10  0.00000000e+00  1.18560000e-10  1.80000000e+00 
 1.20560000e-10  0.00000000e+00  1.20560000e-10  1.80000000e+00 
 1.22560000e-10  0.00000000e+00  1.22560000e-10  1.80000000e+00 
 1.24560000e-10  0.00000000e+00  1.24560000e-10  1.80000000e+00 
 1.26560000e-10  0.00000000e+00  1.26560000e-10  1.80000000e+00 
 1.28560000e-10  0.00000000e+00  1.28560000e-10  1.80000000e+00 
 1.30560000e-10  0.00000000e+00  1.30560000e-10  1.80000000e+00 
 1.32560000e-10  0.00000000e+00  1.32560000e-10  1.80000000e+00 
 1.34560000e-10  0.00000000e+00  1.34560000e-10  1.80000000e+00 
 1.36560000e-10  0.00000000e+00  1.36560000e-10  1.80000000e+00 
 1.38560000e-10  0.00000000e+00  1.38560000e-10  1.80000000e+00 
 1.40560000e-10  0.00000000e+00  1.40560000e-10  1.80000000e+00 
 1.42560000e-10  0.00000000e+00  1.42560000e-10  1.80000000e+00 
 1.44560000e-10  0.00000000e+00  1.44560000e-10  1.80000000e+00 
 1.46560000e-10  0.00000000e+00  1.46560000e-10  1.80000000e+00 
 1.48560000e-10  0.00000000e+00  1.48560000e-10  1.80000000e+00 
 1.50560000e-10  0.00000000e+00  1.50560000e-10  1.80000000e+00 
 1.52560000e-10  0.00000000e+00  1.52560000e-10  1.80000000e+00 
 1.54560000e-10  0.00000000e+00  1.54560000e-10  1.80000000e+00 
 1.56560000e-10  0.00000000e+00  1.56560000e-10  1.80000000e+00 
 1.58560000e-10  0.00000000e+00  1.58560000e-10  1.80000000e+00 
 1.60560000e-10  0.00000000e+00  1.60560000e-10  1.80000000e+00 
 1.62560000e-10  0.00000000e+00  1.62560000e-10  1.80000000e+00 
 1.64560000e-10  0.00000000e+00  1.64560000e-10  1.80000000e+00 
 1.66560000e-10  0.00000000e+00  1.66560000e-10  1.80000000e+00 
 1.68560000e-10  0.00000000e+00  1.68560000e-10  1.80000000e+00 
 1.70560000e-10  0.00000000e+00  1.70560000e-10  1.80000000e+00 
 1.72560000e-10  0.00000000e+00  1.72560000e-10  1.80000000e+00 
 1.74560000e-10  0.00000000e+00  1.74560000e-10  1.80000000e+00 
 1.76560000e-10  0.00000000e+00  1.76560000e-10  1.80000000e+00 
 1.78560000e-10  0.00000000e+00  1.78560000e-10  1.80000000e+00 
 1.80560000e-10  0.00000000e+00  1.80560000e-10  1.80000000e+00 
 1.82560000e-10  0.00000000e+00  1.82560000e-10  1.80000000e+00 
 1.84560000e-10  0.00000000e+00  1.84560000e-10  1.80000000e+00 
 1.86560000e-10  0.00000000e+00  1.86560000e-10  1.80000000e+00 
 1.88560000e-10  0.00000000e+00  1.88560000e-10  1.80000000e+00 
 1.90560000e-10  0.00000000e+00  1.90560000e-10  1.80000000e+00 
 1.92560000e-10  0.00000000e+00  1.92560000e-10  1.80000000e+00 
 1.94560000e-10  0.00000000e+00  1.94560000e-10  1.80000000e+00 
 1.96560000e-10  0.00000000e+00  1.96560000e-10  1.80000000e+00 
 1.98560000e-10  0.00000000e+00  1.98560000e-10  1.80000000e+00 
 2.00560000e-10  0.00000000e+00  2.00560000e-10  1.80000000e+00 
 2.02560000e-10  0.00000000e+00  2.02560000e-10  1.80000000e+00 
 2.04560000e-10  0.00000000e+00  2.04560000e-10  1.80000000e+00 
 2.06560000e-10  0.00000000e+00  2.06560000e-10  1.80000000e+00 
 2.08560000e-10  0.00000000e+00  2.08560000e-10  1.80000000e+00 
 2.10560000e-10  0.00000000e+00  2.10560000e-10  1.80000000e+00 
 2.12560000e-10  0.00000000e+00  2.12560000e-10  1.80000000e+00 
 2.14560000e-10  0.00000000e+00  2.14560000e-10  1.80000000e+00 
 2.16560000e-10  0.00000000e+00  2.16560000e-10  1.80000000e+00 
 2.18560000e-10  0.00000000e+00  2.18560000e-10  1.80000000e+00 
 2.20560000e-10  0.00000000e+00  2.20560000e-10  1.80000000e+00 
 2.22560000e-10  0.00000000e+00  2.22560000e-10  1.80000000e+00 
 2.24560000e-10  0.00000000e+00  2.24560000e-10  1.80000000e+00 
 2.26560000e-10  0.00000000e+00  2.26560000e-10  1.80000000e+00 
 2.28560000e-10  0.00000000e+00  2.28560000e-10  1.80000000e+00 
 2.30560000e-10  0.00000000e+00  2.30560000e-10  1.80000000e+00 
 2.32560000e-10  0.00000000e+00  2.32560000e-10  1.80000000e+00 
 2.34560000e-10  0.00000000e+00  2.34560000e-10  1.80000000e+00 
 2.36560000e-10  0.00000000e+00  2.36560000e-10  1.80000000e+00 
 2.38560000e-10  0.00000000e+00  2.38560000e-10  1.80000000e+00 
 2.40560000e-10  0.00000000e+00  2.40560000e-10  1.80000000e+00 
 2.42560000e-10  0.00000000e+00  2.42560000e-10  1.80000000e+00 
 2.44560000e-10  0.00000000e+00  2.44560000e-10  1.80000000e+00 
 2.46560000e-10  0.00000000e+00  2.46560000e-10  1.80000000e+00 
 2.48560000e-10  0.00000000e+00  2.48560000e-10  1.80000000e+00 
 2.50560000e-10  0.00000000e+00  2.50560000e-10  1.80000000e+00 
 2.52560000e-10  0.00000000e+00  2.52560000e-10  1.80000000e+00 
 2.54560000e-10  0.00000000e+00  2.54560000e-10  1.80000000e+00 
 2.56560000e-10  0.00000000e+00  2.56560000e-10  1.80000000e+00 
 2.58560000e-10  0.00000000e+00  2.58560000e-10  1.80000000e+00 
 2.60560000e-10  0.00000000e+00  2.60560000e-10  1.80000000e+00 
 2.62560000e-10  0.00000000e+00  2.62560000e-10  1.80000000e+00 
 2.64560000e-10  0.00000000e+00  2.64560000e-10  1.80000000e+00 
 2.66560000e-10  0.00000000e+00  2.66560000e-10  1.80000000e+00 
 2.68560000e-10  0.00000000e+00  2.68560000e-10  1.80000000e+00 
 2.70560000e-10  0.00000000e+00  2.70560000e-10  1.80000000e+00 
 2.72560000e-10  0.00000000e+00  2.72560000e-10  1.80000000e+00 
 2.74560000e-10  0.00000000e+00  2.74560000e-10  1.80000000e+00 
 2.76560000e-10  0.00000000e+00  2.76560000e-10  1.80000000e+00 
 2.78560000e-10  0.00000000e+00  2.78560000e-10  1.80000000e+00 
 2.80560000e-10  0.00000000e+00  2.80560000e-10  1.80000000e+00 
 2.82560000e-10  0.00000000e+00  2.82560000e-10  1.80000000e+00 
 2.84560000e-10  0.00000000e+00  2.84560000e-10  1.80000000e+00 
 2.86560000e-10  0.00000000e+00  2.86560000e-10  1.80000000e+00 
 2.88560000e-10  0.00000000e+00  2.88560000e-10  1.80000000e+00 
 2.90560000e-10  0.00000000e+00  2.90560000e-10  1.80000000e+00 
 2.92560000e-10  0.00000000e+00  2.92560000e-10  1.80000000e+00 
 2.94560000e-10  0.00000000e+00  2.94560000e-10  1.80000000e+00 
 2.96560000e-10  0.00000000e+00  2.96560000e-10  1.80000000e+00 
 2.98560000e-10  0.00000000e+00  2.98560000e-10  1.80000000e+00 
 3.00560000e-10  0.00000000e+00  3.00560000e-10  1.80000000e+00 
 3.02560000e-10  0.00000000e+00  3.02560000e-10  1.80000000e+00 
 3.04560000e-10  0.00000000e+00  3.04560000e-10  1.80000000e+00 
 3.06560000e-10  0.00000000e+00  3.06560000e-10  1.80000000e+00 
 3.08560000e-10  0.00000000e+00  3.08560000e-10  1.80000000e+00 
 3.10560000e-10  0.00000000e+00  3.10560000e-10  1.80000000e+00 
 3.12560000e-10  0.00000000e+00  3.12560000e-10  1.80000000e+00 
 3.14560000e-10  0.00000000e+00  3.14560000e-10  1.80000000e+00 
 3.16560000e-10  0.00000000e+00  3.16560000e-10  1.80000000e+00 
 3.18560000e-10  0.00000000e+00  3.18560000e-10  1.80000000e+00 
 3.20560000e-10  0.00000000e+00  3.20560000e-10  1.80000000e+00 
 3.22560000e-10  0.00000000e+00  3.22560000e-10  1.80000000e+00 
 3.24560000e-10  0.00000000e+00  3.24560000e-10  1.80000000e+00 
 3.26560000e-10  0.00000000e+00  3.26560000e-10  1.80000000e+00 
 3.28560000e-10  0.00000000e+00  3.28560000e-10  1.80000000e+00 
 3.30560000e-10  0.00000000e+00  3.30560000e-10  1.80000000e+00 
 3.32560000e-10  0.00000000e+00  3.32560000e-10  1.80000000e+00 
 3.34560000e-10  0.00000000e+00  3.34560000e-10  1.80000000e+00 
 3.36560000e-10  0.00000000e+00  3.36560000e-10  1.80000000e+00 
 3.38560000e-10  0.00000000e+00  3.38560000e-10  1.80000000e+00 
 3.40560000e-10  0.00000000e+00  3.40560000e-10  1.80000000e+00 
 3.42560000e-10  0.00000000e+00  3.42560000e-10  1.80000000e+00 
 3.44560000e-10  0.00000000e+00  3.44560000e-10  1.80000000e+00 
 3.46560000e-10  0.00000000e+00  3.46560000e-10  1.80000000e+00 
 3.48560000e-10  0.00000000e+00  3.48560000e-10  1.80000000e+00 
 3.50560000e-10  0.00000000e+00  3.50560000e-10  1.80000000e+00 
 3.52560000e-10  0.00000000e+00  3.52560000e-10  1.80000000e+00 
 3.54560000e-10  0.00000000e+00  3.54560000e-10  1.80000000e+00 
 3.56560000e-10  0.00000000e+00  3.56560000e-10  1.80000000e+00 
 3.58560000e-10  0.00000000e+00  3.58560000e-10  1.80000000e+00 
 3.60560000e-10  0.00000000e+00  3.60560000e-10  1.80000000e+00 
 3.62560000e-10  0.00000000e+00  3.62560000e-10  1.80000000e+00 
 3.64560000e-10  0.00000000e+00  3.64560000e-10  1.80000000e+00 
 3.66560000e-10  0.00000000e+00  3.66560000e-10  1.80000000e+00 
 3.68560000e-10  0.00000000e+00  3.68560000e-10  1.80000000e+00 
 3.70560000e-10  0.00000000e+00  3.70560000e-10  1.80000000e+00 
 3.72560000e-10  0.00000000e+00  3.72560000e-10  1.80000000e+00 
 3.74560000e-10  0.00000000e+00  3.74560000e-10  1.80000000e+00 
 3.76560000e-10  0.00000000e+00  3.76560000e-10  1.80000000e+00 
 3.78560000e-10  0.00000000e+00  3.78560000e-10  1.80000000e+00 
 3.80560000e-10  0.00000000e+00  3.80560000e-10  1.80000000e+00 
 3.82560000e-10  0.00000000e+00  3.82560000e-10  1.80000000e+00 
 3.84560000e-10  0.00000000e+00  3.84560000e-10  1.80000000e+00 
 3.86560000e-10  0.00000000e+00  3.86560000e-10  1.80000000e+00 
 3.88560000e-10  0.00000000e+00  3.88560000e-10  1.80000000e+00 
 3.90560000e-10  0.00000000e+00  3.90560000e-10  1.80000000e+00 
 3.92560000e-10  0.00000000e+00  3.92560000e-10  1.80000000e+00 
 3.94560000e-10  0.00000000e+00  3.94560000e-10  1.80000000e+00 
 3.96560000e-10  0.00000000e+00  3.96560000e-10  1.80000000e+00 
 3.98560000e-10  0.00000000e+00  3.98560000e-10  1.80000000e+00 
 4.00560000e-10  0.00000000e+00  4.00560000e-10  1.80000000e+00 
 4.02560000e-10  0.00000000e+00  4.02560000e-10  1.80000000e+00 
 4.04560000e-10  0.00000000e+00  4.04560000e-10  1.80000000e+00 
 4.06560000e-10  0.00000000e+00  4.06560000e-10  1.80000000e+00 
 4.08560000e-10  0.00000000e+00  4.08560000e-10  1.80000000e+00 
 4.10560000e-10  0.00000000e+00  4.10560000e-10  1.80000000e+00 
 4.12560000e-10  0.00000000e+00  4.12560000e-10  1.80000000e+00 
 4.14560000e-10  0.00000000e+00  4.14560000e-10  1.80000000e+00 
 4.16560000e-10  0.00000000e+00  4.16560000e-10  1.80000000e+00 
 4.18560000e-10  0.00000000e+00  4.18560000e-10  1.80000000e+00 
 4.20560000e-10  0.00000000e+00  4.20560000e-10  1.80000000e+00 
 4.22560000e-10  0.00000000e+00  4.22560000e-10  1.80000000e+00 
 4.24560000e-10  0.00000000e+00  4.24560000e-10  1.80000000e+00 
 4.26560000e-10  0.00000000e+00  4.26560000e-10  1.80000000e+00 
 4.28560000e-10  0.00000000e+00  4.28560000e-10  1.80000000e+00 
 4.30560000e-10  0.00000000e+00  4.30560000e-10  1.80000000e+00 
 4.32560000e-10  0.00000000e+00  4.32560000e-10  1.80000000e+00 
 4.34560000e-10  0.00000000e+00  4.34560000e-10  1.80000000e+00 
 4.36560000e-10  0.00000000e+00  4.36560000e-10  1.80000000e+00 
 4.38560000e-10  0.00000000e+00  4.38560000e-10  1.80000000e+00 
 4.40560000e-10  0.00000000e+00  4.40560000e-10  1.80000000e+00 
 4.42560000e-10  0.00000000e+00  4.42560000e-10  1.80000000e+00 
 4.44560000e-10  0.00000000e+00  4.44560000e-10  1.80000000e+00 
 4.46560000e-10  0.00000000e+00  4.46560000e-10  1.80000000e+00 
 4.48560000e-10  0.00000000e+00  4.48560000e-10  1.80000000e+00 
 4.50560000e-10  0.00000000e+00  4.50560000e-10  1.80000000e+00 
 4.52560000e-10  0.00000000e+00  4.52560000e-10  1.80000000e+00 
 4.54560000e-10  0.00000000e+00  4.54560000e-10  1.80000000e+00 
 4.56560000e-10  0.00000000e+00  4.56560000e-10  1.80000000e+00 
 4.58560000e-10  0.00000000e+00  4.58560000e-10  1.80000000e+00 
 4.60560000e-10  0.00000000e+00  4.60560000e-10  1.80000000e+00 
 4.62560000e-10  0.00000000e+00  4.62560000e-10  1.80000000e+00 
 4.64560000e-10  0.00000000e+00  4.64560000e-10  1.80000000e+00 
 4.66560000e-10  0.00000000e+00  4.66560000e-10  1.80000000e+00 
 4.68560000e-10  0.00000000e+00  4.68560000e-10  1.80000000e+00 
 4.70560000e-10  0.00000000e+00  4.70560000e-10  1.80000000e+00 
 4.72560000e-10  0.00000000e+00  4.72560000e-10  1.80000000e+00 
 4.74560000e-10  0.00000000e+00  4.74560000e-10  1.80000000e+00 
 4.76560000e-10  0.00000000e+00  4.76560000e-10  1.80000000e+00 
 4.78560000e-10  0.00000000e+00  4.78560000e-10  1.80000000e+00 
 4.80560000e-10  0.00000000e+00  4.80560000e-10  1.80000000e+00 
 4.82560000e-10  0.00000000e+00  4.82560000e-10  1.80000000e+00 
 4.84560000e-10  0.00000000e+00  4.84560000e-10  1.80000000e+00 
 4.86560000e-10  0.00000000e+00  4.86560000e-10  1.80000000e+00 
 4.88560000e-10  0.00000000e+00  4.88560000e-10  1.80000000e+00 
 4.90560000e-10  0.00000000e+00  4.90560000e-10  1.80000000e+00 
 4.92560000e-10  0.00000000e+00  4.92560000e-10  1.80000000e+00 
 4.94560000e-10  0.00000000e+00  4.94560000e-10  1.80000000e+00 
 4.96560000e-10  0.00000000e+00  4.96560000e-10  1.80000000e+00 
 4.98560000e-10  0.00000000e+00  4.98560000e-10  1.80000000e+00 
 5.00560000e-10  0.00000000e+00  5.00560000e-10  1.80000000e+00 
 5.02560000e-10  0.00000000e+00  5.02560000e-10  1.80000000e+00 
 5.04560000e-10  0.00000000e+00  5.04560000e-10  1.80000000e+00 
 5.06560000e-10  0.00000000e+00  5.06560000e-10  1.80000000e+00 
 5.08560000e-10  0.00000000e+00  5.08560000e-10  1.80000000e+00 
 5.10560000e-10  0.00000000e+00  5.10560000e-10  1.80000000e+00 
 5.12560000e-10  0.00000000e+00  5.12560000e-10  1.80000000e+00 
 5.14560000e-10  0.00000000e+00  5.14560000e-10  1.80000000e+00 
 5.16560000e-10  0.00000000e+00  5.16560000e-10  1.80000000e+00 
 5.18560000e-10  0.00000000e+00  5.18560000e-10  1.80000000e+00 
 5.20560000e-10  0.00000000e+00  5.20560000e-10  1.80000000e+00 
 5.22560000e-10  0.00000000e+00  5.22560000e-10  1.80000000e+00 
 5.24560000e-10  0.00000000e+00  5.24560000e-10  1.80000000e+00 
 5.26560000e-10  0.00000000e+00  5.26560000e-10  1.80000000e+00 
 5.28560000e-10  0.00000000e+00  5.28560000e-10  1.80000000e+00 
 5.30560000e-10  0.00000000e+00  5.30560000e-10  1.80000000e+00 
 5.32560000e-10  0.00000000e+00  5.32560000e-10  1.80000000e+00 
 5.34560000e-10  0.00000000e+00  5.34560000e-10  1.80000000e+00 
 5.36560000e-10  0.00000000e+00  5.36560000e-10  1.80000000e+00 
 5.38560000e-10  0.00000000e+00  5.38560000e-10  1.80000000e+00 
 5.40560000e-10  0.00000000e+00  5.40560000e-10  1.80000000e+00 
 5.42560000e-10  0.00000000e+00  5.42560000e-10  1.80000000e+00 
 5.44560000e-10  0.00000000e+00  5.44560000e-10  1.80000000e+00 
 5.46560000e-10  0.00000000e+00  5.46560000e-10  1.80000000e+00 
 5.48560000e-10  0.00000000e+00  5.48560000e-10  1.80000000e+00 
 5.50560000e-10  0.00000000e+00  5.50560000e-10  1.80000000e+00 
 5.52560000e-10  0.00000000e+00  5.52560000e-10  1.80000000e+00 
 5.54560000e-10  0.00000000e+00  5.54560000e-10  1.80000000e+00 
 5.56560000e-10  0.00000000e+00  5.56560000e-10  1.80000000e+00 
 5.58560000e-10  0.00000000e+00  5.58560000e-10  1.80000000e+00 
 5.60560000e-10  0.00000000e+00  5.60560000e-10  1.80000000e+00 
 5.62560000e-10  0.00000000e+00  5.62560000e-10  1.80000000e+00 
 5.64560000e-10  0.00000000e+00  5.64560000e-10  1.80000000e+00 
 5.66560000e-10  0.00000000e+00  5.66560000e-10  1.80000000e+00 
 5.68560000e-10  0.00000000e+00  5.68560000e-10  1.80000000e+00 
 5.70560000e-10  0.00000000e+00  5.70560000e-10  1.80000000e+00 
 5.72560000e-10  0.00000000e+00  5.72560000e-10  1.80000000e+00 
 5.74560000e-10  0.00000000e+00  5.74560000e-10  1.80000000e+00 
 5.76560000e-10  0.00000000e+00  5.76560000e-10  1.80000000e+00 
 5.78560000e-10  0.00000000e+00  5.78560000e-10  1.80000000e+00 
 5.80560000e-10  0.00000000e+00  5.80560000e-10  1.80000000e+00 
 5.82560000e-10  0.00000000e+00  5.82560000e-10  1.80000000e+00 
 5.84560000e-10  0.00000000e+00  5.84560000e-10  1.80000000e+00 
 5.86560000e-10  0.00000000e+00  5.86560000e-10  1.80000000e+00 
 5.88560000e-10  0.00000000e+00  5.88560000e-10  1.80000000e+00 
 5.90560000e-10  0.00000000e+00  5.90560000e-10  1.80000000e+00 
 5.92560000e-10  0.00000000e+00  5.92560000e-10  1.80000000e+00 
 5.94560000e-10  0.00000000e+00  5.94560000e-10  1.80000000e+00 
 5.96560000e-10  0.00000000e+00  5.96560000e-10  1.80000000e+00 
 5.98560000e-10  0.00000000e+00  5.98560000e-10  1.80000000e+00 
 6.00560000e-10  0.00000000e+00  6.00560000e-10  1.80000000e+00 
 6.02560000e-10  0.00000000e+00  6.02560000e-10  1.80000000e+00 
 6.04560000e-10  0.00000000e+00  6.04560000e-10  1.80000000e+00 
 6.06560000e-10  0.00000000e+00  6.06560000e-10  1.80000000e+00 
 6.08560000e-10  0.00000000e+00  6.08560000e-10  1.80000000e+00 
 6.10560000e-10  0.00000000e+00  6.10560000e-10  1.80000000e+00 
 6.12560000e-10  0.00000000e+00  6.12560000e-10  1.80000000e+00 
 6.14560000e-10  0.00000000e+00  6.14560000e-10  1.80000000e+00 
 6.16560000e-10  0.00000000e+00  6.16560000e-10  1.80000000e+00 
 6.18560000e-10  0.00000000e+00  6.18560000e-10  1.80000000e+00 
 6.20560000e-10  0.00000000e+00  6.20560000e-10  1.80000000e+00 
 6.22560000e-10  0.00000000e+00  6.22560000e-10  1.80000000e+00 
 6.24560000e-10  0.00000000e+00  6.24560000e-10  1.80000000e+00 
 6.26560000e-10  0.00000000e+00  6.26560000e-10  1.80000000e+00 
 6.28560000e-10  0.00000000e+00  6.28560000e-10  1.80000000e+00 
 6.30560000e-10  0.00000000e+00  6.30560000e-10  1.80000000e+00 
 6.32560000e-10  0.00000000e+00  6.32560000e-10  1.80000000e+00 
 6.34560000e-10  0.00000000e+00  6.34560000e-10  1.80000000e+00 
 6.36560000e-10  0.00000000e+00  6.36560000e-10  1.80000000e+00 
 6.38560000e-10  0.00000000e+00  6.38560000e-10  1.80000000e+00 
 6.40560000e-10  0.00000000e+00  6.40560000e-10  1.80000000e+00 
 6.42560000e-10  0.00000000e+00  6.42560000e-10  1.80000000e+00 
 6.44560000e-10  0.00000000e+00  6.44560000e-10  1.80000000e+00 
 6.46560000e-10  0.00000000e+00  6.46560000e-10  1.80000000e+00 
 6.48560000e-10  0.00000000e+00  6.48560000e-10  1.80000000e+00 
 6.50560000e-10  0.00000000e+00  6.50560000e-10  1.80000000e+00 
 6.52560000e-10  0.00000000e+00  6.52560000e-10  1.80000000e+00 
 6.54560000e-10  0.00000000e+00  6.54560000e-10  1.80000000e+00 
 6.56560000e-10  0.00000000e+00  6.56560000e-10  1.80000000e+00 
 6.58560000e-10  0.00000000e+00  6.58560000e-10  1.80000000e+00 
 6.60560000e-10  0.00000000e+00  6.60560000e-10  1.80000000e+00 
 6.62560000e-10  0.00000000e+00  6.62560000e-10  1.80000000e+00 
 6.64560000e-10  0.00000000e+00  6.64560000e-10  1.80000000e+00 
 6.66560000e-10  0.00000000e+00  6.66560000e-10  1.80000000e+00 
 6.68560000e-10  0.00000000e+00  6.68560000e-10  1.80000000e+00 
 6.70560000e-10  0.00000000e+00  6.70560000e-10  1.80000000e+00 
 6.72560000e-10  0.00000000e+00  6.72560000e-10  1.80000000e+00 
 6.74560000e-10  0.00000000e+00  6.74560000e-10  1.80000000e+00 
 6.76560000e-10  0.00000000e+00  6.76560000e-10  1.80000000e+00 
 6.78560000e-10  0.00000000e+00  6.78560000e-10  1.80000000e+00 
 6.80560000e-10  0.00000000e+00  6.80560000e-10  1.80000000e+00 
 6.82560000e-10  0.00000000e+00  6.82560000e-10  1.80000000e+00 
 6.84560000e-10  0.00000000e+00  6.84560000e-10  1.80000000e+00 
 6.86560000e-10  0.00000000e+00  6.86560000e-10  1.80000000e+00 
 6.88560000e-10  0.00000000e+00  6.88560000e-10  1.80000000e+00 
 6.90560000e-10  0.00000000e+00  6.90560000e-10  1.80000000e+00 
 6.92560000e-10  0.00000000e+00  6.92560000e-10  1.80000000e+00 
 6.94560000e-10  0.00000000e+00  6.94560000e-10  1.80000000e+00 
 6.96560000e-10  0.00000000e+00  6.96560000e-10  1.80000000e+00 
 6.98560000e-10  0.00000000e+00  6.98560000e-10  1.80000000e+00 
 7.00560000e-10  0.00000000e+00  7.00560000e-10  1.80000000e+00 
 7.02560000e-10  0.00000000e+00  7.02560000e-10  1.80000000e+00 
 7.04560000e-10  0.00000000e+00  7.04560000e-10  1.80000000e+00 
 7.06560000e-10  0.00000000e+00  7.06560000e-10  1.80000000e+00 
 7.08560000e-10  0.00000000e+00  7.08560000e-10  1.80000000e+00 
 7.10560000e-10  0.00000000e+00  7.10560000e-10  1.80000000e+00 
 7.12560000e-10  0.00000000e+00  7.12560000e-10  1.80000000e+00 
 7.14560000e-10  0.00000000e+00  7.14560000e-10  1.80000000e+00 
 7.16560000e-10  0.00000000e+00  7.16560000e-10  1.80000000e+00 
 7.18560000e-10  0.00000000e+00  7.18560000e-10  1.80000000e+00 
 7.20560000e-10  0.00000000e+00  7.20560000e-10  1.80000000e+00 
 7.22560000e-10  0.00000000e+00  7.22560000e-10  1.80000000e+00 
 7.24560000e-10  0.00000000e+00  7.24560000e-10  1.80000000e+00 
 7.26560000e-10  0.00000000e+00  7.26560000e-10  1.80000000e+00 
 7.28560000e-10  0.00000000e+00  7.28560000e-10  1.80000000e+00 
 7.30560000e-10  0.00000000e+00  7.30560000e-10  1.80000000e+00 
 7.32560000e-10  0.00000000e+00  7.32560000e-10  1.80000000e+00 
 7.34560000e-10  0.00000000e+00  7.34560000e-10  1.80000000e+00 
 7.36560000e-10  0.00000000e+00  7.36560000e-10  1.80000000e+00 
 7.38560000e-10  0.00000000e+00  7.38560000e-10  1.80000000e+00 
 7.40560000e-10  0.00000000e+00  7.40560000e-10  1.80000000e+00 
 7.42560000e-10  0.00000000e+00  7.42560000e-10  1.80000000e+00 
 7.44560000e-10  0.00000000e+00  7.44560000e-10  1.80000000e+00 
 7.46560000e-10  0.00000000e+00  7.46560000e-10  1.80000000e+00 
 7.48560000e-10  0.00000000e+00  7.48560000e-10  1.80000000e+00 
 7.50560000e-10  0.00000000e+00  7.50560000e-10  1.80000000e+00 
 7.52560000e-10  0.00000000e+00  7.52560000e-10  1.80000000e+00 
 7.54560000e-10  0.00000000e+00  7.54560000e-10  1.80000000e+00 
 7.56560000e-10  0.00000000e+00  7.56560000e-10  1.80000000e+00 
 7.58560000e-10  0.00000000e+00  7.58560000e-10  1.80000000e+00 
 7.60560000e-10  0.00000000e+00  7.60560000e-10  1.80000000e+00 
 7.62560000e-10  0.00000000e+00  7.62560000e-10  1.80000000e+00 
 7.64560000e-10  0.00000000e+00  7.64560000e-10  1.80000000e+00 
 7.66560000e-10  0.00000000e+00  7.66560000e-10  1.80000000e+00 
 7.68560000e-10  0.00000000e+00  7.68560000e-10  1.80000000e+00 
 7.70560000e-10  0.00000000e+00  7.70560000e-10  1.80000000e+00 
 7.72560000e-10  0.00000000e+00  7.72560000e-10  1.80000000e+00 
 7.74560000e-10  0.00000000e+00  7.74560000e-10  1.80000000e+00 
 7.76560000e-10  0.00000000e+00  7.76560000e-10  1.80000000e+00 
 7.78560000e-10  0.00000000e+00  7.78560000e-10  1.80000000e+00 
 7.80560000e-10  0.00000000e+00  7.80560000e-10  1.80000000e+00 
 7.82560000e-10  0.00000000e+00  7.82560000e-10  1.80000000e+00 
 7.84560000e-10  0.00000000e+00  7.84560000e-10  1.80000000e+00 
 7.86560000e-10  0.00000000e+00  7.86560000e-10  1.80000000e+00 
 7.88560000e-10  0.00000000e+00  7.88560000e-10  1.80000000e+00 
 7.90560000e-10  0.00000000e+00  7.90560000e-10  1.80000000e+00 
 7.92560000e-10  0.00000000e+00  7.92560000e-10  1.80000000e+00 
 7.94560000e-10  0.00000000e+00  7.94560000e-10  1.80000000e+00 
 7.96560000e-10  0.00000000e+00  7.96560000e-10  1.80000000e+00 
 7.98560000e-10  0.00000000e+00  7.98560000e-10  1.80000000e+00 
 8.00560000e-10  0.00000000e+00  8.00560000e-10  1.80000000e+00 
 8.02560000e-10  0.00000000e+00  8.02560000e-10  1.80000000e+00 
 8.04560000e-10  0.00000000e+00  8.04560000e-10  1.80000000e+00 
 8.06560000e-10  0.00000000e+00  8.06560000e-10  1.80000000e+00 
 8.08560000e-10  0.00000000e+00  8.08560000e-10  1.80000000e+00 
 8.10560000e-10  0.00000000e+00  8.10560000e-10  1.80000000e+00 
 8.12560000e-10  0.00000000e+00  8.12560000e-10  1.80000000e+00 
 8.14560000e-10  0.00000000e+00  8.14560000e-10  1.80000000e+00 
 8.16560000e-10  0.00000000e+00  8.16560000e-10  1.80000000e+00 
 8.18560000e-10  0.00000000e+00  8.18560000e-10  1.80000000e+00 
 8.20560000e-10  0.00000000e+00  8.20560000e-10  1.80000000e+00 
 8.22560000e-10  0.00000000e+00  8.22560000e-10  1.80000000e+00 
 8.24560000e-10  0.00000000e+00  8.24560000e-10  1.80000000e+00 
 8.26560000e-10  0.00000000e+00  8.26560000e-10  1.80000000e+00 
 8.28560000e-10  0.00000000e+00  8.28560000e-10  1.80000000e+00 
 8.30560000e-10  0.00000000e+00  8.30560000e-10  1.80000000e+00 
 8.32560000e-10  0.00000000e+00  8.32560000e-10  1.80000000e+00 
 8.34560000e-10  0.00000000e+00  8.34560000e-10  1.80000000e+00 
 8.36560000e-10  0.00000000e+00  8.36560000e-10  1.80000000e+00 
 8.38560000e-10  0.00000000e+00  8.38560000e-10  1.80000000e+00 
 8.40560000e-10  0.00000000e+00  8.40560000e-10  1.80000000e+00 
 8.42560000e-10  0.00000000e+00  8.42560000e-10  1.80000000e+00 
 8.44560000e-10  0.00000000e+00  8.44560000e-10  1.80000000e+00 
 8.46560000e-10  0.00000000e+00  8.46560000e-10  1.80000000e+00 
 8.48560000e-10  0.00000000e+00  8.48560000e-10  1.80000000e+00 
 8.50560000e-10  0.00000000e+00  8.50560000e-10  1.80000000e+00 
 8.52560000e-10  0.00000000e+00  8.52560000e-10  1.80000000e+00 
 8.54560000e-10  0.00000000e+00  8.54560000e-10  1.80000000e+00 
 8.56560000e-10  0.00000000e+00  8.56560000e-10  1.80000000e+00 
 8.58560000e-10  0.00000000e+00  8.58560000e-10  1.80000000e+00 
 8.60560000e-10  0.00000000e+00  8.60560000e-10  1.80000000e+00 
 8.62560000e-10  0.00000000e+00  8.62560000e-10  1.80000000e+00 
 8.64560000e-10  0.00000000e+00  8.64560000e-10  1.80000000e+00 
 8.66560000e-10  0.00000000e+00  8.66560000e-10  1.80000000e+00 
 8.68560000e-10  0.00000000e+00  8.68560000e-10  1.80000000e+00 
 8.70560000e-10  0.00000000e+00  8.70560000e-10  1.80000000e+00 
 8.72560000e-10  0.00000000e+00  8.72560000e-10  1.80000000e+00 
 8.74560000e-10  0.00000000e+00  8.74560000e-10  1.80000000e+00 
 8.76560000e-10  0.00000000e+00  8.76560000e-10  1.80000000e+00 
 8.78560000e-10  0.00000000e+00  8.78560000e-10  1.80000000e+00 
 8.80560000e-10  0.00000000e+00  8.80560000e-10  1.80000000e+00 
 8.82560000e-10  0.00000000e+00  8.82560000e-10  1.80000000e+00 
 8.84560000e-10  0.00000000e+00  8.84560000e-10  1.80000000e+00 
 8.86560000e-10  0.00000000e+00  8.86560000e-10  1.80000000e+00 
 8.88560000e-10  0.00000000e+00  8.88560000e-10  1.80000000e+00 
 8.90560000e-10  0.00000000e+00  8.90560000e-10  1.80000000e+00 
 8.92560000e-10  0.00000000e+00  8.92560000e-10  1.80000000e+00 
 8.94560000e-10  0.00000000e+00  8.94560000e-10  1.80000000e+00 
 8.96560000e-10  0.00000000e+00  8.96560000e-10  1.80000000e+00 
 8.98560000e-10  0.00000000e+00  8.98560000e-10  1.80000000e+00 
 9.00560000e-10  0.00000000e+00  9.00560000e-10  1.80000000e+00 
 9.02560000e-10  0.00000000e+00  9.02560000e-10  1.80000000e+00 
 9.04560000e-10  0.00000000e+00  9.04560000e-10  1.80000000e+00 
 9.06560000e-10  0.00000000e+00  9.06560000e-10  1.80000000e+00 
 9.08560000e-10  0.00000000e+00  9.08560000e-10  1.80000000e+00 
 9.10560000e-10  0.00000000e+00  9.10560000e-10  1.80000000e+00 
 9.12560000e-10  0.00000000e+00  9.12560000e-10  1.80000000e+00 
 9.14560000e-10  0.00000000e+00  9.14560000e-10  1.80000000e+00 
 9.16560000e-10  0.00000000e+00  9.16560000e-10  1.80000000e+00 
 9.18560000e-10  0.00000000e+00  9.18560000e-10  1.80000000e+00 
 9.20560000e-10  0.00000000e+00  9.20560000e-10  1.80000000e+00 
 9.22560000e-10  0.00000000e+00  9.22560000e-10  1.80000000e+00 
 9.24560000e-10  0.00000000e+00  9.24560000e-10  1.80000000e+00 
 9.26560000e-10  0.00000000e+00  9.26560000e-10  1.80000000e+00 
 9.28560000e-10  0.00000000e+00  9.28560000e-10  1.80000000e+00 
 9.30560000e-10  0.00000000e+00  9.30560000e-10  1.80000000e+00 
 9.32560000e-10  0.00000000e+00  9.32560000e-10  1.80000000e+00 
 9.34560000e-10  0.00000000e+00  9.34560000e-10  1.80000000e+00 
 9.36560000e-10  0.00000000e+00  9.36560000e-10  1.80000000e+00 
 9.38560000e-10  0.00000000e+00  9.38560000e-10  1.80000000e+00 
 9.40560000e-10  0.00000000e+00  9.40560000e-10  1.80000000e+00 
 9.42560000e-10  0.00000000e+00  9.42560000e-10  1.80000000e+00 
 9.44560000e-10  0.00000000e+00  9.44560000e-10  1.80000000e+00 
 9.46560000e-10  0.00000000e+00  9.46560000e-10  1.80000000e+00 
 9.48560000e-10  0.00000000e+00  9.48560000e-10  1.80000000e+00 
 9.50560000e-10  0.00000000e+00  9.50560000e-10  1.80000000e+00 
 9.52560000e-10  0.00000000e+00  9.52560000e-10  1.80000000e+00 
 9.54560000e-10  0.00000000e+00  9.54560000e-10  1.80000000e+00 
 9.56560000e-10  0.00000000e+00  9.56560000e-10  1.80000000e+00 
 9.58560000e-10  0.00000000e+00  9.58560000e-10  1.80000000e+00 
 9.60560000e-10  0.00000000e+00  9.60560000e-10  1.80000000e+00 
 9.62560000e-10  0.00000000e+00  9.62560000e-10  1.80000000e+00 
 9.64560000e-10  0.00000000e+00  9.64560000e-10  1.80000000e+00 
 9.66560000e-10  0.00000000e+00  9.66560000e-10  1.80000000e+00 
 9.68560000e-10  0.00000000e+00  9.68560000e-10  1.80000000e+00 
 9.70560000e-10  0.00000000e+00  9.70560000e-10  1.80000000e+00 
 9.72560000e-10  0.00000000e+00  9.72560000e-10  1.80000000e+00 
 9.74560000e-10  0.00000000e+00  9.74560000e-10  1.80000000e+00 
 9.76560000e-10  0.00000000e+00  9.76560000e-10  1.80000000e+00 
 9.78560000e-10  0.00000000e+00  9.78560000e-10  1.80000000e+00 
 9.80560000e-10  0.00000000e+00  9.80560000e-10  1.80000000e+00 
 9.82560000e-10  0.00000000e+00  9.82560000e-10  1.80000000e+00 
 9.84560000e-10  0.00000000e+00  9.84560000e-10  1.80000000e+00 
 9.86560000e-10  0.00000000e+00  9.86560000e-10  1.80000000e+00 
 9.88560000e-10  0.00000000e+00  9.88560000e-10  1.80000000e+00 
 9.90560000e-10  0.00000000e+00  9.90560000e-10  1.80000000e+00 
 9.92560000e-10  0.00000000e+00  9.92560000e-10  1.80000000e+00 
 9.94560000e-10  0.00000000e+00  9.94560000e-10  1.80000000e+00 
 9.96560000e-10  0.00000000e+00  9.96560000e-10  1.80000000e+00 
 9.98560000e-10  0.00000000e+00  9.98560000e-10  1.80000000e+00 
 1.00056000e-09  0.00000000e+00  1.00056000e-09  1.80000000e+00 
 1.00256000e-09  0.00000000e+00  1.00256000e-09  1.80000000e+00 
 1.00456000e-09  0.00000000e+00  1.00456000e-09  1.80000000e+00 
 1.00656000e-09  0.00000000e+00  1.00656000e-09  1.80000000e+00 
 1.00856000e-09  0.00000000e+00  1.00856000e-09  1.80000000e+00 
 1.01056000e-09  0.00000000e+00  1.01056000e-09  1.80000000e+00 
 1.01256000e-09  0.00000000e+00  1.01256000e-09  1.80000000e+00 
 1.01456000e-09  0.00000000e+00  1.01456000e-09  1.80000000e+00 
 1.01656000e-09  0.00000000e+00  1.01656000e-09  1.80000000e+00 
 1.01856000e-09  0.00000000e+00  1.01856000e-09  1.80000000e+00 
 1.02056000e-09  0.00000000e+00  1.02056000e-09  1.80000000e+00 
 1.02256000e-09  0.00000000e+00  1.02256000e-09  1.80000000e+00 
 1.02456000e-09  0.00000000e+00  1.02456000e-09  1.80000000e+00 
 1.02656000e-09  0.00000000e+00  1.02656000e-09  1.80000000e+00 
 1.02856000e-09  0.00000000e+00  1.02856000e-09  1.80000000e+00 
 1.03056000e-09  0.00000000e+00  1.03056000e-09  1.80000000e+00 
 1.03256000e-09  0.00000000e+00  1.03256000e-09  1.80000000e+00 
 1.03456000e-09  0.00000000e+00  1.03456000e-09  1.80000000e+00 
 1.03656000e-09  0.00000000e+00  1.03656000e-09  1.80000000e+00 
 1.03856000e-09  0.00000000e+00  1.03856000e-09  1.80000000e+00 
 1.04056000e-09  0.00000000e+00  1.04056000e-09  1.80000000e+00 
 1.04256000e-09  0.00000000e+00  1.04256000e-09  1.80000000e+00 
 1.04456000e-09  0.00000000e+00  1.04456000e-09  1.80000000e+00 
 1.04656000e-09  0.00000000e+00  1.04656000e-09  1.80000000e+00 
 1.04856000e-09  0.00000000e+00  1.04856000e-09  1.80000000e+00 
 1.05056000e-09  0.00000000e+00  1.05056000e-09  1.80000000e+00 
 1.05256000e-09  0.00000000e+00  1.05256000e-09  1.80000000e+00 
 1.05456000e-09  0.00000000e+00  1.05456000e-09  1.80000000e+00 
 1.05656000e-09  0.00000000e+00  1.05656000e-09  1.80000000e+00 
 1.05856000e-09  0.00000000e+00  1.05856000e-09  1.80000000e+00 
 1.06056000e-09  0.00000000e+00  1.06056000e-09  1.80000000e+00 
 1.06256000e-09  0.00000000e+00  1.06256000e-09  1.80000000e+00 
 1.06456000e-09  0.00000000e+00  1.06456000e-09  1.80000000e+00 
 1.06656000e-09  0.00000000e+00  1.06656000e-09  1.80000000e+00 
 1.06856000e-09  0.00000000e+00  1.06856000e-09  1.80000000e+00 
 1.07056000e-09  0.00000000e+00  1.07056000e-09  1.80000000e+00 
 1.07256000e-09  0.00000000e+00  1.07256000e-09  1.80000000e+00 
 1.07456000e-09  0.00000000e+00  1.07456000e-09  1.80000000e+00 
 1.07656000e-09  0.00000000e+00  1.07656000e-09  1.80000000e+00 
 1.07856000e-09  0.00000000e+00  1.07856000e-09  1.80000000e+00 
 1.08056000e-09  0.00000000e+00  1.08056000e-09  1.80000000e+00 
 1.08256000e-09  0.00000000e+00  1.08256000e-09  1.80000000e+00 
 1.08456000e-09  0.00000000e+00  1.08456000e-09  1.80000000e+00 
 1.08656000e-09  0.00000000e+00  1.08656000e-09  1.80000000e+00 
 1.08856000e-09  0.00000000e+00  1.08856000e-09  1.80000000e+00 
 1.09056000e-09  0.00000000e+00  1.09056000e-09  1.80000000e+00 
 1.09256000e-09  0.00000000e+00  1.09256000e-09  1.80000000e+00 
 1.09456000e-09  0.00000000e+00  1.09456000e-09  1.80000000e+00 
 1.09656000e-09  0.00000000e+00  1.09656000e-09  1.80000000e+00 
 1.09856000e-09  0.00000000e+00  1.09856000e-09  1.80000000e+00 
 1.10056000e-09  0.00000000e+00  1.10056000e-09  1.80000000e+00 
 1.10256000e-09  0.00000000e+00  1.10256000e-09  1.80000000e+00 
 1.10456000e-09  0.00000000e+00  1.10456000e-09  1.80000000e+00 
 1.10656000e-09  0.00000000e+00  1.10656000e-09  1.80000000e+00 
 1.10856000e-09  0.00000000e+00  1.10856000e-09  1.80000000e+00 
 1.11056000e-09  0.00000000e+00  1.11056000e-09  1.80000000e+00 
 1.11256000e-09  0.00000000e+00  1.11256000e-09  1.80000000e+00 
 1.11456000e-09  0.00000000e+00  1.11456000e-09  1.80000000e+00 
 1.11656000e-09  0.00000000e+00  1.11656000e-09  1.80000000e+00 
 1.11856000e-09  0.00000000e+00  1.11856000e-09  1.80000000e+00 
 1.12056000e-09  0.00000000e+00  1.12056000e-09  1.80000000e+00 
 1.12256000e-09  0.00000000e+00  1.12256000e-09  1.80000000e+00 
 1.12456000e-09  0.00000000e+00  1.12456000e-09  1.80000000e+00 
 1.12656000e-09  0.00000000e+00  1.12656000e-09  1.80000000e+00 
 1.12856000e-09  0.00000000e+00  1.12856000e-09  1.80000000e+00 
 1.13056000e-09  0.00000000e+00  1.13056000e-09  1.80000000e+00 
 1.13256000e-09  0.00000000e+00  1.13256000e-09  1.80000000e+00 
 1.13456000e-09  0.00000000e+00  1.13456000e-09  1.80000000e+00 
 1.13656000e-09  0.00000000e+00  1.13656000e-09  1.80000000e+00 
 1.13856000e-09  0.00000000e+00  1.13856000e-09  1.80000000e+00 
 1.14056000e-09  0.00000000e+00  1.14056000e-09  1.80000000e+00 
 1.14256000e-09  0.00000000e+00  1.14256000e-09  1.80000000e+00 
 1.14456000e-09  0.00000000e+00  1.14456000e-09  1.80000000e+00 
 1.14656000e-09  0.00000000e+00  1.14656000e-09  1.80000000e+00 
 1.14856000e-09  0.00000000e+00  1.14856000e-09  1.80000000e+00 
 1.15056000e-09  0.00000000e+00  1.15056000e-09  1.80000000e+00 
 1.15256000e-09  0.00000000e+00  1.15256000e-09  1.80000000e+00 
 1.15456000e-09  0.00000000e+00  1.15456000e-09  1.80000000e+00 
 1.15656000e-09  0.00000000e+00  1.15656000e-09  1.80000000e+00 
 1.15856000e-09  0.00000000e+00  1.15856000e-09  1.80000000e+00 
 1.16056000e-09  0.00000000e+00  1.16056000e-09  1.80000000e+00 
 1.16256000e-09  0.00000000e+00  1.16256000e-09  1.80000000e+00 
 1.16456000e-09  0.00000000e+00  1.16456000e-09  1.80000000e+00 
 1.16656000e-09  0.00000000e+00  1.16656000e-09  1.80000000e+00 
 1.16856000e-09  0.00000000e+00  1.16856000e-09  1.80000000e+00 
 1.17056000e-09  0.00000000e+00  1.17056000e-09  1.80000000e+00 
 1.17256000e-09  0.00000000e+00  1.17256000e-09  1.80000000e+00 
 1.17456000e-09  0.00000000e+00  1.17456000e-09  1.80000000e+00 
 1.17656000e-09  0.00000000e+00  1.17656000e-09  1.80000000e+00 
 1.17856000e-09  0.00000000e+00  1.17856000e-09  1.80000000e+00 
 1.18056000e-09  0.00000000e+00  1.18056000e-09  1.80000000e+00 
 1.18256000e-09  0.00000000e+00  1.18256000e-09  1.80000000e+00 
 1.18456000e-09  0.00000000e+00  1.18456000e-09  1.80000000e+00 
 1.18656000e-09  0.00000000e+00  1.18656000e-09  1.80000000e+00 
 1.18856000e-09  0.00000000e+00  1.18856000e-09  1.80000000e+00 
 1.19056000e-09  0.00000000e+00  1.19056000e-09  1.80000000e+00 
 1.19256000e-09  0.00000000e+00  1.19256000e-09  1.80000000e+00 
 1.19456000e-09  0.00000000e+00  1.19456000e-09  1.80000000e+00 
 1.19656000e-09  0.00000000e+00  1.19656000e-09  1.80000000e+00 
 1.19856000e-09  0.00000000e+00  1.19856000e-09  1.80000000e+00 
 1.20056000e-09  0.00000000e+00  1.20056000e-09  1.80000000e+00 
 1.20256000e-09  0.00000000e+00  1.20256000e-09  1.80000000e+00 
 1.20456000e-09  0.00000000e+00  1.20456000e-09  1.80000000e+00 
 1.20656000e-09  0.00000000e+00  1.20656000e-09  1.80000000e+00 
 1.20856000e-09  0.00000000e+00  1.20856000e-09  1.80000000e+00 
 1.21056000e-09  0.00000000e+00  1.21056000e-09  1.80000000e+00 
 1.21256000e-09  0.00000000e+00  1.21256000e-09  1.80000000e+00 
 1.21456000e-09  0.00000000e+00  1.21456000e-09  1.80000000e+00 
 1.21656000e-09  0.00000000e+00  1.21656000e-09  1.80000000e+00 
 1.21856000e-09  0.00000000e+00  1.21856000e-09  1.80000000e+00 
 1.22056000e-09  0.00000000e+00  1.22056000e-09  1.80000000e+00 
 1.22256000e-09  0.00000000e+00  1.22256000e-09  1.80000000e+00 
 1.22456000e-09  0.00000000e+00  1.22456000e-09  1.80000000e+00 
 1.22656000e-09  0.00000000e+00  1.22656000e-09  1.80000000e+00 
 1.22856000e-09  0.00000000e+00  1.22856000e-09  1.80000000e+00 
 1.23056000e-09  0.00000000e+00  1.23056000e-09  1.80000000e+00 
 1.23256000e-09  0.00000000e+00  1.23256000e-09  1.80000000e+00 
 1.23456000e-09  0.00000000e+00  1.23456000e-09  1.80000000e+00 
 1.23656000e-09  0.00000000e+00  1.23656000e-09  1.80000000e+00 
 1.23856000e-09  0.00000000e+00  1.23856000e-09  1.80000000e+00 
 1.24056000e-09  0.00000000e+00  1.24056000e-09  1.80000000e+00 
 1.24256000e-09  0.00000000e+00  1.24256000e-09  1.80000000e+00 
 1.24456000e-09  0.00000000e+00  1.24456000e-09  1.80000000e+00 
 1.24656000e-09  0.00000000e+00  1.24656000e-09  1.80000000e+00 
 1.24856000e-09  0.00000000e+00  1.24856000e-09  1.80000000e+00 
 1.25056000e-09  0.00000000e+00  1.25056000e-09  1.80000000e+00 
 1.25256000e-09  0.00000000e+00  1.25256000e-09  1.80000000e+00 
 1.25456000e-09  0.00000000e+00  1.25456000e-09  1.80000000e+00 
 1.25656000e-09  0.00000000e+00  1.25656000e-09  1.80000000e+00 
 1.25856000e-09  0.00000000e+00  1.25856000e-09  1.80000000e+00 
 1.26056000e-09  0.00000000e+00  1.26056000e-09  1.80000000e+00 
 1.26256000e-09  0.00000000e+00  1.26256000e-09  1.80000000e+00 
 1.26456000e-09  0.00000000e+00  1.26456000e-09  1.80000000e+00 
 1.26656000e-09  0.00000000e+00  1.26656000e-09  1.80000000e+00 
 1.26856000e-09  0.00000000e+00  1.26856000e-09  1.80000000e+00 
 1.27056000e-09  0.00000000e+00  1.27056000e-09  1.80000000e+00 
 1.27256000e-09  0.00000000e+00  1.27256000e-09  1.80000000e+00 
 1.27456000e-09  0.00000000e+00  1.27456000e-09  1.80000000e+00 
 1.27656000e-09  0.00000000e+00  1.27656000e-09  1.80000000e+00 
 1.27856000e-09  0.00000000e+00  1.27856000e-09  1.80000000e+00 
 1.28056000e-09  0.00000000e+00  1.28056000e-09  1.80000000e+00 
 1.28256000e-09  0.00000000e+00  1.28256000e-09  1.80000000e+00 
 1.28456000e-09  0.00000000e+00  1.28456000e-09  1.80000000e+00 
 1.28656000e-09  0.00000000e+00  1.28656000e-09  1.80000000e+00 
 1.28856000e-09  0.00000000e+00  1.28856000e-09  1.80000000e+00 
 1.29056000e-09  0.00000000e+00  1.29056000e-09  1.80000000e+00 
 1.29256000e-09  0.00000000e+00  1.29256000e-09  1.80000000e+00 
 1.29456000e-09  0.00000000e+00  1.29456000e-09  1.80000000e+00 
 1.29656000e-09  0.00000000e+00  1.29656000e-09  1.80000000e+00 
 1.29856000e-09  0.00000000e+00  1.29856000e-09  1.80000000e+00 
 1.30056000e-09  0.00000000e+00  1.30056000e-09  1.80000000e+00 
 1.30256000e-09  0.00000000e+00  1.30256000e-09  1.80000000e+00 
 1.30456000e-09  0.00000000e+00  1.30456000e-09  1.80000000e+00 
 1.30656000e-09  0.00000000e+00  1.30656000e-09  1.80000000e+00 
 1.30856000e-09  0.00000000e+00  1.30856000e-09  1.80000000e+00 
 1.31056000e-09  0.00000000e+00  1.31056000e-09  1.80000000e+00 
 1.31256000e-09  0.00000000e+00  1.31256000e-09  1.80000000e+00 
 1.31456000e-09  0.00000000e+00  1.31456000e-09  1.80000000e+00 
 1.31656000e-09  0.00000000e+00  1.31656000e-09  1.80000000e+00 
 1.31856000e-09  0.00000000e+00  1.31856000e-09  1.80000000e+00 
 1.32056000e-09  0.00000000e+00  1.32056000e-09  1.80000000e+00 
 1.32256000e-09  0.00000000e+00  1.32256000e-09  1.80000000e+00 
 1.32456000e-09  0.00000000e+00  1.32456000e-09  1.80000000e+00 
 1.32656000e-09  0.00000000e+00  1.32656000e-09  1.80000000e+00 
 1.32856000e-09  0.00000000e+00  1.32856000e-09  1.80000000e+00 
 1.33056000e-09  0.00000000e+00  1.33056000e-09  1.80000000e+00 
 1.33256000e-09  0.00000000e+00  1.33256000e-09  1.80000000e+00 
 1.33456000e-09  0.00000000e+00  1.33456000e-09  1.80000000e+00 
 1.33656000e-09  0.00000000e+00  1.33656000e-09  1.80000000e+00 
 1.33856000e-09  0.00000000e+00  1.33856000e-09  1.80000000e+00 
 1.34056000e-09  0.00000000e+00  1.34056000e-09  1.80000000e+00 
 1.34256000e-09  0.00000000e+00  1.34256000e-09  1.80000000e+00 
 1.34456000e-09  0.00000000e+00  1.34456000e-09  1.80000000e+00 
 1.34656000e-09  0.00000000e+00  1.34656000e-09  1.80000000e+00 
 1.34856000e-09  0.00000000e+00  1.34856000e-09  1.80000000e+00 
 1.35056000e-09  0.00000000e+00  1.35056000e-09  1.80000000e+00 
 1.35256000e-09  0.00000000e+00  1.35256000e-09  1.80000000e+00 
 1.35456000e-09  0.00000000e+00  1.35456000e-09  1.80000000e+00 
 1.35656000e-09  0.00000000e+00  1.35656000e-09  1.80000000e+00 
 1.35856000e-09  0.00000000e+00  1.35856000e-09  1.80000000e+00 
 1.36056000e-09  0.00000000e+00  1.36056000e-09  1.80000000e+00 
 1.36256000e-09  0.00000000e+00  1.36256000e-09  1.80000000e+00 
 1.36456000e-09  0.00000000e+00  1.36456000e-09  1.80000000e+00 
 1.36656000e-09  0.00000000e+00  1.36656000e-09  1.80000000e+00 
 1.36856000e-09  0.00000000e+00  1.36856000e-09  1.80000000e+00 
 1.37056000e-09  0.00000000e+00  1.37056000e-09  1.80000000e+00 
 1.37256000e-09  0.00000000e+00  1.37256000e-09  1.80000000e+00 
 1.37456000e-09  0.00000000e+00  1.37456000e-09  1.80000000e+00 
 1.37656000e-09  0.00000000e+00  1.37656000e-09  1.80000000e+00 
 1.37856000e-09  0.00000000e+00  1.37856000e-09  1.80000000e+00 
 1.38056000e-09  0.00000000e+00  1.38056000e-09  1.80000000e+00 
 1.38256000e-09  0.00000000e+00  1.38256000e-09  1.80000000e+00 
 1.38456000e-09  0.00000000e+00  1.38456000e-09  1.80000000e+00 
 1.38656000e-09  0.00000000e+00  1.38656000e-09  1.80000000e+00 
 1.38856000e-09  0.00000000e+00  1.38856000e-09  1.80000000e+00 
 1.39056000e-09  0.00000000e+00  1.39056000e-09  1.80000000e+00 
 1.39256000e-09  0.00000000e+00  1.39256000e-09  1.80000000e+00 
 1.39456000e-09  0.00000000e+00  1.39456000e-09  1.80000000e+00 
 1.39656000e-09  0.00000000e+00  1.39656000e-09  1.80000000e+00 
 1.39856000e-09  0.00000000e+00  1.39856000e-09  1.80000000e+00 
 1.40056000e-09  0.00000000e+00  1.40056000e-09  1.80000000e+00 
 1.40256000e-09  0.00000000e+00  1.40256000e-09  1.80000000e+00 
 1.40456000e-09  0.00000000e+00  1.40456000e-09  1.80000000e+00 
 1.40656000e-09  0.00000000e+00  1.40656000e-09  1.80000000e+00 
 1.40856000e-09  0.00000000e+00  1.40856000e-09  1.80000000e+00 
 1.41056000e-09  0.00000000e+00  1.41056000e-09  1.80000000e+00 
 1.41256000e-09  0.00000000e+00  1.41256000e-09  1.80000000e+00 
 1.41456000e-09  0.00000000e+00  1.41456000e-09  1.80000000e+00 
 1.41656000e-09  0.00000000e+00  1.41656000e-09  1.80000000e+00 
 1.41856000e-09  0.00000000e+00  1.41856000e-09  1.80000000e+00 
 1.42056000e-09  0.00000000e+00  1.42056000e-09  1.80000000e+00 
 1.42256000e-09  0.00000000e+00  1.42256000e-09  1.80000000e+00 
 1.42456000e-09  0.00000000e+00  1.42456000e-09  1.80000000e+00 
 1.42656000e-09  0.00000000e+00  1.42656000e-09  1.80000000e+00 
 1.42856000e-09  0.00000000e+00  1.42856000e-09  1.80000000e+00 
 1.43056000e-09  0.00000000e+00  1.43056000e-09  1.80000000e+00 
 1.43256000e-09  0.00000000e+00  1.43256000e-09  1.80000000e+00 
 1.43456000e-09  0.00000000e+00  1.43456000e-09  1.80000000e+00 
 1.43656000e-09  0.00000000e+00  1.43656000e-09  1.80000000e+00 
 1.43856000e-09  0.00000000e+00  1.43856000e-09  1.80000000e+00 
 1.44056000e-09  0.00000000e+00  1.44056000e-09  1.80000000e+00 
 1.44256000e-09  0.00000000e+00  1.44256000e-09  1.80000000e+00 
 1.44456000e-09  0.00000000e+00  1.44456000e-09  1.80000000e+00 
 1.44656000e-09  0.00000000e+00  1.44656000e-09  1.80000000e+00 
 1.44856000e-09  0.00000000e+00  1.44856000e-09  1.80000000e+00 
 1.45056000e-09  0.00000000e+00  1.45056000e-09  1.80000000e+00 
 1.45256000e-09  0.00000000e+00  1.45256000e-09  1.80000000e+00 
 1.45456000e-09  0.00000000e+00  1.45456000e-09  1.80000000e+00 
 1.45656000e-09  0.00000000e+00  1.45656000e-09  1.80000000e+00 
 1.45856000e-09  0.00000000e+00  1.45856000e-09  1.80000000e+00 
 1.46056000e-09  0.00000000e+00  1.46056000e-09  1.80000000e+00 
 1.46256000e-09  0.00000000e+00  1.46256000e-09  1.80000000e+00 
 1.46456000e-09  0.00000000e+00  1.46456000e-09  1.80000000e+00 
 1.46656000e-09  0.00000000e+00  1.46656000e-09  1.80000000e+00 
 1.46856000e-09  0.00000000e+00  1.46856000e-09  1.80000000e+00 
 1.47056000e-09  0.00000000e+00  1.47056000e-09  1.80000000e+00 
 1.47256000e-09  0.00000000e+00  1.47256000e-09  1.80000000e+00 
 1.47456000e-09  0.00000000e+00  1.47456000e-09  1.80000000e+00 
 1.47656000e-09  0.00000000e+00  1.47656000e-09  1.80000000e+00 
 1.47856000e-09  0.00000000e+00  1.47856000e-09  1.80000000e+00 
 1.48056000e-09  0.00000000e+00  1.48056000e-09  1.80000000e+00 
 1.48256000e-09  0.00000000e+00  1.48256000e-09  1.80000000e+00 
 1.48456000e-09  0.00000000e+00  1.48456000e-09  1.80000000e+00 
 1.48656000e-09  0.00000000e+00  1.48656000e-09  1.80000000e+00 
 1.48856000e-09  0.00000000e+00  1.48856000e-09  1.80000000e+00 
 1.49056000e-09  0.00000000e+00  1.49056000e-09  1.80000000e+00 
 1.49256000e-09  0.00000000e+00  1.49256000e-09  1.80000000e+00 
 1.49456000e-09  0.00000000e+00  1.49456000e-09  1.80000000e+00 
 1.49656000e-09  0.00000000e+00  1.49656000e-09  1.80000000e+00 
 1.49856000e-09  0.00000000e+00  1.49856000e-09  1.80000000e+00 
 1.50056000e-09  0.00000000e+00  1.50056000e-09  1.80000000e+00 
 1.50256000e-09  0.00000000e+00  1.50256000e-09  1.80000000e+00 
 1.50456000e-09  0.00000000e+00  1.50456000e-09  1.80000000e+00 
 1.50656000e-09  0.00000000e+00  1.50656000e-09  1.80000000e+00 
 1.50856000e-09  0.00000000e+00  1.50856000e-09  1.80000000e+00 
 1.51056000e-09  0.00000000e+00  1.51056000e-09  1.80000000e+00 
 1.51256000e-09  0.00000000e+00  1.51256000e-09  1.80000000e+00 
 1.51456000e-09  0.00000000e+00  1.51456000e-09  1.80000000e+00 
 1.51656000e-09  0.00000000e+00  1.51656000e-09  1.80000000e+00 
 1.51856000e-09  0.00000000e+00  1.51856000e-09  1.80000000e+00 
 1.52056000e-09  0.00000000e+00  1.52056000e-09  1.80000000e+00 
 1.52256000e-09  0.00000000e+00  1.52256000e-09  1.80000000e+00 
 1.52456000e-09  0.00000000e+00  1.52456000e-09  1.80000000e+00 
 1.52656000e-09  0.00000000e+00  1.52656000e-09  1.80000000e+00 
 1.52856000e-09  0.00000000e+00  1.52856000e-09  1.80000000e+00 
 1.53056000e-09  0.00000000e+00  1.53056000e-09  1.80000000e+00 
 1.53256000e-09  0.00000000e+00  1.53256000e-09  1.80000000e+00 
 1.53456000e-09  0.00000000e+00  1.53456000e-09  1.80000000e+00 
 1.53656000e-09  0.00000000e+00  1.53656000e-09  1.80000000e+00 
 1.53856000e-09  0.00000000e+00  1.53856000e-09  1.80000000e+00 
 1.54056000e-09  0.00000000e+00  1.54056000e-09  1.80000000e+00 
 1.54256000e-09  0.00000000e+00  1.54256000e-09  1.80000000e+00 
 1.54456000e-09  0.00000000e+00  1.54456000e-09  1.80000000e+00 
 1.54656000e-09  0.00000000e+00  1.54656000e-09  1.80000000e+00 
 1.54856000e-09  0.00000000e+00  1.54856000e-09  1.80000000e+00 
 1.55056000e-09  0.00000000e+00  1.55056000e-09  1.80000000e+00 
 1.55256000e-09  0.00000000e+00  1.55256000e-09  1.80000000e+00 
 1.55456000e-09  0.00000000e+00  1.55456000e-09  1.80000000e+00 
 1.55656000e-09  0.00000000e+00  1.55656000e-09  1.80000000e+00 
 1.55856000e-09  0.00000000e+00  1.55856000e-09  1.80000000e+00 
 1.56056000e-09  0.00000000e+00  1.56056000e-09  1.80000000e+00 
 1.56256000e-09  0.00000000e+00  1.56256000e-09  1.80000000e+00 
 1.56456000e-09  0.00000000e+00  1.56456000e-09  1.80000000e+00 
 1.56656000e-09  0.00000000e+00  1.56656000e-09  1.80000000e+00 
 1.56856000e-09  0.00000000e+00  1.56856000e-09  1.80000000e+00 
 1.57056000e-09  0.00000000e+00  1.57056000e-09  1.80000000e+00 
 1.57256000e-09  0.00000000e+00  1.57256000e-09  1.80000000e+00 
 1.57456000e-09  0.00000000e+00  1.57456000e-09  1.80000000e+00 
 1.57656000e-09  0.00000000e+00  1.57656000e-09  1.80000000e+00 
 1.57856000e-09  0.00000000e+00  1.57856000e-09  1.80000000e+00 
 1.58056000e-09  0.00000000e+00  1.58056000e-09  1.80000000e+00 
 1.58256000e-09  0.00000000e+00  1.58256000e-09  1.80000000e+00 
 1.58456000e-09  0.00000000e+00  1.58456000e-09  1.80000000e+00 
 1.58656000e-09  0.00000000e+00  1.58656000e-09  1.80000000e+00 
 1.58856000e-09  0.00000000e+00  1.58856000e-09  1.80000000e+00 
 1.59056000e-09  0.00000000e+00  1.59056000e-09  1.80000000e+00 
 1.59256000e-09  0.00000000e+00  1.59256000e-09  1.80000000e+00 
 1.59456000e-09  0.00000000e+00  1.59456000e-09  1.80000000e+00 
 1.59656000e-09  0.00000000e+00  1.59656000e-09  1.80000000e+00 
 1.59856000e-09  0.00000000e+00  1.59856000e-09  1.80000000e+00 
 1.60056000e-09  0.00000000e+00  1.60056000e-09  1.80000000e+00 
 1.60256000e-09  0.00000000e+00  1.60256000e-09  1.80000000e+00 
 1.60456000e-09  0.00000000e+00  1.60456000e-09  1.80000000e+00 
 1.60656000e-09  0.00000000e+00  1.60656000e-09  1.80000000e+00 
 1.60856000e-09  0.00000000e+00  1.60856000e-09  1.80000000e+00 
 1.61056000e-09  0.00000000e+00  1.61056000e-09  1.80000000e+00 
 1.61256000e-09  0.00000000e+00  1.61256000e-09  1.80000000e+00 
 1.61456000e-09  0.00000000e+00  1.61456000e-09  1.80000000e+00 
 1.61656000e-09  0.00000000e+00  1.61656000e-09  1.80000000e+00 
 1.61856000e-09  0.00000000e+00  1.61856000e-09  1.80000000e+00 
 1.62056000e-09  0.00000000e+00  1.62056000e-09  1.80000000e+00 
 1.62256000e-09  0.00000000e+00  1.62256000e-09  1.80000000e+00 
 1.62456000e-09  0.00000000e+00  1.62456000e-09  1.80000000e+00 
 1.62656000e-09  0.00000000e+00  1.62656000e-09  1.80000000e+00 
 1.62856000e-09  0.00000000e+00  1.62856000e-09  1.80000000e+00 
 1.63056000e-09  0.00000000e+00  1.63056000e-09  1.80000000e+00 
 1.63256000e-09  0.00000000e+00  1.63256000e-09  1.80000000e+00 
 1.63456000e-09  0.00000000e+00  1.63456000e-09  1.80000000e+00 
 1.63656000e-09  0.00000000e+00  1.63656000e-09  1.80000000e+00 
 1.63856000e-09  0.00000000e+00  1.63856000e-09  1.80000000e+00 
 1.64056000e-09  0.00000000e+00  1.64056000e-09  1.80000000e+00 
 1.64256000e-09  0.00000000e+00  1.64256000e-09  1.80000000e+00 
 1.64456000e-09  0.00000000e+00  1.64456000e-09  1.80000000e+00 
 1.64656000e-09  0.00000000e+00  1.64656000e-09  1.80000000e+00 
 1.64856000e-09  0.00000000e+00  1.64856000e-09  1.80000000e+00 
 1.65056000e-09  0.00000000e+00  1.65056000e-09  1.80000000e+00 
 1.65256000e-09  0.00000000e+00  1.65256000e-09  1.80000000e+00 
 1.65456000e-09  0.00000000e+00  1.65456000e-09  1.80000000e+00 
 1.65656000e-09  0.00000000e+00  1.65656000e-09  1.80000000e+00 
 1.65856000e-09  0.00000000e+00  1.65856000e-09  1.80000000e+00 
 1.66056000e-09  0.00000000e+00  1.66056000e-09  1.80000000e+00 
 1.66256000e-09  0.00000000e+00  1.66256000e-09  1.80000000e+00 
 1.66456000e-09  0.00000000e+00  1.66456000e-09  1.80000000e+00 
 1.66656000e-09  0.00000000e+00  1.66656000e-09  1.80000000e+00 
 1.66856000e-09  0.00000000e+00  1.66856000e-09  1.80000000e+00 
 1.67056000e-09  0.00000000e+00  1.67056000e-09  1.80000000e+00 
 1.67256000e-09  0.00000000e+00  1.67256000e-09  1.80000000e+00 
 1.67456000e-09  0.00000000e+00  1.67456000e-09  1.80000000e+00 
 1.67656000e-09  0.00000000e+00  1.67656000e-09  1.80000000e+00 
 1.67856000e-09  0.00000000e+00  1.67856000e-09  1.80000000e+00 
 1.68056000e-09  0.00000000e+00  1.68056000e-09  1.80000000e+00 
 1.68256000e-09  0.00000000e+00  1.68256000e-09  1.80000000e+00 
 1.68456000e-09  0.00000000e+00  1.68456000e-09  1.80000000e+00 
 1.68656000e-09  0.00000000e+00  1.68656000e-09  1.80000000e+00 
 1.68856000e-09  0.00000000e+00  1.68856000e-09  1.80000000e+00 
 1.69056000e-09  0.00000000e+00  1.69056000e-09  1.80000000e+00 
 1.69256000e-09  0.00000000e+00  1.69256000e-09  1.80000000e+00 
 1.69456000e-09  0.00000000e+00  1.69456000e-09  1.80000000e+00 
 1.69656000e-09  0.00000000e+00  1.69656000e-09  1.80000000e+00 
 1.69856000e-09  0.00000000e+00  1.69856000e-09  1.80000000e+00 
 1.70056000e-09  0.00000000e+00  1.70056000e-09  1.80000000e+00 
 1.70256000e-09  0.00000000e+00  1.70256000e-09  1.80000000e+00 
 1.70456000e-09  0.00000000e+00  1.70456000e-09  1.80000000e+00 
 1.70656000e-09  0.00000000e+00  1.70656000e-09  1.80000000e+00 
 1.70856000e-09  0.00000000e+00  1.70856000e-09  1.80000000e+00 
 1.71056000e-09  0.00000000e+00  1.71056000e-09  1.80000000e+00 
 1.71256000e-09  0.00000000e+00  1.71256000e-09  1.80000000e+00 
 1.71456000e-09  0.00000000e+00  1.71456000e-09  1.80000000e+00 
 1.71656000e-09  0.00000000e+00  1.71656000e-09  1.80000000e+00 
 1.71856000e-09  0.00000000e+00  1.71856000e-09  1.80000000e+00 
 1.72056000e-09  0.00000000e+00  1.72056000e-09  1.80000000e+00 
 1.72256000e-09  0.00000000e+00  1.72256000e-09  1.80000000e+00 
 1.72456000e-09  0.00000000e+00  1.72456000e-09  1.80000000e+00 
 1.72656000e-09  0.00000000e+00  1.72656000e-09  1.80000000e+00 
 1.72856000e-09  0.00000000e+00  1.72856000e-09  1.80000000e+00 
 1.73056000e-09  0.00000000e+00  1.73056000e-09  1.80000000e+00 
 1.73256000e-09  0.00000000e+00  1.73256000e-09  1.80000000e+00 
 1.73456000e-09  0.00000000e+00  1.73456000e-09  1.80000000e+00 
 1.73656000e-09  0.00000000e+00  1.73656000e-09  1.80000000e+00 
 1.73856000e-09  0.00000000e+00  1.73856000e-09  1.80000000e+00 
 1.74056000e-09  0.00000000e+00  1.74056000e-09  1.80000000e+00 
 1.74256000e-09  0.00000000e+00  1.74256000e-09  1.80000000e+00 
 1.74456000e-09  0.00000000e+00  1.74456000e-09  1.80000000e+00 
 1.74656000e-09  0.00000000e+00  1.74656000e-09  1.80000000e+00 
 1.74856000e-09  0.00000000e+00  1.74856000e-09  1.80000000e+00 
 1.75056000e-09  0.00000000e+00  1.75056000e-09  1.80000000e+00 
 1.75256000e-09  0.00000000e+00  1.75256000e-09  1.80000000e+00 
 1.75456000e-09  0.00000000e+00  1.75456000e-09  1.80000000e+00 
 1.75656000e-09  0.00000000e+00  1.75656000e-09  1.80000000e+00 
 1.75856000e-09  0.00000000e+00  1.75856000e-09  1.80000000e+00 
 1.76056000e-09  0.00000000e+00  1.76056000e-09  1.80000000e+00 
 1.76256000e-09  0.00000000e+00  1.76256000e-09  1.80000000e+00 
 1.76456000e-09  0.00000000e+00  1.76456000e-09  1.80000000e+00 
 1.76656000e-09  0.00000000e+00  1.76656000e-09  1.80000000e+00 
 1.76856000e-09  0.00000000e+00  1.76856000e-09  1.80000000e+00 
 1.77056000e-09  0.00000000e+00  1.77056000e-09  1.80000000e+00 
 1.77256000e-09  0.00000000e+00  1.77256000e-09  1.80000000e+00 
 1.77456000e-09  0.00000000e+00  1.77456000e-09  1.80000000e+00 
 1.77656000e-09  0.00000000e+00  1.77656000e-09  1.80000000e+00 
 1.77856000e-09  0.00000000e+00  1.77856000e-09  1.80000000e+00 
 1.78056000e-09  0.00000000e+00  1.78056000e-09  1.80000000e+00 
 1.78256000e-09  0.00000000e+00  1.78256000e-09  1.80000000e+00 
 1.78456000e-09  0.00000000e+00  1.78456000e-09  1.80000000e+00 
 1.78656000e-09  0.00000000e+00  1.78656000e-09  1.80000000e+00 
 1.78856000e-09  0.00000000e+00  1.78856000e-09  1.80000000e+00 
 1.79056000e-09  0.00000000e+00  1.79056000e-09  1.80000000e+00 
 1.79256000e-09  0.00000000e+00  1.79256000e-09  1.80000000e+00 
 1.79456000e-09  0.00000000e+00  1.79456000e-09  1.80000000e+00 
 1.79656000e-09  0.00000000e+00  1.79656000e-09  1.80000000e+00 
 1.79856000e-09  0.00000000e+00  1.79856000e-09  1.80000000e+00 
 1.80056000e-09  0.00000000e+00  1.80056000e-09  1.80000000e+00 
 1.80256000e-09  0.00000000e+00  1.80256000e-09  1.80000000e+00 
 1.80456000e-09  0.00000000e+00  1.80456000e-09  1.80000000e+00 
 1.80656000e-09  0.00000000e+00  1.80656000e-09  1.80000000e+00 
 1.80856000e-09  0.00000000e+00  1.80856000e-09  1.80000000e+00 
 1.81056000e-09  0.00000000e+00  1.81056000e-09  1.80000000e+00 
 1.81256000e-09  0.00000000e+00  1.81256000e-09  1.80000000e+00 
 1.81456000e-09  0.00000000e+00  1.81456000e-09  1.80000000e+00 
 1.81656000e-09  0.00000000e+00  1.81656000e-09  1.80000000e+00 
 1.81856000e-09  0.00000000e+00  1.81856000e-09  1.80000000e+00 
 1.82056000e-09  0.00000000e+00  1.82056000e-09  1.80000000e+00 
 1.82256000e-09  0.00000000e+00  1.82256000e-09  1.80000000e+00 
 1.82456000e-09  0.00000000e+00  1.82456000e-09  1.80000000e+00 
 1.82656000e-09  0.00000000e+00  1.82656000e-09  1.80000000e+00 
 1.82856000e-09  0.00000000e+00  1.82856000e-09  1.80000000e+00 
 1.83056000e-09  0.00000000e+00  1.83056000e-09  1.80000000e+00 
 1.83256000e-09  0.00000000e+00  1.83256000e-09  1.80000000e+00 
 1.83456000e-09  0.00000000e+00  1.83456000e-09  1.80000000e+00 
 1.83656000e-09  0.00000000e+00  1.83656000e-09  1.80000000e+00 
 1.83856000e-09  0.00000000e+00  1.83856000e-09  1.80000000e+00 
 1.84056000e-09  0.00000000e+00  1.84056000e-09  1.80000000e+00 
 1.84256000e-09  0.00000000e+00  1.84256000e-09  1.80000000e+00 
 1.84456000e-09  0.00000000e+00  1.84456000e-09  1.80000000e+00 
 1.84656000e-09  0.00000000e+00  1.84656000e-09  1.80000000e+00 
 1.84856000e-09  0.00000000e+00  1.84856000e-09  1.80000000e+00 
 1.85056000e-09  0.00000000e+00  1.85056000e-09  1.80000000e+00 
 1.85256000e-09  0.00000000e+00  1.85256000e-09  1.80000000e+00 
 1.85456000e-09  0.00000000e+00  1.85456000e-09  1.80000000e+00 
 1.85656000e-09  0.00000000e+00  1.85656000e-09  1.80000000e+00 
 1.85856000e-09  0.00000000e+00  1.85856000e-09  1.80000000e+00 
 1.86056000e-09  0.00000000e+00  1.86056000e-09  1.80000000e+00 
 1.86256000e-09  0.00000000e+00  1.86256000e-09  1.80000000e+00 
 1.86456000e-09  0.00000000e+00  1.86456000e-09  1.80000000e+00 
 1.86656000e-09  0.00000000e+00  1.86656000e-09  1.80000000e+00 
 1.86856000e-09  0.00000000e+00  1.86856000e-09  1.80000000e+00 
 1.87056000e-09  0.00000000e+00  1.87056000e-09  1.80000000e+00 
 1.87256000e-09  0.00000000e+00  1.87256000e-09  1.80000000e+00 
 1.87456000e-09  0.00000000e+00  1.87456000e-09  1.80000000e+00 
 1.87656000e-09  0.00000000e+00  1.87656000e-09  1.80000000e+00 
 1.87856000e-09  0.00000000e+00  1.87856000e-09  1.80000000e+00 
 1.88056000e-09  0.00000000e+00  1.88056000e-09  1.80000000e+00 
 1.88256000e-09  0.00000000e+00  1.88256000e-09  1.80000000e+00 
 1.88456000e-09  0.00000000e+00  1.88456000e-09  1.80000000e+00 
 1.88656000e-09  0.00000000e+00  1.88656000e-09  1.80000000e+00 
 1.88856000e-09  0.00000000e+00  1.88856000e-09  1.80000000e+00 
 1.89056000e-09  0.00000000e+00  1.89056000e-09  1.80000000e+00 
 1.89256000e-09  0.00000000e+00  1.89256000e-09  1.80000000e+00 
 1.89456000e-09  0.00000000e+00  1.89456000e-09  1.80000000e+00 
 1.89656000e-09  0.00000000e+00  1.89656000e-09  1.80000000e+00 
 1.89856000e-09  0.00000000e+00  1.89856000e-09  1.80000000e+00 
 1.90056000e-09  0.00000000e+00  1.90056000e-09  1.80000000e+00 
 1.90256000e-09  0.00000000e+00  1.90256000e-09  1.80000000e+00 
 1.90456000e-09  0.00000000e+00  1.90456000e-09  1.80000000e+00 
 1.90656000e-09  0.00000000e+00  1.90656000e-09  1.80000000e+00 
 1.90856000e-09  0.00000000e+00  1.90856000e-09  1.80000000e+00 
 1.91056000e-09  0.00000000e+00  1.91056000e-09  1.80000000e+00 
 1.91256000e-09  0.00000000e+00  1.91256000e-09  1.80000000e+00 
 1.91456000e-09  0.00000000e+00  1.91456000e-09  1.80000000e+00 
 1.91656000e-09  0.00000000e+00  1.91656000e-09  1.80000000e+00 
 1.91856000e-09  0.00000000e+00  1.91856000e-09  1.80000000e+00 
 1.92056000e-09  0.00000000e+00  1.92056000e-09  1.80000000e+00 
 1.92256000e-09  0.00000000e+00  1.92256000e-09  1.80000000e+00 
 1.92456000e-09  0.00000000e+00  1.92456000e-09  1.80000000e+00 
 1.92656000e-09  0.00000000e+00  1.92656000e-09  1.80000000e+00 
 1.92856000e-09  0.00000000e+00  1.92856000e-09  1.80000000e+00 
 1.93056000e-09  0.00000000e+00  1.93056000e-09  1.80000000e+00 
 1.93256000e-09  0.00000000e+00  1.93256000e-09  1.80000000e+00 
 1.93456000e-09  0.00000000e+00  1.93456000e-09  1.80000000e+00 
 1.93656000e-09  0.00000000e+00  1.93656000e-09  1.80000000e+00 
 1.93856000e-09  0.00000000e+00  1.93856000e-09  1.80000000e+00 
 1.94056000e-09  0.00000000e+00  1.94056000e-09  1.80000000e+00 
 1.94256000e-09  0.00000000e+00  1.94256000e-09  1.80000000e+00 
 1.94456000e-09  0.00000000e+00  1.94456000e-09  1.80000000e+00 
 1.94656000e-09  0.00000000e+00  1.94656000e-09  1.80000000e+00 
 1.94856000e-09  0.00000000e+00  1.94856000e-09  1.80000000e+00 
 1.95056000e-09  0.00000000e+00  1.95056000e-09  1.80000000e+00 
 1.95256000e-09  0.00000000e+00  1.95256000e-09  1.80000000e+00 
 1.95456000e-09  0.00000000e+00  1.95456000e-09  1.80000000e+00 
 1.95656000e-09  0.00000000e+00  1.95656000e-09  1.80000000e+00 
 1.95856000e-09  0.00000000e+00  1.95856000e-09  1.80000000e+00 
 1.96056000e-09  0.00000000e+00  1.96056000e-09  1.80000000e+00 
 1.96256000e-09  0.00000000e+00  1.96256000e-09  1.80000000e+00 
 1.96456000e-09  0.00000000e+00  1.96456000e-09  1.80000000e+00 
 1.96656000e-09  0.00000000e+00  1.96656000e-09  1.80000000e+00 
 1.96856000e-09  0.00000000e+00  1.96856000e-09  1.80000000e+00 
 1.97056000e-09  0.00000000e+00  1.97056000e-09  1.80000000e+00 
 1.97256000e-09  0.00000000e+00  1.97256000e-09  1.80000000e+00 
 1.97456000e-09  0.00000000e+00  1.97456000e-09  1.80000000e+00 
 1.97656000e-09  0.00000000e+00  1.97656000e-09  1.80000000e+00 
 1.97856000e-09  0.00000000e+00  1.97856000e-09  1.80000000e+00 
 1.98056000e-09  0.00000000e+00  1.98056000e-09  1.80000000e+00 
 1.98256000e-09  0.00000000e+00  1.98256000e-09  1.80000000e+00 
 1.98456000e-09  0.00000000e+00  1.98456000e-09  1.80000000e+00 
 1.98656000e-09  0.00000000e+00  1.98656000e-09  1.80000000e+00 
 1.98856000e-09  0.00000000e+00  1.98856000e-09  1.80000000e+00 
 1.99056000e-09  0.00000000e+00  1.99056000e-09  1.80000000e+00 
 1.99256000e-09  0.00000000e+00  1.99256000e-09  1.80000000e+00 
 1.99456000e-09  0.00000000e+00  1.99456000e-09  1.80000000e+00 
 1.99656000e-09  0.00000000e+00  1.99656000e-09  1.80000000e+00 
 1.99856000e-09  0.00000000e+00  1.99856000e-09  1.80000000e+00 
 2.00000000e-09  0.00000000e+00  2.00000000e-09  1.80000000e+00 
 2.00020000e-09  1.08000000e-02  2.00020000e-09  1.80000000e+00 
 2.00060000e-09  3.24000000e-02  2.00060000e-09  1.80000000e+00 
 2.00140000e-09  7.56000000e-02  2.00140000e-09  1.80000000e+00 
 2.00300000e-09  1.62000000e-01  2.00300000e-09  1.80000000e+00 
 2.00500000e-09  2.70000000e-01  2.00500000e-09  1.80000000e+00 
 2.00700000e-09  3.78000000e-01  2.00700000e-09  1.80000000e+00 
 2.00900000e-09  4.86000000e-01  2.00900000e-09  1.79998485e+00 
 2.01100000e-09  5.94000000e-01  2.01100000e-09  1.79972730e+00 
 2.01300000e-09  7.02000000e-01  2.01300000e-09  1.79874657e+00 
 2.01500000e-09  8.10000000e-01  2.01500000e-09  1.79650657e+00 
 2.01700000e-09  9.18000000e-01  2.01700000e-09  1.79246854e+00 
 2.01900000e-09  1.02600000e+00  2.01900000e-09  1.78608059e+00 
 2.02100000e-09  1.13400000e+00  2.02100000e-09  1.77676687e+00 
 2.02300000e-09  1.24200000e+00  2.02300000e-09  1.76391561e+00 
 2.02500000e-09  1.35000000e+00  2.02500000e-09  1.74689762e+00 
 2.02700000e-09  1.45800000e+00  2.02700000e-09  1.72520006e+00 
 2.02900000e-09  1.56600000e+00  2.02900000e-09  1.69835289e+00 
 2.03100000e-09  1.67400000e+00  2.03100000e-09  1.66581879e+00 
 2.03300000e-09  1.78200000e+00  2.03300000e-09  1.62706659e+00 
 2.03333333e-09  1.80000000e+00  2.03333333e-09  1.61997345e+00 
 2.03353333e-09  1.80000000e+00  2.03353333e-09  1.61566199e+00 
 2.03393333e-09  1.80000000e+00  2.03393333e-09  1.60704019e+00 
 2.03473333e-09  1.80000000e+00  2.03473333e-09  1.58980441e+00 
 2.03633333e-09  1.80000000e+00  2.03633333e-09  1.55536634e+00 
 2.03833333e-09  1.80000000e+00  2.03833333e-09  1.51238147e+00 
 2.04033333e-09  1.80000000e+00  2.04033333e-09  1.46946617e+00 
 2.04233333e-09  1.80000000e+00  2.04233333e-09  1.42662034e+00 
 2.04433333e-09  1.80000000e+00  2.04433333e-09  1.38384386e+00 
 2.04633333e-09  1.80000000e+00  2.04633333e-09  1.34113755e+00 
 2.04833333e-09  1.80000000e+00  2.04833333e-09  1.29853130e+00 
 2.05033333e-09  1.80000000e+00  2.05033333e-09  1.25609591e+00 
 2.05233333e-09  1.80000000e+00  2.05233333e-09  1.21391387e+00 
 2.05433333e-09  1.80000000e+00  2.05433333e-09  1.17206526e+00 
 2.05633333e-09  1.80000000e+00  2.05633333e-09  1.13062726e+00 
 2.05833333e-09  1.80000000e+00  2.05833333e-09  1.08967353e+00 
 2.06033333e-09  1.80000000e+00  2.06033333e-09  1.04927381e+00 
 2.06233333e-09  1.80000000e+00  2.06233333e-09  1.00949352e+00 
 2.06433333e-09  1.80000000e+00  2.06433333e-09  9.70393369e-01 
 2.06633333e-09  1.80000000e+00  2.06633333e-09  9.32029143e-01 
 2.06833333e-09  1.80000000e+00  2.06833333e-09  8.94451480e-01 
 2.07033333e-09  1.80000000e+00  2.07033333e-09  8.57705747e-01 
 2.07233333e-09  1.80000000e+00  2.07233333e-09  8.21831974e-01 
 2.07433333e-09  1.80000000e+00  2.07433333e-09  7.86864849e-01 
 2.07633333e-09  1.80000000e+00  2.07633333e-09  7.52833770e-01 
 2.07833333e-09  1.80000000e+00  2.07833333e-09  7.19762952e-01 
 2.08033333e-09  1.80000000e+00  2.08033333e-09  6.87671576e-01 
 2.08233333e-09  1.80000000e+00  2.08233333e-09  6.56573977e-01 
 2.08433333e-09  1.80000000e+00  2.08433333e-09  6.26479875e-01 
 2.08633333e-09  1.80000000e+00  2.08633333e-09  5.97394617e-01 
 2.08833333e-09  1.80000000e+00  2.08833333e-09  5.69319457e-01 
 2.09033333e-09  1.80000000e+00  2.09033333e-09  5.42251843e-01 
 2.09233333e-09  1.80000000e+00  2.09233333e-09  5.16185712e-01 
 2.09433333e-09  1.80000000e+00  2.09433333e-09  4.91111799e-01 
 2.09633333e-09  1.80000000e+00  2.09633333e-09  4.67017942e-01 
 2.09833333e-09  1.80000000e+00  2.09833333e-09  4.43889379e-01 
 2.10033333e-09  1.80000000e+00  2.10033333e-09  4.21709052e-01 
 2.10233333e-09  1.80000000e+00  2.10233333e-09  4.00457887e-01 
 2.10433333e-09  1.80000000e+00  2.10433333e-09  3.80115074e-01 
 2.10633333e-09  1.80000000e+00  2.10633333e-09  3.60658329e-01 
 2.10833333e-09  1.80000000e+00  2.10833333e-09  3.42064137e-01 
 2.11033333e-09  1.80000000e+00  2.11033333e-09  3.24307993e-01 
 2.11233333e-09  1.80000000e+00  2.11233333e-09  3.07364606e-01 
 2.11433333e-09  1.80000000e+00  2.11433333e-09  2.91208109e-01 
 2.11633333e-09  1.80000000e+00  2.11633333e-09  2.75812233e-01 
 2.11833333e-09  1.80000000e+00  2.11833333e-09  2.61150476e-01 
 2.12033333e-09  1.80000000e+00  2.12033333e-09  2.47196255e-01 
 2.12233333e-09  1.80000000e+00  2.12233333e-09  2.33923033e-01 
 2.12433333e-09  1.80000000e+00  2.12433333e-09  2.21304445e-01 
 2.12633333e-09  1.80000000e+00  2.12633333e-09  2.09314398e-01 
 2.12833333e-09  1.80000000e+00  2.12833333e-09  1.97927165e-01 
 2.13033333e-09  1.80000000e+00  2.13033333e-09  1.87117464e-01 
 2.13233333e-09  1.80000000e+00  2.13233333e-09  1.76860522e-01 
 2.13433333e-09  1.80000000e+00  2.13433333e-09  1.67132134e-01 
 2.13633333e-09  1.80000000e+00  2.13633333e-09  1.57908712e-01 
 2.13833333e-09  1.80000000e+00  2.13833333e-09  1.49167318e-01 
 2.14033333e-09  1.80000000e+00  2.14033333e-09  1.40885695e-01 
 2.14233333e-09  1.80000000e+00  2.14233333e-09  1.33042294e-01 
 2.14433333e-09  1.80000000e+00  2.14433333e-09  1.25616282e-01 
 2.14633333e-09  1.80000000e+00  2.14633333e-09  1.18587557e-01 
 2.14833333e-09  1.80000000e+00  2.14833333e-09  1.11936754e-01 
 2.15033333e-09  1.80000000e+00  2.15033333e-09  1.05645241e-01 
 2.15233333e-09  1.80000000e+00  2.15233333e-09  9.96951167e-02 
 2.15433333e-09  1.80000000e+00  2.15433333e-09  9.40692065e-02 
 2.15633333e-09  1.80000000e+00  2.15633333e-09  8.87510485e-02 
 2.15833333e-09  1.80000000e+00  2.15833333e-09  8.37248831e-02 
 2.16033333e-09  1.80000000e+00  2.16033333e-09  7.89756383e-02 
 2.16233333e-09  1.80000000e+00  2.16233333e-09  7.44889128e-02 
 2.16433333e-09  1.80000000e+00  2.16433333e-09  7.02509593e-02 
 2.16633333e-09  1.80000000e+00  2.16633333e-09  6.62486648e-02 
 2.16833333e-09  1.80000000e+00  2.16833333e-09  6.24695317e-02 
 2.17033333e-09  1.80000000e+00  2.17033333e-09  5.89016576e-02 
 2.17233333e-09  1.80000000e+00  2.17233333e-09  5.55337140e-02 
 2.17433333e-09  1.80000000e+00  2.17433333e-09  5.23549266e-02 
 2.17633333e-09  1.80000000e+00  2.17633333e-09  4.93550532e-02 
 2.17833333e-09  1.80000000e+00  2.17833333e-09  4.65243638e-02 
 2.18033333e-09  1.80000000e+00  2.18033333e-09  4.38536193e-02 
 2.18233333e-09  1.80000000e+00  2.18233333e-09  4.13340513e-02 
 2.18433333e-09  1.80000000e+00  2.18433333e-09  3.89573418e-02 
 2.18633333e-09  1.80000000e+00  2.18633333e-09  3.67156037e-02 
 2.18833333e-09  1.80000000e+00  2.18833333e-09  3.46013616e-02 
 2.19033333e-09  1.80000000e+00  2.19033333e-09  3.26075324e-02 
 2.19233333e-09  1.80000000e+00  2.19233333e-09  3.07274081e-02 
 2.19433333e-09  1.80000000e+00  2.19433333e-09  2.89546373e-02 
 2.19633333e-09  1.80000000e+00  2.19633333e-09  2.72832083e-02 
 2.19833333e-09  1.80000000e+00  2.19833333e-09  2.57074331e-02 
 2.20033333e-09  1.80000000e+00  2.20033333e-09  2.42219308e-02 
 2.20233333e-09  1.80000000e+00  2.20233333e-09  2.28216128e-02 
 2.20433333e-09  1.80000000e+00  2.20433333e-09  2.15016681e-02 
 2.20633333e-09  1.80000000e+00  2.20633333e-09  2.02575490e-02 
 2.20833333e-09  1.80000000e+00  2.20833333e-09  1.90849577e-02 
 2.21033333e-09  1.80000000e+00  2.21033333e-09  1.79798336e-02 
 2.21233333e-09  1.80000000e+00  2.21233333e-09  1.69383407e-02 
 2.21433333e-09  1.80000000e+00  2.21433333e-09  1.59568559e-02 
 2.21633333e-09  1.80000000e+00  2.21633333e-09  1.50319579e-02 
 2.21833333e-09  1.80000000e+00  2.21833333e-09  1.41604163e-02 
 2.22033333e-09  1.80000000e+00  2.22033333e-09  1.33391816e-02 
 2.22233333e-09  1.80000000e+00  2.22233333e-09  1.25653752e-02 
 2.22433333e-09  1.80000000e+00  2.22433333e-09  1.18362806e-02 
 2.22633333e-09  1.80000000e+00  2.22633333e-09  1.11493341e-02 
 2.22833333e-09  1.80000000e+00  2.22833333e-09  1.05021169e-02 
 2.23033333e-09  1.80000000e+00  2.23033333e-09  9.89234698e-03 
 2.23233333e-09  1.80000000e+00  2.23233333e-09  9.31787165e-03 
 2.23433333e-09  1.80000000e+00  2.23433333e-09  8.77666036e-03 
 2.23633333e-09  1.80000000e+00  2.23633333e-09  8.26679799e-03 
 2.23833333e-09  1.80000000e+00  2.23833333e-09  7.78647844e-03 
 2.24033333e-09  1.80000000e+00  2.24033333e-09  7.33399856e-03 
 2.24233333e-09  1.80000000e+00  2.24233333e-09  6.90775244e-03 
 2.24433333e-09  1.80000000e+00  2.24433333e-09  6.50622589e-03 
 2.24633333e-09  1.80000000e+00  2.24633333e-09  6.12799139e-03 
 2.24833333e-09  1.80000000e+00  2.24833333e-09  5.77170315e-03 
 2.25033333e-09  1.80000000e+00  2.25033333e-09  5.43609255e-03 
 2.25233333e-09  1.80000000e+00  2.25233333e-09  5.11996375e-03 
 2.25433333e-09  1.80000000e+00  2.25433333e-09  4.82218960e-03 
 2.25633333e-09  1.80000000e+00  2.25633333e-09  4.54170774e-03 
 2.25833333e-09  1.80000000e+00  2.25833333e-09  4.27751693e-03 
 2.26033333e-09  1.80000000e+00  2.26033333e-09  4.02867355e-03 
 2.26233333e-09  1.80000000e+00  2.26233333e-09  3.79428836e-03 
 2.26433333e-09  1.80000000e+00  2.26433333e-09  3.57352337e-03 
 2.26633333e-09  1.80000000e+00  2.26633333e-09  3.36558894e-03 
 2.26833333e-09  1.80000000e+00  2.26833333e-09  3.16974099e-03 
 2.27033333e-09  1.80000000e+00  2.27033333e-09  2.98527841e-03 
 2.27233333e-09  1.80000000e+00  2.27233333e-09  2.81154060e-03 
 2.27433333e-09  1.80000000e+00  2.27433333e-09  2.64790515e-03 
 2.27633333e-09  1.80000000e+00  2.27633333e-09  2.49378564e-03 
 2.27833333e-09  1.80000000e+00  2.27833333e-09  2.34862957e-03 
 2.28033333e-09  1.80000000e+00  2.28033333e-09  2.21191644e-03 
 2.28233333e-09  1.80000000e+00  2.28233333e-09  2.08315585e-03 
 2.28433333e-09  1.80000000e+00  2.28433333e-09  1.96188583e-03 
 2.28633333e-09  1.80000000e+00  2.28633333e-09  1.84767118e-03 
 2.28833333e-09  1.80000000e+00  2.28833333e-09  1.74010191e-03 
 2.29033333e-09  1.80000000e+00  2.29033333e-09  1.63879180e-03 
 2.29233333e-09  1.80000000e+00  2.29233333e-09  1.54337704e-03 
 2.29433333e-09  1.80000000e+00  2.29433333e-09  1.45351490e-03 
 2.29633333e-09  1.80000000e+00  2.29633333e-09  1.36888257e-03 
 2.29833333e-09  1.80000000e+00  2.29833333e-09  1.28917593e-03 
 2.30033333e-09  1.80000000e+00  2.30033333e-09  1.21410855e-03 
 2.30233333e-09  1.80000000e+00  2.30233333e-09  1.14341061e-03 
 2.30433333e-09  1.80000000e+00  2.30433333e-09  1.07682798e-03 
 2.30633333e-09  1.80000000e+00  2.30633333e-09  1.01412126e-03 
 2.30833333e-09  1.80000000e+00  2.30833333e-09  9.55064981e-04 
 2.31033333e-09  1.80000000e+00  2.31033333e-09  8.99446760e-04 
 2.31233333e-09  1.80000000e+00  2.31233333e-09  8.47066562e-04 
 2.31433333e-09  1.80000000e+00  2.31433333e-09  7.97735977e-04 
 2.31633333e-09  1.80000000e+00  2.31633333e-09  7.51277546e-04 
 2.31833333e-09  1.80000000e+00  2.31833333e-09  7.07524123e-04 
 2.32033333e-09  1.80000000e+00  2.32033333e-09  6.66318285e-04 
 2.32233333e-09  1.80000000e+00  2.32233333e-09  6.27511760e-04 
 2.32433333e-09  1.80000000e+00  2.32433333e-09  5.90964896e-04 
 2.32633333e-09  1.80000000e+00  2.32633333e-09  5.56546168e-04 
 2.32833333e-09  1.80000000e+00  2.32833333e-09  5.24131697e-04 
 2.33033333e-09  1.80000000e+00  2.33033333e-09  4.93604812e-04 
 2.33233333e-09  1.80000000e+00  2.33233333e-09  4.64855628e-04 
 2.33433333e-09  1.80000000e+00  2.33433333e-09  4.37780653e-04 
 2.33633333e-09  1.80000000e+00  2.33633333e-09  4.12282417e-04 
 2.33833333e-09  1.80000000e+00  2.33833333e-09  3.88269122e-04 
 2.34033333e-09  1.80000000e+00  2.34033333e-09  3.65654311e-04 
 2.34233333e-09  1.80000000e+00  2.34233333e-09  3.44356557e-04 
 2.34433333e-09  1.80000000e+00  2.34433333e-09  3.24299175e-04 
 2.34633333e-09  1.80000000e+00  2.34633333e-09  3.05409941e-04 
 2.34833333e-09  1.80000000e+00  2.34833333e-09  2.87620835e-04 
 2.35033333e-09  1.80000000e+00  2.35033333e-09  2.70867795e-04 
 2.35233333e-09  1.80000000e+00  2.35233333e-09  2.55090491e-04 
 2.35433333e-09  1.80000000e+00  2.35433333e-09  2.40232103e-04 
 2.35633333e-09  1.80000000e+00  2.35633333e-09  2.26239118e-04 
 2.35833333e-09  1.80000000e+00  2.35833333e-09  2.13061139e-04 
 2.36033333e-09  1.80000000e+00  2.36033333e-09  2.00650705e-04 
 2.36233333e-09  1.80000000e+00  2.36233333e-09  1.88963116e-04 
 2.36433333e-09  1.80000000e+00  2.36433333e-09  1.77956275e-04 
 2.36633333e-09  1.80000000e+00  2.36633333e-09  1.67590535e-04 
 2.36833333e-09  1.80000000e+00  2.36833333e-09  1.57828560e-04 
 2.37033333e-09  1.80000000e+00  2.37033333e-09  1.48635186e-04 
 2.37233333e-09  1.80000000e+00  2.37233333e-09  1.39977297e-04 
 2.37433333e-09  1.80000000e+00  2.37433333e-09  1.31823705e-04 
 2.37633333e-09  1.80000000e+00  2.37633333e-09  1.24145040e-04 
 2.37833333e-09  1.80000000e+00  2.37833333e-09  1.16913641e-04 
 2.38033333e-09  1.80000000e+00  2.38033333e-09  1.10103456e-04 
 2.38233333e-09  1.80000000e+00  2.38233333e-09  1.03689953e-04 
 2.38433333e-09  1.80000000e+00  2.38433333e-09  9.76500266e-05 
 2.38633333e-09  1.80000000e+00  2.38633333e-09  9.19619189e-05 
 2.38833333e-09  1.80000000e+00  2.38833333e-09  8.66051378e-05 
 2.39033333e-09  1.80000000e+00  2.39033333e-09  8.15603848e-05 
 2.39233333e-09  1.80000000e+00  2.39233333e-09  7.68094854e-05 
 2.39433333e-09  1.80000000e+00  2.39433333e-09  7.23353239e-05 
 2.39633333e-09  1.80000000e+00  2.39633333e-09  6.81217810e-05 
 2.39833333e-09  1.80000000e+00  2.39833333e-09  6.41536764e-05 
 2.40033333e-09  1.80000000e+00  2.40033333e-09  6.04167141e-05 
 2.40233333e-09  1.80000000e+00  2.40233333e-09  5.68974304e-05 
 2.40433333e-09  1.80000000e+00  2.40433333e-09  5.35831461e-05 
 2.40633333e-09  1.80000000e+00  2.40633333e-09  5.04619202e-05 
 2.40833333e-09  1.80000000e+00  2.40833333e-09  4.75225073e-05 
 2.41033333e-09  1.80000000e+00  2.41033333e-09  4.47543172e-05 
 2.41233333e-09  1.80000000e+00  2.41233333e-09  4.21473763e-05 
 2.41433333e-09  1.80000000e+00  2.41433333e-09  3.96922919e-05 
 2.41633333e-09  1.80000000e+00  2.41633333e-09  3.73802184e-05 
 2.41833333e-09  1.80000000e+00  2.41833333e-09  3.52028256e-05 
 2.42033333e-09  1.80000000e+00  2.42033333e-09  3.31522684e-05 
 2.42233333e-09  1.80000000e+00  2.42233333e-09  3.12211585e-05 
 2.42433333e-09  1.80000000e+00  2.42433333e-09  2.94025382e-05 
 2.42633333e-09  1.80000000e+00  2.42633333e-09  2.76898550e-05 
 2.42833333e-09  1.80000000e+00  2.42833333e-09  2.60769379e-05 
 2.43033333e-09  1.80000000e+00  2.43033333e-09  2.45579757e-05 
 2.43233333e-09  1.80000000e+00  2.43233333e-09  2.31274952e-05 
 2.43433333e-09  1.80000000e+00  2.43433333e-09  2.17803425e-05 
 2.43633333e-09  1.80000000e+00  2.43633333e-09  2.05116636e-05 
 2.43833333e-09  1.80000000e+00  2.43833333e-09  1.93168873e-05 
 2.44033333e-09  1.80000000e+00  2.44033333e-09  1.81917088e-05 
 2.44233333e-09  1.80000000e+00  2.44233333e-09  1.71320739e-05 
 2.44433333e-09  1.80000000e+00  2.44433333e-09  1.61341646e-05 
 2.44633333e-09  1.80000000e+00  2.44633333e-09  1.51943854e-05 
 2.44833333e-09  1.80000000e+00  2.44833333e-09  1.43093501e-05 
 2.45033333e-09  1.80000000e+00  2.45033333e-09  1.34758697e-05 
 2.45233333e-09  1.80000000e+00  2.45233333e-09  1.26909412e-05 
 2.45433333e-09  1.80000000e+00  2.45433333e-09  1.19517362e-05 
 2.45633333e-09  1.80000000e+00  2.45633333e-09  1.12555915e-05 
 2.45833333e-09  1.80000000e+00  2.45833333e-09  1.05999986e-05 
 2.46033333e-09  1.80000000e+00  2.46033333e-09  9.98259524e-06 
 2.46233333e-09  1.80000000e+00  2.46233333e-09  9.40115694e-06 
 2.46433333e-09  1.80000000e+00  2.46433333e-09  8.85358862e-06 
 2.46633333e-09  1.80000000e+00  2.46633333e-09  8.33791731e-06 
 2.46833333e-09  1.80000000e+00  2.46833333e-09  7.85228494e-06 
 2.47033333e-09  1.80000000e+00  2.47033333e-09  7.39494169e-06 
 2.47233333e-09  1.80000000e+00  2.47233333e-09  6.96423967e-06 
 2.47433333e-09  1.80000000e+00  2.47433333e-09  6.55862698e-06 
 2.47633333e-09  1.80000000e+00  2.47633333e-09  6.17664211e-06 
 2.47833333e-09  1.80000000e+00  2.47833333e-09  5.81690870e-06 
 2.48033333e-09  1.80000000e+00  2.48033333e-09  5.47813056e-06 
 2.48233333e-09  1.80000000e+00  2.48233333e-09  5.15908699e-06 
 2.48433333e-09  1.80000000e+00  2.48433333e-09  4.85862842e-06 
 2.48633333e-09  1.80000000e+00  2.48633333e-09  4.57567225e-06 
 2.48833333e-09  1.80000000e+00  2.48833333e-09  4.30919890e-06 
 2.49033333e-09  1.80000000e+00  2.49033333e-09  4.05824823e-06 
 2.49233333e-09  1.80000000e+00  2.49233333e-09  3.82191602e-06 
 2.49433333e-09  1.80000000e+00  2.49433333e-09  3.59935069e-06 
 2.49633333e-09  1.80000000e+00  2.49633333e-09  3.38975030e-06 
 2.49833333e-09  1.80000000e+00  2.49833333e-09  3.19235962e-06 
 2.50033333e-09  1.80000000e+00  2.50033333e-09  3.00646740e-06 
 2.50233333e-09  1.80000000e+00  2.50233333e-09  2.83140383e-06 
 2.50433333e-09  1.80000000e+00  2.50433333e-09  2.66653812e-06 
 2.50633333e-09  1.80000000e+00  2.50633333e-09  2.51127622e-06 
 2.50833333e-09  1.80000000e+00  2.50833333e-09  2.36505869e-06 
 2.51033333e-09  1.80000000e+00  2.51033333e-09  2.22735868e-06 
 2.51233333e-09  1.80000000e+00  2.51233333e-09  2.09768001e-06 
 2.51433333e-09  1.80000000e+00  2.51433333e-09  1.97555543e-06 
 2.51633333e-09  1.80000000e+00  2.51633333e-09  1.86054489e-06 
 2.51833333e-09  1.80000000e+00  2.51833333e-09  1.75223399e-06 
 2.52033333e-09  1.80000000e+00  2.52033333e-09  1.65023245e-06 
 2.52233333e-09  1.80000000e+00  2.52233333e-09  1.55417275e-06 
 2.52433333e-09  1.80000000e+00  2.52433333e-09  1.46370875e-06 
 2.52633333e-09  1.80000000e+00  2.52633333e-09  1.37851449e-06 
 2.52833333e-09  1.80000000e+00  2.52833333e-09  1.29828300e-06 
 2.53033333e-09  1.80000000e+00  2.53033333e-09  1.22272519e-06 
 2.53233333e-09  1.80000000e+00  2.53233333e-09  1.15156879e-06 
 2.53433333e-09  1.80000000e+00  2.53433333e-09  1.08455743e-06 
 2.53633333e-09  1.80000000e+00  2.53633333e-09  1.02144964e-06 
 2.53833333e-09  1.80000000e+00  2.53833333e-09  9.62018032e-07 
 2.54033333e-09  1.80000000e+00  2.54033333e-09  9.06048454e-07 
 2.54233333e-09  1.80000000e+00  2.54233333e-09  8.53339239e-07 
 2.54433333e-09  1.80000000e+00  2.54433333e-09  8.03700461e-07 
 2.54633333e-09  1.80000000e+00  2.54633333e-09  7.56953262e-07 
 2.54833333e-09  1.80000000e+00  2.54833333e-09  7.12929198e-07 
 2.55033333e-09  1.80000000e+00  2.55033333e-09  6.71469643e-07 
 2.55233333e-09  1.80000000e+00  2.55233333e-09  6.32425206e-07 
 2.55433333e-09  1.80000000e+00  2.55433333e-09  5.95655201e-07 
 2.55633333e-09  1.80000000e+00  2.55633333e-09  5.61027137e-07 
 2.55833333e-09  1.80000000e+00  2.55833333e-09  5.28416242e-07 
 2.56033333e-09  1.80000000e+00  2.56033333e-09  4.97705009e-07 
 2.56233333e-09  1.80000000e+00  2.56233333e-09  4.68782780e-07 
 2.56433333e-09  1.80000000e+00  2.56433333e-09  4.41545341e-07 
 2.56633333e-09  1.80000000e+00  2.56633333e-09  4.15894548e-07 
 2.56833333e-09  1.80000000e+00  2.56833333e-09  3.91737975e-07 
 2.57033333e-09  1.80000000e+00  2.57033333e-09  3.68988581e-07 
 2.57233333e-09  1.80000000e+00  2.57233333e-09  3.47564395e-07 
 2.57433333e-09  1.80000000e+00  2.57433333e-09  3.27388218e-07 
 2.57633333e-09  1.80000000e+00  2.57633333e-09  3.08387353e-07 
 2.57833333e-09  1.80000000e+00  2.57833333e-09  2.90493334e-07 
 2.58033333e-09  1.80000000e+00  2.58033333e-09  2.73641685e-07 
 2.58233333e-09  1.80000000e+00  2.58233333e-09  2.57771686e-07 
 2.58433333e-09  1.80000000e+00  2.58433333e-09  2.42826152e-07 
 2.58633333e-09  1.80000000e+00  2.58633333e-09  2.28751231e-07 
 2.58833333e-09  1.80000000e+00  2.58833333e-09  2.15496209e-07 
 2.59033333e-09  1.80000000e+00  2.59033333e-09  2.03013324e-07 
 2.59233333e-09  1.80000000e+00  2.59233333e-09  1.91257597e-07 
 2.59433333e-09  1.80000000e+00  2.59433333e-09  1.80186670e-07 
 2.59633333e-09  1.80000000e+00  2.59633333e-09  1.69760651e-07 
 2.59833333e-09  1.80000000e+00  2.59833333e-09  1.59941972e-07 
 2.60033333e-09  1.80000000e+00  2.60033333e-09  1.50695256e-07 
 2.60233333e-09  1.80000000e+00  2.60233333e-09  1.41987183e-07 
 2.60433333e-09  1.80000000e+00  2.60433333e-09  1.33786377e-07 
 2.60633333e-09  1.80000000e+00  2.60633333e-09  1.26063287e-07 
 2.60833333e-09  1.80000000e+00  2.60833333e-09  1.18790086e-07 
 2.61033333e-09  1.80000000e+00  2.61033333e-09  1.11940567e-07 
 2.61233333e-09  1.80000000e+00  2.61233333e-09  1.05490049e-07 
 2.61433333e-09  1.80000000e+00  2.61433333e-09  9.94152888e-08 
 2.61633333e-09  1.80000000e+00  2.61633333e-09  9.36943984e-08 
 2.61833333e-09  1.80000000e+00  2.61833333e-09  8.83067637e-08 
 2.62033333e-09  1.80000000e+00  2.62033333e-09  8.32329717e-08 
 2.62233333e-09  1.80000000e+00  2.62233333e-09  7.84547405e-08 
 2.62433333e-09  1.80000000e+00  2.62433333e-09  7.39548528e-08 
 2.62633333e-09  1.80000000e+00  2.62633333e-09  6.97170945e-08 
 2.62833333e-09  1.80000000e+00  2.62833333e-09  6.57261959e-08 
 2.63033333e-09  1.80000000e+00  2.63033333e-09  6.19677768e-08 
 2.63233333e-09  1.80000000e+00  2.63233333e-09  5.84282947e-08 
 2.63433333e-09  1.80000000e+00  2.63433333e-09  5.50949960e-08 
 2.63633333e-09  1.80000000e+00  2.63633333e-09  5.19558701e-08 
 2.63833333e-09  1.80000000e+00  2.63833333e-09  4.89996059e-08 
 2.64033333e-09  1.80000000e+00  2.64033333e-09  4.62155512e-08 
 2.64233333e-09  1.80000000e+00  2.64233333e-09  4.35936744e-08 
 2.64433333e-09  1.80000000e+00  2.64433333e-09  4.11245284e-08 
 2.64633333e-09  1.80000000e+00  2.64633333e-09  3.87992161e-08 
 2.64833333e-09  1.80000000e+00  2.64833333e-09  3.66093589e-08 
 2.65033333e-09  1.80000000e+00  2.65033333e-09  3.45470661e-08 
 2.65233333e-09  1.80000000e+00  2.65233333e-09  3.26049070e-08 
 2.65433333e-09  1.80000000e+00  2.65433333e-09  3.07758833e-08 
 2.65633333e-09  1.80000000e+00  2.65633333e-09  2.90534046e-08 
 2.65833333e-09  1.80000000e+00  2.65833333e-09  2.74312646e-08 
 2.66033333e-09  1.80000000e+00  2.66033333e-09  2.59036181e-08 
 2.66233333e-09  1.80000000e+00  2.66233333e-09  2.44649608e-08 
 2.66433333e-09  1.80000000e+00  2.66433333e-09  2.31101087e-08 
 2.66633333e-09  1.80000000e+00  2.66633333e-09  2.18341800e-08 
 2.66833333e-09  1.80000000e+00  2.66833333e-09  2.06325773e-08 
 2.67033333e-09  1.80000000e+00  2.67033333e-09  1.95009709e-08 
 2.67233333e-09  1.80000000e+00  2.67233333e-09  1.84352833e-08 
 2.67433333e-09  1.80000000e+00  2.67433333e-09  1.74316745e-08 
 2.67633333e-09  1.80000000e+00  2.67633333e-09  1.64865284e-08 
 2.67833333e-09  1.80000000e+00  2.67833333e-09  1.55964394e-08 
 2.68033333e-09  1.80000000e+00  2.68033333e-09  1.47582002e-08 
 2.68233333e-09  1.80000000e+00  2.68233333e-09  1.39687905e-08 
 2.68433333e-09  1.80000000e+00  2.68433333e-09  1.32253658e-08 
 2.68633333e-09  1.80000000e+00  2.68633333e-09  1.25252474e-08 
 2.68833333e-09  1.80000000e+00  2.68833333e-09  1.18659126e-08 
 2.69033333e-09  1.80000000e+00  2.69033333e-09  1.12449857e-08 
 2.69233333e-09  1.80000000e+00  2.69233333e-09  1.06602292e-08 
 2.69433333e-09  1.80000000e+00  2.69433333e-09  1.01095363e-08 
 2.69633333e-09  1.80000000e+00  2.69633333e-09  9.59092251e-09 
 2.69833333e-09  1.80000000e+00  2.69833333e-09  9.10251925e-09 
 2.70033333e-09  1.80000000e+00  2.70033333e-09  8.64256668e-09 
 2.70233333e-09  1.80000000e+00  2.70233333e-09  8.20940745e-09 
 2.70433333e-09  1.80000000e+00  2.70433333e-09  7.80148081e-09 
 2.70633333e-09  1.80000000e+00  2.70633333e-09  7.41731688e-09 
 2.70833333e-09  1.80000000e+00  2.70833333e-09  7.05553143e-09 
 2.71033333e-09  1.80000000e+00  2.71033333e-09  6.71482086e-09 
 2.71233333e-09  1.80000000e+00  2.71233333e-09  6.39395751e-09 
 2.71433333e-09  1.80000000e+00  2.71433333e-09  6.09178523e-09 
 2.71633333e-09  1.80000000e+00  2.71633333e-09  5.80721521e-09 
 2.71833333e-09  1.80000000e+00  2.71833333e-09  5.53922209e-09 
 2.72033333e-09  1.80000000e+00  2.72033333e-09  5.28684022e-09 
 2.72233333e-09  1.80000000e+00  2.72233333e-09  5.04916021e-09 
 2.72433333e-09  1.80000000e+00  2.72433333e-09  4.82532564e-09 
 2.72633333e-09  1.80000000e+00  2.72633333e-09  4.61452997e-09 
 2.72833333e-09  1.80000000e+00  2.72833333e-09  4.41601366e-09 
 2.73033333e-09  1.80000000e+00  2.73033333e-09  4.22906141e-09 
 2.73233333e-09  1.80000000e+00  2.73233333e-09  4.05299958e-09 
 2.73433333e-09  1.80000000e+00  2.73433333e-09  3.88719378e-09 
 2.73633333e-09  1.80000000e+00  2.73633333e-09  3.73104657e-09 
 2.73833333e-09  1.80000000e+00  2.73833333e-09  3.58399531e-09 
 2.74033333e-09  1.80000000e+00  2.74033333e-09  3.44551015e-09 
 2.74233333e-09  1.80000000e+00  2.74233333e-09  3.31509208e-09 
 2.74433333e-09  1.80000000e+00  2.74433333e-09  3.19227118e-09 
 2.74633333e-09  1.80000000e+00  2.74633333e-09  3.07660490e-09 
 2.74833333e-09  1.80000000e+00  2.74833333e-09  2.96767646e-09 
 2.75033333e-09  1.80000000e+00  2.75033333e-09  2.86509336e-09 
 2.75233333e-09  1.80000000e+00  2.75233333e-09  2.76848598e-09 
 2.75433333e-09  1.80000000e+00  2.75433333e-09  2.67750622e-09 
 2.75633333e-09  1.80000000e+00  2.75633333e-09  2.59182624e-09 
 2.75833333e-09  1.80000000e+00  2.75833333e-09  2.51113734e-09 
 2.76033333e-09  1.80000000e+00  2.76033333e-09  2.43514875e-09 
 2.76233333e-09  1.80000000e+00  2.76233333e-09  2.36358669e-09 
 2.76433333e-09  1.80000000e+00  2.76433333e-09  2.29619329e-09 
 2.76633333e-09  1.80000000e+00  2.76633333e-09  2.23272572e-09 
 2.76833333e-09  1.80000000e+00  2.76833333e-09  2.17295529e-09 
 2.77033333e-09  1.80000000e+00  2.77033333e-09  2.11666663e-09 
 2.77233333e-09  1.80000000e+00  2.77233333e-09  2.06365692e-09 
 2.77433333e-09  1.80000000e+00  2.77433333e-09  2.01373516e-09 
 2.77633333e-09  1.80000000e+00  2.77633333e-09  1.96672146e-09 
 2.77833333e-09  1.80000000e+00  2.77833333e-09  1.92244643e-09 
 2.78033333e-09  1.80000000e+00  2.78033333e-09  1.88075052e-09 
 2.78233333e-09  1.80000000e+00  2.78233333e-09  1.84148350e-09 
 2.78433333e-09  1.80000000e+00  2.78433333e-09  1.80450388e-09 
 2.78633333e-09  1.80000000e+00  2.78633333e-09  1.76967841e-09 
 2.78833333e-09  1.80000000e+00  2.78833333e-09  1.73688161e-09 
 2.79033333e-09  1.80000000e+00  2.79033333e-09  1.70599530e-09 
 2.79233333e-09  1.80000000e+00  2.79233333e-09  1.67690819e-09 
 2.79433333e-09  1.80000000e+00  2.79433333e-09  1.64951548e-09 
 2.79633333e-09  1.80000000e+00  2.79633333e-09  1.62371847e-09 
 2.79833333e-09  1.80000000e+00  2.79833333e-09  1.59942419e-09 
 2.80033333e-09  1.80000000e+00  2.80033333e-09  1.57654511e-09 
 2.80233333e-09  1.80000000e+00  2.80233333e-09  1.55499879e-09 
 2.80433333e-09  1.80000000e+00  2.80433333e-09  1.53470760e-09 
 2.80633333e-09  1.80000000e+00  2.80633333e-09  1.51559842e-09 
 2.80833333e-09  1.80000000e+00  2.80833333e-09  1.49760239e-09 
 2.81033333e-09  1.80000000e+00  2.81033333e-09  1.48065468e-09 
 2.81233333e-09  1.80000000e+00  2.81233333e-09  1.46469421e-09 
 2.81433333e-09  1.80000000e+00  2.81433333e-09  1.44966348e-09 
 2.81633333e-09  1.80000000e+00  2.81633333e-09  1.43550833e-09 
 2.81833333e-09  1.80000000e+00  2.81833333e-09  1.42217775e-09 
 2.82033333e-09  1.80000000e+00  2.82033333e-09  1.40962370e-09 
 2.82233333e-09  1.80000000e+00  2.82233333e-09  1.39780096e-09 
 2.82433333e-09  1.80000000e+00  2.82433333e-09  1.38666693e-09 
 2.82633333e-09  1.80000000e+00  2.82633333e-09  1.37618147e-09 
 2.82833333e-09  1.80000000e+00  2.82833333e-09  1.36630682e-09 
 2.83033333e-09  1.80000000e+00  2.83033333e-09  1.35700740e-09 
 2.83233333e-09  1.80000000e+00  2.83233333e-09  1.34824969e-09 
 2.83433333e-09  1.80000000e+00  2.83433333e-09  1.34000213e-09 
 2.83633333e-09  1.80000000e+00  2.83633333e-09  1.33223502e-09 
 2.83833333e-09  1.80000000e+00  2.83833333e-09  1.32492036e-09 
 2.84033333e-09  1.80000000e+00  2.84033333e-09  1.31803179e-09 
 2.84233333e-09  1.80000000e+00  2.84233333e-09  1.31154450e-09 
 2.84433333e-09  1.80000000e+00  2.84433333e-09  1.30543511e-09 
 2.84633333e-09  1.80000000e+00  2.84633333e-09  1.29968161e-09 
 2.84833333e-09  1.80000000e+00  2.84833333e-09  1.29426326e-09 
 2.85033333e-09  1.80000000e+00  2.85033333e-09  1.28916055e-09 
 2.85233333e-09  1.80000000e+00  2.85233333e-09  1.28435508e-09 
 2.85433333e-09  1.80000000e+00  2.85433333e-09  1.27982954e-09 
 2.85633333e-09  1.80000000e+00  2.85633333e-09  1.27556763e-09 
 2.85833333e-09  1.80000000e+00  2.85833333e-09  1.27155398e-09 
 2.86033333e-09  1.80000000e+00  2.86033333e-09  1.26777414e-09 
 2.86233333e-09  1.80000000e+00  2.86233333e-09  1.26421448e-09 
 2.86433333e-09  1.80000000e+00  2.86433333e-09  1.26086218e-09 
 2.86633333e-09  1.80000000e+00  2.86633333e-09  1.25770516e-09 
 2.86833333e-09  1.80000000e+00  2.86833333e-09  1.25473204e-09 
 2.87033333e-09  1.80000000e+00  2.87033333e-09  1.25193212e-09 
 2.87233333e-09  1.80000000e+00  2.87233333e-09  1.24929529e-09 
 2.87433333e-09  1.80000000e+00  2.87433333e-09  1.24681207e-09 
 2.87633333e-09  1.80000000e+00  2.87633333e-09  1.24447351e-09 
 2.87833333e-09  1.80000000e+00  2.87833333e-09  1.24227117e-09 
 2.88033333e-09  1.80000000e+00  2.88033333e-09  1.24019712e-09 
 2.88233333e-09  1.80000000e+00  2.88233333e-09  1.23824389e-09 
 2.88433333e-09  1.80000000e+00  2.88433333e-09  1.23640444e-09 
 2.88633333e-09  1.80000000e+00  2.88633333e-09  1.23467214e-09 
 2.88833333e-09  1.80000000e+00  2.88833333e-09  1.23304075e-09 
 2.89033333e-09  1.80000000e+00  2.89033333e-09  1.23150440e-09 
 2.89233333e-09  1.80000000e+00  2.89233333e-09  1.23005754e-09 
 2.89433333e-09  1.80000000e+00  2.89433333e-09  1.22869496e-09 
 2.89633333e-09  1.80000000e+00  2.89633333e-09  1.22741176e-09 
 2.89833333e-09  1.80000000e+00  2.89833333e-09  1.22620331e-09 
 2.90033333e-09  1.80000000e+00  2.90033333e-09  1.22506525e-09 
 2.90233333e-09  1.80000000e+00  2.90233333e-09  1.22399349e-09 
 2.90433333e-09  1.80000000e+00  2.90433333e-09  1.22298416e-09 
 2.90633333e-09  1.80000000e+00  2.90633333e-09  1.22203363e-09 
 2.90833333e-09  1.80000000e+00  2.90833333e-09  1.22113846e-09 
 2.91033333e-09  1.80000000e+00  2.91033333e-09  1.22029545e-09 
 2.91233333e-09  1.80000000e+00  2.91233333e-09  1.21950154e-09 
 2.91433333e-09  1.80000000e+00  2.91433333e-09  1.21875388e-09 
 2.91633333e-09  1.80000000e+00  2.91633333e-09  1.21804977e-09 
 2.91833333e-09  1.80000000e+00  2.91833333e-09  1.21738667e-09 
 2.92033333e-09  1.80000000e+00  2.92033333e-09  1.21676221e-09 
 2.92233333e-09  1.80000000e+00  2.92233333e-09  1.21617412e-09 
 2.92433333e-09  1.80000000e+00  2.92433333e-09  1.21562028e-09 
 2.92633333e-09  1.80000000e+00  2.92633333e-09  1.21509871e-09 
 2.92833333e-09  1.80000000e+00  2.92833333e-09  1.21460753e-09 
 2.93033333e-09  1.80000000e+00  2.93033333e-09  1.21414495e-09 
 2.93233333e-09  1.80000000e+00  2.93233333e-09  1.21370932e-09 
 2.93433333e-09  1.80000000e+00  2.93433333e-09  1.21329907e-09 
 2.93633333e-09  1.80000000e+00  2.93633333e-09  1.21291272e-09 
 2.93833333e-09  1.80000000e+00  2.93833333e-09  1.21254887e-09 
 2.94033333e-09  1.80000000e+00  2.94033333e-09  1.21220622e-09 
 2.94233333e-09  1.80000000e+00  2.94233333e-09  1.21188353e-09 
 2.94433333e-09  1.80000000e+00  2.94433333e-09  1.21157963e-09 
 2.94633333e-09  1.80000000e+00  2.94633333e-09  1.21129344e-09 
 2.94833333e-09  1.80000000e+00  2.94833333e-09  1.21102392e-09 
 2.95033333e-09  1.80000000e+00  2.95033333e-09  1.21077010e-09 
 2.95233333e-09  1.80000000e+00  2.95233333e-09  1.21053106e-09 
 2.95433333e-09  1.80000000e+00  2.95433333e-09  1.21030595e-09 
 2.95633333e-09  1.80000000e+00  2.95633333e-09  1.21009395e-09 
 2.95833333e-09  1.80000000e+00  2.95833333e-09  1.20989431e-09 
 2.96033333e-09  1.80000000e+00  2.96033333e-09  1.20970629e-09 
 2.96233333e-09  1.80000000e+00  2.96233333e-09  1.20952922e-09 
 2.96433333e-09  1.80000000e+00  2.96433333e-09  1.20936247e-09 
 2.96633333e-09  1.80000000e+00  2.96633333e-09  1.20920543e-09 
 2.96833333e-09  1.80000000e+00  2.96833333e-09  1.20905755e-09 
 2.97033333e-09  1.80000000e+00  2.97033333e-09  1.20891827e-09 
 2.97233333e-09  1.80000000e+00  2.97233333e-09  1.20878711e-09 
 2.97433333e-09  1.80000000e+00  2.97433333e-09  1.20866359e-09 
 2.97633333e-09  1.80000000e+00  2.97633333e-09  1.20854726e-09 
 2.97833333e-09  1.80000000e+00  2.97833333e-09  1.20843771e-09 
 2.98033333e-09  1.80000000e+00  2.98033333e-09  1.20833455e-09 
 2.98233333e-09  1.80000000e+00  2.98233333e-09  1.20823739e-09 
 2.98433333e-09  1.80000000e+00  2.98433333e-09  1.20814589e-09 
 2.98633333e-09  1.80000000e+00  2.98633333e-09  1.20805972e-09 
 2.98833333e-09  1.80000000e+00  2.98833333e-09  1.20797857e-09 
 2.99033333e-09  1.80000000e+00  2.99033333e-09  1.20790215e-09 
 2.99233333e-09  1.80000000e+00  2.99233333e-09  1.20783018e-09 
 2.99433333e-09  1.80000000e+00  2.99433333e-09  1.20776240e-09 
 2.99633333e-09  1.80000000e+00  2.99633333e-09  1.20769857e-09 
 2.99833333e-09  1.80000000e+00  2.99833333e-09  1.20763846e-09 
 3.00033333e-09  1.80000000e+00  3.00033333e-09  1.20758185e-09 
 3.00233333e-09  1.80000000e+00  3.00233333e-09  1.20752854e-09 
 3.00433333e-09  1.80000000e+00  3.00433333e-09  1.20747833e-09 
 3.00633333e-09  1.80000000e+00  3.00633333e-09  1.20743105e-09 
 3.00833333e-09  1.80000000e+00  3.00833333e-09  1.20738653e-09 
 3.01033333e-09  1.80000000e+00  3.01033333e-09  1.20734459e-09 
 3.01233333e-09  1.80000000e+00  3.01233333e-09  1.20730510e-09 
 3.01433333e-09  1.80000000e+00  3.01433333e-09  1.20726791e-09 
 3.01633333e-09  1.80000000e+00  3.01633333e-09  1.20723289e-09 
 3.01833333e-09  1.80000000e+00  3.01833333e-09  1.20719990e-09 
 3.02033333e-09  1.80000000e+00  3.02033333e-09  1.20716884e-09 
 3.02233333e-09  1.80000000e+00  3.02233333e-09  1.20713959e-09 
 3.02433333e-09  1.80000000e+00  3.02433333e-09  1.20711204e-09 
 3.02633333e-09  1.80000000e+00  3.02633333e-09  1.20708609e-09 
 3.02833333e-09  1.80000000e+00  3.02833333e-09  1.20706166e-09 
 3.03033333e-09  1.80000000e+00  3.03033333e-09  1.20703865e-09 
 3.03233333e-09  1.80000000e+00  3.03233333e-09  1.20701698e-09 
 3.03433333e-09  1.80000000e+00  3.03433333e-09  1.20699658e-09 
 3.03633333e-09  1.80000000e+00  3.03633333e-09  1.20697736e-09 
 3.03833333e-09  1.80000000e+00  3.03833333e-09  1.20695926e-09 
 3.04033333e-09  1.80000000e+00  3.04033333e-09  1.20694222e-09 
 3.04233333e-09  1.80000000e+00  3.04233333e-09  1.20692616e-09 
 3.04433333e-09  1.80000000e+00  3.04433333e-09  1.20691105e-09 
 3.04633333e-09  1.80000000e+00  3.04633333e-09  1.20689681e-09 
 3.04833333e-09  1.80000000e+00  3.04833333e-09  1.20688340e-09 
 3.05033333e-09  1.80000000e+00  3.05033333e-09  1.20687078e-09 
 3.05233333e-09  1.80000000e+00  3.05233333e-09  1.20685889e-09 
 3.05433333e-09  1.80000000e+00  3.05433333e-09  1.20684769e-09 
 3.05633333e-09  1.80000000e+00  3.05633333e-09  1.20683715e-09 
 3.05833333e-09  1.80000000e+00  3.05833333e-09  1.20682722e-09 
 3.06033333e-09  1.80000000e+00  3.06033333e-09  1.20681786e-09 
 3.06233333e-09  1.80000000e+00  3.06233333e-09  1.20680906e-09 
 3.06433333e-09  1.80000000e+00  3.06433333e-09  1.20680076e-09 
 3.06633333e-09  1.80000000e+00  3.06633333e-09  1.20679295e-09 
 3.06833333e-09  1.80000000e+00  3.06833333e-09  1.20678559e-09 
 3.07033333e-09  1.80000000e+00  3.07033333e-09  1.20677867e-09 
 3.07233333e-09  1.80000000e+00  3.07233333e-09  1.20677214e-09 
 3.07433333e-09  1.80000000e+00  3.07433333e-09  1.20676600e-09 
 3.07633333e-09  1.80000000e+00  3.07633333e-09  1.20676021e-09 
 3.07833333e-09  1.80000000e+00  3.07833333e-09  1.20675476e-09 
 3.08033333e-09  1.80000000e+00  3.08033333e-09  1.20674963e-09 
 3.08233333e-09  1.80000000e+00  3.08233333e-09  1.20674480e-09 
 3.08433333e-09  1.80000000e+00  3.08433333e-09  1.20674025e-09 
 3.08633333e-09  1.80000000e+00  3.08633333e-09  1.20673596e-09 
 3.08833333e-09  1.80000000e+00  3.08833333e-09  1.20673192e-09 
 3.09033333e-09  1.80000000e+00  3.09033333e-09  1.20672812e-09 
 3.09233333e-09  1.80000000e+00  3.09233333e-09  1.20672454e-09 
 3.09433333e-09  1.80000000e+00  3.09433333e-09  1.20672117e-09 
 3.09633333e-09  1.80000000e+00  3.09633333e-09  1.20671799e-09 
 3.09833333e-09  1.80000000e+00  3.09833333e-09  1.20671500e-09 
 3.10033333e-09  1.80000000e+00  3.10033333e-09  1.20671219e-09 
 3.10233333e-09  1.80000000e+00  3.10233333e-09  1.20670954e-09 
 3.10433333e-09  1.80000000e+00  3.10433333e-09  1.20670704e-09 
 3.10633333e-09  1.80000000e+00  3.10633333e-09  1.20670469e-09 
 3.10833333e-09  1.80000000e+00  3.10833333e-09  1.20670247e-09 
 3.11033333e-09  1.80000000e+00  3.11033333e-09  1.20670039e-09 
 3.11233333e-09  1.80000000e+00  3.11233333e-09  1.20669842e-09 
 3.11433333e-09  1.80000000e+00  3.11433333e-09  1.20669657e-09 
 3.11633333e-09  1.80000000e+00  3.11633333e-09  1.20669483e-09 
 3.11833333e-09  1.80000000e+00  3.11833333e-09  1.20669319e-09 
 3.12033333e-09  1.80000000e+00  3.12033333e-09  1.20669164e-09 
 3.12233333e-09  1.80000000e+00  3.12233333e-09  1.20669019e-09 
 3.12433333e-09  1.80000000e+00  3.12433333e-09  1.20668882e-09 
 3.12633333e-09  1.80000000e+00  3.12633333e-09  1.20668753e-09 
 3.12833333e-09  1.80000000e+00  3.12833333e-09  1.20668631e-09 
 3.13033333e-09  1.80000000e+00  3.13033333e-09  1.20668517e-09 
 3.13233333e-09  1.80000000e+00  3.13233333e-09  1.20668409e-09 
 3.13433333e-09  1.80000000e+00  3.13433333e-09  1.20668308e-09 
 3.13633333e-09  1.80000000e+00  3.13633333e-09  1.20668212e-09 
 3.13833333e-09  1.80000000e+00  3.13833333e-09  1.20668122e-09 
 3.14033333e-09  1.80000000e+00  3.14033333e-09  1.20668037e-09 
 3.14233333e-09  1.80000000e+00  3.14233333e-09  1.20667957e-09 
 3.14433333e-09  1.80000000e+00  3.14433333e-09  1.20667882e-09 
 3.14633333e-09  1.80000000e+00  3.14633333e-09  1.20667811e-09 
 3.14833333e-09  1.80000000e+00  3.14833333e-09  1.20667745e-09 
 3.15033333e-09  1.80000000e+00  3.15033333e-09  1.20667682e-09 
 3.15233333e-09  1.80000000e+00  3.15233333e-09  1.20667623e-09 
 3.15433333e-09  1.80000000e+00  3.15433333e-09  1.20667567e-09 
 3.15633333e-09  1.80000000e+00  3.15633333e-09  1.20667515e-09 
 3.15833333e-09  1.80000000e+00  3.15833333e-09  1.20667465e-09 
 3.16033333e-09  1.80000000e+00  3.16033333e-09  1.20667419e-09 
 3.16233333e-09  1.80000000e+00  3.16233333e-09  1.20667375e-09 
 3.16433333e-09  1.80000000e+00  3.16433333e-09  1.20667334e-09 
 3.16633333e-09  1.80000000e+00  3.16633333e-09  1.20667295e-09 
 3.16833333e-09  1.80000000e+00  3.16833333e-09  1.20667258e-09 
 3.17033333e-09  1.80000000e+00  3.17033333e-09  1.20667224e-09 
 3.17233333e-09  1.80000000e+00  3.17233333e-09  1.20667191e-09 
 3.17433333e-09  1.80000000e+00  3.17433333e-09  1.20667161e-09 
 3.17633333e-09  1.80000000e+00  3.17633333e-09  1.20667132e-09 
 3.17833333e-09  1.80000000e+00  3.17833333e-09  1.20667105e-09 
 3.18033333e-09  1.80000000e+00  3.18033333e-09  1.20667079e-09 
 3.18233333e-09  1.80000000e+00  3.18233333e-09  1.20667055e-09 
 3.18433333e-09  1.80000000e+00  3.18433333e-09  1.20667033e-09 
 3.18633333e-09  1.80000000e+00  3.18633333e-09  1.20667011e-09 
 3.18833333e-09  1.80000000e+00  3.18833333e-09  1.20666991e-09 
 3.19033333e-09  1.80000000e+00  3.19033333e-09  1.20666972e-09 
 3.19233333e-09  1.80000000e+00  3.19233333e-09  1.20666954e-09 
 3.19433333e-09  1.80000000e+00  3.19433333e-09  1.20666938e-09 
 3.19633333e-09  1.80000000e+00  3.19633333e-09  1.20666922e-09 
 3.19833333e-09  1.80000000e+00  3.19833333e-09  1.20666907e-09 
 3.20033333e-09  1.80000000e+00  3.20033333e-09  1.20666893e-09 
 3.20233333e-09  1.80000000e+00  3.20233333e-09  1.20666880e-09 
 3.20433333e-09  1.80000000e+00  3.20433333e-09  1.20666867e-09 
 3.20633333e-09  1.80000000e+00  3.20633333e-09  1.20666856e-09 
 3.20833333e-09  1.80000000e+00  3.20833333e-09  1.20666845e-09 
 3.21033333e-09  1.80000000e+00  3.21033333e-09  1.20666834e-09 
 3.21233333e-09  1.80000000e+00  3.21233333e-09  1.20666824e-09 
 3.21433333e-09  1.80000000e+00  3.21433333e-09  1.20666815e-09 
 3.21633333e-09  1.80000000e+00  3.21633333e-09  1.20666807e-09 
 3.21833333e-09  1.80000000e+00  3.21833333e-09  1.20666798e-09 
 3.22033333e-09  1.80000000e+00  3.22033333e-09  1.20666791e-09 
 3.22233333e-09  1.80000000e+00  3.22233333e-09  1.20666784e-09 
 3.22433333e-09  1.80000000e+00  3.22433333e-09  1.20666777e-09 
 3.22633333e-09  1.80000000e+00  3.22633333e-09  1.20666770e-09 
 3.22833333e-09  1.80000000e+00  3.22833333e-09  1.20666764e-09 
 3.23033333e-09  1.80000000e+00  3.23033333e-09  1.20666759e-09 
 3.23233333e-09  1.80000000e+00  3.23233333e-09  1.20666753e-09 
 3.23433333e-09  1.80000000e+00  3.23433333e-09  1.20666748e-09 
 3.23633333e-09  1.80000000e+00  3.23633333e-09  1.20666743e-09 
 3.23833333e-09  1.80000000e+00  3.23833333e-09  1.20666739e-09 
 3.24033333e-09  1.80000000e+00  3.24033333e-09  1.20666735e-09 
 3.24233333e-09  1.80000000e+00  3.24233333e-09  1.20666731e-09 
 3.24433333e-09  1.80000000e+00  3.24433333e-09  1.20666727e-09 
 3.24633333e-09  1.80000000e+00  3.24633333e-09  1.20666723e-09 
 3.24833333e-09  1.80000000e+00  3.24833333e-09  1.20666720e-09 
 3.25033333e-09  1.80000000e+00  3.25033333e-09  1.20666717e-09 
 3.25233333e-09  1.80000000e+00  3.25233333e-09  1.20666714e-09 
 3.25433333e-09  1.80000000e+00  3.25433333e-09  1.20666711e-09 
 3.25633333e-09  1.80000000e+00  3.25633333e-09  1.20666709e-09 
 3.25833333e-09  1.80000000e+00  3.25833333e-09  1.20666706e-09 
 3.26033333e-09  1.80000000e+00  3.26033333e-09  1.20666704e-09 
 3.26233333e-09  1.80000000e+00  3.26233333e-09  1.20666702e-09 
 3.26433333e-09  1.80000000e+00  3.26433333e-09  1.20666700e-09 
 3.26633333e-09  1.80000000e+00  3.26633333e-09  1.20666698e-09 
 3.26833333e-09  1.80000000e+00  3.26833333e-09  1.20666696e-09 
 3.27033333e-09  1.80000000e+00  3.27033333e-09  1.20666694e-09 
 3.27233333e-09  1.80000000e+00  3.27233333e-09  1.20666693e-09 
 3.27433333e-09  1.80000000e+00  3.27433333e-09  1.20666691e-09 
 3.27633333e-09  1.80000000e+00  3.27633333e-09  1.20666690e-09 
 3.27833333e-09  1.80000000e+00  3.27833333e-09  1.20666688e-09 
 3.28033333e-09  1.80000000e+00  3.28033333e-09  1.20666687e-09 
 3.28233333e-09  1.80000000e+00  3.28233333e-09  1.20666686e-09 
 3.28433333e-09  1.80000000e+00  3.28433333e-09  1.20666685e-09 
 3.28633333e-09  1.80000000e+00  3.28633333e-09  1.20666684e-09 
 3.28833333e-09  1.80000000e+00  3.28833333e-09  1.20666683e-09 
 3.29033333e-09  1.80000000e+00  3.29033333e-09  1.20666682e-09 
 3.29233333e-09  1.80000000e+00  3.29233333e-09  1.20666681e-09 
 3.29433333e-09  1.80000000e+00  3.29433333e-09  1.20666680e-09 
 3.29633333e-09  1.80000000e+00  3.29633333e-09  1.20666679e-09 
 3.29833333e-09  1.80000000e+00  3.29833333e-09  1.20666678e-09 
 3.30033333e-09  1.80000000e+00  3.30033333e-09  1.20666678e-09 
 3.30233333e-09  1.80000000e+00  3.30233333e-09  1.20666677e-09 
 3.30433333e-09  1.80000000e+00  3.30433333e-09  1.20666677e-09 
 3.30633333e-09  1.80000000e+00  3.30633333e-09  1.20666676e-09 
 3.30833333e-09  1.80000000e+00  3.30833333e-09  1.20666675e-09 
 3.31033333e-09  1.80000000e+00  3.31033333e-09  1.20666675e-09 
 3.31233333e-09  1.80000000e+00  3.31233333e-09  1.20666674e-09 
 3.31433333e-09  1.80000000e+00  3.31433333e-09  1.20666674e-09 
 3.31633333e-09  1.80000000e+00  3.31633333e-09  1.20666673e-09 
 3.31833333e-09  1.80000000e+00  3.31833333e-09  1.20666673e-09 
 3.32033333e-09  1.80000000e+00  3.32033333e-09  1.20666673e-09 
 3.32233333e-09  1.80000000e+00  3.32233333e-09  1.20666672e-09 
 3.32433333e-09  1.80000000e+00  3.32433333e-09  1.20666672e-09 
 3.32633333e-09  1.80000000e+00  3.32633333e-09  1.20666672e-09 
 3.32833333e-09  1.80000000e+00  3.32833333e-09  1.20666671e-09 
 3.33033333e-09  1.80000000e+00  3.33033333e-09  1.20666671e-09 
 3.33233333e-09  1.80000000e+00  3.33233333e-09  1.20666671e-09 
 3.33433333e-09  1.80000000e+00  3.33433333e-09  1.20666671e-09 
 3.33633333e-09  1.80000000e+00  3.33633333e-09  1.20666670e-09 
 3.33833333e-09  1.80000000e+00  3.33833333e-09  1.20666670e-09 
 3.34033333e-09  1.80000000e+00  3.34033333e-09  1.20666670e-09 
 3.34233333e-09  1.80000000e+00  3.34233333e-09  1.20666670e-09 
 3.34433333e-09  1.80000000e+00  3.34433333e-09  1.20666670e-09 
 3.34633333e-09  1.80000000e+00  3.34633333e-09  1.20666669e-09 
 3.34833333e-09  1.80000000e+00  3.34833333e-09  1.20666669e-09 
 3.35033333e-09  1.80000000e+00  3.35033333e-09  1.20666669e-09 
 3.35233333e-09  1.80000000e+00  3.35233333e-09  1.20666669e-09 
 3.35433333e-09  1.80000000e+00  3.35433333e-09  1.20666669e-09 
 3.35633333e-09  1.80000000e+00  3.35633333e-09  1.20666669e-09 
 3.35833333e-09  1.80000000e+00  3.35833333e-09  1.20666668e-09 
 3.36033333e-09  1.80000000e+00  3.36033333e-09  1.20666668e-09 
 3.36233333e-09  1.80000000e+00  3.36233333e-09  1.20666668e-09 
 3.36433333e-09  1.80000000e+00  3.36433333e-09  1.20666668e-09 
 3.36633333e-09  1.80000000e+00  3.36633333e-09  1.20666668e-09 
 3.36833333e-09  1.80000000e+00  3.36833333e-09  1.20666668e-09 
 3.37033333e-09  1.80000000e+00  3.37033333e-09  1.20666668e-09 
 3.37233333e-09  1.80000000e+00  3.37233333e-09  1.20666668e-09 
 3.37433333e-09  1.80000000e+00  3.37433333e-09  1.20666668e-09 
 3.37633333e-09  1.80000000e+00  3.37633333e-09  1.20666668e-09 
 3.37833333e-09  1.80000000e+00  3.37833333e-09  1.20666668e-09 
 3.38033333e-09  1.80000000e+00  3.38033333e-09  1.20666668e-09 
 3.38233333e-09  1.80000000e+00  3.38233333e-09  1.20666667e-09 
 3.38433333e-09  1.80000000e+00  3.38433333e-09  1.20666667e-09 
 3.38633333e-09  1.80000000e+00  3.38633333e-09  1.20666667e-09 
 3.38833333e-09  1.80000000e+00  3.38833333e-09  1.20666667e-09 
 3.39033333e-09  1.80000000e+00  3.39033333e-09  1.20666667e-09 
 3.39233333e-09  1.80000000e+00  3.39233333e-09  1.20666667e-09 
 3.39433333e-09  1.80000000e+00  3.39433333e-09  1.20666667e-09 
 3.39633333e-09  1.80000000e+00  3.39633333e-09  1.20666667e-09 
 3.39833333e-09  1.80000000e+00  3.39833333e-09  1.20666667e-09 
 3.40033333e-09  1.80000000e+00  3.40033333e-09  1.20666667e-09 
 3.40233333e-09  1.80000000e+00  3.40233333e-09  1.20666667e-09 
 3.40433333e-09  1.80000000e+00  3.40433333e-09  1.20666667e-09 
 3.40633333e-09  1.80000000e+00  3.40633333e-09  1.20666667e-09 
 3.40833333e-09  1.80000000e+00  3.40833333e-09  1.20666667e-09 
 3.41033333e-09  1.80000000e+00  3.41033333e-09  1.20666667e-09 
 3.41233333e-09  1.80000000e+00  3.41233333e-09  1.20666667e-09 
 3.41433333e-09  1.80000000e+00  3.41433333e-09  1.20666667e-09 
 3.41633333e-09  1.80000000e+00  3.41633333e-09  1.20666667e-09 
 3.41833333e-09  1.80000000e+00  3.41833333e-09  1.20666667e-09 
 3.42033333e-09  1.80000000e+00  3.42033333e-09  1.20666667e-09 
 3.42233333e-09  1.80000000e+00  3.42233333e-09  1.20666667e-09 
 3.42433333e-09  1.80000000e+00  3.42433333e-09  1.20666667e-09 
 3.42633333e-09  1.80000000e+00  3.42633333e-09  1.20666667e-09 
 3.42833333e-09  1.80000000e+00  3.42833333e-09  1.20666667e-09 
 3.43033333e-09  1.80000000e+00  3.43033333e-09  1.20666667e-09 
 3.43233333e-09  1.80000000e+00  3.43233333e-09  1.20666667e-09 
 3.43433333e-09  1.80000000e+00  3.43433333e-09  1.20666667e-09 
 3.43633333e-09  1.80000000e+00  3.43633333e-09  1.20666667e-09 
 3.43833333e-09  1.80000000e+00  3.43833333e-09  1.20666667e-09 
 3.44033333e-09  1.80000000e+00  3.44033333e-09  1.20666667e-09 
 3.44233333e-09  1.80000000e+00  3.44233333e-09  1.20666667e-09 
 3.44433333e-09  1.80000000e+00  3.44433333e-09  1.20666667e-09 
 3.44633333e-09  1.80000000e+00  3.44633333e-09  1.20666667e-09 
 3.44833333e-09  1.80000000e+00  3.44833333e-09  1.20666667e-09 
 3.45033333e-09  1.80000000e+00  3.45033333e-09  1.20666667e-09 
 3.45233333e-09  1.80000000e+00  3.45233333e-09  1.20666667e-09 
 3.45433333e-09  1.80000000e+00  3.45433333e-09  1.20666667e-09 
 3.45633333e-09  1.80000000e+00  3.45633333e-09  1.20666667e-09 
 3.45833333e-09  1.80000000e+00  3.45833333e-09  1.20666667e-09 
 3.46033333e-09  1.80000000e+00  3.46033333e-09  1.20666667e-09 
 3.46233333e-09  1.80000000e+00  3.46233333e-09  1.20666667e-09 
 3.46433333e-09  1.80000000e+00  3.46433333e-09  1.20666667e-09 
 3.46633333e-09  1.80000000e+00  3.46633333e-09  1.20666667e-09 
 3.46833333e-09  1.80000000e+00  3.46833333e-09  1.20666667e-09 
 3.47033333e-09  1.80000000e+00  3.47033333e-09  1.20666667e-09 
 3.47233333e-09  1.80000000e+00  3.47233333e-09  1.20666667e-09 
 3.47433333e-09  1.80000000e+00  3.47433333e-09  1.20666667e-09 
 3.47633333e-09  1.80000000e+00  3.47633333e-09  1.20666667e-09 
 3.47833333e-09  1.80000000e+00  3.47833333e-09  1.20666667e-09 
 3.48033333e-09  1.80000000e+00  3.48033333e-09  1.20666667e-09 
 3.48233333e-09  1.80000000e+00  3.48233333e-09  1.20666667e-09 
 3.48433333e-09  1.80000000e+00  3.48433333e-09  1.20666667e-09 
 3.48633333e-09  1.80000000e+00  3.48633333e-09  1.20666667e-09 
 3.48833333e-09  1.80000000e+00  3.48833333e-09  1.20666667e-09 
 3.49033333e-09  1.80000000e+00  3.49033333e-09  1.20666667e-09 
 3.49233333e-09  1.80000000e+00  3.49233333e-09  1.20666667e-09 
 3.49433333e-09  1.80000000e+00  3.49433333e-09  1.20666667e-09 
 3.49633333e-09  1.80000000e+00  3.49633333e-09  1.20666667e-09 
 3.49833333e-09  1.80000000e+00  3.49833333e-09  1.20666667e-09 
 3.50033333e-09  1.80000000e+00  3.50033333e-09  1.20666667e-09 
 3.50233333e-09  1.80000000e+00  3.50233333e-09  1.20666667e-09 
 3.50433333e-09  1.80000000e+00  3.50433333e-09  1.20666667e-09 
 3.50633333e-09  1.80000000e+00  3.50633333e-09  1.20666667e-09 
 3.50833333e-09  1.80000000e+00  3.50833333e-09  1.20666667e-09 
 3.51033333e-09  1.80000000e+00  3.51033333e-09  1.20666667e-09 
 3.51233333e-09  1.80000000e+00  3.51233333e-09  1.20666667e-09 
 3.51433333e-09  1.80000000e+00  3.51433333e-09  1.20666667e-09 
 3.51633333e-09  1.80000000e+00  3.51633333e-09  1.20666667e-09 
 3.51833333e-09  1.80000000e+00  3.51833333e-09  1.20666667e-09 
 3.52033333e-09  1.80000000e+00  3.52033333e-09  1.20666667e-09 
 3.52233333e-09  1.80000000e+00  3.52233333e-09  1.20666667e-09 
 3.52433333e-09  1.80000000e+00  3.52433333e-09  1.20666667e-09 
 3.52633333e-09  1.80000000e+00  3.52633333e-09  1.20666667e-09 
 3.52833333e-09  1.80000000e+00  3.52833333e-09  1.20666667e-09 
 3.53033333e-09  1.80000000e+00  3.53033333e-09  1.20666667e-09 
 3.53233333e-09  1.80000000e+00  3.53233333e-09  1.20666667e-09 
 3.53433333e-09  1.80000000e+00  3.53433333e-09  1.20666667e-09 
 3.53633333e-09  1.80000000e+00  3.53633333e-09  1.20666667e-09 
 3.53833333e-09  1.80000000e+00  3.53833333e-09  1.20666667e-09 
 3.54033333e-09  1.80000000e+00  3.54033333e-09  1.20666667e-09 
 3.54233333e-09  1.80000000e+00  3.54233333e-09  1.20666667e-09 
 3.54433333e-09  1.80000000e+00  3.54433333e-09  1.20666667e-09 
 3.54633333e-09  1.80000000e+00  3.54633333e-09  1.20666667e-09 
 3.54833333e-09  1.80000000e+00  3.54833333e-09  1.20666667e-09 
 3.55033333e-09  1.80000000e+00  3.55033333e-09  1.20666667e-09 
 3.55233333e-09  1.80000000e+00  3.55233333e-09  1.20666667e-09 
 3.55433333e-09  1.80000000e+00  3.55433333e-09  1.20666667e-09 
 3.55633333e-09  1.80000000e+00  3.55633333e-09  1.20666667e-09 
 3.55833333e-09  1.80000000e+00  3.55833333e-09  1.20666667e-09 
 3.56033333e-09  1.80000000e+00  3.56033333e-09  1.20666667e-09 
 3.56233333e-09  1.80000000e+00  3.56233333e-09  1.20666667e-09 
 3.56433333e-09  1.80000000e+00  3.56433333e-09  1.20666667e-09 
 3.56633333e-09  1.80000000e+00  3.56633333e-09  1.20666667e-09 
 3.56833333e-09  1.80000000e+00  3.56833333e-09  1.20666667e-09 
 3.57033333e-09  1.80000000e+00  3.57033333e-09  1.20666667e-09 
 3.57233333e-09  1.80000000e+00  3.57233333e-09  1.20666667e-09 
 3.57433333e-09  1.80000000e+00  3.57433333e-09  1.20666667e-09 
 3.57633333e-09  1.80000000e+00  3.57633333e-09  1.20666667e-09 
 3.57833333e-09  1.80000000e+00  3.57833333e-09  1.20666667e-09 
 3.58033333e-09  1.80000000e+00  3.58033333e-09  1.20666667e-09 
 3.58233333e-09  1.80000000e+00  3.58233333e-09  1.20666667e-09 
 3.58433333e-09  1.80000000e+00  3.58433333e-09  1.20666667e-09 
 3.58633333e-09  1.80000000e+00  3.58633333e-09  1.20666667e-09 
 3.58833333e-09  1.80000000e+00  3.58833333e-09  1.20666667e-09 
 3.59033333e-09  1.80000000e+00  3.59033333e-09  1.20666667e-09 
 3.59233333e-09  1.80000000e+00  3.59233333e-09  1.20666667e-09 
 3.59433333e-09  1.80000000e+00  3.59433333e-09  1.20666667e-09 
 3.59633333e-09  1.80000000e+00  3.59633333e-09  1.20666667e-09 
 3.59833333e-09  1.80000000e+00  3.59833333e-09  1.20666667e-09 
 3.60033333e-09  1.80000000e+00  3.60033333e-09  1.20666667e-09 
 3.60233333e-09  1.80000000e+00  3.60233333e-09  1.20666667e-09 
 3.60433333e-09  1.80000000e+00  3.60433333e-09  1.20666667e-09 
 3.60633333e-09  1.80000000e+00  3.60633333e-09  1.20666667e-09 
 3.60833333e-09  1.80000000e+00  3.60833333e-09  1.20666667e-09 
 3.61033333e-09  1.80000000e+00  3.61033333e-09  1.20666667e-09 
 3.61233333e-09  1.80000000e+00  3.61233333e-09  1.20666667e-09 
 3.61433333e-09  1.80000000e+00  3.61433333e-09  1.20666667e-09 
 3.61633333e-09  1.80000000e+00  3.61633333e-09  1.20666667e-09 
 3.61833333e-09  1.80000000e+00  3.61833333e-09  1.20666667e-09 
 3.62033333e-09  1.80000000e+00  3.62033333e-09  1.20666667e-09 
 3.62233333e-09  1.80000000e+00  3.62233333e-09  1.20666667e-09 
 3.62433333e-09  1.80000000e+00  3.62433333e-09  1.20666667e-09 
 3.62633333e-09  1.80000000e+00  3.62633333e-09  1.20666667e-09 
 3.62833333e-09  1.80000000e+00  3.62833333e-09  1.20666667e-09 
 3.63033333e-09  1.80000000e+00  3.63033333e-09  1.20666667e-09 
 3.63233333e-09  1.80000000e+00  3.63233333e-09  1.20666667e-09 
 3.63433333e-09  1.80000000e+00  3.63433333e-09  1.20666667e-09 
 3.63633333e-09  1.80000000e+00  3.63633333e-09  1.20666667e-09 
 3.63833333e-09  1.80000000e+00  3.63833333e-09  1.20666667e-09 
 3.64033333e-09  1.80000000e+00  3.64033333e-09  1.20666667e-09 
 3.64233333e-09  1.80000000e+00  3.64233333e-09  1.20666667e-09 
 3.64433333e-09  1.80000000e+00  3.64433333e-09  1.20666667e-09 
 3.64633333e-09  1.80000000e+00  3.64633333e-09  1.20666667e-09 
 3.64833333e-09  1.80000000e+00  3.64833333e-09  1.20666667e-09 
 3.65033333e-09  1.80000000e+00  3.65033333e-09  1.20666667e-09 
 3.65233333e-09  1.80000000e+00  3.65233333e-09  1.20666667e-09 
 3.65433333e-09  1.80000000e+00  3.65433333e-09  1.20666667e-09 
 3.65633333e-09  1.80000000e+00  3.65633333e-09  1.20666667e-09 
 3.65833333e-09  1.80000000e+00  3.65833333e-09  1.20666667e-09 
 3.66033333e-09  1.80000000e+00  3.66033333e-09  1.20666667e-09 
 3.66233333e-09  1.80000000e+00  3.66233333e-09  1.20666667e-09 
 3.66433333e-09  1.80000000e+00  3.66433333e-09  1.20666667e-09 
 3.66633333e-09  1.80000000e+00  3.66633333e-09  1.20666667e-09 
 3.66833333e-09  1.80000000e+00  3.66833333e-09  1.20666667e-09 
 3.67033333e-09  1.80000000e+00  3.67033333e-09  1.20666667e-09 
 3.67233333e-09  1.80000000e+00  3.67233333e-09  1.20666667e-09 
 3.67433333e-09  1.80000000e+00  3.67433333e-09  1.20666667e-09 
 3.67633333e-09  1.80000000e+00  3.67633333e-09  1.20666667e-09 
 3.67833333e-09  1.80000000e+00  3.67833333e-09  1.20666667e-09 
 3.68033333e-09  1.80000000e+00  3.68033333e-09  1.20666667e-09 
 3.68233333e-09  1.80000000e+00  3.68233333e-09  1.20666667e-09 
 3.68433333e-09  1.80000000e+00  3.68433333e-09  1.20666667e-09 
 3.68633333e-09  1.80000000e+00  3.68633333e-09  1.20666667e-09 
 3.68833333e-09  1.80000000e+00  3.68833333e-09  1.20666667e-09 
 3.69033333e-09  1.80000000e+00  3.69033333e-09  1.20666667e-09 
 3.69233333e-09  1.80000000e+00  3.69233333e-09  1.20666667e-09 
 3.69433333e-09  1.80000000e+00  3.69433333e-09  1.20666667e-09 
 3.69633333e-09  1.80000000e+00  3.69633333e-09  1.20666667e-09 
 3.69833333e-09  1.80000000e+00  3.69833333e-09  1.20666667e-09 
 3.70033333e-09  1.80000000e+00  3.70033333e-09  1.20666667e-09 
 3.70233333e-09  1.80000000e+00  3.70233333e-09  1.20666667e-09 
 3.70433333e-09  1.80000000e+00  3.70433333e-09  1.20666667e-09 
 3.70633333e-09  1.80000000e+00  3.70633333e-09  1.20666667e-09 
 3.70833333e-09  1.80000000e+00  3.70833333e-09  1.20666667e-09 
 3.71033333e-09  1.80000000e+00  3.71033333e-09  1.20666667e-09 
 3.71233333e-09  1.80000000e+00  3.71233333e-09  1.20666667e-09 
 3.71433333e-09  1.80000000e+00  3.71433333e-09  1.20666667e-09 
 3.71633333e-09  1.80000000e+00  3.71633333e-09  1.20666667e-09 
 3.71833333e-09  1.80000000e+00  3.71833333e-09  1.20666667e-09 
 3.72033333e-09  1.80000000e+00  3.72033333e-09  1.20666667e-09 
 3.72233333e-09  1.80000000e+00  3.72233333e-09  1.20666667e-09 
 3.72433333e-09  1.80000000e+00  3.72433333e-09  1.20666667e-09 
 3.72633333e-09  1.80000000e+00  3.72633333e-09  1.20666667e-09 
 3.72833333e-09  1.80000000e+00  3.72833333e-09  1.20666667e-09 
 3.73033333e-09  1.80000000e+00  3.73033333e-09  1.20666667e-09 
 3.73233333e-09  1.80000000e+00  3.73233333e-09  1.20666667e-09 
 3.73433333e-09  1.80000000e+00  3.73433333e-09  1.20666667e-09 
 3.73633333e-09  1.80000000e+00  3.73633333e-09  1.20666667e-09 
 3.73833333e-09  1.80000000e+00  3.73833333e-09  1.20666667e-09 
 3.74033333e-09  1.80000000e+00  3.74033333e-09  1.20666667e-09 
 3.74233333e-09  1.80000000e+00  3.74233333e-09  1.20666667e-09 
 3.74433333e-09  1.80000000e+00  3.74433333e-09  1.20666667e-09 
 3.74633333e-09  1.80000000e+00  3.74633333e-09  1.20666667e-09 
 3.74833333e-09  1.80000000e+00  3.74833333e-09  1.20666667e-09 
 3.75033333e-09  1.80000000e+00  3.75033333e-09  1.20666667e-09 
 3.75233333e-09  1.80000000e+00  3.75233333e-09  1.20666667e-09 
 3.75433333e-09  1.80000000e+00  3.75433333e-09  1.20666667e-09 
 3.75633333e-09  1.80000000e+00  3.75633333e-09  1.20666667e-09 
 3.75833333e-09  1.80000000e+00  3.75833333e-09  1.20666667e-09 
 3.76033333e-09  1.80000000e+00  3.76033333e-09  1.20666667e-09 
 3.76233333e-09  1.80000000e+00  3.76233333e-09  1.20666667e-09 
 3.76433333e-09  1.80000000e+00  3.76433333e-09  1.20666667e-09 
 3.76633333e-09  1.80000000e+00  3.76633333e-09  1.20666667e-09 
 3.76833333e-09  1.80000000e+00  3.76833333e-09  1.20666667e-09 
 3.77033333e-09  1.80000000e+00  3.77033333e-09  1.20666667e-09 
 3.77233333e-09  1.80000000e+00  3.77233333e-09  1.20666667e-09 
 3.77433333e-09  1.80000000e+00  3.77433333e-09  1.20666667e-09 
 3.77633333e-09  1.80000000e+00  3.77633333e-09  1.20666667e-09 
 3.77833333e-09  1.80000000e+00  3.77833333e-09  1.20666667e-09 
 3.78033333e-09  1.80000000e+00  3.78033333e-09  1.20666667e-09 
 3.78233333e-09  1.80000000e+00  3.78233333e-09  1.20666667e-09 
 3.78433333e-09  1.80000000e+00  3.78433333e-09  1.20666667e-09 
 3.78633333e-09  1.80000000e+00  3.78633333e-09  1.20666667e-09 
 3.78833333e-09  1.80000000e+00  3.78833333e-09  1.20666667e-09 
 3.79033333e-09  1.80000000e+00  3.79033333e-09  1.20666667e-09 
 3.79233333e-09  1.80000000e+00  3.79233333e-09  1.20666667e-09 
 3.79433333e-09  1.80000000e+00  3.79433333e-09  1.20666667e-09 
 3.79633333e-09  1.80000000e+00  3.79633333e-09  1.20666667e-09 
 3.79833333e-09  1.80000000e+00  3.79833333e-09  1.20666667e-09 
 3.80033333e-09  1.80000000e+00  3.80033333e-09  1.20666667e-09 
 3.80233333e-09  1.80000000e+00  3.80233333e-09  1.20666667e-09 
 3.80433333e-09  1.80000000e+00  3.80433333e-09  1.20666667e-09 
 3.80633333e-09  1.80000000e+00  3.80633333e-09  1.20666667e-09 
 3.80833333e-09  1.80000000e+00  3.80833333e-09  1.20666667e-09 
 3.81033333e-09  1.80000000e+00  3.81033333e-09  1.20666667e-09 
 3.81233333e-09  1.80000000e+00  3.81233333e-09  1.20666667e-09 
 3.81433333e-09  1.80000000e+00  3.81433333e-09  1.20666667e-09 
 3.81633333e-09  1.80000000e+00  3.81633333e-09  1.20666667e-09 
 3.81833333e-09  1.80000000e+00  3.81833333e-09  1.20666667e-09 
 3.82033333e-09  1.80000000e+00  3.82033333e-09  1.20666667e-09 
 3.82233333e-09  1.80000000e+00  3.82233333e-09  1.20666667e-09 
 3.82433333e-09  1.80000000e+00  3.82433333e-09  1.20666667e-09 
 3.82633333e-09  1.80000000e+00  3.82633333e-09  1.20666667e-09 
 3.82833333e-09  1.80000000e+00  3.82833333e-09  1.20666667e-09 
 3.83033333e-09  1.80000000e+00  3.83033333e-09  1.20666667e-09 
 3.83233333e-09  1.80000000e+00  3.83233333e-09  1.20666667e-09 
 3.83433333e-09  1.80000000e+00  3.83433333e-09  1.20666667e-09 
 3.83633333e-09  1.80000000e+00  3.83633333e-09  1.20666667e-09 
 3.83833333e-09  1.80000000e+00  3.83833333e-09  1.20666667e-09 
 3.84033333e-09  1.80000000e+00  3.84033333e-09  1.20666667e-09 
 3.84233333e-09  1.80000000e+00  3.84233333e-09  1.20666667e-09 
 3.84433333e-09  1.80000000e+00  3.84433333e-09  1.20666667e-09 
 3.84633333e-09  1.80000000e+00  3.84633333e-09  1.20666667e-09 
 3.84833333e-09  1.80000000e+00  3.84833333e-09  1.20666667e-09 
 3.85033333e-09  1.80000000e+00  3.85033333e-09  1.20666667e-09 
 3.85233333e-09  1.80000000e+00  3.85233333e-09  1.20666667e-09 
 3.85433333e-09  1.80000000e+00  3.85433333e-09  1.20666667e-09 
 3.85633333e-09  1.80000000e+00  3.85633333e-09  1.20666667e-09 
 3.85833333e-09  1.80000000e+00  3.85833333e-09  1.20666667e-09 
 3.86033333e-09  1.80000000e+00  3.86033333e-09  1.20666667e-09 
 3.86233333e-09  1.80000000e+00  3.86233333e-09  1.20666667e-09 
 3.86433333e-09  1.80000000e+00  3.86433333e-09  1.20666667e-09 
 3.86633333e-09  1.80000000e+00  3.86633333e-09  1.20666667e-09 
 3.86833333e-09  1.80000000e+00  3.86833333e-09  1.20666667e-09 
 3.87033333e-09  1.80000000e+00  3.87033333e-09  1.20666667e-09 
 3.87233333e-09  1.80000000e+00  3.87233333e-09  1.20666667e-09 
 3.87433333e-09  1.80000000e+00  3.87433333e-09  1.20666667e-09 
 3.87633333e-09  1.80000000e+00  3.87633333e-09  1.20666667e-09 
 3.87833333e-09  1.80000000e+00  3.87833333e-09  1.20666667e-09 
 3.88033333e-09  1.80000000e+00  3.88033333e-09  1.20666667e-09 
 3.88233333e-09  1.80000000e+00  3.88233333e-09  1.20666667e-09 
 3.88433333e-09  1.80000000e+00  3.88433333e-09  1.20666667e-09 
 3.88633333e-09  1.80000000e+00  3.88633333e-09  1.20666667e-09 
 3.88833333e-09  1.80000000e+00  3.88833333e-09  1.20666667e-09 
 3.89033333e-09  1.80000000e+00  3.89033333e-09  1.20666667e-09 
 3.89233333e-09  1.80000000e+00  3.89233333e-09  1.20666667e-09 
 3.89433333e-09  1.80000000e+00  3.89433333e-09  1.20666667e-09 
 3.89633333e-09  1.80000000e+00  3.89633333e-09  1.20666667e-09 
 3.89833333e-09  1.80000000e+00  3.89833333e-09  1.20666667e-09 
 3.90033333e-09  1.80000000e+00  3.90033333e-09  1.20666667e-09 
 3.90233333e-09  1.80000000e+00  3.90233333e-09  1.20666667e-09 
 3.90433333e-09  1.80000000e+00  3.90433333e-09  1.20666667e-09 
 3.90633333e-09  1.80000000e+00  3.90633333e-09  1.20666667e-09 
 3.90833333e-09  1.80000000e+00  3.90833333e-09  1.20666667e-09 
 3.91033333e-09  1.80000000e+00  3.91033333e-09  1.20666667e-09 
 3.91233333e-09  1.80000000e+00  3.91233333e-09  1.20666667e-09 
 3.91433333e-09  1.80000000e+00  3.91433333e-09  1.20666667e-09 
 3.91633333e-09  1.80000000e+00  3.91633333e-09  1.20666667e-09 
 3.91833333e-09  1.80000000e+00  3.91833333e-09  1.20666667e-09 
 3.92033333e-09  1.80000000e+00  3.92033333e-09  1.20666667e-09 
 3.92233333e-09  1.80000000e+00  3.92233333e-09  1.20666667e-09 
 3.92433333e-09  1.80000000e+00  3.92433333e-09  1.20666667e-09 
 3.92633333e-09  1.80000000e+00  3.92633333e-09  1.20666667e-09 
 3.92833333e-09  1.80000000e+00  3.92833333e-09  1.20666667e-09 
 3.93033333e-09  1.80000000e+00  3.93033333e-09  1.20666667e-09 
 3.93233333e-09  1.80000000e+00  3.93233333e-09  1.20666667e-09 
 3.93433333e-09  1.80000000e+00  3.93433333e-09  1.20666667e-09 
 3.93633333e-09  1.80000000e+00  3.93633333e-09  1.20666667e-09 
 3.93833333e-09  1.80000000e+00  3.93833333e-09  1.20666667e-09 
 3.94033333e-09  1.80000000e+00  3.94033333e-09  1.20666667e-09 
 3.94233333e-09  1.80000000e+00  3.94233333e-09  1.20666667e-09 
 3.94433333e-09  1.80000000e+00  3.94433333e-09  1.20666667e-09 
 3.94633333e-09  1.80000000e+00  3.94633333e-09  1.20666667e-09 
 3.94833333e-09  1.80000000e+00  3.94833333e-09  1.20666667e-09 
 3.95033333e-09  1.80000000e+00  3.95033333e-09  1.20666667e-09 
 3.95233333e-09  1.80000000e+00  3.95233333e-09  1.20666667e-09 
 3.95433333e-09  1.80000000e+00  3.95433333e-09  1.20666667e-09 
 3.95633333e-09  1.80000000e+00  3.95633333e-09  1.20666667e-09 
 3.95833333e-09  1.80000000e+00  3.95833333e-09  1.20666667e-09 
 3.96033333e-09  1.80000000e+00  3.96033333e-09  1.20666667e-09 
 3.96233333e-09  1.80000000e+00  3.96233333e-09  1.20666667e-09 
 3.96433333e-09  1.80000000e+00  3.96433333e-09  1.20666667e-09 
 3.96633333e-09  1.80000000e+00  3.96633333e-09  1.20666667e-09 
 3.96833333e-09  1.80000000e+00  3.96833333e-09  1.20666667e-09 
 3.97033333e-09  1.80000000e+00  3.97033333e-09  1.20666667e-09 
 3.97233333e-09  1.80000000e+00  3.97233333e-09  1.20666667e-09 
 3.97433333e-09  1.80000000e+00  3.97433333e-09  1.20666667e-09 
 3.97633333e-09  1.80000000e+00  3.97633333e-09  1.20666667e-09 
 3.97833333e-09  1.80000000e+00  3.97833333e-09  1.20666667e-09 
 3.98033333e-09  1.80000000e+00  3.98033333e-09  1.20666667e-09 
 3.98233333e-09  1.80000000e+00  3.98233333e-09  1.20666667e-09 
 3.98433333e-09  1.80000000e+00  3.98433333e-09  1.20666667e-09 
 3.98633333e-09  1.80000000e+00  3.98633333e-09  1.20666667e-09 
 3.98833333e-09  1.80000000e+00  3.98833333e-09  1.20666667e-09 
 3.99033333e-09  1.80000000e+00  3.99033333e-09  1.20666667e-09 
 3.99233333e-09  1.80000000e+00  3.99233333e-09  1.20666667e-09 
 3.99433333e-09  1.80000000e+00  3.99433333e-09  1.20666667e-09 
 3.99633333e-09  1.80000000e+00  3.99633333e-09  1.20666667e-09 
 3.99833333e-09  1.80000000e+00  3.99833333e-09  1.20666667e-09 
 4.00033333e-09  1.80000000e+00  4.00033333e-09  1.20666667e-09 
 4.00233333e-09  1.80000000e+00  4.00233333e-09  1.20666667e-09 
 4.00433333e-09  1.80000000e+00  4.00433333e-09  1.20666667e-09 
 4.00633333e-09  1.80000000e+00  4.00633333e-09  1.20666667e-09 
 4.00833333e-09  1.80000000e+00  4.00833333e-09  1.20666667e-09 
 4.01033333e-09  1.80000000e+00  4.01033333e-09  1.20666667e-09 
 4.01233333e-09  1.80000000e+00  4.01233333e-09  1.20666667e-09 
 4.01433333e-09  1.80000000e+00  4.01433333e-09  1.20666667e-09 
 4.01633333e-09  1.80000000e+00  4.01633333e-09  1.20666667e-09 
 4.01833333e-09  1.80000000e+00  4.01833333e-09  1.20666667e-09 
 4.02033333e-09  1.80000000e+00  4.02033333e-09  1.20666667e-09 
 4.02233333e-09  1.80000000e+00  4.02233333e-09  1.20666667e-09 
 4.02433333e-09  1.80000000e+00  4.02433333e-09  1.20666667e-09 
 4.02633333e-09  1.80000000e+00  4.02633333e-09  1.20666667e-09 
 4.02833333e-09  1.80000000e+00  4.02833333e-09  1.20666667e-09 
 4.03033333e-09  1.80000000e+00  4.03033333e-09  1.20666667e-09 
 4.03233333e-09  1.80000000e+00  4.03233333e-09  1.20666667e-09 
 4.03433333e-09  1.80000000e+00  4.03433333e-09  1.20666667e-09 
 4.03633333e-09  1.80000000e+00  4.03633333e-09  1.20666667e-09 
 4.03833333e-09  1.80000000e+00  4.03833333e-09  1.20666667e-09 
 4.04033333e-09  1.80000000e+00  4.04033333e-09  1.20666667e-09 
 4.04233333e-09  1.80000000e+00  4.04233333e-09  1.20666667e-09 
 4.04433333e-09  1.80000000e+00  4.04433333e-09  1.20666667e-09 
 4.04633333e-09  1.80000000e+00  4.04633333e-09  1.20666667e-09 
 4.04833333e-09  1.80000000e+00  4.04833333e-09  1.20666667e-09 
 4.05033333e-09  1.80000000e+00  4.05033333e-09  1.20666667e-09 
 4.05233333e-09  1.80000000e+00  4.05233333e-09  1.20666667e-09 
 4.05433333e-09  1.80000000e+00  4.05433333e-09  1.20666667e-09 
 4.05633333e-09  1.80000000e+00  4.05633333e-09  1.20666667e-09 
 4.05833333e-09  1.80000000e+00  4.05833333e-09  1.20666667e-09 
 4.06033333e-09  1.80000000e+00  4.06033333e-09  1.20666667e-09 
 4.06233333e-09  1.80000000e+00  4.06233333e-09  1.20666667e-09 
 4.06433333e-09  1.80000000e+00  4.06433333e-09  1.20666667e-09 
 4.06633333e-09  1.80000000e+00  4.06633333e-09  1.20666667e-09 
 4.06833333e-09  1.80000000e+00  4.06833333e-09  1.20666667e-09 
 4.07033333e-09  1.80000000e+00  4.07033333e-09  1.20666667e-09 
 4.07233333e-09  1.80000000e+00  4.07233333e-09  1.20666667e-09 
 4.07433333e-09  1.80000000e+00  4.07433333e-09  1.20666667e-09 
 4.07633333e-09  1.80000000e+00  4.07633333e-09  1.20666667e-09 
 4.07833333e-09  1.80000000e+00  4.07833333e-09  1.20666667e-09 
 4.08033333e-09  1.80000000e+00  4.08033333e-09  1.20666667e-09 
 4.08233333e-09  1.80000000e+00  4.08233333e-09  1.20666667e-09 
 4.08433333e-09  1.80000000e+00  4.08433333e-09  1.20666667e-09 
 4.08633333e-09  1.80000000e+00  4.08633333e-09  1.20666667e-09 
 4.08833333e-09  1.80000000e+00  4.08833333e-09  1.20666667e-09 
 4.09033333e-09  1.80000000e+00  4.09033333e-09  1.20666667e-09 
 4.09233333e-09  1.80000000e+00  4.09233333e-09  1.20666667e-09 
 4.09433333e-09  1.80000000e+00  4.09433333e-09  1.20666667e-09 
 4.09633333e-09  1.80000000e+00  4.09633333e-09  1.20666667e-09 
 4.09833333e-09  1.80000000e+00  4.09833333e-09  1.20666667e-09 
 4.10033333e-09  1.80000000e+00  4.10033333e-09  1.20666667e-09 
 4.10233333e-09  1.80000000e+00  4.10233333e-09  1.20666667e-09 
 4.10433333e-09  1.80000000e+00  4.10433333e-09  1.20666667e-09 
 4.10633333e-09  1.80000000e+00  4.10633333e-09  1.20666667e-09 
 4.10833333e-09  1.80000000e+00  4.10833333e-09  1.20666667e-09 
 4.11033333e-09  1.80000000e+00  4.11033333e-09  1.20666667e-09 
 4.11233333e-09  1.80000000e+00  4.11233333e-09  1.20666667e-09 
 4.11433333e-09  1.80000000e+00  4.11433333e-09  1.20666667e-09 
 4.11633333e-09  1.80000000e+00  4.11633333e-09  1.20666667e-09 
 4.11833333e-09  1.80000000e+00  4.11833333e-09  1.20666667e-09 
 4.12033333e-09  1.80000000e+00  4.12033333e-09  1.20666667e-09 
 4.12233333e-09  1.80000000e+00  4.12233333e-09  1.20666667e-09 
 4.12433333e-09  1.80000000e+00  4.12433333e-09  1.20666667e-09 
 4.12633333e-09  1.80000000e+00  4.12633333e-09  1.20666667e-09 
 4.12833333e-09  1.80000000e+00  4.12833333e-09  1.20666667e-09 
 4.13033333e-09  1.80000000e+00  4.13033333e-09  1.20666667e-09 
 4.13233333e-09  1.80000000e+00  4.13233333e-09  1.20666667e-09 
 4.13433333e-09  1.80000000e+00  4.13433333e-09  1.20666667e-09 
 4.13633333e-09  1.80000000e+00  4.13633333e-09  1.20666667e-09 
 4.13833333e-09  1.80000000e+00  4.13833333e-09  1.20666667e-09 
 4.14033333e-09  1.80000000e+00  4.14033333e-09  1.20666667e-09 
 4.14233333e-09  1.80000000e+00  4.14233333e-09  1.20666667e-09 
 4.14433333e-09  1.80000000e+00  4.14433333e-09  1.20666667e-09 
 4.14633333e-09  1.80000000e+00  4.14633333e-09  1.20666667e-09 
 4.14833333e-09  1.80000000e+00  4.14833333e-09  1.20666667e-09 
 4.15033333e-09  1.80000000e+00  4.15033333e-09  1.20666667e-09 
 4.15233333e-09  1.80000000e+00  4.15233333e-09  1.20666667e-09 
 4.15433333e-09  1.80000000e+00  4.15433333e-09  1.20666667e-09 
 4.15633333e-09  1.80000000e+00  4.15633333e-09  1.20666667e-09 
 4.15833333e-09  1.80000000e+00  4.15833333e-09  1.20666667e-09 
 4.16033333e-09  1.80000000e+00  4.16033333e-09  1.20666667e-09 
 4.16233333e-09  1.80000000e+00  4.16233333e-09  1.20666667e-09 
 4.16433333e-09  1.80000000e+00  4.16433333e-09  1.20666667e-09 
 4.16633333e-09  1.80000000e+00  4.16633333e-09  1.20666667e-09 
 4.16833333e-09  1.80000000e+00  4.16833333e-09  1.20666667e-09 
 4.17033333e-09  1.80000000e+00  4.17033333e-09  1.20666667e-09 
 4.17233333e-09  1.80000000e+00  4.17233333e-09  1.20666667e-09 
 4.17433333e-09  1.80000000e+00  4.17433333e-09  1.20666667e-09 
 4.17633333e-09  1.80000000e+00  4.17633333e-09  1.20666667e-09 
 4.17833333e-09  1.80000000e+00  4.17833333e-09  1.20666667e-09 
 4.18033333e-09  1.80000000e+00  4.18033333e-09  1.20666667e-09 
 4.18233333e-09  1.80000000e+00  4.18233333e-09  1.20666667e-09 
 4.18433333e-09  1.80000000e+00  4.18433333e-09  1.20666667e-09 
 4.18633333e-09  1.80000000e+00  4.18633333e-09  1.20666667e-09 
 4.18833333e-09  1.80000000e+00  4.18833333e-09  1.20666667e-09 
 4.19033333e-09  1.80000000e+00  4.19033333e-09  1.20666667e-09 
 4.19233333e-09  1.80000000e+00  4.19233333e-09  1.20666667e-09 
 4.19433333e-09  1.80000000e+00  4.19433333e-09  1.20666667e-09 
 4.19633333e-09  1.80000000e+00  4.19633333e-09  1.20666667e-09 
 4.19833333e-09  1.80000000e+00  4.19833333e-09  1.20666667e-09 
 4.20033333e-09  1.80000000e+00  4.20033333e-09  1.20666667e-09 
 4.20233333e-09  1.80000000e+00  4.20233333e-09  1.20666667e-09 
 4.20433333e-09  1.80000000e+00  4.20433333e-09  1.20666667e-09 
 4.20633333e-09  1.80000000e+00  4.20633333e-09  1.20666667e-09 
 4.20833333e-09  1.80000000e+00  4.20833333e-09  1.20666667e-09 
 4.21033333e-09  1.80000000e+00  4.21033333e-09  1.20666667e-09 
 4.21233333e-09  1.80000000e+00  4.21233333e-09  1.20666667e-09 
 4.21433333e-09  1.80000000e+00  4.21433333e-09  1.20666667e-09 
 4.21633333e-09  1.80000000e+00  4.21633333e-09  1.20666667e-09 
 4.21833333e-09  1.80000000e+00  4.21833333e-09  1.20666667e-09 
 4.22033333e-09  1.80000000e+00  4.22033333e-09  1.20666667e-09 
 4.22233333e-09  1.80000000e+00  4.22233333e-09  1.20666667e-09 
 4.22433333e-09  1.80000000e+00  4.22433333e-09  1.20666667e-09 
 4.22633333e-09  1.80000000e+00  4.22633333e-09  1.20666667e-09 
 4.22833333e-09  1.80000000e+00  4.22833333e-09  1.20666667e-09 
 4.23033333e-09  1.80000000e+00  4.23033333e-09  1.20666667e-09 
 4.23233333e-09  1.80000000e+00  4.23233333e-09  1.20666667e-09 
 4.23433333e-09  1.80000000e+00  4.23433333e-09  1.20666667e-09 
 4.23633333e-09  1.80000000e+00  4.23633333e-09  1.20666667e-09 
 4.23833333e-09  1.80000000e+00  4.23833333e-09  1.20666667e-09 
 4.24033333e-09  1.80000000e+00  4.24033333e-09  1.20666667e-09 
 4.24233333e-09  1.80000000e+00  4.24233333e-09  1.20666667e-09 
 4.24433333e-09  1.80000000e+00  4.24433333e-09  1.20666667e-09 
 4.24633333e-09  1.80000000e+00  4.24633333e-09  1.20666667e-09 
 4.24833333e-09  1.80000000e+00  4.24833333e-09  1.20666667e-09 
 4.25033333e-09  1.80000000e+00  4.25033333e-09  1.20666667e-09 
 4.25233333e-09  1.80000000e+00  4.25233333e-09  1.20666667e-09 
 4.25433333e-09  1.80000000e+00  4.25433333e-09  1.20666667e-09 
 4.25633333e-09  1.80000000e+00  4.25633333e-09  1.20666667e-09 
 4.25833333e-09  1.80000000e+00  4.25833333e-09  1.20666667e-09 
 4.26033333e-09  1.80000000e+00  4.26033333e-09  1.20666667e-09 
 4.26233333e-09  1.80000000e+00  4.26233333e-09  1.20666667e-09 
 4.26433333e-09  1.80000000e+00  4.26433333e-09  1.20666667e-09 
 4.26633333e-09  1.80000000e+00  4.26633333e-09  1.20666667e-09 
 4.26833333e-09  1.80000000e+00  4.26833333e-09  1.20666667e-09 
 4.27033333e-09  1.80000000e+00  4.27033333e-09  1.20666667e-09 
 4.27233333e-09  1.80000000e+00  4.27233333e-09  1.20666667e-09 
 4.27433333e-09  1.80000000e+00  4.27433333e-09  1.20666667e-09 
 4.27633333e-09  1.80000000e+00  4.27633333e-09  1.20666667e-09 
 4.27833333e-09  1.80000000e+00  4.27833333e-09  1.20666667e-09 
 4.28033333e-09  1.80000000e+00  4.28033333e-09  1.20666667e-09 
 4.28233333e-09  1.80000000e+00  4.28233333e-09  1.20666667e-09 
 4.28433333e-09  1.80000000e+00  4.28433333e-09  1.20666667e-09 
 4.28633333e-09  1.80000000e+00  4.28633333e-09  1.20666667e-09 
 4.28833333e-09  1.80000000e+00  4.28833333e-09  1.20666667e-09 
 4.29033333e-09  1.80000000e+00  4.29033333e-09  1.20666667e-09 
 4.29233333e-09  1.80000000e+00  4.29233333e-09  1.20666667e-09 
 4.29433333e-09  1.80000000e+00  4.29433333e-09  1.20666667e-09 
 4.29633333e-09  1.80000000e+00  4.29633333e-09  1.20666667e-09 
 4.29833333e-09  1.80000000e+00  4.29833333e-09  1.20666667e-09 
 4.30033333e-09  1.80000000e+00  4.30033333e-09  1.20666667e-09 
 4.30233333e-09  1.80000000e+00  4.30233333e-09  1.20666667e-09 
 4.30433333e-09  1.80000000e+00  4.30433333e-09  1.20666667e-09 
 4.30633333e-09  1.80000000e+00  4.30633333e-09  1.20666667e-09 
 4.30833333e-09  1.80000000e+00  4.30833333e-09  1.20666667e-09 
 4.31033333e-09  1.80000000e+00  4.31033333e-09  1.20666667e-09 
 4.31233333e-09  1.80000000e+00  4.31233333e-09  1.20666667e-09 
 4.31433333e-09  1.80000000e+00  4.31433333e-09  1.20666667e-09 
 4.31633333e-09  1.80000000e+00  4.31633333e-09  1.20666667e-09 
 4.31833333e-09  1.80000000e+00  4.31833333e-09  1.20666667e-09 
 4.32033333e-09  1.80000000e+00  4.32033333e-09  1.20666667e-09 
 4.32233333e-09  1.80000000e+00  4.32233333e-09  1.20666667e-09 
 4.32433333e-09  1.80000000e+00  4.32433333e-09  1.20666667e-09 
 4.32633333e-09  1.80000000e+00  4.32633333e-09  1.20666667e-09 
 4.32833333e-09  1.80000000e+00  4.32833333e-09  1.20666667e-09 
 4.33033333e-09  1.80000000e+00  4.33033333e-09  1.20666667e-09 
 4.33233333e-09  1.80000000e+00  4.33233333e-09  1.20666667e-09 
 4.33433333e-09  1.80000000e+00  4.33433333e-09  1.20666667e-09 
 4.33633333e-09  1.80000000e+00  4.33633333e-09  1.20666667e-09 
 4.33833333e-09  1.80000000e+00  4.33833333e-09  1.20666667e-09 
 4.34033333e-09  1.80000000e+00  4.34033333e-09  1.20666667e-09 
 4.34233333e-09  1.80000000e+00  4.34233333e-09  1.20666667e-09 
 4.34433333e-09  1.80000000e+00  4.34433333e-09  1.20666667e-09 
 4.34633333e-09  1.80000000e+00  4.34633333e-09  1.20666667e-09 
 4.34833333e-09  1.80000000e+00  4.34833333e-09  1.20666667e-09 
 4.35033333e-09  1.80000000e+00  4.35033333e-09  1.20666667e-09 
 4.35233333e-09  1.80000000e+00  4.35233333e-09  1.20666667e-09 
 4.35433333e-09  1.80000000e+00  4.35433333e-09  1.20666667e-09 
 4.35633333e-09  1.80000000e+00  4.35633333e-09  1.20666667e-09 
 4.35833333e-09  1.80000000e+00  4.35833333e-09  1.20666667e-09 
 4.36033333e-09  1.80000000e+00  4.36033333e-09  1.20666667e-09 
 4.36233333e-09  1.80000000e+00  4.36233333e-09  1.20666667e-09 
 4.36433333e-09  1.80000000e+00  4.36433333e-09  1.20666667e-09 
 4.36633333e-09  1.80000000e+00  4.36633333e-09  1.20666667e-09 
 4.36833333e-09  1.80000000e+00  4.36833333e-09  1.20666667e-09 
 4.37033333e-09  1.80000000e+00  4.37033333e-09  1.20666667e-09 
 4.37233333e-09  1.80000000e+00  4.37233333e-09  1.20666667e-09 
 4.37433333e-09  1.80000000e+00  4.37433333e-09  1.20666667e-09 
 4.37633333e-09  1.80000000e+00  4.37633333e-09  1.20666667e-09 
 4.37833333e-09  1.80000000e+00  4.37833333e-09  1.20666667e-09 
 4.38033333e-09  1.80000000e+00  4.38033333e-09  1.20666667e-09 
 4.38233333e-09  1.80000000e+00  4.38233333e-09  1.20666667e-09 
 4.38433333e-09  1.80000000e+00  4.38433333e-09  1.20666667e-09 
 4.38633333e-09  1.80000000e+00  4.38633333e-09  1.20666667e-09 
 4.38833333e-09  1.80000000e+00  4.38833333e-09  1.20666667e-09 
 4.39033333e-09  1.80000000e+00  4.39033333e-09  1.20666667e-09 
 4.39233333e-09  1.80000000e+00  4.39233333e-09  1.20666667e-09 
 4.39433333e-09  1.80000000e+00  4.39433333e-09  1.20666667e-09 
 4.39633333e-09  1.80000000e+00  4.39633333e-09  1.20666667e-09 
 4.39833333e-09  1.80000000e+00  4.39833333e-09  1.20666667e-09 
 4.40033333e-09  1.80000000e+00  4.40033333e-09  1.20666667e-09 
 4.40233333e-09  1.80000000e+00  4.40233333e-09  1.20666667e-09 
 4.40433333e-09  1.80000000e+00  4.40433333e-09  1.20666667e-09 
 4.40633333e-09  1.80000000e+00  4.40633333e-09  1.20666667e-09 
 4.40833333e-09  1.80000000e+00  4.40833333e-09  1.20666667e-09 
 4.41033333e-09  1.80000000e+00  4.41033333e-09  1.20666667e-09 
 4.41233333e-09  1.80000000e+00  4.41233333e-09  1.20666667e-09 
 4.41433333e-09  1.80000000e+00  4.41433333e-09  1.20666667e-09 
 4.41633333e-09  1.80000000e+00  4.41633333e-09  1.20666667e-09 
 4.41833333e-09  1.80000000e+00  4.41833333e-09  1.20666667e-09 
 4.42033333e-09  1.80000000e+00  4.42033333e-09  1.20666667e-09 
 4.42233333e-09  1.80000000e+00  4.42233333e-09  1.20666667e-09 
 4.42433333e-09  1.80000000e+00  4.42433333e-09  1.20666667e-09 
 4.42633333e-09  1.80000000e+00  4.42633333e-09  1.20666667e-09 
 4.42833333e-09  1.80000000e+00  4.42833333e-09  1.20666667e-09 
 4.43033333e-09  1.80000000e+00  4.43033333e-09  1.20666667e-09 
 4.43233333e-09  1.80000000e+00  4.43233333e-09  1.20666667e-09 
 4.43433333e-09  1.80000000e+00  4.43433333e-09  1.20666667e-09 
 4.43633333e-09  1.80000000e+00  4.43633333e-09  1.20666667e-09 
 4.43833333e-09  1.80000000e+00  4.43833333e-09  1.20666667e-09 
 4.44033333e-09  1.80000000e+00  4.44033333e-09  1.20666667e-09 
 4.44233333e-09  1.80000000e+00  4.44233333e-09  1.20666667e-09 
 4.44433333e-09  1.80000000e+00  4.44433333e-09  1.20666667e-09 
 4.44633333e-09  1.80000000e+00  4.44633333e-09  1.20666667e-09 
 4.44833333e-09  1.80000000e+00  4.44833333e-09  1.20666667e-09 
 4.45033333e-09  1.80000000e+00  4.45033333e-09  1.20666667e-09 
 4.45233333e-09  1.80000000e+00  4.45233333e-09  1.20666667e-09 
 4.45433333e-09  1.80000000e+00  4.45433333e-09  1.20666667e-09 
 4.45633333e-09  1.80000000e+00  4.45633333e-09  1.20666667e-09 
 4.45833333e-09  1.80000000e+00  4.45833333e-09  1.20666667e-09 
 4.46033333e-09  1.80000000e+00  4.46033333e-09  1.20666667e-09 
 4.46233333e-09  1.80000000e+00  4.46233333e-09  1.20666667e-09 
 4.46433333e-09  1.80000000e+00  4.46433333e-09  1.20666667e-09 
 4.46633333e-09  1.80000000e+00  4.46633333e-09  1.20666667e-09 
 4.46833333e-09  1.80000000e+00  4.46833333e-09  1.20666667e-09 
 4.47033333e-09  1.80000000e+00  4.47033333e-09  1.20666667e-09 
 4.47233333e-09  1.80000000e+00  4.47233333e-09  1.20666667e-09 
 4.47433333e-09  1.80000000e+00  4.47433333e-09  1.20666667e-09 
 4.47633333e-09  1.80000000e+00  4.47633333e-09  1.20666667e-09 
 4.47833333e-09  1.80000000e+00  4.47833333e-09  1.20666667e-09 
 4.48033333e-09  1.80000000e+00  4.48033333e-09  1.20666667e-09 
 4.48233333e-09  1.80000000e+00  4.48233333e-09  1.20666667e-09 
 4.48433333e-09  1.80000000e+00  4.48433333e-09  1.20666667e-09 
 4.48633333e-09  1.80000000e+00  4.48633333e-09  1.20666667e-09 
 4.48833333e-09  1.80000000e+00  4.48833333e-09  1.20666667e-09 
 4.49033333e-09  1.80000000e+00  4.49033333e-09  1.20666667e-09 
 4.49233333e-09  1.80000000e+00  4.49233333e-09  1.20666667e-09 
 4.49433333e-09  1.80000000e+00  4.49433333e-09  1.20666667e-09 
 4.49633333e-09  1.80000000e+00  4.49633333e-09  1.20666667e-09 
 4.49833333e-09  1.80000000e+00  4.49833333e-09  1.20666667e-09 
 4.50033333e-09  1.80000000e+00  4.50033333e-09  1.20666667e-09 
 4.50233333e-09  1.80000000e+00  4.50233333e-09  1.20666667e-09 
 4.50433333e-09  1.80000000e+00  4.50433333e-09  1.20666667e-09 
 4.50633333e-09  1.80000000e+00  4.50633333e-09  1.20666667e-09 
 4.50833333e-09  1.80000000e+00  4.50833333e-09  1.20666667e-09 
 4.51033333e-09  1.80000000e+00  4.51033333e-09  1.20666667e-09 
 4.51233333e-09  1.80000000e+00  4.51233333e-09  1.20666667e-09 
 4.51433333e-09  1.80000000e+00  4.51433333e-09  1.20666667e-09 
 4.51633333e-09  1.80000000e+00  4.51633333e-09  1.20666667e-09 
 4.51833333e-09  1.80000000e+00  4.51833333e-09  1.20666667e-09 
 4.52033333e-09  1.80000000e+00  4.52033333e-09  1.20666667e-09 
 4.52233333e-09  1.80000000e+00  4.52233333e-09  1.20666667e-09 
 4.52433333e-09  1.80000000e+00  4.52433333e-09  1.20666667e-09 
 4.52633333e-09  1.80000000e+00  4.52633333e-09  1.20666667e-09 
 4.52833333e-09  1.80000000e+00  4.52833333e-09  1.20666667e-09 
 4.53033333e-09  1.80000000e+00  4.53033333e-09  1.20666667e-09 
 4.53233333e-09  1.80000000e+00  4.53233333e-09  1.20666667e-09 
 4.53433333e-09  1.80000000e+00  4.53433333e-09  1.20666667e-09 
 4.53633333e-09  1.80000000e+00  4.53633333e-09  1.20666667e-09 
 4.53833333e-09  1.80000000e+00  4.53833333e-09  1.20666667e-09 
 4.54033333e-09  1.80000000e+00  4.54033333e-09  1.20666667e-09 
 4.54233333e-09  1.80000000e+00  4.54233333e-09  1.20666667e-09 
 4.54433333e-09  1.80000000e+00  4.54433333e-09  1.20666667e-09 
 4.54633333e-09  1.80000000e+00  4.54633333e-09  1.20666667e-09 
 4.54833333e-09  1.80000000e+00  4.54833333e-09  1.20666667e-09 
 4.55033333e-09  1.80000000e+00  4.55033333e-09  1.20666667e-09 
 4.55233333e-09  1.80000000e+00  4.55233333e-09  1.20666667e-09 
 4.55433333e-09  1.80000000e+00  4.55433333e-09  1.20666667e-09 
 4.55633333e-09  1.80000000e+00  4.55633333e-09  1.20666667e-09 
 4.55833333e-09  1.80000000e+00  4.55833333e-09  1.20666667e-09 
 4.56033333e-09  1.80000000e+00  4.56033333e-09  1.20666667e-09 
 4.56233333e-09  1.80000000e+00  4.56233333e-09  1.20666667e-09 
 4.56433333e-09  1.80000000e+00  4.56433333e-09  1.20666667e-09 
 4.56633333e-09  1.80000000e+00  4.56633333e-09  1.20666667e-09 
 4.56833333e-09  1.80000000e+00  4.56833333e-09  1.20666667e-09 
 4.57033333e-09  1.80000000e+00  4.57033333e-09  1.20666667e-09 
 4.57233333e-09  1.80000000e+00  4.57233333e-09  1.20666667e-09 
 4.57433333e-09  1.80000000e+00  4.57433333e-09  1.20666667e-09 
 4.57633333e-09  1.80000000e+00  4.57633333e-09  1.20666667e-09 
 4.57833333e-09  1.80000000e+00  4.57833333e-09  1.20666667e-09 
 4.58033333e-09  1.80000000e+00  4.58033333e-09  1.20666667e-09 
 4.58233333e-09  1.80000000e+00  4.58233333e-09  1.20666667e-09 
 4.58433333e-09  1.80000000e+00  4.58433333e-09  1.20666667e-09 
 4.58633333e-09  1.80000000e+00  4.58633333e-09  1.20666667e-09 
 4.58833333e-09  1.80000000e+00  4.58833333e-09  1.20666667e-09 
 4.59033333e-09  1.80000000e+00  4.59033333e-09  1.20666667e-09 
 4.59233333e-09  1.80000000e+00  4.59233333e-09  1.20666667e-09 
 4.59433333e-09  1.80000000e+00  4.59433333e-09  1.20666667e-09 
 4.59633333e-09  1.80000000e+00  4.59633333e-09  1.20666667e-09 
 4.59833333e-09  1.80000000e+00  4.59833333e-09  1.20666667e-09 
 4.60033333e-09  1.80000000e+00  4.60033333e-09  1.20666667e-09 
 4.60233333e-09  1.80000000e+00  4.60233333e-09  1.20666667e-09 
 4.60433333e-09  1.80000000e+00  4.60433333e-09  1.20666667e-09 
 4.60633333e-09  1.80000000e+00  4.60633333e-09  1.20666667e-09 
 4.60833333e-09  1.80000000e+00  4.60833333e-09  1.20666667e-09 
 4.61033333e-09  1.80000000e+00  4.61033333e-09  1.20666667e-09 
 4.61233333e-09  1.80000000e+00  4.61233333e-09  1.20666667e-09 
 4.61433333e-09  1.80000000e+00  4.61433333e-09  1.20666667e-09 
 4.61633333e-09  1.80000000e+00  4.61633333e-09  1.20666667e-09 
 4.61833333e-09  1.80000000e+00  4.61833333e-09  1.20666667e-09 
 4.62033333e-09  1.80000000e+00  4.62033333e-09  1.20666667e-09 
 4.62233333e-09  1.80000000e+00  4.62233333e-09  1.20666667e-09 
 4.62433333e-09  1.80000000e+00  4.62433333e-09  1.20666667e-09 
 4.62633333e-09  1.80000000e+00  4.62633333e-09  1.20666667e-09 
 4.62833333e-09  1.80000000e+00  4.62833333e-09  1.20666667e-09 
 4.63033333e-09  1.80000000e+00  4.63033333e-09  1.20666667e-09 
 4.63233333e-09  1.80000000e+00  4.63233333e-09  1.20666667e-09 
 4.63433333e-09  1.80000000e+00  4.63433333e-09  1.20666667e-09 
 4.63633333e-09  1.80000000e+00  4.63633333e-09  1.20666667e-09 
 4.63833333e-09  1.80000000e+00  4.63833333e-09  1.20666667e-09 
 4.64033333e-09  1.80000000e+00  4.64033333e-09  1.20666667e-09 
 4.64233333e-09  1.80000000e+00  4.64233333e-09  1.20666667e-09 
 4.64433333e-09  1.80000000e+00  4.64433333e-09  1.20666667e-09 
 4.64633333e-09  1.80000000e+00  4.64633333e-09  1.20666667e-09 
 4.64833333e-09  1.80000000e+00  4.64833333e-09  1.20666667e-09 
 4.65033333e-09  1.80000000e+00  4.65033333e-09  1.20666667e-09 
 4.65233333e-09  1.80000000e+00  4.65233333e-09  1.20666667e-09 
 4.65433333e-09  1.80000000e+00  4.65433333e-09  1.20666667e-09 
 4.65633333e-09  1.80000000e+00  4.65633333e-09  1.20666667e-09 
 4.65833333e-09  1.80000000e+00  4.65833333e-09  1.20666667e-09 
 4.66033333e-09  1.80000000e+00  4.66033333e-09  1.20666667e-09 
 4.66233333e-09  1.80000000e+00  4.66233333e-09  1.20666667e-09 
 4.66433333e-09  1.80000000e+00  4.66433333e-09  1.20666667e-09 
 4.66633333e-09  1.80000000e+00  4.66633333e-09  1.20666667e-09 
 4.66833333e-09  1.80000000e+00  4.66833333e-09  1.20666667e-09 
 4.67033333e-09  1.80000000e+00  4.67033333e-09  1.20666667e-09 
 4.67233333e-09  1.80000000e+00  4.67233333e-09  1.20666667e-09 
 4.67433333e-09  1.80000000e+00  4.67433333e-09  1.20666667e-09 
 4.67633333e-09  1.80000000e+00  4.67633333e-09  1.20666667e-09 
 4.67833333e-09  1.80000000e+00  4.67833333e-09  1.20666667e-09 
 4.68033333e-09  1.80000000e+00  4.68033333e-09  1.20666667e-09 
 4.68233333e-09  1.80000000e+00  4.68233333e-09  1.20666667e-09 
 4.68433333e-09  1.80000000e+00  4.68433333e-09  1.20666667e-09 
 4.68633333e-09  1.80000000e+00  4.68633333e-09  1.20666667e-09 
 4.68833333e-09  1.80000000e+00  4.68833333e-09  1.20666667e-09 
 4.69033333e-09  1.80000000e+00  4.69033333e-09  1.20666667e-09 
 4.69233333e-09  1.80000000e+00  4.69233333e-09  1.20666667e-09 
 4.69433333e-09  1.80000000e+00  4.69433333e-09  1.20666667e-09 
 4.69633333e-09  1.80000000e+00  4.69633333e-09  1.20666667e-09 
 4.69833333e-09  1.80000000e+00  4.69833333e-09  1.20666667e-09 
 4.70033333e-09  1.80000000e+00  4.70033333e-09  1.20666667e-09 
 4.70233333e-09  1.80000000e+00  4.70233333e-09  1.20666667e-09 
 4.70433333e-09  1.80000000e+00  4.70433333e-09  1.20666667e-09 
 4.70633333e-09  1.80000000e+00  4.70633333e-09  1.20666667e-09 
 4.70833333e-09  1.80000000e+00  4.70833333e-09  1.20666667e-09 
 4.71033333e-09  1.80000000e+00  4.71033333e-09  1.20666667e-09 
 4.71233333e-09  1.80000000e+00  4.71233333e-09  1.20666667e-09 
 4.71433333e-09  1.80000000e+00  4.71433333e-09  1.20666667e-09 
 4.71633333e-09  1.80000000e+00  4.71633333e-09  1.20666667e-09 
 4.71833333e-09  1.80000000e+00  4.71833333e-09  1.20666667e-09 
 4.72033333e-09  1.80000000e+00  4.72033333e-09  1.20666667e-09 
 4.72233333e-09  1.80000000e+00  4.72233333e-09  1.20666667e-09 
 4.72433333e-09  1.80000000e+00  4.72433333e-09  1.20666667e-09 
 4.72633333e-09  1.80000000e+00  4.72633333e-09  1.20666667e-09 
 4.72833333e-09  1.80000000e+00  4.72833333e-09  1.20666667e-09 
 4.73033333e-09  1.80000000e+00  4.73033333e-09  1.20666667e-09 
 4.73233333e-09  1.80000000e+00  4.73233333e-09  1.20666667e-09 
 4.73433333e-09  1.80000000e+00  4.73433333e-09  1.20666667e-09 
 4.73633333e-09  1.80000000e+00  4.73633333e-09  1.20666667e-09 
 4.73833333e-09  1.80000000e+00  4.73833333e-09  1.20666667e-09 
 4.74033333e-09  1.80000000e+00  4.74033333e-09  1.20666667e-09 
 4.74233333e-09  1.80000000e+00  4.74233333e-09  1.20666667e-09 
 4.74433333e-09  1.80000000e+00  4.74433333e-09  1.20666667e-09 
 4.74633333e-09  1.80000000e+00  4.74633333e-09  1.20666667e-09 
 4.74833333e-09  1.80000000e+00  4.74833333e-09  1.20666667e-09 
 4.75033333e-09  1.80000000e+00  4.75033333e-09  1.20666667e-09 
 4.75233333e-09  1.80000000e+00  4.75233333e-09  1.20666667e-09 
 4.75433333e-09  1.80000000e+00  4.75433333e-09  1.20666667e-09 
 4.75633333e-09  1.80000000e+00  4.75633333e-09  1.20666667e-09 
 4.75833333e-09  1.80000000e+00  4.75833333e-09  1.20666667e-09 
 4.76033333e-09  1.80000000e+00  4.76033333e-09  1.20666667e-09 
 4.76233333e-09  1.80000000e+00  4.76233333e-09  1.20666667e-09 
 4.76433333e-09  1.80000000e+00  4.76433333e-09  1.20666667e-09 
 4.76633333e-09  1.80000000e+00  4.76633333e-09  1.20666667e-09 
 4.76833333e-09  1.80000000e+00  4.76833333e-09  1.20666667e-09 
 4.77033333e-09  1.80000000e+00  4.77033333e-09  1.20666667e-09 
 4.77233333e-09  1.80000000e+00  4.77233333e-09  1.20666667e-09 
 4.77433333e-09  1.80000000e+00  4.77433333e-09  1.20666667e-09 
 4.77633333e-09  1.80000000e+00  4.77633333e-09  1.20666667e-09 
 4.77833333e-09  1.80000000e+00  4.77833333e-09  1.20666667e-09 
 4.78033333e-09  1.80000000e+00  4.78033333e-09  1.20666667e-09 
 4.78233333e-09  1.80000000e+00  4.78233333e-09  1.20666667e-09 
 4.78433333e-09  1.80000000e+00  4.78433333e-09  1.20666667e-09 
 4.78633333e-09  1.80000000e+00  4.78633333e-09  1.20666667e-09 
 4.78833333e-09  1.80000000e+00  4.78833333e-09  1.20666667e-09 
 4.79033333e-09  1.80000000e+00  4.79033333e-09  1.20666667e-09 
 4.79233333e-09  1.80000000e+00  4.79233333e-09  1.20666667e-09 
 4.79433333e-09  1.80000000e+00  4.79433333e-09  1.20666667e-09 
 4.79633333e-09  1.80000000e+00  4.79633333e-09  1.20666667e-09 
 4.79833333e-09  1.80000000e+00  4.79833333e-09  1.20666667e-09 
 4.80033333e-09  1.80000000e+00  4.80033333e-09  1.20666667e-09 
 4.80233333e-09  1.80000000e+00  4.80233333e-09  1.20666667e-09 
 4.80433333e-09  1.80000000e+00  4.80433333e-09  1.20666667e-09 
 4.80633333e-09  1.80000000e+00  4.80633333e-09  1.20666667e-09 
 4.80833333e-09  1.80000000e+00  4.80833333e-09  1.20666667e-09 
 4.81033333e-09  1.80000000e+00  4.81033333e-09  1.20666667e-09 
 4.81233333e-09  1.80000000e+00  4.81233333e-09  1.20666667e-09 
 4.81433333e-09  1.80000000e+00  4.81433333e-09  1.20666667e-09 
 4.81633333e-09  1.80000000e+00  4.81633333e-09  1.20666667e-09 
 4.81833333e-09  1.80000000e+00  4.81833333e-09  1.20666667e-09 
 4.82033333e-09  1.80000000e+00  4.82033333e-09  1.20666667e-09 
 4.82233333e-09  1.80000000e+00  4.82233333e-09  1.20666667e-09 
 4.82433333e-09  1.80000000e+00  4.82433333e-09  1.20666667e-09 
 4.82633333e-09  1.80000000e+00  4.82633333e-09  1.20666667e-09 
 4.82833333e-09  1.80000000e+00  4.82833333e-09  1.20666667e-09 
 4.83033333e-09  1.80000000e+00  4.83033333e-09  1.20666667e-09 
 4.83233333e-09  1.80000000e+00  4.83233333e-09  1.20666667e-09 
 4.83433333e-09  1.80000000e+00  4.83433333e-09  1.20666667e-09 
 4.83633333e-09  1.80000000e+00  4.83633333e-09  1.20666667e-09 
 4.83833333e-09  1.80000000e+00  4.83833333e-09  1.20666667e-09 
 4.84033333e-09  1.80000000e+00  4.84033333e-09  1.20666667e-09 
 4.84233333e-09  1.80000000e+00  4.84233333e-09  1.20666667e-09 
 4.84433333e-09  1.80000000e+00  4.84433333e-09  1.20666667e-09 
 4.84633333e-09  1.80000000e+00  4.84633333e-09  1.20666667e-09 
 4.84833333e-09  1.80000000e+00  4.84833333e-09  1.20666667e-09 
 4.85033333e-09  1.80000000e+00  4.85033333e-09  1.20666667e-09 
 4.85233333e-09  1.80000000e+00  4.85233333e-09  1.20666667e-09 
 4.85433333e-09  1.80000000e+00  4.85433333e-09  1.20666667e-09 
 4.85633333e-09  1.80000000e+00  4.85633333e-09  1.20666667e-09 
 4.85833333e-09  1.80000000e+00  4.85833333e-09  1.20666667e-09 
 4.86033333e-09  1.80000000e+00  4.86033333e-09  1.20666667e-09 
 4.86233333e-09  1.80000000e+00  4.86233333e-09  1.20666667e-09 
 4.86433333e-09  1.80000000e+00  4.86433333e-09  1.20666667e-09 
 4.86633333e-09  1.80000000e+00  4.86633333e-09  1.20666667e-09 
 4.86833333e-09  1.80000000e+00  4.86833333e-09  1.20666667e-09 
 4.87033333e-09  1.80000000e+00  4.87033333e-09  1.20666667e-09 
 4.87233333e-09  1.80000000e+00  4.87233333e-09  1.20666667e-09 
 4.87433333e-09  1.80000000e+00  4.87433333e-09  1.20666667e-09 
 4.87633333e-09  1.80000000e+00  4.87633333e-09  1.20666667e-09 
 4.87833333e-09  1.80000000e+00  4.87833333e-09  1.20666667e-09 
 4.88033333e-09  1.80000000e+00  4.88033333e-09  1.20666667e-09 
 4.88233333e-09  1.80000000e+00  4.88233333e-09  1.20666667e-09 
 4.88433333e-09  1.80000000e+00  4.88433333e-09  1.20666667e-09 
 4.88633333e-09  1.80000000e+00  4.88633333e-09  1.20666667e-09 
 4.88833333e-09  1.80000000e+00  4.88833333e-09  1.20666667e-09 
 4.89033333e-09  1.80000000e+00  4.89033333e-09  1.20666667e-09 
 4.89233333e-09  1.80000000e+00  4.89233333e-09  1.20666667e-09 
 4.89433333e-09  1.80000000e+00  4.89433333e-09  1.20666667e-09 
 4.89633333e-09  1.80000000e+00  4.89633333e-09  1.20666667e-09 
 4.89833333e-09  1.80000000e+00  4.89833333e-09  1.20666667e-09 
 4.90033333e-09  1.80000000e+00  4.90033333e-09  1.20666667e-09 
 4.90233333e-09  1.80000000e+00  4.90233333e-09  1.20666667e-09 
 4.90433333e-09  1.80000000e+00  4.90433333e-09  1.20666667e-09 
 4.90633333e-09  1.80000000e+00  4.90633333e-09  1.20666667e-09 
 4.90833333e-09  1.80000000e+00  4.90833333e-09  1.20666667e-09 
 4.91033333e-09  1.80000000e+00  4.91033333e-09  1.20666667e-09 
 4.91233333e-09  1.80000000e+00  4.91233333e-09  1.20666667e-09 
 4.91433333e-09  1.80000000e+00  4.91433333e-09  1.20666667e-09 
 4.91633333e-09  1.80000000e+00  4.91633333e-09  1.20666667e-09 
 4.91833333e-09  1.80000000e+00  4.91833333e-09  1.20666667e-09 
 4.92033333e-09  1.80000000e+00  4.92033333e-09  1.20666667e-09 
 4.92233333e-09  1.80000000e+00  4.92233333e-09  1.20666667e-09 
 4.92433333e-09  1.80000000e+00  4.92433333e-09  1.20666667e-09 
 4.92633333e-09  1.80000000e+00  4.92633333e-09  1.20666667e-09 
 4.92833333e-09  1.80000000e+00  4.92833333e-09  1.20666667e-09 
 4.93033333e-09  1.80000000e+00  4.93033333e-09  1.20666667e-09 
 4.93233333e-09  1.80000000e+00  4.93233333e-09  1.20666667e-09 
 4.93433333e-09  1.80000000e+00  4.93433333e-09  1.20666667e-09 
 4.93633333e-09  1.80000000e+00  4.93633333e-09  1.20666667e-09 
 4.93833333e-09  1.80000000e+00  4.93833333e-09  1.20666667e-09 
 4.94033333e-09  1.80000000e+00  4.94033333e-09  1.20666667e-09 
 4.94233333e-09  1.80000000e+00  4.94233333e-09  1.20666667e-09 
 4.94433333e-09  1.80000000e+00  4.94433333e-09  1.20666667e-09 
 4.94633333e-09  1.80000000e+00  4.94633333e-09  1.20666667e-09 
 4.94833333e-09  1.80000000e+00  4.94833333e-09  1.20666667e-09 
 4.95033333e-09  1.80000000e+00  4.95033333e-09  1.20666667e-09 
 4.95233333e-09  1.80000000e+00  4.95233333e-09  1.20666667e-09 
 4.95433333e-09  1.80000000e+00  4.95433333e-09  1.20666667e-09 
 4.95633333e-09  1.80000000e+00  4.95633333e-09  1.20666667e-09 
 4.95833333e-09  1.80000000e+00  4.95833333e-09  1.20666667e-09 
 4.96033333e-09  1.80000000e+00  4.96033333e-09  1.20666667e-09 
 4.96233333e-09  1.80000000e+00  4.96233333e-09  1.20666667e-09 
 4.96433333e-09  1.80000000e+00  4.96433333e-09  1.20666667e-09 
 4.96633333e-09  1.80000000e+00  4.96633333e-09  1.20666667e-09 
 4.96833333e-09  1.80000000e+00  4.96833333e-09  1.20666667e-09 
 4.97033333e-09  1.80000000e+00  4.97033333e-09  1.20666667e-09 
 4.97233333e-09  1.80000000e+00  4.97233333e-09  1.20666667e-09 
 4.97433333e-09  1.80000000e+00  4.97433333e-09  1.20666667e-09 
 4.97633333e-09  1.80000000e+00  4.97633333e-09  1.20666667e-09 
 4.97833333e-09  1.80000000e+00  4.97833333e-09  1.20666667e-09 
 4.98033333e-09  1.80000000e+00  4.98033333e-09  1.20666667e-09 
 4.98233333e-09  1.80000000e+00  4.98233333e-09  1.20666667e-09 
 4.98433333e-09  1.80000000e+00  4.98433333e-09  1.20666667e-09 
 4.98633333e-09  1.80000000e+00  4.98633333e-09  1.20666667e-09 
 4.98833333e-09  1.80000000e+00  4.98833333e-09  1.20666667e-09 
 4.99033333e-09  1.80000000e+00  4.99033333e-09  1.20666667e-09 
 4.99233333e-09  1.80000000e+00  4.99233333e-09  1.20666667e-09 
 4.99433333e-09  1.80000000e+00  4.99433333e-09  1.20666667e-09 
 4.99633333e-09  1.80000000e+00  4.99633333e-09  1.20666667e-09 
 4.99833333e-09  1.80000000e+00  4.99833333e-09  1.20666667e-09 
 5.00033333e-09  1.80000000e+00  5.00033333e-09  1.20666667e-09 
 5.00233333e-09  1.80000000e+00  5.00233333e-09  1.20666667e-09 
 5.00433333e-09  1.80000000e+00  5.00433333e-09  1.20666667e-09 
 5.00633333e-09  1.80000000e+00  5.00633333e-09  1.20666667e-09 
 5.00833333e-09  1.80000000e+00  5.00833333e-09  1.20666667e-09 
 5.01033333e-09  1.80000000e+00  5.01033333e-09  1.20666667e-09 
 5.01233333e-09  1.80000000e+00  5.01233333e-09  1.20666667e-09 
 5.01433333e-09  1.80000000e+00  5.01433333e-09  1.20666667e-09 
 5.01633333e-09  1.80000000e+00  5.01633333e-09  1.20666667e-09 
 5.01833333e-09  1.80000000e+00  5.01833333e-09  1.20666667e-09 
 5.02033333e-09  1.80000000e+00  5.02033333e-09  1.20666667e-09 
 5.02233333e-09  1.80000000e+00  5.02233333e-09  1.20666667e-09 
 5.02433333e-09  1.80000000e+00  5.02433333e-09  1.20666667e-09 
 5.02633333e-09  1.80000000e+00  5.02633333e-09  1.20666667e-09 
 5.02833333e-09  1.80000000e+00  5.02833333e-09  1.20666667e-09 
 5.03033333e-09  1.80000000e+00  5.03033333e-09  1.20666667e-09 
 5.03233333e-09  1.80000000e+00  5.03233333e-09  1.20666667e-09 
 5.03433333e-09  1.80000000e+00  5.03433333e-09  1.20666667e-09 
 5.03633333e-09  1.80000000e+00  5.03633333e-09  1.20666667e-09 
 5.03833333e-09  1.80000000e+00  5.03833333e-09  1.20666667e-09 
 5.04033333e-09  1.80000000e+00  5.04033333e-09  1.20666667e-09 
 5.04233333e-09  1.80000000e+00  5.04233333e-09  1.20666667e-09 
 5.04433333e-09  1.80000000e+00  5.04433333e-09  1.20666667e-09 
 5.04633333e-09  1.80000000e+00  5.04633333e-09  1.20666667e-09 
 5.04833333e-09  1.80000000e+00  5.04833333e-09  1.20666667e-09 
 5.05033333e-09  1.80000000e+00  5.05033333e-09  1.20666667e-09 
 5.05233333e-09  1.80000000e+00  5.05233333e-09  1.20666667e-09 
 5.05433333e-09  1.80000000e+00  5.05433333e-09  1.20666667e-09 
 5.05633333e-09  1.80000000e+00  5.05633333e-09  1.20666667e-09 
 5.05833333e-09  1.80000000e+00  5.05833333e-09  1.20666667e-09 
 5.06033333e-09  1.80000000e+00  5.06033333e-09  1.20666667e-09 
 5.06233333e-09  1.80000000e+00  5.06233333e-09  1.20666667e-09 
 5.06433333e-09  1.80000000e+00  5.06433333e-09  1.20666667e-09 
 5.06633333e-09  1.80000000e+00  5.06633333e-09  1.20666667e-09 
 5.06833333e-09  1.80000000e+00  5.06833333e-09  1.20666667e-09 
 5.07033333e-09  1.80000000e+00  5.07033333e-09  1.20666667e-09 
 5.07233333e-09  1.80000000e+00  5.07233333e-09  1.20666667e-09 
 5.07433333e-09  1.80000000e+00  5.07433333e-09  1.20666667e-09 
 5.07633333e-09  1.80000000e+00  5.07633333e-09  1.20666667e-09 
 5.07833333e-09  1.80000000e+00  5.07833333e-09  1.20666667e-09 
 5.08033333e-09  1.80000000e+00  5.08033333e-09  1.20666667e-09 
 5.08233333e-09  1.80000000e+00  5.08233333e-09  1.20666667e-09 
 5.08433333e-09  1.80000000e+00  5.08433333e-09  1.20666667e-09 
 5.08633333e-09  1.80000000e+00  5.08633333e-09  1.20666667e-09 
 5.08833333e-09  1.80000000e+00  5.08833333e-09  1.20666667e-09 
 5.09033333e-09  1.80000000e+00  5.09033333e-09  1.20666667e-09 
 5.09233333e-09  1.80000000e+00  5.09233333e-09  1.20666667e-09 
 5.09433333e-09  1.80000000e+00  5.09433333e-09  1.20666667e-09 
 5.09633333e-09  1.80000000e+00  5.09633333e-09  1.20666667e-09 
 5.09833333e-09  1.80000000e+00  5.09833333e-09  1.20666667e-09 
 5.10033333e-09  1.80000000e+00  5.10033333e-09  1.20666667e-09 
 5.10233333e-09  1.80000000e+00  5.10233333e-09  1.20666667e-09 
 5.10433333e-09  1.80000000e+00  5.10433333e-09  1.20666667e-09 
 5.10633333e-09  1.80000000e+00  5.10633333e-09  1.20666667e-09 
 5.10833333e-09  1.80000000e+00  5.10833333e-09  1.20666667e-09 
 5.11033333e-09  1.80000000e+00  5.11033333e-09  1.20666667e-09 
 5.11233333e-09  1.80000000e+00  5.11233333e-09  1.20666667e-09 
 5.11433333e-09  1.80000000e+00  5.11433333e-09  1.20666667e-09 
 5.11633333e-09  1.80000000e+00  5.11633333e-09  1.20666667e-09 
 5.11833333e-09  1.80000000e+00  5.11833333e-09  1.20666667e-09 
 5.12033333e-09  1.80000000e+00  5.12033333e-09  1.20666667e-09 
 5.12233333e-09  1.80000000e+00  5.12233333e-09  1.20666667e-09 
 5.12433333e-09  1.80000000e+00  5.12433333e-09  1.20666667e-09 
 5.12633333e-09  1.80000000e+00  5.12633333e-09  1.20666667e-09 
 5.12833333e-09  1.80000000e+00  5.12833333e-09  1.20666667e-09 
 5.13033333e-09  1.80000000e+00  5.13033333e-09  1.20666667e-09 
 5.13233333e-09  1.80000000e+00  5.13233333e-09  1.20666667e-09 
 5.13433333e-09  1.80000000e+00  5.13433333e-09  1.20666667e-09 
 5.13633333e-09  1.80000000e+00  5.13633333e-09  1.20666667e-09 
 5.13833333e-09  1.80000000e+00  5.13833333e-09  1.20666667e-09 
 5.14033333e-09  1.80000000e+00  5.14033333e-09  1.20666667e-09 
 5.14233333e-09  1.80000000e+00  5.14233333e-09  1.20666667e-09 
 5.14433333e-09  1.80000000e+00  5.14433333e-09  1.20666667e-09 
 5.14633333e-09  1.80000000e+00  5.14633333e-09  1.20666667e-09 
 5.14833333e-09  1.80000000e+00  5.14833333e-09  1.20666667e-09 
 5.15033333e-09  1.80000000e+00  5.15033333e-09  1.20666667e-09 
 5.15233333e-09  1.80000000e+00  5.15233333e-09  1.20666667e-09 
 5.15433333e-09  1.80000000e+00  5.15433333e-09  1.20666667e-09 
 5.15633333e-09  1.80000000e+00  5.15633333e-09  1.20666667e-09 
 5.15833333e-09  1.80000000e+00  5.15833333e-09  1.20666667e-09 
 5.16033333e-09  1.80000000e+00  5.16033333e-09  1.20666667e-09 
 5.16233333e-09  1.80000000e+00  5.16233333e-09  1.20666667e-09 
 5.16433333e-09  1.80000000e+00  5.16433333e-09  1.20666667e-09 
 5.16633333e-09  1.80000000e+00  5.16633333e-09  1.20666667e-09 
 5.16833333e-09  1.80000000e+00  5.16833333e-09  1.20666667e-09 
 5.17033333e-09  1.80000000e+00  5.17033333e-09  1.20666667e-09 
 5.17233333e-09  1.80000000e+00  5.17233333e-09  1.20666667e-09 
 5.17433333e-09  1.80000000e+00  5.17433333e-09  1.20666667e-09 
 5.17633333e-09  1.80000000e+00  5.17633333e-09  1.20666667e-09 
 5.17833333e-09  1.80000000e+00  5.17833333e-09  1.20666667e-09 
 5.18033333e-09  1.80000000e+00  5.18033333e-09  1.20666667e-09 
 5.18233333e-09  1.80000000e+00  5.18233333e-09  1.20666667e-09 
 5.18433333e-09  1.80000000e+00  5.18433333e-09  1.20666667e-09 
 5.18633333e-09  1.80000000e+00  5.18633333e-09  1.20666667e-09 
 5.18833333e-09  1.80000000e+00  5.18833333e-09  1.20666667e-09 
 5.19033333e-09  1.80000000e+00  5.19033333e-09  1.20666667e-09 
 5.19233333e-09  1.80000000e+00  5.19233333e-09  1.20666667e-09 
 5.19433333e-09  1.80000000e+00  5.19433333e-09  1.20666667e-09 
 5.19633333e-09  1.80000000e+00  5.19633333e-09  1.20666667e-09 
 5.19833333e-09  1.80000000e+00  5.19833333e-09  1.20666667e-09 
 5.20033333e-09  1.80000000e+00  5.20033333e-09  1.20666667e-09 
 5.20233333e-09  1.80000000e+00  5.20233333e-09  1.20666667e-09 
 5.20433333e-09  1.80000000e+00  5.20433333e-09  1.20666667e-09 
 5.20633333e-09  1.80000000e+00  5.20633333e-09  1.20666667e-09 
 5.20833333e-09  1.80000000e+00  5.20833333e-09  1.20666667e-09 
 5.21033333e-09  1.80000000e+00  5.21033333e-09  1.20666667e-09 
 5.21233333e-09  1.80000000e+00  5.21233333e-09  1.20666667e-09 
 5.21433333e-09  1.80000000e+00  5.21433333e-09  1.20666667e-09 
 5.21633333e-09  1.80000000e+00  5.21633333e-09  1.20666667e-09 
 5.21833333e-09  1.80000000e+00  5.21833333e-09  1.20666667e-09 
 5.22033333e-09  1.80000000e+00  5.22033333e-09  1.20666667e-09 
 5.22233333e-09  1.80000000e+00  5.22233333e-09  1.20666667e-09 
 5.22433333e-09  1.80000000e+00  5.22433333e-09  1.20666667e-09 
 5.22633333e-09  1.80000000e+00  5.22633333e-09  1.20666667e-09 
 5.22833333e-09  1.80000000e+00  5.22833333e-09  1.20666667e-09 
 5.23033333e-09  1.80000000e+00  5.23033333e-09  1.20666667e-09 
 5.23233333e-09  1.80000000e+00  5.23233333e-09  1.20666667e-09 
 5.23433333e-09  1.80000000e+00  5.23433333e-09  1.20666667e-09 
 5.23633333e-09  1.80000000e+00  5.23633333e-09  1.20666667e-09 
 5.23833333e-09  1.80000000e+00  5.23833333e-09  1.20666667e-09 
 5.24033333e-09  1.80000000e+00  5.24033333e-09  1.20666667e-09 
 5.24233333e-09  1.80000000e+00  5.24233333e-09  1.20666667e-09 
 5.24433333e-09  1.80000000e+00  5.24433333e-09  1.20666667e-09 
 5.24633333e-09  1.80000000e+00  5.24633333e-09  1.20666667e-09 
 5.24833333e-09  1.80000000e+00  5.24833333e-09  1.20666667e-09 
 5.25033333e-09  1.80000000e+00  5.25033333e-09  1.20666667e-09 
 5.25233333e-09  1.80000000e+00  5.25233333e-09  1.20666667e-09 
 5.25433333e-09  1.80000000e+00  5.25433333e-09  1.20666667e-09 
 5.25633333e-09  1.80000000e+00  5.25633333e-09  1.20666667e-09 
 5.25833333e-09  1.80000000e+00  5.25833333e-09  1.20666667e-09 
 5.26033333e-09  1.80000000e+00  5.26033333e-09  1.20666667e-09 
 5.26233333e-09  1.80000000e+00  5.26233333e-09  1.20666667e-09 
 5.26433333e-09  1.80000000e+00  5.26433333e-09  1.20666667e-09 
 5.26633333e-09  1.80000000e+00  5.26633333e-09  1.20666667e-09 
 5.26833333e-09  1.80000000e+00  5.26833333e-09  1.20666667e-09 
 5.27033333e-09  1.80000000e+00  5.27033333e-09  1.20666667e-09 
 5.27233333e-09  1.80000000e+00  5.27233333e-09  1.20666667e-09 
 5.27433333e-09  1.80000000e+00  5.27433333e-09  1.20666667e-09 
 5.27633333e-09  1.80000000e+00  5.27633333e-09  1.20666667e-09 
 5.27833333e-09  1.80000000e+00  5.27833333e-09  1.20666667e-09 
 5.28033333e-09  1.80000000e+00  5.28033333e-09  1.20666667e-09 
 5.28233333e-09  1.80000000e+00  5.28233333e-09  1.20666667e-09 
 5.28433333e-09  1.80000000e+00  5.28433333e-09  1.20666667e-09 
 5.28633333e-09  1.80000000e+00  5.28633333e-09  1.20666667e-09 
 5.28833333e-09  1.80000000e+00  5.28833333e-09  1.20666667e-09 
 5.29033333e-09  1.80000000e+00  5.29033333e-09  1.20666667e-09 
 5.29233333e-09  1.80000000e+00  5.29233333e-09  1.20666667e-09 
 5.29433333e-09  1.80000000e+00  5.29433333e-09  1.20666667e-09 
 5.29633333e-09  1.80000000e+00  5.29633333e-09  1.20666667e-09 
 5.29833333e-09  1.80000000e+00  5.29833333e-09  1.20666667e-09 
 5.30033333e-09  1.80000000e+00  5.30033333e-09  1.20666667e-09 
 5.30233333e-09  1.80000000e+00  5.30233333e-09  1.20666667e-09 
 5.30433333e-09  1.80000000e+00  5.30433333e-09  1.20666667e-09 
 5.30633333e-09  1.80000000e+00  5.30633333e-09  1.20666667e-09 
 5.30833333e-09  1.80000000e+00  5.30833333e-09  1.20666667e-09 
 5.31033333e-09  1.80000000e+00  5.31033333e-09  1.20666667e-09 
 5.31233333e-09  1.80000000e+00  5.31233333e-09  1.20666667e-09 
 5.31433333e-09  1.80000000e+00  5.31433333e-09  1.20666667e-09 
 5.31633333e-09  1.80000000e+00  5.31633333e-09  1.20666667e-09 
 5.31833333e-09  1.80000000e+00  5.31833333e-09  1.20666667e-09 
 5.32033333e-09  1.80000000e+00  5.32033333e-09  1.20666667e-09 
 5.32233333e-09  1.80000000e+00  5.32233333e-09  1.20666667e-09 
 5.32433333e-09  1.80000000e+00  5.32433333e-09  1.20666667e-09 
 5.32633333e-09  1.80000000e+00  5.32633333e-09  1.20666667e-09 
 5.32833333e-09  1.80000000e+00  5.32833333e-09  1.20666667e-09 
 5.33033333e-09  1.80000000e+00  5.33033333e-09  1.20666667e-09 
 5.33233333e-09  1.80000000e+00  5.33233333e-09  1.20666667e-09 
 5.33433333e-09  1.80000000e+00  5.33433333e-09  1.20666667e-09 
 5.33633333e-09  1.80000000e+00  5.33633333e-09  1.20666667e-09 
 5.33833333e-09  1.80000000e+00  5.33833333e-09  1.20666667e-09 
 5.34033333e-09  1.80000000e+00  5.34033333e-09  1.20666667e-09 
 5.34233333e-09  1.80000000e+00  5.34233333e-09  1.20666667e-09 
 5.34433333e-09  1.80000000e+00  5.34433333e-09  1.20666667e-09 
 5.34633333e-09  1.80000000e+00  5.34633333e-09  1.20666667e-09 
 5.34833333e-09  1.80000000e+00  5.34833333e-09  1.20666667e-09 
 5.35033333e-09  1.80000000e+00  5.35033333e-09  1.20666667e-09 
 5.35233333e-09  1.80000000e+00  5.35233333e-09  1.20666667e-09 
 5.35433333e-09  1.80000000e+00  5.35433333e-09  1.20666667e-09 
 5.35633333e-09  1.80000000e+00  5.35633333e-09  1.20666667e-09 
 5.35833333e-09  1.80000000e+00  5.35833333e-09  1.20666667e-09 
 5.36033333e-09  1.80000000e+00  5.36033333e-09  1.20666667e-09 
 5.36233333e-09  1.80000000e+00  5.36233333e-09  1.20666667e-09 
 5.36433333e-09  1.80000000e+00  5.36433333e-09  1.20666667e-09 
 5.36633333e-09  1.80000000e+00  5.36633333e-09  1.20666667e-09 
 5.36833333e-09  1.80000000e+00  5.36833333e-09  1.20666667e-09 
 5.37033333e-09  1.80000000e+00  5.37033333e-09  1.20666667e-09 
 5.37233333e-09  1.80000000e+00  5.37233333e-09  1.20666667e-09 
 5.37433333e-09  1.80000000e+00  5.37433333e-09  1.20666667e-09 
 5.37633333e-09  1.80000000e+00  5.37633333e-09  1.20666667e-09 
 5.37833333e-09  1.80000000e+00  5.37833333e-09  1.20666667e-09 
 5.38033333e-09  1.80000000e+00  5.38033333e-09  1.20666667e-09 
 5.38233333e-09  1.80000000e+00  5.38233333e-09  1.20666667e-09 
 5.38433333e-09  1.80000000e+00  5.38433333e-09  1.20666667e-09 
 5.38633333e-09  1.80000000e+00  5.38633333e-09  1.20666667e-09 
 5.38833333e-09  1.80000000e+00  5.38833333e-09  1.20666667e-09 
 5.39033333e-09  1.80000000e+00  5.39033333e-09  1.20666667e-09 
 5.39233333e-09  1.80000000e+00  5.39233333e-09  1.20666667e-09 
 5.39433333e-09  1.80000000e+00  5.39433333e-09  1.20666667e-09 
 5.39633333e-09  1.80000000e+00  5.39633333e-09  1.20666667e-09 
 5.39833333e-09  1.80000000e+00  5.39833333e-09  1.20666667e-09 
 5.40033333e-09  1.80000000e+00  5.40033333e-09  1.20666667e-09 
 5.40233333e-09  1.80000000e+00  5.40233333e-09  1.20666667e-09 
 5.40433333e-09  1.80000000e+00  5.40433333e-09  1.20666667e-09 
 5.40633333e-09  1.80000000e+00  5.40633333e-09  1.20666667e-09 
 5.40833333e-09  1.80000000e+00  5.40833333e-09  1.20666667e-09 
 5.41033333e-09  1.80000000e+00  5.41033333e-09  1.20666667e-09 
 5.41233333e-09  1.80000000e+00  5.41233333e-09  1.20666667e-09 
 5.41433333e-09  1.80000000e+00  5.41433333e-09  1.20666667e-09 
 5.41633333e-09  1.80000000e+00  5.41633333e-09  1.20666667e-09 
 5.41833333e-09  1.80000000e+00  5.41833333e-09  1.20666667e-09 
 5.42033333e-09  1.80000000e+00  5.42033333e-09  1.20666667e-09 
 5.42233333e-09  1.80000000e+00  5.42233333e-09  1.20666667e-09 
 5.42433333e-09  1.80000000e+00  5.42433333e-09  1.20666667e-09 
 5.42633333e-09  1.80000000e+00  5.42633333e-09  1.20666667e-09 
 5.42833333e-09  1.80000000e+00  5.42833333e-09  1.20666667e-09 
 5.43033333e-09  1.80000000e+00  5.43033333e-09  1.20666667e-09 
 5.43233333e-09  1.80000000e+00  5.43233333e-09  1.20666667e-09 
 5.43433333e-09  1.80000000e+00  5.43433333e-09  1.20666667e-09 
 5.43633333e-09  1.80000000e+00  5.43633333e-09  1.20666667e-09 
 5.43833333e-09  1.80000000e+00  5.43833333e-09  1.20666667e-09 
 5.44033333e-09  1.80000000e+00  5.44033333e-09  1.20666667e-09 
 5.44233333e-09  1.80000000e+00  5.44233333e-09  1.20666667e-09 
 5.44433333e-09  1.80000000e+00  5.44433333e-09  1.20666667e-09 
 5.44633333e-09  1.80000000e+00  5.44633333e-09  1.20666667e-09 
 5.44833333e-09  1.80000000e+00  5.44833333e-09  1.20666667e-09 
 5.45033333e-09  1.80000000e+00  5.45033333e-09  1.20666667e-09 
 5.45233333e-09  1.80000000e+00  5.45233333e-09  1.20666667e-09 
 5.45433333e-09  1.80000000e+00  5.45433333e-09  1.20666667e-09 
 5.45633333e-09  1.80000000e+00  5.45633333e-09  1.20666667e-09 
 5.45833333e-09  1.80000000e+00  5.45833333e-09  1.20666667e-09 
 5.46033333e-09  1.80000000e+00  5.46033333e-09  1.20666667e-09 
 5.46233333e-09  1.80000000e+00  5.46233333e-09  1.20666667e-09 
 5.46433333e-09  1.80000000e+00  5.46433333e-09  1.20666667e-09 
 5.46633333e-09  1.80000000e+00  5.46633333e-09  1.20666667e-09 
 5.46833333e-09  1.80000000e+00  5.46833333e-09  1.20666667e-09 
 5.47033333e-09  1.80000000e+00  5.47033333e-09  1.20666667e-09 
 5.47233333e-09  1.80000000e+00  5.47233333e-09  1.20666667e-09 
 5.47433333e-09  1.80000000e+00  5.47433333e-09  1.20666667e-09 
 5.47633333e-09  1.80000000e+00  5.47633333e-09  1.20666667e-09 
 5.47833333e-09  1.80000000e+00  5.47833333e-09  1.20666667e-09 
 5.48033333e-09  1.80000000e+00  5.48033333e-09  1.20666667e-09 
 5.48233333e-09  1.80000000e+00  5.48233333e-09  1.20666667e-09 
 5.48433333e-09  1.80000000e+00  5.48433333e-09  1.20666667e-09 
 5.48633333e-09  1.80000000e+00  5.48633333e-09  1.20666667e-09 
 5.48833333e-09  1.80000000e+00  5.48833333e-09  1.20666667e-09 
 5.49033333e-09  1.80000000e+00  5.49033333e-09  1.20666667e-09 
 5.49233333e-09  1.80000000e+00  5.49233333e-09  1.20666667e-09 
 5.49433333e-09  1.80000000e+00  5.49433333e-09  1.20666667e-09 
 5.49633333e-09  1.80000000e+00  5.49633333e-09  1.20666667e-09 
 5.49833333e-09  1.80000000e+00  5.49833333e-09  1.20666667e-09 
 5.50033333e-09  1.80000000e+00  5.50033333e-09  1.20666667e-09 
 5.50233333e-09  1.80000000e+00  5.50233333e-09  1.20666667e-09 
 5.50433333e-09  1.80000000e+00  5.50433333e-09  1.20666667e-09 
 5.50633333e-09  1.80000000e+00  5.50633333e-09  1.20666667e-09 
 5.50833333e-09  1.80000000e+00  5.50833333e-09  1.20666667e-09 
 5.51033333e-09  1.80000000e+00  5.51033333e-09  1.20666667e-09 
 5.51233333e-09  1.80000000e+00  5.51233333e-09  1.20666667e-09 
 5.51433333e-09  1.80000000e+00  5.51433333e-09  1.20666667e-09 
 5.51633333e-09  1.80000000e+00  5.51633333e-09  1.20666667e-09 
 5.51833333e-09  1.80000000e+00  5.51833333e-09  1.20666667e-09 
 5.52033333e-09  1.80000000e+00  5.52033333e-09  1.20666667e-09 
 5.52233333e-09  1.80000000e+00  5.52233333e-09  1.20666667e-09 
 5.52433333e-09  1.80000000e+00  5.52433333e-09  1.20666667e-09 
 5.52633333e-09  1.80000000e+00  5.52633333e-09  1.20666667e-09 
 5.52833333e-09  1.80000000e+00  5.52833333e-09  1.20666667e-09 
 5.53033333e-09  1.80000000e+00  5.53033333e-09  1.20666667e-09 
 5.53233333e-09  1.80000000e+00  5.53233333e-09  1.20666667e-09 
 5.53433333e-09  1.80000000e+00  5.53433333e-09  1.20666667e-09 
 5.53633333e-09  1.80000000e+00  5.53633333e-09  1.20666667e-09 
 5.53833333e-09  1.80000000e+00  5.53833333e-09  1.20666667e-09 
 5.54033333e-09  1.80000000e+00  5.54033333e-09  1.20666667e-09 
 5.54233333e-09  1.80000000e+00  5.54233333e-09  1.20666667e-09 
 5.54433333e-09  1.80000000e+00  5.54433333e-09  1.20666667e-09 
 5.54633333e-09  1.80000000e+00  5.54633333e-09  1.20666667e-09 
 5.54833333e-09  1.80000000e+00  5.54833333e-09  1.20666667e-09 
 5.55033333e-09  1.80000000e+00  5.55033333e-09  1.20666667e-09 
 5.55233333e-09  1.80000000e+00  5.55233333e-09  1.20666667e-09 
 5.55433333e-09  1.80000000e+00  5.55433333e-09  1.20666667e-09 
 5.55633333e-09  1.80000000e+00  5.55633333e-09  1.20666667e-09 
 5.55833333e-09  1.80000000e+00  5.55833333e-09  1.20666667e-09 
 5.56033333e-09  1.80000000e+00  5.56033333e-09  1.20666667e-09 
 5.56233333e-09  1.80000000e+00  5.56233333e-09  1.20666667e-09 
 5.56433333e-09  1.80000000e+00  5.56433333e-09  1.20666667e-09 
 5.56633333e-09  1.80000000e+00  5.56633333e-09  1.20666667e-09 
 5.56833333e-09  1.80000000e+00  5.56833333e-09  1.20666667e-09 
 5.57033333e-09  1.80000000e+00  5.57033333e-09  1.20666667e-09 
 5.57233333e-09  1.80000000e+00  5.57233333e-09  1.20666667e-09 
 5.57433333e-09  1.80000000e+00  5.57433333e-09  1.20666667e-09 
 5.57633333e-09  1.80000000e+00  5.57633333e-09  1.20666667e-09 
 5.57833333e-09  1.80000000e+00  5.57833333e-09  1.20666667e-09 
 5.58033333e-09  1.80000000e+00  5.58033333e-09  1.20666667e-09 
 5.58233333e-09  1.80000000e+00  5.58233333e-09  1.20666667e-09 
 5.58433333e-09  1.80000000e+00  5.58433333e-09  1.20666667e-09 
 5.58633333e-09  1.80000000e+00  5.58633333e-09  1.20666667e-09 
 5.58833333e-09  1.80000000e+00  5.58833333e-09  1.20666667e-09 
 5.59033333e-09  1.80000000e+00  5.59033333e-09  1.20666667e-09 
 5.59233333e-09  1.80000000e+00  5.59233333e-09  1.20666667e-09 
 5.59433333e-09  1.80000000e+00  5.59433333e-09  1.20666667e-09 
 5.59633333e-09  1.80000000e+00  5.59633333e-09  1.20666667e-09 
 5.59833333e-09  1.80000000e+00  5.59833333e-09  1.20666667e-09 
 5.60033333e-09  1.80000000e+00  5.60033333e-09  1.20666667e-09 
 5.60233333e-09  1.80000000e+00  5.60233333e-09  1.20666667e-09 
 5.60433333e-09  1.80000000e+00  5.60433333e-09  1.20666667e-09 
 5.60633333e-09  1.80000000e+00  5.60633333e-09  1.20666667e-09 
 5.60833333e-09  1.80000000e+00  5.60833333e-09  1.20666667e-09 
 5.61033333e-09  1.80000000e+00  5.61033333e-09  1.20666667e-09 
 5.61233333e-09  1.80000000e+00  5.61233333e-09  1.20666667e-09 
 5.61433333e-09  1.80000000e+00  5.61433333e-09  1.20666667e-09 
 5.61633333e-09  1.80000000e+00  5.61633333e-09  1.20666667e-09 
 5.61833333e-09  1.80000000e+00  5.61833333e-09  1.20666667e-09 
 5.62033333e-09  1.80000000e+00  5.62033333e-09  1.20666667e-09 
 5.62233333e-09  1.80000000e+00  5.62233333e-09  1.20666667e-09 
 5.62433333e-09  1.80000000e+00  5.62433333e-09  1.20666667e-09 
 5.62633333e-09  1.80000000e+00  5.62633333e-09  1.20666667e-09 
 5.62833333e-09  1.80000000e+00  5.62833333e-09  1.20666667e-09 
 5.63033333e-09  1.80000000e+00  5.63033333e-09  1.20666667e-09 
 5.63233333e-09  1.80000000e+00  5.63233333e-09  1.20666667e-09 
 5.63433333e-09  1.80000000e+00  5.63433333e-09  1.20666667e-09 
 5.63633333e-09  1.80000000e+00  5.63633333e-09  1.20666667e-09 
 5.63833333e-09  1.80000000e+00  5.63833333e-09  1.20666667e-09 
 5.64033333e-09  1.80000000e+00  5.64033333e-09  1.20666667e-09 
 5.64233333e-09  1.80000000e+00  5.64233333e-09  1.20666667e-09 
 5.64433333e-09  1.80000000e+00  5.64433333e-09  1.20666667e-09 
 5.64633333e-09  1.80000000e+00  5.64633333e-09  1.20666667e-09 
 5.64833333e-09  1.80000000e+00  5.64833333e-09  1.20666667e-09 
 5.65033333e-09  1.80000000e+00  5.65033333e-09  1.20666667e-09 
 5.65233333e-09  1.80000000e+00  5.65233333e-09  1.20666667e-09 
 5.65433333e-09  1.80000000e+00  5.65433333e-09  1.20666667e-09 
 5.65633333e-09  1.80000000e+00  5.65633333e-09  1.20666667e-09 
 5.65833333e-09  1.80000000e+00  5.65833333e-09  1.20666667e-09 
 5.66033333e-09  1.80000000e+00  5.66033333e-09  1.20666667e-09 
 5.66233333e-09  1.80000000e+00  5.66233333e-09  1.20666667e-09 
 5.66433333e-09  1.80000000e+00  5.66433333e-09  1.20666667e-09 
 5.66633333e-09  1.80000000e+00  5.66633333e-09  1.20666667e-09 
 5.66833333e-09  1.80000000e+00  5.66833333e-09  1.20666667e-09 
 5.67033333e-09  1.80000000e+00  5.67033333e-09  1.20666667e-09 
 5.67233333e-09  1.80000000e+00  5.67233333e-09  1.20666667e-09 
 5.67433333e-09  1.80000000e+00  5.67433333e-09  1.20666667e-09 
 5.67633333e-09  1.80000000e+00  5.67633333e-09  1.20666667e-09 
 5.67833333e-09  1.80000000e+00  5.67833333e-09  1.20666667e-09 
 5.68033333e-09  1.80000000e+00  5.68033333e-09  1.20666667e-09 
 5.68233333e-09  1.80000000e+00  5.68233333e-09  1.20666667e-09 
 5.68433333e-09  1.80000000e+00  5.68433333e-09  1.20666667e-09 
 5.68633333e-09  1.80000000e+00  5.68633333e-09  1.20666667e-09 
 5.68833333e-09  1.80000000e+00  5.68833333e-09  1.20666667e-09 
 5.69033333e-09  1.80000000e+00  5.69033333e-09  1.20666667e-09 
 5.69233333e-09  1.80000000e+00  5.69233333e-09  1.20666667e-09 
 5.69433333e-09  1.80000000e+00  5.69433333e-09  1.20666667e-09 
 5.69633333e-09  1.80000000e+00  5.69633333e-09  1.20666667e-09 
 5.69833333e-09  1.80000000e+00  5.69833333e-09  1.20666667e-09 
 5.70033333e-09  1.80000000e+00  5.70033333e-09  1.20666667e-09 
 5.70233333e-09  1.80000000e+00  5.70233333e-09  1.20666667e-09 
 5.70433333e-09  1.80000000e+00  5.70433333e-09  1.20666667e-09 
 5.70633333e-09  1.80000000e+00  5.70633333e-09  1.20666667e-09 
 5.70833333e-09  1.80000000e+00  5.70833333e-09  1.20666667e-09 
 5.71033333e-09  1.80000000e+00  5.71033333e-09  1.20666667e-09 
 5.71233333e-09  1.80000000e+00  5.71233333e-09  1.20666667e-09 
 5.71433333e-09  1.80000000e+00  5.71433333e-09  1.20666667e-09 
 5.71633333e-09  1.80000000e+00  5.71633333e-09  1.20666667e-09 
 5.71833333e-09  1.80000000e+00  5.71833333e-09  1.20666667e-09 
 5.72033333e-09  1.80000000e+00  5.72033333e-09  1.20666667e-09 
 5.72233333e-09  1.80000000e+00  5.72233333e-09  1.20666667e-09 
 5.72433333e-09  1.80000000e+00  5.72433333e-09  1.20666667e-09 
 5.72633333e-09  1.80000000e+00  5.72633333e-09  1.20666667e-09 
 5.72833333e-09  1.80000000e+00  5.72833333e-09  1.20666667e-09 
 5.73033333e-09  1.80000000e+00  5.73033333e-09  1.20666667e-09 
 5.73233333e-09  1.80000000e+00  5.73233333e-09  1.20666667e-09 
 5.73433333e-09  1.80000000e+00  5.73433333e-09  1.20666667e-09 
 5.73633333e-09  1.80000000e+00  5.73633333e-09  1.20666667e-09 
 5.73833333e-09  1.80000000e+00  5.73833333e-09  1.20666667e-09 
 5.74033333e-09  1.80000000e+00  5.74033333e-09  1.20666667e-09 
 5.74233333e-09  1.80000000e+00  5.74233333e-09  1.20666667e-09 
 5.74433333e-09  1.80000000e+00  5.74433333e-09  1.20666667e-09 
 5.74633333e-09  1.80000000e+00  5.74633333e-09  1.20666667e-09 
 5.74833333e-09  1.80000000e+00  5.74833333e-09  1.20666667e-09 
 5.75033333e-09  1.80000000e+00  5.75033333e-09  1.20666667e-09 
 5.75233333e-09  1.80000000e+00  5.75233333e-09  1.20666667e-09 
 5.75433333e-09  1.80000000e+00  5.75433333e-09  1.20666667e-09 
 5.75633333e-09  1.80000000e+00  5.75633333e-09  1.20666667e-09 
 5.75833333e-09  1.80000000e+00  5.75833333e-09  1.20666667e-09 
 5.76033333e-09  1.80000000e+00  5.76033333e-09  1.20666667e-09 
 5.76233333e-09  1.80000000e+00  5.76233333e-09  1.20666667e-09 
 5.76433333e-09  1.80000000e+00  5.76433333e-09  1.20666667e-09 
 5.76633333e-09  1.80000000e+00  5.76633333e-09  1.20666667e-09 
 5.76833333e-09  1.80000000e+00  5.76833333e-09  1.20666667e-09 
 5.77033333e-09  1.80000000e+00  5.77033333e-09  1.20666667e-09 
 5.77233333e-09  1.80000000e+00  5.77233333e-09  1.20666667e-09 
 5.77433333e-09  1.80000000e+00  5.77433333e-09  1.20666667e-09 
 5.77633333e-09  1.80000000e+00  5.77633333e-09  1.20666667e-09 
 5.77833333e-09  1.80000000e+00  5.77833333e-09  1.20666667e-09 
 5.78033333e-09  1.80000000e+00  5.78033333e-09  1.20666667e-09 
 5.78233333e-09  1.80000000e+00  5.78233333e-09  1.20666667e-09 
 5.78433333e-09  1.80000000e+00  5.78433333e-09  1.20666667e-09 
 5.78633333e-09  1.80000000e+00  5.78633333e-09  1.20666667e-09 
 5.78833333e-09  1.80000000e+00  5.78833333e-09  1.20666667e-09 
 5.79033333e-09  1.80000000e+00  5.79033333e-09  1.20666667e-09 
 5.79233333e-09  1.80000000e+00  5.79233333e-09  1.20666667e-09 
 5.79433333e-09  1.80000000e+00  5.79433333e-09  1.20666667e-09 
 5.79633333e-09  1.80000000e+00  5.79633333e-09  1.20666667e-09 
 5.79833333e-09  1.80000000e+00  5.79833333e-09  1.20666667e-09 
 5.80033333e-09  1.80000000e+00  5.80033333e-09  1.20666667e-09 
 5.80233333e-09  1.80000000e+00  5.80233333e-09  1.20666667e-09 
 5.80433333e-09  1.80000000e+00  5.80433333e-09  1.20666667e-09 
 5.80633333e-09  1.80000000e+00  5.80633333e-09  1.20666667e-09 
 5.80833333e-09  1.80000000e+00  5.80833333e-09  1.20666667e-09 
 5.81033333e-09  1.80000000e+00  5.81033333e-09  1.20666667e-09 
 5.81233333e-09  1.80000000e+00  5.81233333e-09  1.20666667e-09 
 5.81433333e-09  1.80000000e+00  5.81433333e-09  1.20666667e-09 
 5.81633333e-09  1.80000000e+00  5.81633333e-09  1.20666667e-09 
 5.81833333e-09  1.80000000e+00  5.81833333e-09  1.20666667e-09 
 5.82033333e-09  1.80000000e+00  5.82033333e-09  1.20666667e-09 
 5.82233333e-09  1.80000000e+00  5.82233333e-09  1.20666667e-09 
 5.82433333e-09  1.80000000e+00  5.82433333e-09  1.20666667e-09 
 5.82633333e-09  1.80000000e+00  5.82633333e-09  1.20666667e-09 
 5.82833333e-09  1.80000000e+00  5.82833333e-09  1.20666667e-09 
 5.83033333e-09  1.80000000e+00  5.83033333e-09  1.20666667e-09 
 5.83233333e-09  1.80000000e+00  5.83233333e-09  1.20666667e-09 
 5.83433333e-09  1.80000000e+00  5.83433333e-09  1.20666667e-09 
 5.83633333e-09  1.80000000e+00  5.83633333e-09  1.20666667e-09 
 5.83833333e-09  1.80000000e+00  5.83833333e-09  1.20666667e-09 
 5.84033333e-09  1.80000000e+00  5.84033333e-09  1.20666667e-09 
 5.84233333e-09  1.80000000e+00  5.84233333e-09  1.20666667e-09 
 5.84433333e-09  1.80000000e+00  5.84433333e-09  1.20666667e-09 
 5.84633333e-09  1.80000000e+00  5.84633333e-09  1.20666667e-09 
 5.84833333e-09  1.80000000e+00  5.84833333e-09  1.20666667e-09 
 5.85033333e-09  1.80000000e+00  5.85033333e-09  1.20666667e-09 
 5.85233333e-09  1.80000000e+00  5.85233333e-09  1.20666667e-09 
 5.85433333e-09  1.80000000e+00  5.85433333e-09  1.20666667e-09 
 5.85633333e-09  1.80000000e+00  5.85633333e-09  1.20666667e-09 
 5.85833333e-09  1.80000000e+00  5.85833333e-09  1.20666667e-09 
 5.86033333e-09  1.80000000e+00  5.86033333e-09  1.20666667e-09 
 5.86233333e-09  1.80000000e+00  5.86233333e-09  1.20666667e-09 
 5.86433333e-09  1.80000000e+00  5.86433333e-09  1.20666667e-09 
 5.86633333e-09  1.80000000e+00  5.86633333e-09  1.20666667e-09 
 5.86833333e-09  1.80000000e+00  5.86833333e-09  1.20666667e-09 
 5.87033333e-09  1.80000000e+00  5.87033333e-09  1.20666667e-09 
 5.87233333e-09  1.80000000e+00  5.87233333e-09  1.20666667e-09 
 5.87433333e-09  1.80000000e+00  5.87433333e-09  1.20666667e-09 
 5.87633333e-09  1.80000000e+00  5.87633333e-09  1.20666667e-09 
 5.87833333e-09  1.80000000e+00  5.87833333e-09  1.20666667e-09 
 5.88033333e-09  1.80000000e+00  5.88033333e-09  1.20666667e-09 
 5.88233333e-09  1.80000000e+00  5.88233333e-09  1.20666667e-09 
 5.88433333e-09  1.80000000e+00  5.88433333e-09  1.20666667e-09 
 5.88633333e-09  1.80000000e+00  5.88633333e-09  1.20666667e-09 
 5.88833333e-09  1.80000000e+00  5.88833333e-09  1.20666667e-09 
 5.89033333e-09  1.80000000e+00  5.89033333e-09  1.20666667e-09 
 5.89233333e-09  1.80000000e+00  5.89233333e-09  1.20666667e-09 
 5.89433333e-09  1.80000000e+00  5.89433333e-09  1.20666667e-09 
 5.89633333e-09  1.80000000e+00  5.89633333e-09  1.20666667e-09 
 5.89833333e-09  1.80000000e+00  5.89833333e-09  1.20666667e-09 
 5.90033333e-09  1.80000000e+00  5.90033333e-09  1.20666667e-09 
 5.90233333e-09  1.80000000e+00  5.90233333e-09  1.20666667e-09 
 5.90433333e-09  1.80000000e+00  5.90433333e-09  1.20666667e-09 
 5.90633333e-09  1.80000000e+00  5.90633333e-09  1.20666667e-09 
 5.90833333e-09  1.80000000e+00  5.90833333e-09  1.20666667e-09 
 5.91033333e-09  1.80000000e+00  5.91033333e-09  1.20666667e-09 
 5.91233333e-09  1.80000000e+00  5.91233333e-09  1.20666667e-09 
 5.91433333e-09  1.80000000e+00  5.91433333e-09  1.20666667e-09 
 5.91633333e-09  1.80000000e+00  5.91633333e-09  1.20666667e-09 
 5.91833333e-09  1.80000000e+00  5.91833333e-09  1.20666667e-09 
 5.92033333e-09  1.80000000e+00  5.92033333e-09  1.20666667e-09 
 5.92233333e-09  1.80000000e+00  5.92233333e-09  1.20666667e-09 
 5.92433333e-09  1.80000000e+00  5.92433333e-09  1.20666667e-09 
 5.92633333e-09  1.80000000e+00  5.92633333e-09  1.20666667e-09 
 5.92833333e-09  1.80000000e+00  5.92833333e-09  1.20666667e-09 
 5.93033333e-09  1.80000000e+00  5.93033333e-09  1.20666667e-09 
 5.93233333e-09  1.80000000e+00  5.93233333e-09  1.20666667e-09 
 5.93433333e-09  1.80000000e+00  5.93433333e-09  1.20666667e-09 
 5.93633333e-09  1.80000000e+00  5.93633333e-09  1.20666667e-09 
 5.93833333e-09  1.80000000e+00  5.93833333e-09  1.20666667e-09 
 5.94033333e-09  1.80000000e+00  5.94033333e-09  1.20666667e-09 
 5.94233333e-09  1.80000000e+00  5.94233333e-09  1.20666667e-09 
 5.94433333e-09  1.80000000e+00  5.94433333e-09  1.20666667e-09 
 5.94633333e-09  1.80000000e+00  5.94633333e-09  1.20666667e-09 
 5.94833333e-09  1.80000000e+00  5.94833333e-09  1.20666667e-09 
 5.95033333e-09  1.80000000e+00  5.95033333e-09  1.20666667e-09 
 5.95233333e-09  1.80000000e+00  5.95233333e-09  1.20666667e-09 
 5.95433333e-09  1.80000000e+00  5.95433333e-09  1.20666667e-09 
 5.95633333e-09  1.80000000e+00  5.95633333e-09  1.20666667e-09 
 5.95833333e-09  1.80000000e+00  5.95833333e-09  1.20666667e-09 
 5.96033333e-09  1.80000000e+00  5.96033333e-09  1.20666667e-09 
 5.96233333e-09  1.80000000e+00  5.96233333e-09  1.20666667e-09 
 5.96433333e-09  1.80000000e+00  5.96433333e-09  1.20666667e-09 
 5.96633333e-09  1.80000000e+00  5.96633333e-09  1.20666667e-09 
 5.96833333e-09  1.80000000e+00  5.96833333e-09  1.20666667e-09 
 5.97033333e-09  1.80000000e+00  5.97033333e-09  1.20666667e-09 
 5.97233333e-09  1.80000000e+00  5.97233333e-09  1.20666667e-09 
 5.97433333e-09  1.80000000e+00  5.97433333e-09  1.20666667e-09 
 5.97633333e-09  1.80000000e+00  5.97633333e-09  1.20666667e-09 
 5.97833333e-09  1.80000000e+00  5.97833333e-09  1.20666667e-09 
 5.98033333e-09  1.80000000e+00  5.98033333e-09  1.20666667e-09 
 5.98233333e-09  1.80000000e+00  5.98233333e-09  1.20666667e-09 
 5.98433333e-09  1.80000000e+00  5.98433333e-09  1.20666667e-09 
 5.98633333e-09  1.80000000e+00  5.98633333e-09  1.20666667e-09 
 5.98833333e-09  1.80000000e+00  5.98833333e-09  1.20666667e-09 
 5.99033333e-09  1.80000000e+00  5.99033333e-09  1.20666667e-09 
 5.99233333e-09  1.80000000e+00  5.99233333e-09  1.20666667e-09 
 5.99433333e-09  1.80000000e+00  5.99433333e-09  1.20666667e-09 
 5.99633333e-09  1.80000000e+00  5.99633333e-09  1.20666667e-09 
 5.99833333e-09  1.80000000e+00  5.99833333e-09  1.20666667e-09 
 6.00033333e-09  1.80000000e+00  6.00033333e-09  1.20666667e-09 
 6.00233333e-09  1.80000000e+00  6.00233333e-09  1.20666667e-09 
 6.00433333e-09  1.80000000e+00  6.00433333e-09  1.20666667e-09 
 6.00633333e-09  1.80000000e+00  6.00633333e-09  1.20666667e-09 
 6.00833333e-09  1.80000000e+00  6.00833333e-09  1.20666667e-09 
 6.01033333e-09  1.80000000e+00  6.01033333e-09  1.20666667e-09 
 6.01233333e-09  1.80000000e+00  6.01233333e-09  1.20666667e-09 
 6.01433333e-09  1.80000000e+00  6.01433333e-09  1.20666667e-09 
 6.01633333e-09  1.80000000e+00  6.01633333e-09  1.20666667e-09 
 6.01833333e-09  1.80000000e+00  6.01833333e-09  1.20666667e-09 
 6.02033333e-09  1.80000000e+00  6.02033333e-09  1.20666667e-09 
 6.02233333e-09  1.80000000e+00  6.02233333e-09  1.20666667e-09 
 6.02433333e-09  1.80000000e+00  6.02433333e-09  1.20666667e-09 
 6.02633333e-09  1.80000000e+00  6.02633333e-09  1.20666667e-09 
 6.02833333e-09  1.80000000e+00  6.02833333e-09  1.20666667e-09 
 6.03033333e-09  1.80000000e+00  6.03033333e-09  1.20666667e-09 
 6.03233333e-09  1.80000000e+00  6.03233333e-09  1.20666667e-09 
 6.03433333e-09  1.80000000e+00  6.03433333e-09  1.20666667e-09 
 6.03633333e-09  1.80000000e+00  6.03633333e-09  1.20666667e-09 
 6.03833333e-09  1.80000000e+00  6.03833333e-09  1.20666667e-09 
 6.04033333e-09  1.80000000e+00  6.04033333e-09  1.20666667e-09 
 6.04233333e-09  1.80000000e+00  6.04233333e-09  1.20666667e-09 
 6.04433333e-09  1.80000000e+00  6.04433333e-09  1.20666667e-09 
 6.04633333e-09  1.80000000e+00  6.04633333e-09  1.20666667e-09 
 6.04833333e-09  1.80000000e+00  6.04833333e-09  1.20666667e-09 
 6.05033333e-09  1.80000000e+00  6.05033333e-09  1.20666667e-09 
 6.05233333e-09  1.80000000e+00  6.05233333e-09  1.20666667e-09 
 6.05433333e-09  1.80000000e+00  6.05433333e-09  1.20666667e-09 
 6.05633333e-09  1.80000000e+00  6.05633333e-09  1.20666667e-09 
 6.05833333e-09  1.80000000e+00  6.05833333e-09  1.20666667e-09 
 6.06033333e-09  1.80000000e+00  6.06033333e-09  1.20666667e-09 
 6.06233333e-09  1.80000000e+00  6.06233333e-09  1.20666667e-09 
 6.06433333e-09  1.80000000e+00  6.06433333e-09  1.20666667e-09 
 6.06633333e-09  1.80000000e+00  6.06633333e-09  1.20666667e-09 
 6.06833333e-09  1.80000000e+00  6.06833333e-09  1.20666667e-09 
 6.07033333e-09  1.80000000e+00  6.07033333e-09  1.20666667e-09 
 6.07233333e-09  1.80000000e+00  6.07233333e-09  1.20666667e-09 
 6.07433333e-09  1.80000000e+00  6.07433333e-09  1.20666667e-09 
 6.07633333e-09  1.80000000e+00  6.07633333e-09  1.20666667e-09 
 6.07833333e-09  1.80000000e+00  6.07833333e-09  1.20666667e-09 
 6.08033333e-09  1.80000000e+00  6.08033333e-09  1.20666667e-09 
 6.08233333e-09  1.80000000e+00  6.08233333e-09  1.20666667e-09 
 6.08433333e-09  1.80000000e+00  6.08433333e-09  1.20666667e-09 
 6.08633333e-09  1.80000000e+00  6.08633333e-09  1.20666667e-09 
 6.08833333e-09  1.80000000e+00  6.08833333e-09  1.20666667e-09 
 6.09033333e-09  1.80000000e+00  6.09033333e-09  1.20666667e-09 
 6.09233333e-09  1.80000000e+00  6.09233333e-09  1.20666667e-09 
 6.09433333e-09  1.80000000e+00  6.09433333e-09  1.20666667e-09 
 6.09633333e-09  1.80000000e+00  6.09633333e-09  1.20666667e-09 
 6.09833333e-09  1.80000000e+00  6.09833333e-09  1.20666667e-09 
 6.10033333e-09  1.80000000e+00  6.10033333e-09  1.20666667e-09 
 6.10233333e-09  1.80000000e+00  6.10233333e-09  1.20666667e-09 
 6.10433333e-09  1.80000000e+00  6.10433333e-09  1.20666667e-09 
 6.10633333e-09  1.80000000e+00  6.10633333e-09  1.20666667e-09 
 6.10833333e-09  1.80000000e+00  6.10833333e-09  1.20666667e-09 
 6.11033333e-09  1.80000000e+00  6.11033333e-09  1.20666667e-09 
 6.11233333e-09  1.80000000e+00  6.11233333e-09  1.20666667e-09 
 6.11433333e-09  1.80000000e+00  6.11433333e-09  1.20666667e-09 
 6.11633333e-09  1.80000000e+00  6.11633333e-09  1.20666667e-09 
 6.11833333e-09  1.80000000e+00  6.11833333e-09  1.20666667e-09 
 6.12033333e-09  1.80000000e+00  6.12033333e-09  1.20666667e-09 
 6.12233333e-09  1.80000000e+00  6.12233333e-09  1.20666667e-09 
 6.12433333e-09  1.80000000e+00  6.12433333e-09  1.20666667e-09 
 6.12633333e-09  1.80000000e+00  6.12633333e-09  1.20666667e-09 
 6.12833333e-09  1.80000000e+00  6.12833333e-09  1.20666667e-09 
 6.13033333e-09  1.80000000e+00  6.13033333e-09  1.20666667e-09 
 6.13233333e-09  1.80000000e+00  6.13233333e-09  1.20666667e-09 
 6.13433333e-09  1.80000000e+00  6.13433333e-09  1.20666667e-09 
 6.13633333e-09  1.80000000e+00  6.13633333e-09  1.20666667e-09 
 6.13833333e-09  1.80000000e+00  6.13833333e-09  1.20666667e-09 
 6.14033333e-09  1.80000000e+00  6.14033333e-09  1.20666667e-09 
 6.14233333e-09  1.80000000e+00  6.14233333e-09  1.20666667e-09 
 6.14433333e-09  1.80000000e+00  6.14433333e-09  1.20666667e-09 
 6.14633333e-09  1.80000000e+00  6.14633333e-09  1.20666667e-09 
 6.14833333e-09  1.80000000e+00  6.14833333e-09  1.20666667e-09 
 6.15033333e-09  1.80000000e+00  6.15033333e-09  1.20666667e-09 
 6.15233333e-09  1.80000000e+00  6.15233333e-09  1.20666667e-09 
 6.15433333e-09  1.80000000e+00  6.15433333e-09  1.20666667e-09 
 6.15633333e-09  1.80000000e+00  6.15633333e-09  1.20666667e-09 
 6.15833333e-09  1.80000000e+00  6.15833333e-09  1.20666667e-09 
 6.16033333e-09  1.80000000e+00  6.16033333e-09  1.20666667e-09 
 6.16233333e-09  1.80000000e+00  6.16233333e-09  1.20666667e-09 
 6.16433333e-09  1.80000000e+00  6.16433333e-09  1.20666667e-09 
 6.16633333e-09  1.80000000e+00  6.16633333e-09  1.20666667e-09 
 6.16833333e-09  1.80000000e+00  6.16833333e-09  1.20666667e-09 
 6.17033333e-09  1.80000000e+00  6.17033333e-09  1.20666667e-09 
 6.17233333e-09  1.80000000e+00  6.17233333e-09  1.20666667e-09 
 6.17433333e-09  1.80000000e+00  6.17433333e-09  1.20666667e-09 
 6.17633333e-09  1.80000000e+00  6.17633333e-09  1.20666667e-09 
 6.17833333e-09  1.80000000e+00  6.17833333e-09  1.20666667e-09 
 6.18033333e-09  1.80000000e+00  6.18033333e-09  1.20666667e-09 
 6.18233333e-09  1.80000000e+00  6.18233333e-09  1.20666667e-09 
 6.18433333e-09  1.80000000e+00  6.18433333e-09  1.20666667e-09 
 6.18633333e-09  1.80000000e+00  6.18633333e-09  1.20666667e-09 
 6.18833333e-09  1.80000000e+00  6.18833333e-09  1.20666667e-09 
 6.19033333e-09  1.80000000e+00  6.19033333e-09  1.20666667e-09 
 6.19233333e-09  1.80000000e+00  6.19233333e-09  1.20666667e-09 
 6.19433333e-09  1.80000000e+00  6.19433333e-09  1.20666667e-09 
 6.19633333e-09  1.80000000e+00  6.19633333e-09  1.20666667e-09 
 6.19833333e-09  1.80000000e+00  6.19833333e-09  1.20666667e-09 
 6.20033333e-09  1.80000000e+00  6.20033333e-09  1.20666667e-09 
 6.20233333e-09  1.80000000e+00  6.20233333e-09  1.20666667e-09 
 6.20433333e-09  1.80000000e+00  6.20433333e-09  1.20666667e-09 
 6.20633333e-09  1.80000000e+00  6.20633333e-09  1.20666667e-09 
 6.20833333e-09  1.80000000e+00  6.20833333e-09  1.20666667e-09 
 6.21033333e-09  1.80000000e+00  6.21033333e-09  1.20666667e-09 
 6.21233333e-09  1.80000000e+00  6.21233333e-09  1.20666667e-09 
 6.21433333e-09  1.80000000e+00  6.21433333e-09  1.20666667e-09 
 6.21633333e-09  1.80000000e+00  6.21633333e-09  1.20666667e-09 
 6.21833333e-09  1.80000000e+00  6.21833333e-09  1.20666667e-09 
 6.22033333e-09  1.80000000e+00  6.22033333e-09  1.20666667e-09 
 6.22233333e-09  1.80000000e+00  6.22233333e-09  1.20666667e-09 
 6.22433333e-09  1.80000000e+00  6.22433333e-09  1.20666667e-09 
 6.22633333e-09  1.80000000e+00  6.22633333e-09  1.20666667e-09 
 6.22833333e-09  1.80000000e+00  6.22833333e-09  1.20666667e-09 
 6.23033333e-09  1.80000000e+00  6.23033333e-09  1.20666667e-09 
 6.23233333e-09  1.80000000e+00  6.23233333e-09  1.20666667e-09 
 6.23433333e-09  1.80000000e+00  6.23433333e-09  1.20666667e-09 
 6.23633333e-09  1.80000000e+00  6.23633333e-09  1.20666667e-09 
 6.23833333e-09  1.80000000e+00  6.23833333e-09  1.20666667e-09 
 6.24033333e-09  1.80000000e+00  6.24033333e-09  1.20666667e-09 
 6.24233333e-09  1.80000000e+00  6.24233333e-09  1.20666667e-09 
 6.24433333e-09  1.80000000e+00  6.24433333e-09  1.20666667e-09 
 6.24633333e-09  1.80000000e+00  6.24633333e-09  1.20666667e-09 
 6.24833333e-09  1.80000000e+00  6.24833333e-09  1.20666667e-09 
 6.25033333e-09  1.80000000e+00  6.25033333e-09  1.20666667e-09 
 6.25233333e-09  1.80000000e+00  6.25233333e-09  1.20666667e-09 
 6.25433333e-09  1.80000000e+00  6.25433333e-09  1.20666667e-09 
 6.25633333e-09  1.80000000e+00  6.25633333e-09  1.20666667e-09 
 6.25833333e-09  1.80000000e+00  6.25833333e-09  1.20666667e-09 
 6.26033333e-09  1.80000000e+00  6.26033333e-09  1.20666667e-09 
 6.26233333e-09  1.80000000e+00  6.26233333e-09  1.20666667e-09 
 6.26433333e-09  1.80000000e+00  6.26433333e-09  1.20666667e-09 
 6.26633333e-09  1.80000000e+00  6.26633333e-09  1.20666667e-09 
 6.26833333e-09  1.80000000e+00  6.26833333e-09  1.20666667e-09 
 6.27033333e-09  1.80000000e+00  6.27033333e-09  1.20666667e-09 
 6.27233333e-09  1.80000000e+00  6.27233333e-09  1.20666667e-09 
 6.27433333e-09  1.80000000e+00  6.27433333e-09  1.20666667e-09 
 6.27633333e-09  1.80000000e+00  6.27633333e-09  1.20666667e-09 
 6.27833333e-09  1.80000000e+00  6.27833333e-09  1.20666667e-09 
 6.28033333e-09  1.80000000e+00  6.28033333e-09  1.20666667e-09 
 6.28233333e-09  1.80000000e+00  6.28233333e-09  1.20666667e-09 
 6.28433333e-09  1.80000000e+00  6.28433333e-09  1.20666667e-09 
 6.28633333e-09  1.80000000e+00  6.28633333e-09  1.20666667e-09 
 6.28833333e-09  1.80000000e+00  6.28833333e-09  1.20666667e-09 
 6.29033333e-09  1.80000000e+00  6.29033333e-09  1.20666667e-09 
 6.29233333e-09  1.80000000e+00  6.29233333e-09  1.20666667e-09 
 6.29433333e-09  1.80000000e+00  6.29433333e-09  1.20666667e-09 
 6.29633333e-09  1.80000000e+00  6.29633333e-09  1.20666667e-09 
 6.29833333e-09  1.80000000e+00  6.29833333e-09  1.20666667e-09 
 6.30033333e-09  1.80000000e+00  6.30033333e-09  1.20666667e-09 
 6.30233333e-09  1.80000000e+00  6.30233333e-09  1.20666667e-09 
 6.30433333e-09  1.80000000e+00  6.30433333e-09  1.20666667e-09 
 6.30633333e-09  1.80000000e+00  6.30633333e-09  1.20666667e-09 
 6.30833333e-09  1.80000000e+00  6.30833333e-09  1.20666667e-09 
 6.31033333e-09  1.80000000e+00  6.31033333e-09  1.20666667e-09 
 6.31233333e-09  1.80000000e+00  6.31233333e-09  1.20666667e-09 
 6.31433333e-09  1.80000000e+00  6.31433333e-09  1.20666667e-09 
 6.31633333e-09  1.80000000e+00  6.31633333e-09  1.20666667e-09 
 6.31833333e-09  1.80000000e+00  6.31833333e-09  1.20666667e-09 
 6.32033333e-09  1.80000000e+00  6.32033333e-09  1.20666667e-09 
 6.32233333e-09  1.80000000e+00  6.32233333e-09  1.20666667e-09 
 6.32433333e-09  1.80000000e+00  6.32433333e-09  1.20666667e-09 
 6.32633333e-09  1.80000000e+00  6.32633333e-09  1.20666667e-09 
 6.32833333e-09  1.80000000e+00  6.32833333e-09  1.20666667e-09 
 6.33033333e-09  1.80000000e+00  6.33033333e-09  1.20666667e-09 
 6.33233333e-09  1.80000000e+00  6.33233333e-09  1.20666667e-09 
 6.33433333e-09  1.80000000e+00  6.33433333e-09  1.20666667e-09 
 6.33633333e-09  1.80000000e+00  6.33633333e-09  1.20666667e-09 
 6.33833333e-09  1.80000000e+00  6.33833333e-09  1.20666667e-09 
 6.34033333e-09  1.80000000e+00  6.34033333e-09  1.20666667e-09 
 6.34233333e-09  1.80000000e+00  6.34233333e-09  1.20666667e-09 
 6.34433333e-09  1.80000000e+00  6.34433333e-09  1.20666667e-09 
 6.34633333e-09  1.80000000e+00  6.34633333e-09  1.20666667e-09 
 6.34833333e-09  1.80000000e+00  6.34833333e-09  1.20666667e-09 
 6.35033333e-09  1.80000000e+00  6.35033333e-09  1.20666667e-09 
 6.35233333e-09  1.80000000e+00  6.35233333e-09  1.20666667e-09 
 6.35433333e-09  1.80000000e+00  6.35433333e-09  1.20666667e-09 
 6.35633333e-09  1.80000000e+00  6.35633333e-09  1.20666667e-09 
 6.35833333e-09  1.80000000e+00  6.35833333e-09  1.20666667e-09 
 6.36033333e-09  1.80000000e+00  6.36033333e-09  1.20666667e-09 
 6.36233333e-09  1.80000000e+00  6.36233333e-09  1.20666667e-09 
 6.36433333e-09  1.80000000e+00  6.36433333e-09  1.20666667e-09 
 6.36633333e-09  1.80000000e+00  6.36633333e-09  1.20666667e-09 
 6.36833333e-09  1.80000000e+00  6.36833333e-09  1.20666667e-09 
 6.37033333e-09  1.80000000e+00  6.37033333e-09  1.20666667e-09 
 6.37233333e-09  1.80000000e+00  6.37233333e-09  1.20666667e-09 
 6.37433333e-09  1.80000000e+00  6.37433333e-09  1.20666667e-09 
 6.37633333e-09  1.80000000e+00  6.37633333e-09  1.20666667e-09 
 6.37833333e-09  1.80000000e+00  6.37833333e-09  1.20666667e-09 
 6.38033333e-09  1.80000000e+00  6.38033333e-09  1.20666667e-09 
 6.38233333e-09  1.80000000e+00  6.38233333e-09  1.20666667e-09 
 6.38433333e-09  1.80000000e+00  6.38433333e-09  1.20666667e-09 
 6.38633333e-09  1.80000000e+00  6.38633333e-09  1.20666667e-09 
 6.38833333e-09  1.80000000e+00  6.38833333e-09  1.20666667e-09 
 6.39033333e-09  1.80000000e+00  6.39033333e-09  1.20666667e-09 
 6.39233333e-09  1.80000000e+00  6.39233333e-09  1.20666667e-09 
 6.39433333e-09  1.80000000e+00  6.39433333e-09  1.20666667e-09 
 6.39633333e-09  1.80000000e+00  6.39633333e-09  1.20666667e-09 
 6.39833333e-09  1.80000000e+00  6.39833333e-09  1.20666667e-09 
 6.40033333e-09  1.80000000e+00  6.40033333e-09  1.20666667e-09 
 6.40233333e-09  1.80000000e+00  6.40233333e-09  1.20666667e-09 
 6.40433333e-09  1.80000000e+00  6.40433333e-09  1.20666667e-09 
 6.40633333e-09  1.80000000e+00  6.40633333e-09  1.20666667e-09 
 6.40833333e-09  1.80000000e+00  6.40833333e-09  1.20666667e-09 
 6.41033333e-09  1.80000000e+00  6.41033333e-09  1.20666667e-09 
 6.41233333e-09  1.80000000e+00  6.41233333e-09  1.20666667e-09 
 6.41433333e-09  1.80000000e+00  6.41433333e-09  1.20666667e-09 
 6.41633333e-09  1.80000000e+00  6.41633333e-09  1.20666667e-09 
 6.41833333e-09  1.80000000e+00  6.41833333e-09  1.20666667e-09 
 6.42033333e-09  1.80000000e+00  6.42033333e-09  1.20666667e-09 
 6.42233333e-09  1.80000000e+00  6.42233333e-09  1.20666667e-09 
 6.42433333e-09  1.80000000e+00  6.42433333e-09  1.20666667e-09 
 6.42633333e-09  1.80000000e+00  6.42633333e-09  1.20666667e-09 
 6.42833333e-09  1.80000000e+00  6.42833333e-09  1.20666667e-09 
 6.43033333e-09  1.80000000e+00  6.43033333e-09  1.20666667e-09 
 6.43233333e-09  1.80000000e+00  6.43233333e-09  1.20666667e-09 
 6.43433333e-09  1.80000000e+00  6.43433333e-09  1.20666667e-09 
 6.43633333e-09  1.80000000e+00  6.43633333e-09  1.20666667e-09 
 6.43833333e-09  1.80000000e+00  6.43833333e-09  1.20666667e-09 
 6.44033333e-09  1.80000000e+00  6.44033333e-09  1.20666667e-09 
 6.44233333e-09  1.80000000e+00  6.44233333e-09  1.20666667e-09 
 6.44433333e-09  1.80000000e+00  6.44433333e-09  1.20666667e-09 
 6.44633333e-09  1.80000000e+00  6.44633333e-09  1.20666667e-09 
 6.44833333e-09  1.80000000e+00  6.44833333e-09  1.20666667e-09 
 6.45033333e-09  1.80000000e+00  6.45033333e-09  1.20666667e-09 
 6.45233333e-09  1.80000000e+00  6.45233333e-09  1.20666667e-09 
 6.45433333e-09  1.80000000e+00  6.45433333e-09  1.20666667e-09 
 6.45633333e-09  1.80000000e+00  6.45633333e-09  1.20666667e-09 
 6.45833333e-09  1.80000000e+00  6.45833333e-09  1.20666667e-09 
 6.46033333e-09  1.80000000e+00  6.46033333e-09  1.20666667e-09 
 6.46233333e-09  1.80000000e+00  6.46233333e-09  1.20666667e-09 
 6.46433333e-09  1.80000000e+00  6.46433333e-09  1.20666667e-09 
 6.46633333e-09  1.80000000e+00  6.46633333e-09  1.20666667e-09 
 6.46833333e-09  1.80000000e+00  6.46833333e-09  1.20666667e-09 
 6.47033333e-09  1.80000000e+00  6.47033333e-09  1.20666667e-09 
 6.47233333e-09  1.80000000e+00  6.47233333e-09  1.20666667e-09 
 6.47433333e-09  1.80000000e+00  6.47433333e-09  1.20666667e-09 
 6.47633333e-09  1.80000000e+00  6.47633333e-09  1.20666667e-09 
 6.47833333e-09  1.80000000e+00  6.47833333e-09  1.20666667e-09 
 6.48033333e-09  1.80000000e+00  6.48033333e-09  1.20666667e-09 
 6.48233333e-09  1.80000000e+00  6.48233333e-09  1.20666667e-09 
 6.48433333e-09  1.80000000e+00  6.48433333e-09  1.20666667e-09 
 6.48633333e-09  1.80000000e+00  6.48633333e-09  1.20666667e-09 
 6.48833333e-09  1.80000000e+00  6.48833333e-09  1.20666667e-09 
 6.49033333e-09  1.80000000e+00  6.49033333e-09  1.20666667e-09 
 6.49233333e-09  1.80000000e+00  6.49233333e-09  1.20666667e-09 
 6.49433333e-09  1.80000000e+00  6.49433333e-09  1.20666667e-09 
 6.49633333e-09  1.80000000e+00  6.49633333e-09  1.20666667e-09 
 6.49833333e-09  1.80000000e+00  6.49833333e-09  1.20666667e-09 
 6.50033333e-09  1.80000000e+00  6.50033333e-09  1.20666667e-09 
 6.50233333e-09  1.80000000e+00  6.50233333e-09  1.20666667e-09 
 6.50433333e-09  1.80000000e+00  6.50433333e-09  1.20666667e-09 
 6.50633333e-09  1.80000000e+00  6.50633333e-09  1.20666667e-09 
 6.50833333e-09  1.80000000e+00  6.50833333e-09  1.20666667e-09 
 6.51033333e-09  1.80000000e+00  6.51033333e-09  1.20666667e-09 
 6.51233333e-09  1.80000000e+00  6.51233333e-09  1.20666667e-09 
 6.51433333e-09  1.80000000e+00  6.51433333e-09  1.20666667e-09 
 6.51633333e-09  1.80000000e+00  6.51633333e-09  1.20666667e-09 
 6.51833333e-09  1.80000000e+00  6.51833333e-09  1.20666667e-09 
 6.52033333e-09  1.80000000e+00  6.52033333e-09  1.20666667e-09 
 6.52233333e-09  1.80000000e+00  6.52233333e-09  1.20666667e-09 
 6.52433333e-09  1.80000000e+00  6.52433333e-09  1.20666667e-09 
 6.52633333e-09  1.80000000e+00  6.52633333e-09  1.20666667e-09 
 6.52833333e-09  1.80000000e+00  6.52833333e-09  1.20666667e-09 
 6.53033333e-09  1.80000000e+00  6.53033333e-09  1.20666667e-09 
 6.53233333e-09  1.80000000e+00  6.53233333e-09  1.20666667e-09 
 6.53433333e-09  1.80000000e+00  6.53433333e-09  1.20666667e-09 
 6.53633333e-09  1.80000000e+00  6.53633333e-09  1.20666667e-09 
 6.53833333e-09  1.80000000e+00  6.53833333e-09  1.20666667e-09 
 6.54033333e-09  1.80000000e+00  6.54033333e-09  1.20666667e-09 
 6.54233333e-09  1.80000000e+00  6.54233333e-09  1.20666667e-09 
 6.54433333e-09  1.80000000e+00  6.54433333e-09  1.20666667e-09 
 6.54633333e-09  1.80000000e+00  6.54633333e-09  1.20666667e-09 
 6.54833333e-09  1.80000000e+00  6.54833333e-09  1.20666667e-09 
 6.55033333e-09  1.80000000e+00  6.55033333e-09  1.20666667e-09 
 6.55233333e-09  1.80000000e+00  6.55233333e-09  1.20666667e-09 
 6.55433333e-09  1.80000000e+00  6.55433333e-09  1.20666667e-09 
 6.55633333e-09  1.80000000e+00  6.55633333e-09  1.20666667e-09 
 6.55833333e-09  1.80000000e+00  6.55833333e-09  1.20666667e-09 
 6.56033333e-09  1.80000000e+00  6.56033333e-09  1.20666667e-09 
 6.56233333e-09  1.80000000e+00  6.56233333e-09  1.20666667e-09 
 6.56433333e-09  1.80000000e+00  6.56433333e-09  1.20666667e-09 
 6.56633333e-09  1.80000000e+00  6.56633333e-09  1.20666667e-09 
 6.56833333e-09  1.80000000e+00  6.56833333e-09  1.20666667e-09 
 6.57033333e-09  1.80000000e+00  6.57033333e-09  1.20666667e-09 
 6.57233333e-09  1.80000000e+00  6.57233333e-09  1.20666667e-09 
 6.57433333e-09  1.80000000e+00  6.57433333e-09  1.20666667e-09 
 6.57633333e-09  1.80000000e+00  6.57633333e-09  1.20666667e-09 
 6.57833333e-09  1.80000000e+00  6.57833333e-09  1.20666667e-09 
 6.58033333e-09  1.80000000e+00  6.58033333e-09  1.20666667e-09 
 6.58233333e-09  1.80000000e+00  6.58233333e-09  1.20666667e-09 
 6.58433333e-09  1.80000000e+00  6.58433333e-09  1.20666667e-09 
 6.58633333e-09  1.80000000e+00  6.58633333e-09  1.20666667e-09 
 6.58833333e-09  1.80000000e+00  6.58833333e-09  1.20666667e-09 
 6.59033333e-09  1.80000000e+00  6.59033333e-09  1.20666667e-09 
 6.59233333e-09  1.80000000e+00  6.59233333e-09  1.20666667e-09 
 6.59433333e-09  1.80000000e+00  6.59433333e-09  1.20666667e-09 
 6.59633333e-09  1.80000000e+00  6.59633333e-09  1.20666667e-09 
 6.59833333e-09  1.80000000e+00  6.59833333e-09  1.20666667e-09 
 6.60033333e-09  1.80000000e+00  6.60033333e-09  1.20666667e-09 
 6.60233333e-09  1.80000000e+00  6.60233333e-09  1.20666667e-09 
 6.60433333e-09  1.80000000e+00  6.60433333e-09  1.20666667e-09 
 6.60633333e-09  1.80000000e+00  6.60633333e-09  1.20666667e-09 
 6.60833333e-09  1.80000000e+00  6.60833333e-09  1.20666667e-09 
 6.61033333e-09  1.80000000e+00  6.61033333e-09  1.20666667e-09 
 6.61233333e-09  1.80000000e+00  6.61233333e-09  1.20666667e-09 
 6.61433333e-09  1.80000000e+00  6.61433333e-09  1.20666667e-09 
 6.61633333e-09  1.80000000e+00  6.61633333e-09  1.20666667e-09 
 6.61833333e-09  1.80000000e+00  6.61833333e-09  1.20666667e-09 
 6.62033333e-09  1.80000000e+00  6.62033333e-09  1.20666667e-09 
 6.62233333e-09  1.80000000e+00  6.62233333e-09  1.20666667e-09 
 6.62433333e-09  1.80000000e+00  6.62433333e-09  1.20666667e-09 
 6.62633333e-09  1.80000000e+00  6.62633333e-09  1.20666667e-09 
 6.62833333e-09  1.80000000e+00  6.62833333e-09  1.20666667e-09 
 6.63033333e-09  1.80000000e+00  6.63033333e-09  1.20666667e-09 
 6.63233333e-09  1.80000000e+00  6.63233333e-09  1.20666667e-09 
 6.63433333e-09  1.80000000e+00  6.63433333e-09  1.20666667e-09 
 6.63633333e-09  1.80000000e+00  6.63633333e-09  1.20666667e-09 
 6.63833333e-09  1.80000000e+00  6.63833333e-09  1.20666667e-09 
 6.64033333e-09  1.80000000e+00  6.64033333e-09  1.20666667e-09 
 6.64233333e-09  1.80000000e+00  6.64233333e-09  1.20666667e-09 
 6.64433333e-09  1.80000000e+00  6.64433333e-09  1.20666667e-09 
 6.64633333e-09  1.80000000e+00  6.64633333e-09  1.20666667e-09 
 6.64833333e-09  1.80000000e+00  6.64833333e-09  1.20666667e-09 
 6.65033333e-09  1.80000000e+00  6.65033333e-09  1.20666667e-09 
 6.65233333e-09  1.80000000e+00  6.65233333e-09  1.20666667e-09 
 6.65433333e-09  1.80000000e+00  6.65433333e-09  1.20666667e-09 
 6.65633333e-09  1.80000000e+00  6.65633333e-09  1.20666667e-09 
 6.65833333e-09  1.80000000e+00  6.65833333e-09  1.20666667e-09 
 6.66033333e-09  1.80000000e+00  6.66033333e-09  1.20666667e-09 
 6.66233333e-09  1.80000000e+00  6.66233333e-09  1.20666667e-09 
 6.66433333e-09  1.80000000e+00  6.66433333e-09  1.20666667e-09 
 6.66633333e-09  1.80000000e+00  6.66633333e-09  1.20666667e-09 
 6.66833333e-09  1.80000000e+00  6.66833333e-09  1.20666667e-09 
 6.67033333e-09  1.80000000e+00  6.67033333e-09  1.20666667e-09 
 6.67233333e-09  1.80000000e+00  6.67233333e-09  1.20666667e-09 
 6.67433333e-09  1.80000000e+00  6.67433333e-09  1.20666667e-09 
 6.67633333e-09  1.80000000e+00  6.67633333e-09  1.20666667e-09 
 6.67833333e-09  1.80000000e+00  6.67833333e-09  1.20666667e-09 
 6.68033333e-09  1.80000000e+00  6.68033333e-09  1.20666667e-09 
 6.68233333e-09  1.80000000e+00  6.68233333e-09  1.20666667e-09 
 6.68433333e-09  1.80000000e+00  6.68433333e-09  1.20666667e-09 
 6.68633333e-09  1.80000000e+00  6.68633333e-09  1.20666667e-09 
 6.68833333e-09  1.80000000e+00  6.68833333e-09  1.20666667e-09 
 6.69033333e-09  1.80000000e+00  6.69033333e-09  1.20666667e-09 
 6.69233333e-09  1.80000000e+00  6.69233333e-09  1.20666667e-09 
 6.69433333e-09  1.80000000e+00  6.69433333e-09  1.20666667e-09 
 6.69633333e-09  1.80000000e+00  6.69633333e-09  1.20666667e-09 
 6.69833333e-09  1.80000000e+00  6.69833333e-09  1.20666667e-09 
 6.70033333e-09  1.80000000e+00  6.70033333e-09  1.20666667e-09 
 6.70233333e-09  1.80000000e+00  6.70233333e-09  1.20666667e-09 
 6.70433333e-09  1.80000000e+00  6.70433333e-09  1.20666667e-09 
 6.70633333e-09  1.80000000e+00  6.70633333e-09  1.20666667e-09 
 6.70833333e-09  1.80000000e+00  6.70833333e-09  1.20666667e-09 
 6.71033333e-09  1.80000000e+00  6.71033333e-09  1.20666667e-09 
 6.71233333e-09  1.80000000e+00  6.71233333e-09  1.20666667e-09 
 6.71433333e-09  1.80000000e+00  6.71433333e-09  1.20666667e-09 
 6.71633333e-09  1.80000000e+00  6.71633333e-09  1.20666667e-09 
 6.71833333e-09  1.80000000e+00  6.71833333e-09  1.20666667e-09 
 6.72033333e-09  1.80000000e+00  6.72033333e-09  1.20666667e-09 
 6.72233333e-09  1.80000000e+00  6.72233333e-09  1.20666667e-09 
 6.72433333e-09  1.80000000e+00  6.72433333e-09  1.20666667e-09 
 6.72633333e-09  1.80000000e+00  6.72633333e-09  1.20666667e-09 
 6.72833333e-09  1.80000000e+00  6.72833333e-09  1.20666667e-09 
 6.73033333e-09  1.80000000e+00  6.73033333e-09  1.20666667e-09 
 6.73233333e-09  1.80000000e+00  6.73233333e-09  1.20666667e-09 
 6.73433333e-09  1.80000000e+00  6.73433333e-09  1.20666667e-09 
 6.73633333e-09  1.80000000e+00  6.73633333e-09  1.20666667e-09 
 6.73833333e-09  1.80000000e+00  6.73833333e-09  1.20666667e-09 
 6.74033333e-09  1.80000000e+00  6.74033333e-09  1.20666667e-09 
 6.74233333e-09  1.80000000e+00  6.74233333e-09  1.20666667e-09 
 6.74433333e-09  1.80000000e+00  6.74433333e-09  1.20666667e-09 
 6.74633333e-09  1.80000000e+00  6.74633333e-09  1.20666667e-09 
 6.74833333e-09  1.80000000e+00  6.74833333e-09  1.20666667e-09 
 6.75033333e-09  1.80000000e+00  6.75033333e-09  1.20666667e-09 
 6.75233333e-09  1.80000000e+00  6.75233333e-09  1.20666667e-09 
 6.75433333e-09  1.80000000e+00  6.75433333e-09  1.20666667e-09 
 6.75633333e-09  1.80000000e+00  6.75633333e-09  1.20666667e-09 
 6.75833333e-09  1.80000000e+00  6.75833333e-09  1.20666667e-09 
 6.76033333e-09  1.80000000e+00  6.76033333e-09  1.20666667e-09 
 6.76233333e-09  1.80000000e+00  6.76233333e-09  1.20666667e-09 
 6.76433333e-09  1.80000000e+00  6.76433333e-09  1.20666667e-09 
 6.76633333e-09  1.80000000e+00  6.76633333e-09  1.20666667e-09 
 6.76833333e-09  1.80000000e+00  6.76833333e-09  1.20666667e-09 
 6.77033333e-09  1.80000000e+00  6.77033333e-09  1.20666667e-09 
 6.77233333e-09  1.80000000e+00  6.77233333e-09  1.20666667e-09 
 6.77433333e-09  1.80000000e+00  6.77433333e-09  1.20666667e-09 
 6.77633333e-09  1.80000000e+00  6.77633333e-09  1.20666667e-09 
 6.77833333e-09  1.80000000e+00  6.77833333e-09  1.20666667e-09 
 6.78033333e-09  1.80000000e+00  6.78033333e-09  1.20666667e-09 
 6.78233333e-09  1.80000000e+00  6.78233333e-09  1.20666667e-09 
 6.78433333e-09  1.80000000e+00  6.78433333e-09  1.20666667e-09 
 6.78633333e-09  1.80000000e+00  6.78633333e-09  1.20666667e-09 
 6.78833333e-09  1.80000000e+00  6.78833333e-09  1.20666667e-09 
 6.79033333e-09  1.80000000e+00  6.79033333e-09  1.20666667e-09 
 6.79233333e-09  1.80000000e+00  6.79233333e-09  1.20666667e-09 
 6.79433333e-09  1.80000000e+00  6.79433333e-09  1.20666667e-09 
 6.79633333e-09  1.80000000e+00  6.79633333e-09  1.20666667e-09 
 6.79833333e-09  1.80000000e+00  6.79833333e-09  1.20666667e-09 
 6.80033333e-09  1.80000000e+00  6.80033333e-09  1.20666667e-09 
 6.80233333e-09  1.80000000e+00  6.80233333e-09  1.20666667e-09 
 6.80433333e-09  1.80000000e+00  6.80433333e-09  1.20666667e-09 
 6.80633333e-09  1.80000000e+00  6.80633333e-09  1.20666667e-09 
 6.80833333e-09  1.80000000e+00  6.80833333e-09  1.20666667e-09 
 6.81033333e-09  1.80000000e+00  6.81033333e-09  1.20666667e-09 
 6.81233333e-09  1.80000000e+00  6.81233333e-09  1.20666667e-09 
 6.81433333e-09  1.80000000e+00  6.81433333e-09  1.20666667e-09 
 6.81633333e-09  1.80000000e+00  6.81633333e-09  1.20666667e-09 
 6.81833333e-09  1.80000000e+00  6.81833333e-09  1.20666667e-09 
 6.82033333e-09  1.80000000e+00  6.82033333e-09  1.20666667e-09 
 6.82233333e-09  1.80000000e+00  6.82233333e-09  1.20666667e-09 
 6.82433333e-09  1.80000000e+00  6.82433333e-09  1.20666667e-09 
 6.82633333e-09  1.80000000e+00  6.82633333e-09  1.20666667e-09 
 6.82833333e-09  1.80000000e+00  6.82833333e-09  1.20666667e-09 
 6.83033333e-09  1.80000000e+00  6.83033333e-09  1.20666667e-09 
 6.83233333e-09  1.80000000e+00  6.83233333e-09  1.20666667e-09 
 6.83433333e-09  1.80000000e+00  6.83433333e-09  1.20666667e-09 
 6.83633333e-09  1.80000000e+00  6.83633333e-09  1.20666667e-09 
 6.83833333e-09  1.80000000e+00  6.83833333e-09  1.20666667e-09 
 6.84033333e-09  1.80000000e+00  6.84033333e-09  1.20666667e-09 
 6.84233333e-09  1.80000000e+00  6.84233333e-09  1.20666667e-09 
 6.84433333e-09  1.80000000e+00  6.84433333e-09  1.20666667e-09 
 6.84633333e-09  1.80000000e+00  6.84633333e-09  1.20666667e-09 
 6.84833333e-09  1.80000000e+00  6.84833333e-09  1.20666667e-09 
 6.85033333e-09  1.80000000e+00  6.85033333e-09  1.20666667e-09 
 6.85233333e-09  1.80000000e+00  6.85233333e-09  1.20666667e-09 
 6.85433333e-09  1.80000000e+00  6.85433333e-09  1.20666667e-09 
 6.85633333e-09  1.80000000e+00  6.85633333e-09  1.20666667e-09 
 6.85833333e-09  1.80000000e+00  6.85833333e-09  1.20666667e-09 
 6.86033333e-09  1.80000000e+00  6.86033333e-09  1.20666667e-09 
 6.86233333e-09  1.80000000e+00  6.86233333e-09  1.20666667e-09 
 6.86433333e-09  1.80000000e+00  6.86433333e-09  1.20666667e-09 
 6.86633333e-09  1.80000000e+00  6.86633333e-09  1.20666667e-09 
 6.86833333e-09  1.80000000e+00  6.86833333e-09  1.20666667e-09 
 6.87033333e-09  1.80000000e+00  6.87033333e-09  1.20666667e-09 
 6.87233333e-09  1.80000000e+00  6.87233333e-09  1.20666667e-09 
 6.87433333e-09  1.80000000e+00  6.87433333e-09  1.20666667e-09 
 6.87633333e-09  1.80000000e+00  6.87633333e-09  1.20666667e-09 
 6.87833333e-09  1.80000000e+00  6.87833333e-09  1.20666667e-09 
 6.88033333e-09  1.80000000e+00  6.88033333e-09  1.20666667e-09 
 6.88233333e-09  1.80000000e+00  6.88233333e-09  1.20666667e-09 
 6.88433333e-09  1.80000000e+00  6.88433333e-09  1.20666667e-09 
 6.88633333e-09  1.80000000e+00  6.88633333e-09  1.20666667e-09 
 6.88833333e-09  1.80000000e+00  6.88833333e-09  1.20666667e-09 
 6.89033333e-09  1.80000000e+00  6.89033333e-09  1.20666667e-09 
 6.89233333e-09  1.80000000e+00  6.89233333e-09  1.20666667e-09 
 6.89433333e-09  1.80000000e+00  6.89433333e-09  1.20666667e-09 
 6.89633333e-09  1.80000000e+00  6.89633333e-09  1.20666667e-09 
 6.89833333e-09  1.80000000e+00  6.89833333e-09  1.20666667e-09 
 6.90033333e-09  1.80000000e+00  6.90033333e-09  1.20666667e-09 
 6.90233333e-09  1.80000000e+00  6.90233333e-09  1.20666667e-09 
 6.90433333e-09  1.80000000e+00  6.90433333e-09  1.20666667e-09 
 6.90633333e-09  1.80000000e+00  6.90633333e-09  1.20666667e-09 
 6.90833333e-09  1.80000000e+00  6.90833333e-09  1.20666667e-09 
 6.91033333e-09  1.80000000e+00  6.91033333e-09  1.20666667e-09 
 6.91233333e-09  1.80000000e+00  6.91233333e-09  1.20666667e-09 
 6.91433333e-09  1.80000000e+00  6.91433333e-09  1.20666667e-09 
 6.91633333e-09  1.80000000e+00  6.91633333e-09  1.20666667e-09 
 6.91833333e-09  1.80000000e+00  6.91833333e-09  1.20666667e-09 
 6.92033333e-09  1.80000000e+00  6.92033333e-09  1.20666667e-09 
 6.92233333e-09  1.80000000e+00  6.92233333e-09  1.20666667e-09 
 6.92433333e-09  1.80000000e+00  6.92433333e-09  1.20666667e-09 
 6.92633333e-09  1.80000000e+00  6.92633333e-09  1.20666667e-09 
 6.92833333e-09  1.80000000e+00  6.92833333e-09  1.20666667e-09 
 6.93033333e-09  1.80000000e+00  6.93033333e-09  1.20666667e-09 
 6.93233333e-09  1.80000000e+00  6.93233333e-09  1.20666667e-09 
 6.93433333e-09  1.80000000e+00  6.93433333e-09  1.20666667e-09 
 6.93633333e-09  1.80000000e+00  6.93633333e-09  1.20666667e-09 
 6.93833333e-09  1.80000000e+00  6.93833333e-09  1.20666667e-09 
 6.94033333e-09  1.80000000e+00  6.94033333e-09  1.20666667e-09 
 6.94233333e-09  1.80000000e+00  6.94233333e-09  1.20666667e-09 
 6.94433333e-09  1.80000000e+00  6.94433333e-09  1.20666667e-09 
 6.94633333e-09  1.80000000e+00  6.94633333e-09  1.20666667e-09 
 6.94833333e-09  1.80000000e+00  6.94833333e-09  1.20666667e-09 
 6.95033333e-09  1.80000000e+00  6.95033333e-09  1.20666667e-09 
 6.95233333e-09  1.80000000e+00  6.95233333e-09  1.20666667e-09 
 6.95433333e-09  1.80000000e+00  6.95433333e-09  1.20666667e-09 
 6.95633333e-09  1.80000000e+00  6.95633333e-09  1.20666667e-09 
 6.95833333e-09  1.80000000e+00  6.95833333e-09  1.20666667e-09 
 6.96033333e-09  1.80000000e+00  6.96033333e-09  1.20666667e-09 
 6.96233333e-09  1.80000000e+00  6.96233333e-09  1.20666667e-09 
 6.96433333e-09  1.80000000e+00  6.96433333e-09  1.20666667e-09 
 6.96633333e-09  1.80000000e+00  6.96633333e-09  1.20666667e-09 
 6.96833333e-09  1.80000000e+00  6.96833333e-09  1.20666667e-09 
 6.97033333e-09  1.80000000e+00  6.97033333e-09  1.20666667e-09 
 6.97233333e-09  1.80000000e+00  6.97233333e-09  1.20666667e-09 
 6.97433333e-09  1.80000000e+00  6.97433333e-09  1.20666667e-09 
 6.97633333e-09  1.80000000e+00  6.97633333e-09  1.20666667e-09 
 6.97833333e-09  1.80000000e+00  6.97833333e-09  1.20666667e-09 
 6.98033333e-09  1.80000000e+00  6.98033333e-09  1.20666667e-09 
 6.98233333e-09  1.80000000e+00  6.98233333e-09  1.20666667e-09 
 6.98433333e-09  1.80000000e+00  6.98433333e-09  1.20666667e-09 
 6.98633333e-09  1.80000000e+00  6.98633333e-09  1.20666667e-09 
 6.98833333e-09  1.80000000e+00  6.98833333e-09  1.20666667e-09 
 6.99033333e-09  1.80000000e+00  6.99033333e-09  1.20666667e-09 
 6.99233333e-09  1.80000000e+00  6.99233333e-09  1.20666667e-09 
 6.99433333e-09  1.80000000e+00  6.99433333e-09  1.20666667e-09 
 6.99633333e-09  1.80000000e+00  6.99633333e-09  1.20666667e-09 
 6.99833333e-09  1.80000000e+00  6.99833333e-09  1.20666667e-09 
 7.00033333e-09  1.80000000e+00  7.00033333e-09  1.20666667e-09 
 7.00233333e-09  1.80000000e+00  7.00233333e-09  1.20666667e-09 
 7.00433333e-09  1.80000000e+00  7.00433333e-09  1.20666667e-09 
 7.00633333e-09  1.80000000e+00  7.00633333e-09  1.20666667e-09 
 7.00833333e-09  1.80000000e+00  7.00833333e-09  1.20666667e-09 
 7.01033333e-09  1.80000000e+00  7.01033333e-09  1.20666667e-09 
 7.01233333e-09  1.80000000e+00  7.01233333e-09  1.20666667e-09 
 7.01433333e-09  1.80000000e+00  7.01433333e-09  1.20666667e-09 
 7.01633333e-09  1.80000000e+00  7.01633333e-09  1.20666667e-09 
 7.01833333e-09  1.80000000e+00  7.01833333e-09  1.20666667e-09 
 7.02033333e-09  1.80000000e+00  7.02033333e-09  1.20666667e-09 
 7.02233333e-09  1.80000000e+00  7.02233333e-09  1.20666667e-09 
 7.02433333e-09  1.80000000e+00  7.02433333e-09  1.20666667e-09 
 7.02633333e-09  1.80000000e+00  7.02633333e-09  1.20666667e-09 
 7.02833333e-09  1.80000000e+00  7.02833333e-09  1.20666667e-09 
 7.03033333e-09  1.80000000e+00  7.03033333e-09  1.20666667e-09 
 7.03233333e-09  1.80000000e+00  7.03233333e-09  1.20666667e-09 
 7.03433333e-09  1.80000000e+00  7.03433333e-09  1.20666667e-09 
 7.03633333e-09  1.80000000e+00  7.03633333e-09  1.20666667e-09 
 7.03833333e-09  1.80000000e+00  7.03833333e-09  1.20666667e-09 
 7.04033333e-09  1.80000000e+00  7.04033333e-09  1.20666667e-09 
 7.04233333e-09  1.80000000e+00  7.04233333e-09  1.20666667e-09 
 7.04433333e-09  1.80000000e+00  7.04433333e-09  1.20666667e-09 
 7.04633333e-09  1.80000000e+00  7.04633333e-09  1.20666667e-09 
 7.04833333e-09  1.80000000e+00  7.04833333e-09  1.20666667e-09 
 7.05033333e-09  1.80000000e+00  7.05033333e-09  1.20666667e-09 
 7.05233333e-09  1.80000000e+00  7.05233333e-09  1.20666667e-09 
 7.05433333e-09  1.80000000e+00  7.05433333e-09  1.20666667e-09 
 7.05633333e-09  1.80000000e+00  7.05633333e-09  1.20666667e-09 
 7.05833333e-09  1.80000000e+00  7.05833333e-09  1.20666667e-09 
 7.06033333e-09  1.80000000e+00  7.06033333e-09  1.20666667e-09 
 7.06233333e-09  1.80000000e+00  7.06233333e-09  1.20666667e-09 
 7.06433333e-09  1.80000000e+00  7.06433333e-09  1.20666667e-09 
 7.06633333e-09  1.80000000e+00  7.06633333e-09  1.20666667e-09 
 7.06833333e-09  1.80000000e+00  7.06833333e-09  1.20666667e-09 
 7.07033333e-09  1.80000000e+00  7.07033333e-09  1.20666667e-09 
 7.07233333e-09  1.80000000e+00  7.07233333e-09  1.20666667e-09 
 7.07433333e-09  1.80000000e+00  7.07433333e-09  1.20666667e-09 
 7.07633333e-09  1.80000000e+00  7.07633333e-09  1.20666667e-09 
 7.07833333e-09  1.80000000e+00  7.07833333e-09  1.20666667e-09 
 7.08033333e-09  1.80000000e+00  7.08033333e-09  1.20666667e-09 
 7.08233333e-09  1.80000000e+00  7.08233333e-09  1.20666667e-09 
 7.08433333e-09  1.80000000e+00  7.08433333e-09  1.20666667e-09 
 7.08633333e-09  1.80000000e+00  7.08633333e-09  1.20666667e-09 
 7.08833333e-09  1.80000000e+00  7.08833333e-09  1.20666667e-09 
 7.09033333e-09  1.80000000e+00  7.09033333e-09  1.20666667e-09 
 7.09233333e-09  1.80000000e+00  7.09233333e-09  1.20666667e-09 
 7.09433333e-09  1.80000000e+00  7.09433333e-09  1.20666667e-09 
 7.09633333e-09  1.80000000e+00  7.09633333e-09  1.20666667e-09 
 7.09833333e-09  1.80000000e+00  7.09833333e-09  1.20666667e-09 
 7.10033333e-09  1.80000000e+00  7.10033333e-09  1.20666667e-09 
 7.10233333e-09  1.80000000e+00  7.10233333e-09  1.20666667e-09 
 7.10433333e-09  1.80000000e+00  7.10433333e-09  1.20666667e-09 
 7.10633333e-09  1.80000000e+00  7.10633333e-09  1.20666667e-09 
 7.10833333e-09  1.80000000e+00  7.10833333e-09  1.20666667e-09 
 7.11033333e-09  1.80000000e+00  7.11033333e-09  1.20666667e-09 
 7.11233333e-09  1.80000000e+00  7.11233333e-09  1.20666667e-09 
 7.11433333e-09  1.80000000e+00  7.11433333e-09  1.20666667e-09 
 7.11633333e-09  1.80000000e+00  7.11633333e-09  1.20666667e-09 
 7.11833333e-09  1.80000000e+00  7.11833333e-09  1.20666667e-09 
 7.12033333e-09  1.80000000e+00  7.12033333e-09  1.20666667e-09 
 7.12233333e-09  1.80000000e+00  7.12233333e-09  1.20666667e-09 
 7.12433333e-09  1.80000000e+00  7.12433333e-09  1.20666667e-09 
 7.12633333e-09  1.80000000e+00  7.12633333e-09  1.20666667e-09 
 7.12833333e-09  1.80000000e+00  7.12833333e-09  1.20666667e-09 
 7.13033333e-09  1.80000000e+00  7.13033333e-09  1.20666667e-09 
 7.13233333e-09  1.80000000e+00  7.13233333e-09  1.20666667e-09 
 7.13433333e-09  1.80000000e+00  7.13433333e-09  1.20666667e-09 
 7.13633333e-09  1.80000000e+00  7.13633333e-09  1.20666667e-09 
 7.13833333e-09  1.80000000e+00  7.13833333e-09  1.20666667e-09 
 7.14033333e-09  1.80000000e+00  7.14033333e-09  1.20666667e-09 
 7.14233333e-09  1.80000000e+00  7.14233333e-09  1.20666667e-09 
 7.14433333e-09  1.80000000e+00  7.14433333e-09  1.20666667e-09 
 7.14633333e-09  1.80000000e+00  7.14633333e-09  1.20666667e-09 
 7.14833333e-09  1.80000000e+00  7.14833333e-09  1.20666667e-09 
 7.15033333e-09  1.80000000e+00  7.15033333e-09  1.20666667e-09 
 7.15233333e-09  1.80000000e+00  7.15233333e-09  1.20666667e-09 
 7.15433333e-09  1.80000000e+00  7.15433333e-09  1.20666667e-09 
 7.15633333e-09  1.80000000e+00  7.15633333e-09  1.20666667e-09 
 7.15833333e-09  1.80000000e+00  7.15833333e-09  1.20666667e-09 
 7.16033333e-09  1.80000000e+00  7.16033333e-09  1.20666667e-09 
 7.16233333e-09  1.80000000e+00  7.16233333e-09  1.20666667e-09 
 7.16433333e-09  1.80000000e+00  7.16433333e-09  1.20666667e-09 
 7.16633333e-09  1.80000000e+00  7.16633333e-09  1.20666667e-09 
 7.16833333e-09  1.80000000e+00  7.16833333e-09  1.20666667e-09 
 7.17033333e-09  1.80000000e+00  7.17033333e-09  1.20666667e-09 
 7.17233333e-09  1.80000000e+00  7.17233333e-09  1.20666667e-09 
 7.17433333e-09  1.80000000e+00  7.17433333e-09  1.20666667e-09 
 7.17633333e-09  1.80000000e+00  7.17633333e-09  1.20666667e-09 
 7.17833333e-09  1.80000000e+00  7.17833333e-09  1.20666667e-09 
 7.18033333e-09  1.80000000e+00  7.18033333e-09  1.20666667e-09 
 7.18233333e-09  1.80000000e+00  7.18233333e-09  1.20666667e-09 
 7.18433333e-09  1.80000000e+00  7.18433333e-09  1.20666667e-09 
 7.18633333e-09  1.80000000e+00  7.18633333e-09  1.20666667e-09 
 7.18833333e-09  1.80000000e+00  7.18833333e-09  1.20666667e-09 
 7.19033333e-09  1.80000000e+00  7.19033333e-09  1.20666667e-09 
 7.19233333e-09  1.80000000e+00  7.19233333e-09  1.20666667e-09 
 7.19433333e-09  1.80000000e+00  7.19433333e-09  1.20666667e-09 
 7.19633333e-09  1.80000000e+00  7.19633333e-09  1.20666667e-09 
 7.19833333e-09  1.80000000e+00  7.19833333e-09  1.20666667e-09 
 7.20033333e-09  1.80000000e+00  7.20033333e-09  1.20666667e-09 
 7.20233333e-09  1.80000000e+00  7.20233333e-09  1.20666667e-09 
 7.20433333e-09  1.80000000e+00  7.20433333e-09  1.20666667e-09 
 7.20633333e-09  1.80000000e+00  7.20633333e-09  1.20666667e-09 
 7.20833333e-09  1.80000000e+00  7.20833333e-09  1.20666667e-09 
 7.21033333e-09  1.80000000e+00  7.21033333e-09  1.20666667e-09 
 7.21233333e-09  1.80000000e+00  7.21233333e-09  1.20666667e-09 
 7.21433333e-09  1.80000000e+00  7.21433333e-09  1.20666667e-09 
 7.21633333e-09  1.80000000e+00  7.21633333e-09  1.20666667e-09 
 7.21833333e-09  1.80000000e+00  7.21833333e-09  1.20666667e-09 
 7.22033333e-09  1.80000000e+00  7.22033333e-09  1.20666667e-09 
 7.22233333e-09  1.80000000e+00  7.22233333e-09  1.20666667e-09 
 7.22433333e-09  1.80000000e+00  7.22433333e-09  1.20666667e-09 
 7.22633333e-09  1.80000000e+00  7.22633333e-09  1.20666667e-09 
 7.22833333e-09  1.80000000e+00  7.22833333e-09  1.20666667e-09 
 7.23033333e-09  1.80000000e+00  7.23033333e-09  1.20666667e-09 
 7.23233333e-09  1.80000000e+00  7.23233333e-09  1.20666667e-09 
 7.23433333e-09  1.80000000e+00  7.23433333e-09  1.20666667e-09 
 7.23633333e-09  1.80000000e+00  7.23633333e-09  1.20666667e-09 
 7.23833333e-09  1.80000000e+00  7.23833333e-09  1.20666667e-09 
 7.24033333e-09  1.80000000e+00  7.24033333e-09  1.20666667e-09 
 7.24233333e-09  1.80000000e+00  7.24233333e-09  1.20666667e-09 
 7.24433333e-09  1.80000000e+00  7.24433333e-09  1.20666667e-09 
 7.24633333e-09  1.80000000e+00  7.24633333e-09  1.20666667e-09 
 7.24833333e-09  1.80000000e+00  7.24833333e-09  1.20666667e-09 
 7.25033333e-09  1.80000000e+00  7.25033333e-09  1.20666667e-09 
 7.25233333e-09  1.80000000e+00  7.25233333e-09  1.20666667e-09 
 7.25433333e-09  1.80000000e+00  7.25433333e-09  1.20666667e-09 
 7.25633333e-09  1.80000000e+00  7.25633333e-09  1.20666667e-09 
 7.25833333e-09  1.80000000e+00  7.25833333e-09  1.20666667e-09 
 7.26033333e-09  1.80000000e+00  7.26033333e-09  1.20666667e-09 
 7.26233333e-09  1.80000000e+00  7.26233333e-09  1.20666667e-09 
 7.26433333e-09  1.80000000e+00  7.26433333e-09  1.20666667e-09 
 7.26633333e-09  1.80000000e+00  7.26633333e-09  1.20666667e-09 
 7.26833333e-09  1.80000000e+00  7.26833333e-09  1.20666667e-09 
 7.27033333e-09  1.80000000e+00  7.27033333e-09  1.20666667e-09 
 7.27233333e-09  1.80000000e+00  7.27233333e-09  1.20666667e-09 
 7.27433333e-09  1.80000000e+00  7.27433333e-09  1.20666667e-09 
 7.27633333e-09  1.80000000e+00  7.27633333e-09  1.20666667e-09 
 7.27833333e-09  1.80000000e+00  7.27833333e-09  1.20666667e-09 
 7.28033333e-09  1.80000000e+00  7.28033333e-09  1.20666667e-09 
 7.28233333e-09  1.80000000e+00  7.28233333e-09  1.20666667e-09 
 7.28433333e-09  1.80000000e+00  7.28433333e-09  1.20666667e-09 
 7.28633333e-09  1.80000000e+00  7.28633333e-09  1.20666667e-09 
 7.28833333e-09  1.80000000e+00  7.28833333e-09  1.20666667e-09 
 7.29033333e-09  1.80000000e+00  7.29033333e-09  1.20666667e-09 
 7.29233333e-09  1.80000000e+00  7.29233333e-09  1.20666667e-09 
 7.29433333e-09  1.80000000e+00  7.29433333e-09  1.20666667e-09 
 7.29633333e-09  1.80000000e+00  7.29633333e-09  1.20666667e-09 
 7.29833333e-09  1.80000000e+00  7.29833333e-09  1.20666667e-09 
 7.30033333e-09  1.80000000e+00  7.30033333e-09  1.20666667e-09 
 7.30233333e-09  1.80000000e+00  7.30233333e-09  1.20666667e-09 
 7.30433333e-09  1.80000000e+00  7.30433333e-09  1.20666667e-09 
 7.30633333e-09  1.80000000e+00  7.30633333e-09  1.20666667e-09 
 7.30833333e-09  1.80000000e+00  7.30833333e-09  1.20666667e-09 
 7.31033333e-09  1.80000000e+00  7.31033333e-09  1.20666667e-09 
 7.31233333e-09  1.80000000e+00  7.31233333e-09  1.20666667e-09 
 7.31433333e-09  1.80000000e+00  7.31433333e-09  1.20666667e-09 
 7.31633333e-09  1.80000000e+00  7.31633333e-09  1.20666667e-09 
 7.31833333e-09  1.80000000e+00  7.31833333e-09  1.20666667e-09 
 7.32033333e-09  1.80000000e+00  7.32033333e-09  1.20666667e-09 
 7.32233333e-09  1.80000000e+00  7.32233333e-09  1.20666667e-09 
 7.32433333e-09  1.80000000e+00  7.32433333e-09  1.20666667e-09 
 7.32633333e-09  1.80000000e+00  7.32633333e-09  1.20666667e-09 
 7.32833333e-09  1.80000000e+00  7.32833333e-09  1.20666667e-09 
 7.33033333e-09  1.80000000e+00  7.33033333e-09  1.20666667e-09 
 7.33233333e-09  1.80000000e+00  7.33233333e-09  1.20666667e-09 
 7.33433333e-09  1.80000000e+00  7.33433333e-09  1.20666667e-09 
 7.33633333e-09  1.80000000e+00  7.33633333e-09  1.20666667e-09 
 7.33833333e-09  1.80000000e+00  7.33833333e-09  1.20666667e-09 
 7.34033333e-09  1.80000000e+00  7.34033333e-09  1.20666667e-09 
 7.34233333e-09  1.80000000e+00  7.34233333e-09  1.20666667e-09 
 7.34433333e-09  1.80000000e+00  7.34433333e-09  1.20666667e-09 
 7.34633333e-09  1.80000000e+00  7.34633333e-09  1.20666667e-09 
 7.34833333e-09  1.80000000e+00  7.34833333e-09  1.20666667e-09 
 7.35033333e-09  1.80000000e+00  7.35033333e-09  1.20666667e-09 
 7.35233333e-09  1.80000000e+00  7.35233333e-09  1.20666667e-09 
 7.35433333e-09  1.80000000e+00  7.35433333e-09  1.20666667e-09 
 7.35633333e-09  1.80000000e+00  7.35633333e-09  1.20666667e-09 
 7.35833333e-09  1.80000000e+00  7.35833333e-09  1.20666667e-09 
 7.36033333e-09  1.80000000e+00  7.36033333e-09  1.20666667e-09 
 7.36233333e-09  1.80000000e+00  7.36233333e-09  1.20666667e-09 
 7.36433333e-09  1.80000000e+00  7.36433333e-09  1.20666667e-09 
 7.36633333e-09  1.80000000e+00  7.36633333e-09  1.20666667e-09 
 7.36833333e-09  1.80000000e+00  7.36833333e-09  1.20666667e-09 
 7.37033333e-09  1.80000000e+00  7.37033333e-09  1.20666667e-09 
 7.37233333e-09  1.80000000e+00  7.37233333e-09  1.20666667e-09 
 7.37433333e-09  1.80000000e+00  7.37433333e-09  1.20666667e-09 
 7.37633333e-09  1.80000000e+00  7.37633333e-09  1.20666667e-09 
 7.37833333e-09  1.80000000e+00  7.37833333e-09  1.20666667e-09 
 7.38033333e-09  1.80000000e+00  7.38033333e-09  1.20666667e-09 
 7.38233333e-09  1.80000000e+00  7.38233333e-09  1.20666667e-09 
 7.38433333e-09  1.80000000e+00  7.38433333e-09  1.20666667e-09 
 7.38633333e-09  1.80000000e+00  7.38633333e-09  1.20666667e-09 
 7.38833333e-09  1.80000000e+00  7.38833333e-09  1.20666667e-09 
 7.39033333e-09  1.80000000e+00  7.39033333e-09  1.20666667e-09 
 7.39233333e-09  1.80000000e+00  7.39233333e-09  1.20666667e-09 
 7.39433333e-09  1.80000000e+00  7.39433333e-09  1.20666667e-09 
 7.39633333e-09  1.80000000e+00  7.39633333e-09  1.20666667e-09 
 7.39833333e-09  1.80000000e+00  7.39833333e-09  1.20666667e-09 
 7.40033333e-09  1.80000000e+00  7.40033333e-09  1.20666667e-09 
 7.40233333e-09  1.80000000e+00  7.40233333e-09  1.20666667e-09 
 7.40433333e-09  1.80000000e+00  7.40433333e-09  1.20666667e-09 
 7.40633333e-09  1.80000000e+00  7.40633333e-09  1.20666667e-09 
 7.40833333e-09  1.80000000e+00  7.40833333e-09  1.20666667e-09 
 7.41033333e-09  1.80000000e+00  7.41033333e-09  1.20666667e-09 
 7.41233333e-09  1.80000000e+00  7.41233333e-09  1.20666667e-09 
 7.41433333e-09  1.80000000e+00  7.41433333e-09  1.20666667e-09 
 7.41633333e-09  1.80000000e+00  7.41633333e-09  1.20666667e-09 
 7.41833333e-09  1.80000000e+00  7.41833333e-09  1.20666667e-09 
 7.42033333e-09  1.80000000e+00  7.42033333e-09  1.20666667e-09 
 7.42233333e-09  1.80000000e+00  7.42233333e-09  1.20666667e-09 
 7.42433333e-09  1.80000000e+00  7.42433333e-09  1.20666667e-09 
 7.42633333e-09  1.80000000e+00  7.42633333e-09  1.20666667e-09 
 7.42833333e-09  1.80000000e+00  7.42833333e-09  1.20666667e-09 
 7.43033333e-09  1.80000000e+00  7.43033333e-09  1.20666667e-09 
 7.43233333e-09  1.80000000e+00  7.43233333e-09  1.20666667e-09 
 7.43433333e-09  1.80000000e+00  7.43433333e-09  1.20666667e-09 
 7.43633333e-09  1.80000000e+00  7.43633333e-09  1.20666667e-09 
 7.43833333e-09  1.80000000e+00  7.43833333e-09  1.20666667e-09 
 7.44033333e-09  1.80000000e+00  7.44033333e-09  1.20666667e-09 
 7.44233333e-09  1.80000000e+00  7.44233333e-09  1.20666667e-09 
 7.44433333e-09  1.80000000e+00  7.44433333e-09  1.20666667e-09 
 7.44633333e-09  1.80000000e+00  7.44633333e-09  1.20666667e-09 
 7.44833333e-09  1.80000000e+00  7.44833333e-09  1.20666667e-09 
 7.45033333e-09  1.80000000e+00  7.45033333e-09  1.20666667e-09 
 7.45233333e-09  1.80000000e+00  7.45233333e-09  1.20666667e-09 
 7.45433333e-09  1.80000000e+00  7.45433333e-09  1.20666667e-09 
 7.45633333e-09  1.80000000e+00  7.45633333e-09  1.20666667e-09 
 7.45833333e-09  1.80000000e+00  7.45833333e-09  1.20666667e-09 
 7.46033333e-09  1.80000000e+00  7.46033333e-09  1.20666667e-09 
 7.46233333e-09  1.80000000e+00  7.46233333e-09  1.20666667e-09 
 7.46433333e-09  1.80000000e+00  7.46433333e-09  1.20666667e-09 
 7.46633333e-09  1.80000000e+00  7.46633333e-09  1.20666667e-09 
 7.46833333e-09  1.80000000e+00  7.46833333e-09  1.20666667e-09 
 7.47033333e-09  1.80000000e+00  7.47033333e-09  1.20666667e-09 
 7.47233333e-09  1.80000000e+00  7.47233333e-09  1.20666667e-09 
 7.47433333e-09  1.80000000e+00  7.47433333e-09  1.20666667e-09 
 7.47633333e-09  1.80000000e+00  7.47633333e-09  1.20666667e-09 
 7.47833333e-09  1.80000000e+00  7.47833333e-09  1.20666667e-09 
 7.48033333e-09  1.80000000e+00  7.48033333e-09  1.20666667e-09 
 7.48233333e-09  1.80000000e+00  7.48233333e-09  1.20666667e-09 
 7.48433333e-09  1.80000000e+00  7.48433333e-09  1.20666667e-09 
 7.48633333e-09  1.80000000e+00  7.48633333e-09  1.20666667e-09 
 7.48833333e-09  1.80000000e+00  7.48833333e-09  1.20666667e-09 
 7.49033333e-09  1.80000000e+00  7.49033333e-09  1.20666667e-09 
 7.49233333e-09  1.80000000e+00  7.49233333e-09  1.20666667e-09 
 7.49433333e-09  1.80000000e+00  7.49433333e-09  1.20666667e-09 
 7.49633333e-09  1.80000000e+00  7.49633333e-09  1.20666667e-09 
 7.49833333e-09  1.80000000e+00  7.49833333e-09  1.20666667e-09 
 7.50033333e-09  1.80000000e+00  7.50033333e-09  1.20666667e-09 
 7.50233333e-09  1.80000000e+00  7.50233333e-09  1.20666667e-09 
 7.50433333e-09  1.80000000e+00  7.50433333e-09  1.20666667e-09 
 7.50633333e-09  1.80000000e+00  7.50633333e-09  1.20666667e-09 
 7.50833333e-09  1.80000000e+00  7.50833333e-09  1.20666667e-09 
 7.51033333e-09  1.80000000e+00  7.51033333e-09  1.20666667e-09 
 7.51233333e-09  1.80000000e+00  7.51233333e-09  1.20666667e-09 
 7.51433333e-09  1.80000000e+00  7.51433333e-09  1.20666667e-09 
 7.51633333e-09  1.80000000e+00  7.51633333e-09  1.20666667e-09 
 7.51833333e-09  1.80000000e+00  7.51833333e-09  1.20666667e-09 
 7.52033333e-09  1.80000000e+00  7.52033333e-09  1.20666667e-09 
 7.52233333e-09  1.80000000e+00  7.52233333e-09  1.20666667e-09 
 7.52433333e-09  1.80000000e+00  7.52433333e-09  1.20666667e-09 
 7.52633333e-09  1.80000000e+00  7.52633333e-09  1.20666667e-09 
 7.52833333e-09  1.80000000e+00  7.52833333e-09  1.20666667e-09 
 7.53033333e-09  1.80000000e+00  7.53033333e-09  1.20666667e-09 
 7.53233333e-09  1.80000000e+00  7.53233333e-09  1.20666667e-09 
 7.53433333e-09  1.80000000e+00  7.53433333e-09  1.20666667e-09 
 7.53633333e-09  1.80000000e+00  7.53633333e-09  1.20666667e-09 
 7.53833333e-09  1.80000000e+00  7.53833333e-09  1.20666667e-09 
 7.54033333e-09  1.80000000e+00  7.54033333e-09  1.20666667e-09 
 7.54233333e-09  1.80000000e+00  7.54233333e-09  1.20666667e-09 
 7.54433333e-09  1.80000000e+00  7.54433333e-09  1.20666667e-09 
 7.54633333e-09  1.80000000e+00  7.54633333e-09  1.20666667e-09 
 7.54833333e-09  1.80000000e+00  7.54833333e-09  1.20666667e-09 
 7.55033333e-09  1.80000000e+00  7.55033333e-09  1.20666667e-09 
 7.55233333e-09  1.80000000e+00  7.55233333e-09  1.20666667e-09 
 7.55433333e-09  1.80000000e+00  7.55433333e-09  1.20666667e-09 
 7.55633333e-09  1.80000000e+00  7.55633333e-09  1.20666667e-09 
 7.55833333e-09  1.80000000e+00  7.55833333e-09  1.20666667e-09 
 7.56033333e-09  1.80000000e+00  7.56033333e-09  1.20666667e-09 
 7.56233333e-09  1.80000000e+00  7.56233333e-09  1.20666667e-09 
 7.56433333e-09  1.80000000e+00  7.56433333e-09  1.20666667e-09 
 7.56633333e-09  1.80000000e+00  7.56633333e-09  1.20666667e-09 
 7.56833333e-09  1.80000000e+00  7.56833333e-09  1.20666667e-09 
 7.57033333e-09  1.80000000e+00  7.57033333e-09  1.20666667e-09 
 7.57233333e-09  1.80000000e+00  7.57233333e-09  1.20666667e-09 
 7.57433333e-09  1.80000000e+00  7.57433333e-09  1.20666667e-09 
 7.57633333e-09  1.80000000e+00  7.57633333e-09  1.20666667e-09 
 7.57833333e-09  1.80000000e+00  7.57833333e-09  1.20666667e-09 
 7.58033333e-09  1.80000000e+00  7.58033333e-09  1.20666667e-09 
 7.58233333e-09  1.80000000e+00  7.58233333e-09  1.20666667e-09 
 7.58433333e-09  1.80000000e+00  7.58433333e-09  1.20666667e-09 
 7.58633333e-09  1.80000000e+00  7.58633333e-09  1.20666667e-09 
 7.58833333e-09  1.80000000e+00  7.58833333e-09  1.20666667e-09 
 7.59033333e-09  1.80000000e+00  7.59033333e-09  1.20666667e-09 
 7.59233333e-09  1.80000000e+00  7.59233333e-09  1.20666667e-09 
 7.59433333e-09  1.80000000e+00  7.59433333e-09  1.20666667e-09 
 7.59633333e-09  1.80000000e+00  7.59633333e-09  1.20666667e-09 
 7.59833333e-09  1.80000000e+00  7.59833333e-09  1.20666667e-09 
 7.60033333e-09  1.80000000e+00  7.60033333e-09  1.20666667e-09 
 7.60233333e-09  1.80000000e+00  7.60233333e-09  1.20666667e-09 
 7.60433333e-09  1.80000000e+00  7.60433333e-09  1.20666667e-09 
 7.60633333e-09  1.80000000e+00  7.60633333e-09  1.20666667e-09 
 7.60833333e-09  1.80000000e+00  7.60833333e-09  1.20666667e-09 
 7.61033333e-09  1.80000000e+00  7.61033333e-09  1.20666667e-09 
 7.61233333e-09  1.80000000e+00  7.61233333e-09  1.20666667e-09 
 7.61433333e-09  1.80000000e+00  7.61433333e-09  1.20666667e-09 
 7.61633333e-09  1.80000000e+00  7.61633333e-09  1.20666667e-09 
 7.61833333e-09  1.80000000e+00  7.61833333e-09  1.20666667e-09 
 7.62033333e-09  1.80000000e+00  7.62033333e-09  1.20666667e-09 
 7.62233333e-09  1.80000000e+00  7.62233333e-09  1.20666667e-09 
 7.62433333e-09  1.80000000e+00  7.62433333e-09  1.20666667e-09 
 7.62633333e-09  1.80000000e+00  7.62633333e-09  1.20666667e-09 
 7.62833333e-09  1.80000000e+00  7.62833333e-09  1.20666667e-09 
 7.63033333e-09  1.80000000e+00  7.63033333e-09  1.20666667e-09 
 7.63233333e-09  1.80000000e+00  7.63233333e-09  1.20666667e-09 
 7.63433333e-09  1.80000000e+00  7.63433333e-09  1.20666667e-09 
 7.63633333e-09  1.80000000e+00  7.63633333e-09  1.20666667e-09 
 7.63833333e-09  1.80000000e+00  7.63833333e-09  1.20666667e-09 
 7.64033333e-09  1.80000000e+00  7.64033333e-09  1.20666667e-09 
 7.64233333e-09  1.80000000e+00  7.64233333e-09  1.20666667e-09 
 7.64433333e-09  1.80000000e+00  7.64433333e-09  1.20666667e-09 
 7.64633333e-09  1.80000000e+00  7.64633333e-09  1.20666667e-09 
 7.64833333e-09  1.80000000e+00  7.64833333e-09  1.20666667e-09 
 7.65033333e-09  1.80000000e+00  7.65033333e-09  1.20666667e-09 
 7.65233333e-09  1.80000000e+00  7.65233333e-09  1.20666667e-09 
 7.65433333e-09  1.80000000e+00  7.65433333e-09  1.20666667e-09 
 7.65633333e-09  1.80000000e+00  7.65633333e-09  1.20666667e-09 
 7.65833333e-09  1.80000000e+00  7.65833333e-09  1.20666667e-09 
 7.66033333e-09  1.80000000e+00  7.66033333e-09  1.20666667e-09 
 7.66233333e-09  1.80000000e+00  7.66233333e-09  1.20666667e-09 
 7.66433333e-09  1.80000000e+00  7.66433333e-09  1.20666667e-09 
 7.66633333e-09  1.80000000e+00  7.66633333e-09  1.20666667e-09 
 7.66833333e-09  1.80000000e+00  7.66833333e-09  1.20666667e-09 
 7.67033333e-09  1.80000000e+00  7.67033333e-09  1.20666667e-09 
 7.67233333e-09  1.80000000e+00  7.67233333e-09  1.20666667e-09 
 7.67433333e-09  1.80000000e+00  7.67433333e-09  1.20666667e-09 
 7.67633333e-09  1.80000000e+00  7.67633333e-09  1.20666667e-09 
 7.67833333e-09  1.80000000e+00  7.67833333e-09  1.20666667e-09 
 7.68033333e-09  1.80000000e+00  7.68033333e-09  1.20666667e-09 
 7.68233333e-09  1.80000000e+00  7.68233333e-09  1.20666667e-09 
 7.68433333e-09  1.80000000e+00  7.68433333e-09  1.20666667e-09 
 7.68633333e-09  1.80000000e+00  7.68633333e-09  1.20666667e-09 
 7.68833333e-09  1.80000000e+00  7.68833333e-09  1.20666667e-09 
 7.69033333e-09  1.80000000e+00  7.69033333e-09  1.20666667e-09 
 7.69233333e-09  1.80000000e+00  7.69233333e-09  1.20666667e-09 
 7.69433333e-09  1.80000000e+00  7.69433333e-09  1.20666667e-09 
 7.69633333e-09  1.80000000e+00  7.69633333e-09  1.20666667e-09 
 7.69833333e-09  1.80000000e+00  7.69833333e-09  1.20666667e-09 
 7.70033333e-09  1.80000000e+00  7.70033333e-09  1.20666667e-09 
 7.70233333e-09  1.80000000e+00  7.70233333e-09  1.20666667e-09 
 7.70433333e-09  1.80000000e+00  7.70433333e-09  1.20666667e-09 
 7.70633333e-09  1.80000000e+00  7.70633333e-09  1.20666667e-09 
 7.70833333e-09  1.80000000e+00  7.70833333e-09  1.20666667e-09 
 7.71033333e-09  1.80000000e+00  7.71033333e-09  1.20666667e-09 
 7.71233333e-09  1.80000000e+00  7.71233333e-09  1.20666667e-09 
 7.71433333e-09  1.80000000e+00  7.71433333e-09  1.20666667e-09 
 7.71633333e-09  1.80000000e+00  7.71633333e-09  1.20666667e-09 
 7.71833333e-09  1.80000000e+00  7.71833333e-09  1.20666667e-09 
 7.72033333e-09  1.80000000e+00  7.72033333e-09  1.20666667e-09 
 7.72233333e-09  1.80000000e+00  7.72233333e-09  1.20666667e-09 
 7.72433333e-09  1.80000000e+00  7.72433333e-09  1.20666667e-09 
 7.72633333e-09  1.80000000e+00  7.72633333e-09  1.20666667e-09 
 7.72833333e-09  1.80000000e+00  7.72833333e-09  1.20666667e-09 
 7.73033333e-09  1.80000000e+00  7.73033333e-09  1.20666667e-09 
 7.73233333e-09  1.80000000e+00  7.73233333e-09  1.20666667e-09 
 7.73433333e-09  1.80000000e+00  7.73433333e-09  1.20666667e-09 
 7.73633333e-09  1.80000000e+00  7.73633333e-09  1.20666667e-09 
 7.73833333e-09  1.80000000e+00  7.73833333e-09  1.20666667e-09 
 7.74033333e-09  1.80000000e+00  7.74033333e-09  1.20666667e-09 
 7.74233333e-09  1.80000000e+00  7.74233333e-09  1.20666667e-09 
 7.74433333e-09  1.80000000e+00  7.74433333e-09  1.20666667e-09 
 7.74633333e-09  1.80000000e+00  7.74633333e-09  1.20666667e-09 
 7.74833333e-09  1.80000000e+00  7.74833333e-09  1.20666667e-09 
 7.75033333e-09  1.80000000e+00  7.75033333e-09  1.20666667e-09 
 7.75233333e-09  1.80000000e+00  7.75233333e-09  1.20666667e-09 
 7.75433333e-09  1.80000000e+00  7.75433333e-09  1.20666667e-09 
 7.75633333e-09  1.80000000e+00  7.75633333e-09  1.20666667e-09 
 7.75833333e-09  1.80000000e+00  7.75833333e-09  1.20666667e-09 
 7.76033333e-09  1.80000000e+00  7.76033333e-09  1.20666667e-09 
 7.76233333e-09  1.80000000e+00  7.76233333e-09  1.20666667e-09 
 7.76433333e-09  1.80000000e+00  7.76433333e-09  1.20666667e-09 
 7.76633333e-09  1.80000000e+00  7.76633333e-09  1.20666667e-09 
 7.76833333e-09  1.80000000e+00  7.76833333e-09  1.20666667e-09 
 7.77033333e-09  1.80000000e+00  7.77033333e-09  1.20666667e-09 
 7.77233333e-09  1.80000000e+00  7.77233333e-09  1.20666667e-09 
 7.77433333e-09  1.80000000e+00  7.77433333e-09  1.20666667e-09 
 7.77633333e-09  1.80000000e+00  7.77633333e-09  1.20666667e-09 
 7.77833333e-09  1.80000000e+00  7.77833333e-09  1.20666667e-09 
 7.78033333e-09  1.80000000e+00  7.78033333e-09  1.20666667e-09 
 7.78233333e-09  1.80000000e+00  7.78233333e-09  1.20666667e-09 
 7.78433333e-09  1.80000000e+00  7.78433333e-09  1.20666667e-09 
 7.78633333e-09  1.80000000e+00  7.78633333e-09  1.20666667e-09 
 7.78833333e-09  1.80000000e+00  7.78833333e-09  1.20666667e-09 
 7.79033333e-09  1.80000000e+00  7.79033333e-09  1.20666667e-09 
 7.79233333e-09  1.80000000e+00  7.79233333e-09  1.20666667e-09 
 7.79433333e-09  1.80000000e+00  7.79433333e-09  1.20666667e-09 
 7.79633333e-09  1.80000000e+00  7.79633333e-09  1.20666667e-09 
 7.79833333e-09  1.80000000e+00  7.79833333e-09  1.20666667e-09 
 7.80033333e-09  1.80000000e+00  7.80033333e-09  1.20666667e-09 
 7.80233333e-09  1.80000000e+00  7.80233333e-09  1.20666667e-09 
 7.80433333e-09  1.80000000e+00  7.80433333e-09  1.20666667e-09 
 7.80633333e-09  1.80000000e+00  7.80633333e-09  1.20666667e-09 
 7.80833333e-09  1.80000000e+00  7.80833333e-09  1.20666667e-09 
 7.81033333e-09  1.80000000e+00  7.81033333e-09  1.20666667e-09 
 7.81233333e-09  1.80000000e+00  7.81233333e-09  1.20666667e-09 
 7.81433333e-09  1.80000000e+00  7.81433333e-09  1.20666667e-09 
 7.81633333e-09  1.80000000e+00  7.81633333e-09  1.20666667e-09 
 7.81833333e-09  1.80000000e+00  7.81833333e-09  1.20666667e-09 
 7.82033333e-09  1.80000000e+00  7.82033333e-09  1.20666667e-09 
 7.82233333e-09  1.80000000e+00  7.82233333e-09  1.20666667e-09 
 7.82433333e-09  1.80000000e+00  7.82433333e-09  1.20666667e-09 
 7.82633333e-09  1.80000000e+00  7.82633333e-09  1.20666667e-09 
 7.82833333e-09  1.80000000e+00  7.82833333e-09  1.20666667e-09 
 7.83033333e-09  1.80000000e+00  7.83033333e-09  1.20666667e-09 
 7.83233333e-09  1.80000000e+00  7.83233333e-09  1.20666667e-09 
 7.83433333e-09  1.80000000e+00  7.83433333e-09  1.20666667e-09 
 7.83633333e-09  1.80000000e+00  7.83633333e-09  1.20666667e-09 
 7.83833333e-09  1.80000000e+00  7.83833333e-09  1.20666667e-09 
 7.84033333e-09  1.80000000e+00  7.84033333e-09  1.20666667e-09 
 7.84233333e-09  1.80000000e+00  7.84233333e-09  1.20666667e-09 
 7.84433333e-09  1.80000000e+00  7.84433333e-09  1.20666667e-09 
 7.84633333e-09  1.80000000e+00  7.84633333e-09  1.20666667e-09 
 7.84833333e-09  1.80000000e+00  7.84833333e-09  1.20666667e-09 
 7.85033333e-09  1.80000000e+00  7.85033333e-09  1.20666667e-09 
 7.85233333e-09  1.80000000e+00  7.85233333e-09  1.20666667e-09 
 7.85433333e-09  1.80000000e+00  7.85433333e-09  1.20666667e-09 
 7.85633333e-09  1.80000000e+00  7.85633333e-09  1.20666667e-09 
 7.85833333e-09  1.80000000e+00  7.85833333e-09  1.20666667e-09 
 7.86033333e-09  1.80000000e+00  7.86033333e-09  1.20666667e-09 
 7.86233333e-09  1.80000000e+00  7.86233333e-09  1.20666667e-09 
 7.86433333e-09  1.80000000e+00  7.86433333e-09  1.20666667e-09 
 7.86633333e-09  1.80000000e+00  7.86633333e-09  1.20666667e-09 
 7.86833333e-09  1.80000000e+00  7.86833333e-09  1.20666667e-09 
 7.87033333e-09  1.80000000e+00  7.87033333e-09  1.20666667e-09 
 7.87233333e-09  1.80000000e+00  7.87233333e-09  1.20666667e-09 
 7.87433333e-09  1.80000000e+00  7.87433333e-09  1.20666667e-09 
 7.87633333e-09  1.80000000e+00  7.87633333e-09  1.20666667e-09 
 7.87833333e-09  1.80000000e+00  7.87833333e-09  1.20666667e-09 
 7.88033333e-09  1.80000000e+00  7.88033333e-09  1.20666667e-09 
 7.88233333e-09  1.80000000e+00  7.88233333e-09  1.20666667e-09 
 7.88433333e-09  1.80000000e+00  7.88433333e-09  1.20666667e-09 
 7.88633333e-09  1.80000000e+00  7.88633333e-09  1.20666667e-09 
 7.88833333e-09  1.80000000e+00  7.88833333e-09  1.20666667e-09 
 7.89033333e-09  1.80000000e+00  7.89033333e-09  1.20666667e-09 
 7.89233333e-09  1.80000000e+00  7.89233333e-09  1.20666667e-09 
 7.89433333e-09  1.80000000e+00  7.89433333e-09  1.20666667e-09 
 7.89633333e-09  1.80000000e+00  7.89633333e-09  1.20666667e-09 
 7.89833333e-09  1.80000000e+00  7.89833333e-09  1.20666667e-09 
 7.90033333e-09  1.80000000e+00  7.90033333e-09  1.20666667e-09 
 7.90233333e-09  1.80000000e+00  7.90233333e-09  1.20666667e-09 
 7.90433333e-09  1.80000000e+00  7.90433333e-09  1.20666667e-09 
 7.90633333e-09  1.80000000e+00  7.90633333e-09  1.20666667e-09 
 7.90833333e-09  1.80000000e+00  7.90833333e-09  1.20666667e-09 
 7.91033333e-09  1.80000000e+00  7.91033333e-09  1.20666667e-09 
 7.91233333e-09  1.80000000e+00  7.91233333e-09  1.20666667e-09 
 7.91433333e-09  1.80000000e+00  7.91433333e-09  1.20666667e-09 
 7.91633333e-09  1.80000000e+00  7.91633333e-09  1.20666667e-09 
 7.91833333e-09  1.80000000e+00  7.91833333e-09  1.20666667e-09 
 7.92033333e-09  1.80000000e+00  7.92033333e-09  1.20666667e-09 
 7.92233333e-09  1.80000000e+00  7.92233333e-09  1.20666667e-09 
 7.92433333e-09  1.80000000e+00  7.92433333e-09  1.20666667e-09 
 7.92633333e-09  1.80000000e+00  7.92633333e-09  1.20666667e-09 
 7.92833333e-09  1.80000000e+00  7.92833333e-09  1.20666667e-09 
 7.93033333e-09  1.80000000e+00  7.93033333e-09  1.20666667e-09 
 7.93233333e-09  1.80000000e+00  7.93233333e-09  1.20666667e-09 
 7.93433333e-09  1.80000000e+00  7.93433333e-09  1.20666667e-09 
 7.93633333e-09  1.80000000e+00  7.93633333e-09  1.20666667e-09 
 7.93833333e-09  1.80000000e+00  7.93833333e-09  1.20666667e-09 
 7.94033333e-09  1.80000000e+00  7.94033333e-09  1.20666667e-09 
 7.94233333e-09  1.80000000e+00  7.94233333e-09  1.20666667e-09 
 7.94433333e-09  1.80000000e+00  7.94433333e-09  1.20666667e-09 
 7.94633333e-09  1.80000000e+00  7.94633333e-09  1.20666667e-09 
 7.94833333e-09  1.80000000e+00  7.94833333e-09  1.20666667e-09 
 7.95033333e-09  1.80000000e+00  7.95033333e-09  1.20666667e-09 
 7.95233333e-09  1.80000000e+00  7.95233333e-09  1.20666667e-09 
 7.95433333e-09  1.80000000e+00  7.95433333e-09  1.20666667e-09 
 7.95633333e-09  1.80000000e+00  7.95633333e-09  1.20666667e-09 
 7.95833333e-09  1.80000000e+00  7.95833333e-09  1.20666667e-09 
 7.96033333e-09  1.80000000e+00  7.96033333e-09  1.20666667e-09 
 7.96233333e-09  1.80000000e+00  7.96233333e-09  1.20666667e-09 
 7.96433333e-09  1.80000000e+00  7.96433333e-09  1.20666667e-09 
 7.96633333e-09  1.80000000e+00  7.96633333e-09  1.20666667e-09 
 7.96833333e-09  1.80000000e+00  7.96833333e-09  1.20666667e-09 
 7.97033333e-09  1.80000000e+00  7.97033333e-09  1.20666667e-09 
 7.97233333e-09  1.80000000e+00  7.97233333e-09  1.20666667e-09 
 7.97433333e-09  1.80000000e+00  7.97433333e-09  1.20666667e-09 
 7.97633333e-09  1.80000000e+00  7.97633333e-09  1.20666667e-09 
 7.97833333e-09  1.80000000e+00  7.97833333e-09  1.20666667e-09 
 7.98033333e-09  1.80000000e+00  7.98033333e-09  1.20666667e-09 
 7.98233333e-09  1.80000000e+00  7.98233333e-09  1.20666667e-09 
 7.98433333e-09  1.80000000e+00  7.98433333e-09  1.20666667e-09 
 7.98633333e-09  1.80000000e+00  7.98633333e-09  1.20666667e-09 
 7.98833333e-09  1.80000000e+00  7.98833333e-09  1.20666667e-09 
 7.99033333e-09  1.80000000e+00  7.99033333e-09  1.20666667e-09 
 7.99233333e-09  1.80000000e+00  7.99233333e-09  1.20666667e-09 
 7.99433333e-09  1.80000000e+00  7.99433333e-09  1.20666667e-09 
 7.99633333e-09  1.80000000e+00  7.99633333e-09  1.20666667e-09 
 7.99833333e-09  1.80000000e+00  7.99833333e-09  1.20666667e-09 
 8.00033333e-09  1.80000000e+00  8.00033333e-09  1.20666667e-09 
 8.00233333e-09  1.80000000e+00  8.00233333e-09  1.20666667e-09 
 8.00433333e-09  1.80000000e+00  8.00433333e-09  1.20666667e-09 
 8.00633333e-09  1.80000000e+00  8.00633333e-09  1.20666667e-09 
 8.00833333e-09  1.80000000e+00  8.00833333e-09  1.20666667e-09 
 8.01033333e-09  1.80000000e+00  8.01033333e-09  1.20666667e-09 
 8.01233333e-09  1.80000000e+00  8.01233333e-09  1.20666667e-09 
 8.01433333e-09  1.80000000e+00  8.01433333e-09  1.20666667e-09 
 8.01633333e-09  1.80000000e+00  8.01633333e-09  1.20666667e-09 
 8.01833333e-09  1.80000000e+00  8.01833333e-09  1.20666667e-09 
 8.02033333e-09  1.80000000e+00  8.02033333e-09  1.20666667e-09 
 8.02233333e-09  1.80000000e+00  8.02233333e-09  1.20666667e-09 
 8.02433333e-09  1.80000000e+00  8.02433333e-09  1.20666667e-09 
 8.02633333e-09  1.80000000e+00  8.02633333e-09  1.20666667e-09 
 8.02833333e-09  1.80000000e+00  8.02833333e-09  1.20666667e-09 
 8.03033333e-09  1.80000000e+00  8.03033333e-09  1.20666667e-09 
 8.03233333e-09  1.80000000e+00  8.03233333e-09  1.20666667e-09 
 8.03433333e-09  1.80000000e+00  8.03433333e-09  1.20666667e-09 
 8.03633333e-09  1.80000000e+00  8.03633333e-09  1.20666667e-09 
 8.03833333e-09  1.80000000e+00  8.03833333e-09  1.20666667e-09 
 8.04033333e-09  1.80000000e+00  8.04033333e-09  1.20666667e-09 
 8.04233333e-09  1.80000000e+00  8.04233333e-09  1.20666667e-09 
 8.04433333e-09  1.80000000e+00  8.04433333e-09  1.20666667e-09 
 8.04633333e-09  1.80000000e+00  8.04633333e-09  1.20666667e-09 
 8.04833333e-09  1.80000000e+00  8.04833333e-09  1.20666667e-09 
 8.05033333e-09  1.80000000e+00  8.05033333e-09  1.20666667e-09 
 8.05233333e-09  1.80000000e+00  8.05233333e-09  1.20666667e-09 
 8.05433333e-09  1.80000000e+00  8.05433333e-09  1.20666667e-09 
 8.05633333e-09  1.80000000e+00  8.05633333e-09  1.20666667e-09 
 8.05833333e-09  1.80000000e+00  8.05833333e-09  1.20666667e-09 
 8.06033333e-09  1.80000000e+00  8.06033333e-09  1.20666667e-09 
 8.06233333e-09  1.80000000e+00  8.06233333e-09  1.20666667e-09 
 8.06433333e-09  1.80000000e+00  8.06433333e-09  1.20666667e-09 
 8.06633333e-09  1.80000000e+00  8.06633333e-09  1.20666667e-09 
 8.06833333e-09  1.80000000e+00  8.06833333e-09  1.20666667e-09 
 8.07033333e-09  1.80000000e+00  8.07033333e-09  1.20666667e-09 
 8.07233333e-09  1.80000000e+00  8.07233333e-09  1.20666667e-09 
 8.07433333e-09  1.80000000e+00  8.07433333e-09  1.20666667e-09 
 8.07633333e-09  1.80000000e+00  8.07633333e-09  1.20666667e-09 
 8.07833333e-09  1.80000000e+00  8.07833333e-09  1.20666667e-09 
 8.08033333e-09  1.80000000e+00  8.08033333e-09  1.20666667e-09 
 8.08233333e-09  1.80000000e+00  8.08233333e-09  1.20666667e-09 
 8.08433333e-09  1.80000000e+00  8.08433333e-09  1.20666667e-09 
 8.08633333e-09  1.80000000e+00  8.08633333e-09  1.20666667e-09 
 8.08833333e-09  1.80000000e+00  8.08833333e-09  1.20666667e-09 
 8.09033333e-09  1.80000000e+00  8.09033333e-09  1.20666667e-09 
 8.09233333e-09  1.80000000e+00  8.09233333e-09  1.20666667e-09 
 8.09433333e-09  1.80000000e+00  8.09433333e-09  1.20666667e-09 
 8.09633333e-09  1.80000000e+00  8.09633333e-09  1.20666667e-09 
 8.09833333e-09  1.80000000e+00  8.09833333e-09  1.20666667e-09 
 8.10033333e-09  1.80000000e+00  8.10033333e-09  1.20666667e-09 
 8.10233333e-09  1.80000000e+00  8.10233333e-09  1.20666667e-09 
 8.10433333e-09  1.80000000e+00  8.10433333e-09  1.20666667e-09 
 8.10633333e-09  1.80000000e+00  8.10633333e-09  1.20666667e-09 
 8.10833333e-09  1.80000000e+00  8.10833333e-09  1.20666667e-09 
 8.11033333e-09  1.80000000e+00  8.11033333e-09  1.20666667e-09 
 8.11233333e-09  1.80000000e+00  8.11233333e-09  1.20666667e-09 
 8.11433333e-09  1.80000000e+00  8.11433333e-09  1.20666667e-09 
 8.11633333e-09  1.80000000e+00  8.11633333e-09  1.20666667e-09 
 8.11833333e-09  1.80000000e+00  8.11833333e-09  1.20666667e-09 
 8.12033333e-09  1.80000000e+00  8.12033333e-09  1.20666667e-09 
 8.12233333e-09  1.80000000e+00  8.12233333e-09  1.20666667e-09 
 8.12433333e-09  1.80000000e+00  8.12433333e-09  1.20666667e-09 
 8.12633333e-09  1.80000000e+00  8.12633333e-09  1.20666667e-09 
 8.12833333e-09  1.80000000e+00  8.12833333e-09  1.20666667e-09 
 8.13033333e-09  1.80000000e+00  8.13033333e-09  1.20666667e-09 
 8.13233333e-09  1.80000000e+00  8.13233333e-09  1.20666667e-09 
 8.13433333e-09  1.80000000e+00  8.13433333e-09  1.20666667e-09 
 8.13633333e-09  1.80000000e+00  8.13633333e-09  1.20666667e-09 
 8.13833333e-09  1.80000000e+00  8.13833333e-09  1.20666667e-09 
 8.14033333e-09  1.80000000e+00  8.14033333e-09  1.20666667e-09 
 8.14233333e-09  1.80000000e+00  8.14233333e-09  1.20666667e-09 
 8.14433333e-09  1.80000000e+00  8.14433333e-09  1.20666667e-09 
 8.14633333e-09  1.80000000e+00  8.14633333e-09  1.20666667e-09 
 8.14833333e-09  1.80000000e+00  8.14833333e-09  1.20666667e-09 
 8.15033333e-09  1.80000000e+00  8.15033333e-09  1.20666667e-09 
 8.15233333e-09  1.80000000e+00  8.15233333e-09  1.20666667e-09 
 8.15433333e-09  1.80000000e+00  8.15433333e-09  1.20666667e-09 
 8.15633333e-09  1.80000000e+00  8.15633333e-09  1.20666667e-09 
 8.15833333e-09  1.80000000e+00  8.15833333e-09  1.20666667e-09 
 8.16033333e-09  1.80000000e+00  8.16033333e-09  1.20666667e-09 
 8.16233333e-09  1.80000000e+00  8.16233333e-09  1.20666667e-09 
 8.16433333e-09  1.80000000e+00  8.16433333e-09  1.20666667e-09 
 8.16633333e-09  1.80000000e+00  8.16633333e-09  1.20666667e-09 
 8.16833333e-09  1.80000000e+00  8.16833333e-09  1.20666667e-09 
 8.17033333e-09  1.80000000e+00  8.17033333e-09  1.20666667e-09 
 8.17233333e-09  1.80000000e+00  8.17233333e-09  1.20666667e-09 
 8.17433333e-09  1.80000000e+00  8.17433333e-09  1.20666667e-09 
 8.17633333e-09  1.80000000e+00  8.17633333e-09  1.20666667e-09 
 8.17833333e-09  1.80000000e+00  8.17833333e-09  1.20666667e-09 
 8.18033333e-09  1.80000000e+00  8.18033333e-09  1.20666667e-09 
 8.18233333e-09  1.80000000e+00  8.18233333e-09  1.20666667e-09 
 8.18433333e-09  1.80000000e+00  8.18433333e-09  1.20666667e-09 
 8.18633333e-09  1.80000000e+00  8.18633333e-09  1.20666667e-09 
 8.18833333e-09  1.80000000e+00  8.18833333e-09  1.20666667e-09 
 8.19033333e-09  1.80000000e+00  8.19033333e-09  1.20666667e-09 
 8.19233333e-09  1.80000000e+00  8.19233333e-09  1.20666667e-09 
 8.19433333e-09  1.80000000e+00  8.19433333e-09  1.20666667e-09 
 8.19633333e-09  1.80000000e+00  8.19633333e-09  1.20666667e-09 
 8.19833333e-09  1.80000000e+00  8.19833333e-09  1.20666667e-09 
 8.20033333e-09  1.80000000e+00  8.20033333e-09  1.20666667e-09 
 8.20233333e-09  1.80000000e+00  8.20233333e-09  1.20666667e-09 
 8.20433333e-09  1.80000000e+00  8.20433333e-09  1.20666667e-09 
 8.20633333e-09  1.80000000e+00  8.20633333e-09  1.20666667e-09 
 8.20833333e-09  1.80000000e+00  8.20833333e-09  1.20666667e-09 
 8.21033333e-09  1.80000000e+00  8.21033333e-09  1.20666667e-09 
 8.21233333e-09  1.80000000e+00  8.21233333e-09  1.20666667e-09 
 8.21433333e-09  1.80000000e+00  8.21433333e-09  1.20666667e-09 
 8.21633333e-09  1.80000000e+00  8.21633333e-09  1.20666667e-09 
 8.21833333e-09  1.80000000e+00  8.21833333e-09  1.20666667e-09 
 8.22033333e-09  1.80000000e+00  8.22033333e-09  1.20666667e-09 
 8.22233333e-09  1.80000000e+00  8.22233333e-09  1.20666667e-09 
 8.22433333e-09  1.80000000e+00  8.22433333e-09  1.20666667e-09 
 8.22633333e-09  1.80000000e+00  8.22633333e-09  1.20666667e-09 
 8.22833333e-09  1.80000000e+00  8.22833333e-09  1.20666667e-09 
 8.23033333e-09  1.80000000e+00  8.23033333e-09  1.20666667e-09 
 8.23233333e-09  1.80000000e+00  8.23233333e-09  1.20666667e-09 
 8.23433333e-09  1.80000000e+00  8.23433333e-09  1.20666667e-09 
 8.23633333e-09  1.80000000e+00  8.23633333e-09  1.20666667e-09 
 8.23833333e-09  1.80000000e+00  8.23833333e-09  1.20666667e-09 
 8.24033333e-09  1.80000000e+00  8.24033333e-09  1.20666667e-09 
 8.24233333e-09  1.80000000e+00  8.24233333e-09  1.20666667e-09 
 8.24433333e-09  1.80000000e+00  8.24433333e-09  1.20666667e-09 
 8.24633333e-09  1.80000000e+00  8.24633333e-09  1.20666667e-09 
 8.24833333e-09  1.80000000e+00  8.24833333e-09  1.20666667e-09 
 8.25033333e-09  1.80000000e+00  8.25033333e-09  1.20666667e-09 
 8.25233333e-09  1.80000000e+00  8.25233333e-09  1.20666667e-09 
 8.25433333e-09  1.80000000e+00  8.25433333e-09  1.20666667e-09 
 8.25633333e-09  1.80000000e+00  8.25633333e-09  1.20666667e-09 
 8.25833333e-09  1.80000000e+00  8.25833333e-09  1.20666667e-09 
 8.26033333e-09  1.80000000e+00  8.26033333e-09  1.20666667e-09 
 8.26233333e-09  1.80000000e+00  8.26233333e-09  1.20666667e-09 
 8.26433333e-09  1.80000000e+00  8.26433333e-09  1.20666667e-09 
 8.26633333e-09  1.80000000e+00  8.26633333e-09  1.20666667e-09 
 8.26833333e-09  1.80000000e+00  8.26833333e-09  1.20666667e-09 
 8.27033333e-09  1.80000000e+00  8.27033333e-09  1.20666667e-09 
 8.27233333e-09  1.80000000e+00  8.27233333e-09  1.20666667e-09 
 8.27433333e-09  1.80000000e+00  8.27433333e-09  1.20666667e-09 
 8.27633333e-09  1.80000000e+00  8.27633333e-09  1.20666667e-09 
 8.27833333e-09  1.80000000e+00  8.27833333e-09  1.20666667e-09 
 8.28033333e-09  1.80000000e+00  8.28033333e-09  1.20666667e-09 
 8.28233333e-09  1.80000000e+00  8.28233333e-09  1.20666667e-09 
 8.28433333e-09  1.80000000e+00  8.28433333e-09  1.20666667e-09 
 8.28633333e-09  1.80000000e+00  8.28633333e-09  1.20666667e-09 
 8.28833333e-09  1.80000000e+00  8.28833333e-09  1.20666667e-09 
 8.29033333e-09  1.80000000e+00  8.29033333e-09  1.20666667e-09 
 8.29233333e-09  1.80000000e+00  8.29233333e-09  1.20666667e-09 
 8.29433333e-09  1.80000000e+00  8.29433333e-09  1.20666667e-09 
 8.29633333e-09  1.80000000e+00  8.29633333e-09  1.20666667e-09 
 8.29833333e-09  1.80000000e+00  8.29833333e-09  1.20666667e-09 
 8.30033333e-09  1.80000000e+00  8.30033333e-09  1.20666667e-09 
 8.30233333e-09  1.80000000e+00  8.30233333e-09  1.20666667e-09 
 8.30433333e-09  1.80000000e+00  8.30433333e-09  1.20666667e-09 
 8.30633333e-09  1.80000000e+00  8.30633333e-09  1.20666667e-09 
 8.30833333e-09  1.80000000e+00  8.30833333e-09  1.20666667e-09 
 8.31033333e-09  1.80000000e+00  8.31033333e-09  1.20666667e-09 
 8.31233333e-09  1.80000000e+00  8.31233333e-09  1.20666667e-09 
 8.31433333e-09  1.80000000e+00  8.31433333e-09  1.20666667e-09 
 8.31633333e-09  1.80000000e+00  8.31633333e-09  1.20666667e-09 
 8.31833333e-09  1.80000000e+00  8.31833333e-09  1.20666667e-09 
 8.32033333e-09  1.80000000e+00  8.32033333e-09  1.20666667e-09 
 8.32233333e-09  1.80000000e+00  8.32233333e-09  1.20666667e-09 
 8.32433333e-09  1.80000000e+00  8.32433333e-09  1.20666667e-09 
 8.32633333e-09  1.80000000e+00  8.32633333e-09  1.20666667e-09 
 8.32833333e-09  1.80000000e+00  8.32833333e-09  1.20666667e-09 
 8.33033333e-09  1.80000000e+00  8.33033333e-09  1.20666667e-09 
 8.33233333e-09  1.80000000e+00  8.33233333e-09  1.20666667e-09 
 8.33433333e-09  1.80000000e+00  8.33433333e-09  1.20666667e-09 
 8.33633333e-09  1.80000000e+00  8.33633333e-09  1.20666667e-09 
 8.33833333e-09  1.80000000e+00  8.33833333e-09  1.20666667e-09 
 8.34033333e-09  1.80000000e+00  8.34033333e-09  1.20666667e-09 
 8.34233333e-09  1.80000000e+00  8.34233333e-09  1.20666667e-09 
 8.34433333e-09  1.80000000e+00  8.34433333e-09  1.20666667e-09 
 8.34633333e-09  1.80000000e+00  8.34633333e-09  1.20666667e-09 
 8.34833333e-09  1.80000000e+00  8.34833333e-09  1.20666667e-09 
 8.35033333e-09  1.80000000e+00  8.35033333e-09  1.20666667e-09 
 8.35233333e-09  1.80000000e+00  8.35233333e-09  1.20666667e-09 
 8.35433333e-09  1.80000000e+00  8.35433333e-09  1.20666667e-09 
 8.35633333e-09  1.80000000e+00  8.35633333e-09  1.20666667e-09 
 8.35833333e-09  1.80000000e+00  8.35833333e-09  1.20666667e-09 
 8.36033333e-09  1.80000000e+00  8.36033333e-09  1.20666667e-09 
 8.36233333e-09  1.80000000e+00  8.36233333e-09  1.20666667e-09 
 8.36433333e-09  1.80000000e+00  8.36433333e-09  1.20666667e-09 
 8.36633333e-09  1.80000000e+00  8.36633333e-09  1.20666667e-09 
 8.36833333e-09  1.80000000e+00  8.36833333e-09  1.20666667e-09 
 8.37033333e-09  1.80000000e+00  8.37033333e-09  1.20666667e-09 
 8.37233333e-09  1.80000000e+00  8.37233333e-09  1.20666667e-09 
 8.37433333e-09  1.80000000e+00  8.37433333e-09  1.20666667e-09 
 8.37633333e-09  1.80000000e+00  8.37633333e-09  1.20666667e-09 
 8.37833333e-09  1.80000000e+00  8.37833333e-09  1.20666667e-09 
 8.38033333e-09  1.80000000e+00  8.38033333e-09  1.20666667e-09 
 8.38233333e-09  1.80000000e+00  8.38233333e-09  1.20666667e-09 
 8.38433333e-09  1.80000000e+00  8.38433333e-09  1.20666667e-09 
 8.38633333e-09  1.80000000e+00  8.38633333e-09  1.20666667e-09 
 8.38833333e-09  1.80000000e+00  8.38833333e-09  1.20666667e-09 
 8.39033333e-09  1.80000000e+00  8.39033333e-09  1.20666667e-09 
 8.39233333e-09  1.80000000e+00  8.39233333e-09  1.20666667e-09 
 8.39433333e-09  1.80000000e+00  8.39433333e-09  1.20666667e-09 
 8.39633333e-09  1.80000000e+00  8.39633333e-09  1.20666667e-09 
 8.39833333e-09  1.80000000e+00  8.39833333e-09  1.20666667e-09 
 8.40033333e-09  1.80000000e+00  8.40033333e-09  1.20666667e-09 
 8.40233333e-09  1.80000000e+00  8.40233333e-09  1.20666667e-09 
 8.40433333e-09  1.80000000e+00  8.40433333e-09  1.20666667e-09 
 8.40633333e-09  1.80000000e+00  8.40633333e-09  1.20666667e-09 
 8.40833333e-09  1.80000000e+00  8.40833333e-09  1.20666667e-09 
 8.41033333e-09  1.80000000e+00  8.41033333e-09  1.20666667e-09 
 8.41233333e-09  1.80000000e+00  8.41233333e-09  1.20666667e-09 
 8.41433333e-09  1.80000000e+00  8.41433333e-09  1.20666667e-09 
 8.41633333e-09  1.80000000e+00  8.41633333e-09  1.20666667e-09 
 8.41833333e-09  1.80000000e+00  8.41833333e-09  1.20666667e-09 
 8.42033333e-09  1.80000000e+00  8.42033333e-09  1.20666667e-09 
 8.42233333e-09  1.80000000e+00  8.42233333e-09  1.20666667e-09 
 8.42433333e-09  1.80000000e+00  8.42433333e-09  1.20666667e-09 
 8.42633333e-09  1.80000000e+00  8.42633333e-09  1.20666667e-09 
 8.42833333e-09  1.80000000e+00  8.42833333e-09  1.20666667e-09 
 8.43033333e-09  1.80000000e+00  8.43033333e-09  1.20666667e-09 
 8.43233333e-09  1.80000000e+00  8.43233333e-09  1.20666667e-09 
 8.43433333e-09  1.80000000e+00  8.43433333e-09  1.20666667e-09 
 8.43633333e-09  1.80000000e+00  8.43633333e-09  1.20666667e-09 
 8.43833333e-09  1.80000000e+00  8.43833333e-09  1.20666667e-09 
 8.44033333e-09  1.80000000e+00  8.44033333e-09  1.20666667e-09 
 8.44233333e-09  1.80000000e+00  8.44233333e-09  1.20666667e-09 
 8.44433333e-09  1.80000000e+00  8.44433333e-09  1.20666667e-09 
 8.44633333e-09  1.80000000e+00  8.44633333e-09  1.20666667e-09 
 8.44833333e-09  1.80000000e+00  8.44833333e-09  1.20666667e-09 
 8.45033333e-09  1.80000000e+00  8.45033333e-09  1.20666667e-09 
 8.45233333e-09  1.80000000e+00  8.45233333e-09  1.20666667e-09 
 8.45433333e-09  1.80000000e+00  8.45433333e-09  1.20666667e-09 
 8.45633333e-09  1.80000000e+00  8.45633333e-09  1.20666667e-09 
 8.45833333e-09  1.80000000e+00  8.45833333e-09  1.20666667e-09 
 8.46033333e-09  1.80000000e+00  8.46033333e-09  1.20666667e-09 
 8.46233333e-09  1.80000000e+00  8.46233333e-09  1.20666667e-09 
 8.46433333e-09  1.80000000e+00  8.46433333e-09  1.20666667e-09 
 8.46633333e-09  1.80000000e+00  8.46633333e-09  1.20666667e-09 
 8.46833333e-09  1.80000000e+00  8.46833333e-09  1.20666667e-09 
 8.47033333e-09  1.80000000e+00  8.47033333e-09  1.20666667e-09 
 8.47233333e-09  1.80000000e+00  8.47233333e-09  1.20666667e-09 
 8.47433333e-09  1.80000000e+00  8.47433333e-09  1.20666667e-09 
 8.47633333e-09  1.80000000e+00  8.47633333e-09  1.20666667e-09 
 8.47833333e-09  1.80000000e+00  8.47833333e-09  1.20666667e-09 
 8.48033333e-09  1.80000000e+00  8.48033333e-09  1.20666667e-09 
 8.48233333e-09  1.80000000e+00  8.48233333e-09  1.20666667e-09 
 8.48433333e-09  1.80000000e+00  8.48433333e-09  1.20666667e-09 
 8.48633333e-09  1.80000000e+00  8.48633333e-09  1.20666667e-09 
 8.48833333e-09  1.80000000e+00  8.48833333e-09  1.20666667e-09 
 8.49033333e-09  1.80000000e+00  8.49033333e-09  1.20666667e-09 
 8.49233333e-09  1.80000000e+00  8.49233333e-09  1.20666667e-09 
 8.49433333e-09  1.80000000e+00  8.49433333e-09  1.20666667e-09 
 8.49633333e-09  1.80000000e+00  8.49633333e-09  1.20666667e-09 
 8.49833333e-09  1.80000000e+00  8.49833333e-09  1.20666667e-09 
 8.50033333e-09  1.80000000e+00  8.50033333e-09  1.20666667e-09 
 8.50233333e-09  1.80000000e+00  8.50233333e-09  1.20666667e-09 
 8.50433333e-09  1.80000000e+00  8.50433333e-09  1.20666667e-09 
 8.50633333e-09  1.80000000e+00  8.50633333e-09  1.20666667e-09 
 8.50833333e-09  1.80000000e+00  8.50833333e-09  1.20666667e-09 
 8.51033333e-09  1.80000000e+00  8.51033333e-09  1.20666667e-09 
 8.51233333e-09  1.80000000e+00  8.51233333e-09  1.20666667e-09 
 8.51433333e-09  1.80000000e+00  8.51433333e-09  1.20666667e-09 
 8.51633333e-09  1.80000000e+00  8.51633333e-09  1.20666667e-09 
 8.51833333e-09  1.80000000e+00  8.51833333e-09  1.20666667e-09 
 8.52033333e-09  1.80000000e+00  8.52033333e-09  1.20666667e-09 
 8.52233333e-09  1.80000000e+00  8.52233333e-09  1.20666667e-09 
 8.52433333e-09  1.80000000e+00  8.52433333e-09  1.20666667e-09 
 8.52633333e-09  1.80000000e+00  8.52633333e-09  1.20666667e-09 
 8.52833333e-09  1.80000000e+00  8.52833333e-09  1.20666667e-09 
 8.53033333e-09  1.80000000e+00  8.53033333e-09  1.20666667e-09 
 8.53233333e-09  1.80000000e+00  8.53233333e-09  1.20666667e-09 
 8.53433333e-09  1.80000000e+00  8.53433333e-09  1.20666667e-09 
 8.53633333e-09  1.80000000e+00  8.53633333e-09  1.20666667e-09 
 8.53833333e-09  1.80000000e+00  8.53833333e-09  1.20666667e-09 
 8.54033333e-09  1.80000000e+00  8.54033333e-09  1.20666667e-09 
 8.54233333e-09  1.80000000e+00  8.54233333e-09  1.20666667e-09 
 8.54433333e-09  1.80000000e+00  8.54433333e-09  1.20666667e-09 
 8.54633333e-09  1.80000000e+00  8.54633333e-09  1.20666667e-09 
 8.54833333e-09  1.80000000e+00  8.54833333e-09  1.20666667e-09 
 8.55033333e-09  1.80000000e+00  8.55033333e-09  1.20666667e-09 
 8.55233333e-09  1.80000000e+00  8.55233333e-09  1.20666667e-09 
 8.55433333e-09  1.80000000e+00  8.55433333e-09  1.20666667e-09 
 8.55633333e-09  1.80000000e+00  8.55633333e-09  1.20666667e-09 
 8.55833333e-09  1.80000000e+00  8.55833333e-09  1.20666667e-09 
 8.56033333e-09  1.80000000e+00  8.56033333e-09  1.20666667e-09 
 8.56233333e-09  1.80000000e+00  8.56233333e-09  1.20666667e-09 
 8.56433333e-09  1.80000000e+00  8.56433333e-09  1.20666667e-09 
 8.56633333e-09  1.80000000e+00  8.56633333e-09  1.20666667e-09 
 8.56833333e-09  1.80000000e+00  8.56833333e-09  1.20666667e-09 
 8.57033333e-09  1.80000000e+00  8.57033333e-09  1.20666667e-09 
 8.57233333e-09  1.80000000e+00  8.57233333e-09  1.20666667e-09 
 8.57433333e-09  1.80000000e+00  8.57433333e-09  1.20666667e-09 
 8.57633333e-09  1.80000000e+00  8.57633333e-09  1.20666667e-09 
 8.57833333e-09  1.80000000e+00  8.57833333e-09  1.20666667e-09 
 8.58033333e-09  1.80000000e+00  8.58033333e-09  1.20666667e-09 
 8.58233333e-09  1.80000000e+00  8.58233333e-09  1.20666667e-09 
 8.58433333e-09  1.80000000e+00  8.58433333e-09  1.20666667e-09 
 8.58633333e-09  1.80000000e+00  8.58633333e-09  1.20666667e-09 
 8.58833333e-09  1.80000000e+00  8.58833333e-09  1.20666667e-09 
 8.59033333e-09  1.80000000e+00  8.59033333e-09  1.20666667e-09 
 8.59233333e-09  1.80000000e+00  8.59233333e-09  1.20666667e-09 
 8.59433333e-09  1.80000000e+00  8.59433333e-09  1.20666667e-09 
 8.59633333e-09  1.80000000e+00  8.59633333e-09  1.20666667e-09 
 8.59833333e-09  1.80000000e+00  8.59833333e-09  1.20666667e-09 
 8.60033333e-09  1.80000000e+00  8.60033333e-09  1.20666667e-09 
 8.60233333e-09  1.80000000e+00  8.60233333e-09  1.20666667e-09 
 8.60433333e-09  1.80000000e+00  8.60433333e-09  1.20666667e-09 
 8.60633333e-09  1.80000000e+00  8.60633333e-09  1.20666667e-09 
 8.60833333e-09  1.80000000e+00  8.60833333e-09  1.20666667e-09 
 8.61033333e-09  1.80000000e+00  8.61033333e-09  1.20666667e-09 
 8.61233333e-09  1.80000000e+00  8.61233333e-09  1.20666667e-09 
 8.61433333e-09  1.80000000e+00  8.61433333e-09  1.20666667e-09 
 8.61633333e-09  1.80000000e+00  8.61633333e-09  1.20666667e-09 
 8.61833333e-09  1.80000000e+00  8.61833333e-09  1.20666667e-09 
 8.62033333e-09  1.80000000e+00  8.62033333e-09  1.20666667e-09 
 8.62233333e-09  1.80000000e+00  8.62233333e-09  1.20666667e-09 
 8.62433333e-09  1.80000000e+00  8.62433333e-09  1.20666667e-09 
 8.62633333e-09  1.80000000e+00  8.62633333e-09  1.20666667e-09 
 8.62833333e-09  1.80000000e+00  8.62833333e-09  1.20666667e-09 
 8.63033333e-09  1.80000000e+00  8.63033333e-09  1.20666667e-09 
 8.63233333e-09  1.80000000e+00  8.63233333e-09  1.20666667e-09 
 8.63433333e-09  1.80000000e+00  8.63433333e-09  1.20666667e-09 
 8.63633333e-09  1.80000000e+00  8.63633333e-09  1.20666667e-09 
 8.63833333e-09  1.80000000e+00  8.63833333e-09  1.20666667e-09 
 8.64033333e-09  1.80000000e+00  8.64033333e-09  1.20666667e-09 
 8.64233333e-09  1.80000000e+00  8.64233333e-09  1.20666667e-09 
 8.64433333e-09  1.80000000e+00  8.64433333e-09  1.20666667e-09 
 8.64633333e-09  1.80000000e+00  8.64633333e-09  1.20666667e-09 
 8.64833333e-09  1.80000000e+00  8.64833333e-09  1.20666667e-09 
 8.65033333e-09  1.80000000e+00  8.65033333e-09  1.20666667e-09 
 8.65233333e-09  1.80000000e+00  8.65233333e-09  1.20666667e-09 
 8.65433333e-09  1.80000000e+00  8.65433333e-09  1.20666667e-09 
 8.65633333e-09  1.80000000e+00  8.65633333e-09  1.20666667e-09 
 8.65833333e-09  1.80000000e+00  8.65833333e-09  1.20666667e-09 
 8.66033333e-09  1.80000000e+00  8.66033333e-09  1.20666667e-09 
 8.66233333e-09  1.80000000e+00  8.66233333e-09  1.20666667e-09 
 8.66433333e-09  1.80000000e+00  8.66433333e-09  1.20666667e-09 
 8.66633333e-09  1.80000000e+00  8.66633333e-09  1.20666667e-09 
 8.66833333e-09  1.80000000e+00  8.66833333e-09  1.20666667e-09 
 8.67033333e-09  1.80000000e+00  8.67033333e-09  1.20666667e-09 
 8.67233333e-09  1.80000000e+00  8.67233333e-09  1.20666667e-09 
 8.67433333e-09  1.80000000e+00  8.67433333e-09  1.20666667e-09 
 8.67633333e-09  1.80000000e+00  8.67633333e-09  1.20666667e-09 
 8.67833333e-09  1.80000000e+00  8.67833333e-09  1.20666667e-09 
 8.68033333e-09  1.80000000e+00  8.68033333e-09  1.20666667e-09 
 8.68233333e-09  1.80000000e+00  8.68233333e-09  1.20666667e-09 
 8.68433333e-09  1.80000000e+00  8.68433333e-09  1.20666667e-09 
 8.68633333e-09  1.80000000e+00  8.68633333e-09  1.20666667e-09 
 8.68833333e-09  1.80000000e+00  8.68833333e-09  1.20666667e-09 
 8.69033333e-09  1.80000000e+00  8.69033333e-09  1.20666667e-09 
 8.69233333e-09  1.80000000e+00  8.69233333e-09  1.20666667e-09 
 8.69433333e-09  1.80000000e+00  8.69433333e-09  1.20666667e-09 
 8.69633333e-09  1.80000000e+00  8.69633333e-09  1.20666667e-09 
 8.69833333e-09  1.80000000e+00  8.69833333e-09  1.20666667e-09 
 8.70033333e-09  1.80000000e+00  8.70033333e-09  1.20666667e-09 
 8.70233333e-09  1.80000000e+00  8.70233333e-09  1.20666667e-09 
 8.70433333e-09  1.80000000e+00  8.70433333e-09  1.20666667e-09 
 8.70633333e-09  1.80000000e+00  8.70633333e-09  1.20666667e-09 
 8.70833333e-09  1.80000000e+00  8.70833333e-09  1.20666667e-09 
 8.71033333e-09  1.80000000e+00  8.71033333e-09  1.20666667e-09 
 8.71233333e-09  1.80000000e+00  8.71233333e-09  1.20666667e-09 
 8.71433333e-09  1.80000000e+00  8.71433333e-09  1.20666667e-09 
 8.71633333e-09  1.80000000e+00  8.71633333e-09  1.20666667e-09 
 8.71833333e-09  1.80000000e+00  8.71833333e-09  1.20666667e-09 
 8.72033333e-09  1.80000000e+00  8.72033333e-09  1.20666667e-09 
 8.72233333e-09  1.80000000e+00  8.72233333e-09  1.20666667e-09 
 8.72433333e-09  1.80000000e+00  8.72433333e-09  1.20666667e-09 
 8.72633333e-09  1.80000000e+00  8.72633333e-09  1.20666667e-09 
 8.72833333e-09  1.80000000e+00  8.72833333e-09  1.20666667e-09 
 8.73033333e-09  1.80000000e+00  8.73033333e-09  1.20666667e-09 
 8.73233333e-09  1.80000000e+00  8.73233333e-09  1.20666667e-09 
 8.73433333e-09  1.80000000e+00  8.73433333e-09  1.20666667e-09 
 8.73633333e-09  1.80000000e+00  8.73633333e-09  1.20666667e-09 
 8.73833333e-09  1.80000000e+00  8.73833333e-09  1.20666667e-09 
 8.74033333e-09  1.80000000e+00  8.74033333e-09  1.20666667e-09 
 8.74233333e-09  1.80000000e+00  8.74233333e-09  1.20666667e-09 
 8.74433333e-09  1.80000000e+00  8.74433333e-09  1.20666667e-09 
 8.74633333e-09  1.80000000e+00  8.74633333e-09  1.20666667e-09 
 8.74833333e-09  1.80000000e+00  8.74833333e-09  1.20666667e-09 
 8.75033333e-09  1.80000000e+00  8.75033333e-09  1.20666667e-09 
 8.75233333e-09  1.80000000e+00  8.75233333e-09  1.20666667e-09 
 8.75433333e-09  1.80000000e+00  8.75433333e-09  1.20666667e-09 
 8.75633333e-09  1.80000000e+00  8.75633333e-09  1.20666667e-09 
 8.75833333e-09  1.80000000e+00  8.75833333e-09  1.20666667e-09 
 8.76033333e-09  1.80000000e+00  8.76033333e-09  1.20666667e-09 
 8.76233333e-09  1.80000000e+00  8.76233333e-09  1.20666667e-09 
 8.76433333e-09  1.80000000e+00  8.76433333e-09  1.20666667e-09 
 8.76633333e-09  1.80000000e+00  8.76633333e-09  1.20666667e-09 
 8.76833333e-09  1.80000000e+00  8.76833333e-09  1.20666667e-09 
 8.77033333e-09  1.80000000e+00  8.77033333e-09  1.20666667e-09 
 8.77233333e-09  1.80000000e+00  8.77233333e-09  1.20666667e-09 
 8.77433333e-09  1.80000000e+00  8.77433333e-09  1.20666667e-09 
 8.77633333e-09  1.80000000e+00  8.77633333e-09  1.20666667e-09 
 8.77833333e-09  1.80000000e+00  8.77833333e-09  1.20666667e-09 
 8.78033333e-09  1.80000000e+00  8.78033333e-09  1.20666667e-09 
 8.78233333e-09  1.80000000e+00  8.78233333e-09  1.20666667e-09 
 8.78433333e-09  1.80000000e+00  8.78433333e-09  1.20666667e-09 
 8.78633333e-09  1.80000000e+00  8.78633333e-09  1.20666667e-09 
 8.78833333e-09  1.80000000e+00  8.78833333e-09  1.20666667e-09 
 8.79033333e-09  1.80000000e+00  8.79033333e-09  1.20666667e-09 
 8.79233333e-09  1.80000000e+00  8.79233333e-09  1.20666667e-09 
 8.79433333e-09  1.80000000e+00  8.79433333e-09  1.20666667e-09 
 8.79633333e-09  1.80000000e+00  8.79633333e-09  1.20666667e-09 
 8.79833333e-09  1.80000000e+00  8.79833333e-09  1.20666667e-09 
 8.80033333e-09  1.80000000e+00  8.80033333e-09  1.20666667e-09 
 8.80233333e-09  1.80000000e+00  8.80233333e-09  1.20666667e-09 
 8.80433333e-09  1.80000000e+00  8.80433333e-09  1.20666667e-09 
 8.80633333e-09  1.80000000e+00  8.80633333e-09  1.20666667e-09 
 8.80833333e-09  1.80000000e+00  8.80833333e-09  1.20666667e-09 
 8.81033333e-09  1.80000000e+00  8.81033333e-09  1.20666667e-09 
 8.81233333e-09  1.80000000e+00  8.81233333e-09  1.20666667e-09 
 8.81433333e-09  1.80000000e+00  8.81433333e-09  1.20666667e-09 
 8.81633333e-09  1.80000000e+00  8.81633333e-09  1.20666667e-09 
 8.81833333e-09  1.80000000e+00  8.81833333e-09  1.20666667e-09 
 8.82033333e-09  1.80000000e+00  8.82033333e-09  1.20666667e-09 
 8.82233333e-09  1.80000000e+00  8.82233333e-09  1.20666667e-09 
 8.82433333e-09  1.80000000e+00  8.82433333e-09  1.20666667e-09 
 8.82633333e-09  1.80000000e+00  8.82633333e-09  1.20666667e-09 
 8.82833333e-09  1.80000000e+00  8.82833333e-09  1.20666667e-09 
 8.83033333e-09  1.80000000e+00  8.83033333e-09  1.20666667e-09 
 8.83233333e-09  1.80000000e+00  8.83233333e-09  1.20666667e-09 
 8.83433333e-09  1.80000000e+00  8.83433333e-09  1.20666667e-09 
 8.83633333e-09  1.80000000e+00  8.83633333e-09  1.20666667e-09 
 8.83833333e-09  1.80000000e+00  8.83833333e-09  1.20666667e-09 
 8.84033333e-09  1.80000000e+00  8.84033333e-09  1.20666667e-09 
 8.84233333e-09  1.80000000e+00  8.84233333e-09  1.20666667e-09 
 8.84433333e-09  1.80000000e+00  8.84433333e-09  1.20666667e-09 
 8.84633333e-09  1.80000000e+00  8.84633333e-09  1.20666667e-09 
 8.84833333e-09  1.80000000e+00  8.84833333e-09  1.20666667e-09 
 8.85033333e-09  1.80000000e+00  8.85033333e-09  1.20666667e-09 
 8.85233333e-09  1.80000000e+00  8.85233333e-09  1.20666667e-09 
 8.85433333e-09  1.80000000e+00  8.85433333e-09  1.20666667e-09 
 8.85633333e-09  1.80000000e+00  8.85633333e-09  1.20666667e-09 
 8.85833333e-09  1.80000000e+00  8.85833333e-09  1.20666667e-09 
 8.86033333e-09  1.80000000e+00  8.86033333e-09  1.20666667e-09 
 8.86233333e-09  1.80000000e+00  8.86233333e-09  1.20666667e-09 
 8.86433333e-09  1.80000000e+00  8.86433333e-09  1.20666667e-09 
 8.86633333e-09  1.80000000e+00  8.86633333e-09  1.20666667e-09 
 8.86833333e-09  1.80000000e+00  8.86833333e-09  1.20666667e-09 
 8.87033333e-09  1.80000000e+00  8.87033333e-09  1.20666667e-09 
 8.87233333e-09  1.80000000e+00  8.87233333e-09  1.20666667e-09 
 8.87433333e-09  1.80000000e+00  8.87433333e-09  1.20666667e-09 
 8.87633333e-09  1.80000000e+00  8.87633333e-09  1.20666667e-09 
 8.87833333e-09  1.80000000e+00  8.87833333e-09  1.20666667e-09 
 8.88033333e-09  1.80000000e+00  8.88033333e-09  1.20666667e-09 
 8.88233333e-09  1.80000000e+00  8.88233333e-09  1.20666667e-09 
 8.88433333e-09  1.80000000e+00  8.88433333e-09  1.20666667e-09 
 8.88633333e-09  1.80000000e+00  8.88633333e-09  1.20666667e-09 
 8.88833333e-09  1.80000000e+00  8.88833333e-09  1.20666667e-09 
 8.89033333e-09  1.80000000e+00  8.89033333e-09  1.20666667e-09 
 8.89233333e-09  1.80000000e+00  8.89233333e-09  1.20666667e-09 
 8.89433333e-09  1.80000000e+00  8.89433333e-09  1.20666667e-09 
 8.89633333e-09  1.80000000e+00  8.89633333e-09  1.20666667e-09 
 8.89833333e-09  1.80000000e+00  8.89833333e-09  1.20666667e-09 
 8.90033333e-09  1.80000000e+00  8.90033333e-09  1.20666667e-09 
 8.90233333e-09  1.80000000e+00  8.90233333e-09  1.20666667e-09 
 8.90433333e-09  1.80000000e+00  8.90433333e-09  1.20666667e-09 
 8.90633333e-09  1.80000000e+00  8.90633333e-09  1.20666667e-09 
 8.90833333e-09  1.80000000e+00  8.90833333e-09  1.20666667e-09 
 8.91033333e-09  1.80000000e+00  8.91033333e-09  1.20666667e-09 
 8.91233333e-09  1.80000000e+00  8.91233333e-09  1.20666667e-09 
 8.91433333e-09  1.80000000e+00  8.91433333e-09  1.20666667e-09 
 8.91633333e-09  1.80000000e+00  8.91633333e-09  1.20666667e-09 
 8.91833333e-09  1.80000000e+00  8.91833333e-09  1.20666667e-09 
 8.92033333e-09  1.80000000e+00  8.92033333e-09  1.20666667e-09 
 8.92233333e-09  1.80000000e+00  8.92233333e-09  1.20666667e-09 
 8.92433333e-09  1.80000000e+00  8.92433333e-09  1.20666667e-09 
 8.92633333e-09  1.80000000e+00  8.92633333e-09  1.20666667e-09 
 8.92833333e-09  1.80000000e+00  8.92833333e-09  1.20666667e-09 
 8.93033333e-09  1.80000000e+00  8.93033333e-09  1.20666667e-09 
 8.93233333e-09  1.80000000e+00  8.93233333e-09  1.20666667e-09 
 8.93433333e-09  1.80000000e+00  8.93433333e-09  1.20666667e-09 
 8.93633333e-09  1.80000000e+00  8.93633333e-09  1.20666667e-09 
 8.93833333e-09  1.80000000e+00  8.93833333e-09  1.20666667e-09 
 8.94033333e-09  1.80000000e+00  8.94033333e-09  1.20666667e-09 
 8.94233333e-09  1.80000000e+00  8.94233333e-09  1.20666667e-09 
 8.94433333e-09  1.80000000e+00  8.94433333e-09  1.20666667e-09 
 8.94633333e-09  1.80000000e+00  8.94633333e-09  1.20666667e-09 
 8.94833333e-09  1.80000000e+00  8.94833333e-09  1.20666667e-09 
 8.95033333e-09  1.80000000e+00  8.95033333e-09  1.20666667e-09 
 8.95233333e-09  1.80000000e+00  8.95233333e-09  1.20666667e-09 
 8.95433333e-09  1.80000000e+00  8.95433333e-09  1.20666667e-09 
 8.95633333e-09  1.80000000e+00  8.95633333e-09  1.20666667e-09 
 8.95833333e-09  1.80000000e+00  8.95833333e-09  1.20666667e-09 
 8.96033333e-09  1.80000000e+00  8.96033333e-09  1.20666667e-09 
 8.96233333e-09  1.80000000e+00  8.96233333e-09  1.20666667e-09 
 8.96433333e-09  1.80000000e+00  8.96433333e-09  1.20666667e-09 
 8.96633333e-09  1.80000000e+00  8.96633333e-09  1.20666667e-09 
 8.96833333e-09  1.80000000e+00  8.96833333e-09  1.20666667e-09 
 8.97033333e-09  1.80000000e+00  8.97033333e-09  1.20666667e-09 
 8.97233333e-09  1.80000000e+00  8.97233333e-09  1.20666667e-09 
 8.97433333e-09  1.80000000e+00  8.97433333e-09  1.20666667e-09 
 8.97633333e-09  1.80000000e+00  8.97633333e-09  1.20666667e-09 
 8.97833333e-09  1.80000000e+00  8.97833333e-09  1.20666667e-09 
 8.98033333e-09  1.80000000e+00  8.98033333e-09  1.20666667e-09 
 8.98233333e-09  1.80000000e+00  8.98233333e-09  1.20666667e-09 
 8.98433333e-09  1.80000000e+00  8.98433333e-09  1.20666667e-09 
 8.98633333e-09  1.80000000e+00  8.98633333e-09  1.20666667e-09 
 8.98833333e-09  1.80000000e+00  8.98833333e-09  1.20666667e-09 
 8.99033333e-09  1.80000000e+00  8.99033333e-09  1.20666667e-09 
 8.99233333e-09  1.80000000e+00  8.99233333e-09  1.20666667e-09 
 8.99433333e-09  1.80000000e+00  8.99433333e-09  1.20666667e-09 
 8.99633333e-09  1.80000000e+00  8.99633333e-09  1.20666667e-09 
 8.99833333e-09  1.80000000e+00  8.99833333e-09  1.20666667e-09 
 9.00033333e-09  1.80000000e+00  9.00033333e-09  1.20666667e-09 
 9.00233333e-09  1.80000000e+00  9.00233333e-09  1.20666667e-09 
 9.00433333e-09  1.80000000e+00  9.00433333e-09  1.20666667e-09 
 9.00633333e-09  1.80000000e+00  9.00633333e-09  1.20666667e-09 
 9.00833333e-09  1.80000000e+00  9.00833333e-09  1.20666667e-09 
 9.01033333e-09  1.80000000e+00  9.01033333e-09  1.20666667e-09 
 9.01233333e-09  1.80000000e+00  9.01233333e-09  1.20666667e-09 
 9.01433333e-09  1.80000000e+00  9.01433333e-09  1.20666667e-09 
 9.01633333e-09  1.80000000e+00  9.01633333e-09  1.20666667e-09 
 9.01833333e-09  1.80000000e+00  9.01833333e-09  1.20666667e-09 
 9.02033333e-09  1.80000000e+00  9.02033333e-09  1.20666667e-09 
 9.02233333e-09  1.80000000e+00  9.02233333e-09  1.20666667e-09 
 9.02433333e-09  1.80000000e+00  9.02433333e-09  1.20666667e-09 
 9.02633333e-09  1.80000000e+00  9.02633333e-09  1.20666667e-09 
 9.02833333e-09  1.80000000e+00  9.02833333e-09  1.20666667e-09 
 9.03033333e-09  1.80000000e+00  9.03033333e-09  1.20666667e-09 
 9.03233333e-09  1.80000000e+00  9.03233333e-09  1.20666667e-09 
 9.03433333e-09  1.80000000e+00  9.03433333e-09  1.20666667e-09 
 9.03633333e-09  1.80000000e+00  9.03633333e-09  1.20666667e-09 
 9.03833333e-09  1.80000000e+00  9.03833333e-09  1.20666667e-09 
 9.04033333e-09  1.80000000e+00  9.04033333e-09  1.20666667e-09 
 9.04233333e-09  1.80000000e+00  9.04233333e-09  1.20666667e-09 
 9.04433333e-09  1.80000000e+00  9.04433333e-09  1.20666667e-09 
 9.04633333e-09  1.80000000e+00  9.04633333e-09  1.20666667e-09 
 9.04833333e-09  1.80000000e+00  9.04833333e-09  1.20666667e-09 
 9.05033333e-09  1.80000000e+00  9.05033333e-09  1.20666667e-09 
 9.05233333e-09  1.80000000e+00  9.05233333e-09  1.20666667e-09 
 9.05433333e-09  1.80000000e+00  9.05433333e-09  1.20666667e-09 
 9.05633333e-09  1.80000000e+00  9.05633333e-09  1.20666667e-09 
 9.05833333e-09  1.80000000e+00  9.05833333e-09  1.20666667e-09 
 9.06033333e-09  1.80000000e+00  9.06033333e-09  1.20666667e-09 
 9.06233333e-09  1.80000000e+00  9.06233333e-09  1.20666667e-09 
 9.06433333e-09  1.80000000e+00  9.06433333e-09  1.20666667e-09 
 9.06633333e-09  1.80000000e+00  9.06633333e-09  1.20666667e-09 
 9.06833333e-09  1.80000000e+00  9.06833333e-09  1.20666667e-09 
 9.07033333e-09  1.80000000e+00  9.07033333e-09  1.20666667e-09 
 9.07233333e-09  1.80000000e+00  9.07233333e-09  1.20666667e-09 
 9.07433333e-09  1.80000000e+00  9.07433333e-09  1.20666667e-09 
 9.07633333e-09  1.80000000e+00  9.07633333e-09  1.20666667e-09 
 9.07833333e-09  1.80000000e+00  9.07833333e-09  1.20666667e-09 
 9.08033333e-09  1.80000000e+00  9.08033333e-09  1.20666667e-09 
 9.08233333e-09  1.80000000e+00  9.08233333e-09  1.20666667e-09 
 9.08433333e-09  1.80000000e+00  9.08433333e-09  1.20666667e-09 
 9.08633333e-09  1.80000000e+00  9.08633333e-09  1.20666667e-09 
 9.08833333e-09  1.80000000e+00  9.08833333e-09  1.20666667e-09 
 9.09033333e-09  1.80000000e+00  9.09033333e-09  1.20666667e-09 
 9.09233333e-09  1.80000000e+00  9.09233333e-09  1.20666667e-09 
 9.09433333e-09  1.80000000e+00  9.09433333e-09  1.20666667e-09 
 9.09633333e-09  1.80000000e+00  9.09633333e-09  1.20666667e-09 
 9.09833333e-09  1.80000000e+00  9.09833333e-09  1.20666667e-09 
 9.10033333e-09  1.80000000e+00  9.10033333e-09  1.20666667e-09 
 9.10233333e-09  1.80000000e+00  9.10233333e-09  1.20666667e-09 
 9.10433333e-09  1.80000000e+00  9.10433333e-09  1.20666667e-09 
 9.10633333e-09  1.80000000e+00  9.10633333e-09  1.20666667e-09 
 9.10833333e-09  1.80000000e+00  9.10833333e-09  1.20666667e-09 
 9.11033333e-09  1.80000000e+00  9.11033333e-09  1.20666667e-09 
 9.11233333e-09  1.80000000e+00  9.11233333e-09  1.20666667e-09 
 9.11433333e-09  1.80000000e+00  9.11433333e-09  1.20666667e-09 
 9.11633333e-09  1.80000000e+00  9.11633333e-09  1.20666667e-09 
 9.11833333e-09  1.80000000e+00  9.11833333e-09  1.20666667e-09 
 9.12033333e-09  1.80000000e+00  9.12033333e-09  1.20666667e-09 
 9.12233333e-09  1.80000000e+00  9.12233333e-09  1.20666667e-09 
 9.12433333e-09  1.80000000e+00  9.12433333e-09  1.20666667e-09 
 9.12633333e-09  1.80000000e+00  9.12633333e-09  1.20666667e-09 
 9.12833333e-09  1.80000000e+00  9.12833333e-09  1.20666667e-09 
 9.13033333e-09  1.80000000e+00  9.13033333e-09  1.20666667e-09 
 9.13233333e-09  1.80000000e+00  9.13233333e-09  1.20666667e-09 
 9.13433333e-09  1.80000000e+00  9.13433333e-09  1.20666667e-09 
 9.13633333e-09  1.80000000e+00  9.13633333e-09  1.20666667e-09 
 9.13833333e-09  1.80000000e+00  9.13833333e-09  1.20666667e-09 
 9.14033333e-09  1.80000000e+00  9.14033333e-09  1.20666667e-09 
 9.14233333e-09  1.80000000e+00  9.14233333e-09  1.20666667e-09 
 9.14433333e-09  1.80000000e+00  9.14433333e-09  1.20666667e-09 
 9.14633333e-09  1.80000000e+00  9.14633333e-09  1.20666667e-09 
 9.14833333e-09  1.80000000e+00  9.14833333e-09  1.20666667e-09 
 9.15033333e-09  1.80000000e+00  9.15033333e-09  1.20666667e-09 
 9.15233333e-09  1.80000000e+00  9.15233333e-09  1.20666667e-09 
 9.15433333e-09  1.80000000e+00  9.15433333e-09  1.20666667e-09 
 9.15633333e-09  1.80000000e+00  9.15633333e-09  1.20666667e-09 
 9.15833333e-09  1.80000000e+00  9.15833333e-09  1.20666667e-09 
 9.16033333e-09  1.80000000e+00  9.16033333e-09  1.20666667e-09 
 9.16233333e-09  1.80000000e+00  9.16233333e-09  1.20666667e-09 
 9.16433333e-09  1.80000000e+00  9.16433333e-09  1.20666667e-09 
 9.16633333e-09  1.80000000e+00  9.16633333e-09  1.20666667e-09 
 9.16833333e-09  1.80000000e+00  9.16833333e-09  1.20666667e-09 
 9.17033333e-09  1.80000000e+00  9.17033333e-09  1.20666667e-09 
 9.17233333e-09  1.80000000e+00  9.17233333e-09  1.20666667e-09 
 9.17433333e-09  1.80000000e+00  9.17433333e-09  1.20666667e-09 
 9.17633333e-09  1.80000000e+00  9.17633333e-09  1.20666667e-09 
 9.17833333e-09  1.80000000e+00  9.17833333e-09  1.20666667e-09 
 9.18033333e-09  1.80000000e+00  9.18033333e-09  1.20666667e-09 
 9.18233333e-09  1.80000000e+00  9.18233333e-09  1.20666667e-09 
 9.18433333e-09  1.80000000e+00  9.18433333e-09  1.20666667e-09 
 9.18633333e-09  1.80000000e+00  9.18633333e-09  1.20666667e-09 
 9.18833333e-09  1.80000000e+00  9.18833333e-09  1.20666667e-09 
 9.19033333e-09  1.80000000e+00  9.19033333e-09  1.20666667e-09 
 9.19233333e-09  1.80000000e+00  9.19233333e-09  1.20666667e-09 
 9.19433333e-09  1.80000000e+00  9.19433333e-09  1.20666667e-09 
 9.19633333e-09  1.80000000e+00  9.19633333e-09  1.20666667e-09 
 9.19833333e-09  1.80000000e+00  9.19833333e-09  1.20666667e-09 
 9.20033333e-09  1.80000000e+00  9.20033333e-09  1.20666667e-09 
 9.20233333e-09  1.80000000e+00  9.20233333e-09  1.20666667e-09 
 9.20433333e-09  1.80000000e+00  9.20433333e-09  1.20666667e-09 
 9.20633333e-09  1.80000000e+00  9.20633333e-09  1.20666667e-09 
 9.20833333e-09  1.80000000e+00  9.20833333e-09  1.20666667e-09 
 9.21033333e-09  1.80000000e+00  9.21033333e-09  1.20666667e-09 
 9.21233333e-09  1.80000000e+00  9.21233333e-09  1.20666667e-09 
 9.21433333e-09  1.80000000e+00  9.21433333e-09  1.20666667e-09 
 9.21633333e-09  1.80000000e+00  9.21633333e-09  1.20666667e-09 
 9.21833333e-09  1.80000000e+00  9.21833333e-09  1.20666667e-09 
 9.22033333e-09  1.80000000e+00  9.22033333e-09  1.20666667e-09 
 9.22233333e-09  1.80000000e+00  9.22233333e-09  1.20666667e-09 
 9.22433333e-09  1.80000000e+00  9.22433333e-09  1.20666667e-09 
 9.22633333e-09  1.80000000e+00  9.22633333e-09  1.20666667e-09 
 9.22833333e-09  1.80000000e+00  9.22833333e-09  1.20666667e-09 
 9.23033333e-09  1.80000000e+00  9.23033333e-09  1.20666667e-09 
 9.23233333e-09  1.80000000e+00  9.23233333e-09  1.20666667e-09 
 9.23433333e-09  1.80000000e+00  9.23433333e-09  1.20666667e-09 
 9.23633333e-09  1.80000000e+00  9.23633333e-09  1.20666667e-09 
 9.23833333e-09  1.80000000e+00  9.23833333e-09  1.20666667e-09 
 9.24033333e-09  1.80000000e+00  9.24033333e-09  1.20666667e-09 
 9.24233333e-09  1.80000000e+00  9.24233333e-09  1.20666667e-09 
 9.24433333e-09  1.80000000e+00  9.24433333e-09  1.20666667e-09 
 9.24633333e-09  1.80000000e+00  9.24633333e-09  1.20666667e-09 
 9.24833333e-09  1.80000000e+00  9.24833333e-09  1.20666667e-09 
 9.25033333e-09  1.80000000e+00  9.25033333e-09  1.20666667e-09 
 9.25233333e-09  1.80000000e+00  9.25233333e-09  1.20666667e-09 
 9.25433333e-09  1.80000000e+00  9.25433333e-09  1.20666667e-09 
 9.25633333e-09  1.80000000e+00  9.25633333e-09  1.20666667e-09 
 9.25833333e-09  1.80000000e+00  9.25833333e-09  1.20666667e-09 
 9.26033333e-09  1.80000000e+00  9.26033333e-09  1.20666667e-09 
 9.26233333e-09  1.80000000e+00  9.26233333e-09  1.20666667e-09 
 9.26433333e-09  1.80000000e+00  9.26433333e-09  1.20666667e-09 
 9.26633333e-09  1.80000000e+00  9.26633333e-09  1.20666667e-09 
 9.26833333e-09  1.80000000e+00  9.26833333e-09  1.20666667e-09 
 9.27033333e-09  1.80000000e+00  9.27033333e-09  1.20666667e-09 
 9.27233333e-09  1.80000000e+00  9.27233333e-09  1.20666667e-09 
 9.27433333e-09  1.80000000e+00  9.27433333e-09  1.20666667e-09 
 9.27633333e-09  1.80000000e+00  9.27633333e-09  1.20666667e-09 
 9.27833333e-09  1.80000000e+00  9.27833333e-09  1.20666667e-09 
 9.28033333e-09  1.80000000e+00  9.28033333e-09  1.20666667e-09 
 9.28233333e-09  1.80000000e+00  9.28233333e-09  1.20666667e-09 
 9.28433333e-09  1.80000000e+00  9.28433333e-09  1.20666667e-09 
 9.28633333e-09  1.80000000e+00  9.28633333e-09  1.20666667e-09 
 9.28833333e-09  1.80000000e+00  9.28833333e-09  1.20666667e-09 
 9.29033333e-09  1.80000000e+00  9.29033333e-09  1.20666667e-09 
 9.29233333e-09  1.80000000e+00  9.29233333e-09  1.20666667e-09 
 9.29433333e-09  1.80000000e+00  9.29433333e-09  1.20666667e-09 
 9.29633333e-09  1.80000000e+00  9.29633333e-09  1.20666667e-09 
 9.29833333e-09  1.80000000e+00  9.29833333e-09  1.20666667e-09 
 9.30033333e-09  1.80000000e+00  9.30033333e-09  1.20666667e-09 
 9.30233333e-09  1.80000000e+00  9.30233333e-09  1.20666667e-09 
 9.30433333e-09  1.80000000e+00  9.30433333e-09  1.20666667e-09 
 9.30633333e-09  1.80000000e+00  9.30633333e-09  1.20666667e-09 
 9.30833333e-09  1.80000000e+00  9.30833333e-09  1.20666667e-09 
 9.31033333e-09  1.80000000e+00  9.31033333e-09  1.20666667e-09 
 9.31233333e-09  1.80000000e+00  9.31233333e-09  1.20666667e-09 
 9.31433333e-09  1.80000000e+00  9.31433333e-09  1.20666667e-09 
 9.31633333e-09  1.80000000e+00  9.31633333e-09  1.20666667e-09 
 9.31833333e-09  1.80000000e+00  9.31833333e-09  1.20666667e-09 
 9.32033333e-09  1.80000000e+00  9.32033333e-09  1.20666667e-09 
 9.32233333e-09  1.80000000e+00  9.32233333e-09  1.20666667e-09 
 9.32433333e-09  1.80000000e+00  9.32433333e-09  1.20666667e-09 
 9.32633333e-09  1.80000000e+00  9.32633333e-09  1.20666667e-09 
 9.32833333e-09  1.80000000e+00  9.32833333e-09  1.20666667e-09 
 9.33033333e-09  1.80000000e+00  9.33033333e-09  1.20666667e-09 
 9.33233333e-09  1.80000000e+00  9.33233333e-09  1.20666667e-09 
 9.33433333e-09  1.80000000e+00  9.33433333e-09  1.20666667e-09 
 9.33633333e-09  1.80000000e+00  9.33633333e-09  1.20666667e-09 
 9.33833333e-09  1.80000000e+00  9.33833333e-09  1.20666667e-09 
 9.34033333e-09  1.80000000e+00  9.34033333e-09  1.20666667e-09 
 9.34233333e-09  1.80000000e+00  9.34233333e-09  1.20666667e-09 
 9.34433333e-09  1.80000000e+00  9.34433333e-09  1.20666667e-09 
 9.34633333e-09  1.80000000e+00  9.34633333e-09  1.20666667e-09 
 9.34833333e-09  1.80000000e+00  9.34833333e-09  1.20666667e-09 
 9.35033333e-09  1.80000000e+00  9.35033333e-09  1.20666667e-09 
 9.35233333e-09  1.80000000e+00  9.35233333e-09  1.20666667e-09 
 9.35433333e-09  1.80000000e+00  9.35433333e-09  1.20666667e-09 
 9.35633333e-09  1.80000000e+00  9.35633333e-09  1.20666667e-09 
 9.35833333e-09  1.80000000e+00  9.35833333e-09  1.20666667e-09 
 9.36033333e-09  1.80000000e+00  9.36033333e-09  1.20666667e-09 
 9.36233333e-09  1.80000000e+00  9.36233333e-09  1.20666667e-09 
 9.36433333e-09  1.80000000e+00  9.36433333e-09  1.20666667e-09 
 9.36633333e-09  1.80000000e+00  9.36633333e-09  1.20666667e-09 
 9.36833333e-09  1.80000000e+00  9.36833333e-09  1.20666667e-09 
 9.37033333e-09  1.80000000e+00  9.37033333e-09  1.20666667e-09 
 9.37233333e-09  1.80000000e+00  9.37233333e-09  1.20666667e-09 
 9.37433333e-09  1.80000000e+00  9.37433333e-09  1.20666667e-09 
 9.37633333e-09  1.80000000e+00  9.37633333e-09  1.20666667e-09 
 9.37833333e-09  1.80000000e+00  9.37833333e-09  1.20666667e-09 
 9.38033333e-09  1.80000000e+00  9.38033333e-09  1.20666667e-09 
 9.38233333e-09  1.80000000e+00  9.38233333e-09  1.20666667e-09 
 9.38433333e-09  1.80000000e+00  9.38433333e-09  1.20666667e-09 
 9.38633333e-09  1.80000000e+00  9.38633333e-09  1.20666667e-09 
 9.38833333e-09  1.80000000e+00  9.38833333e-09  1.20666667e-09 
 9.39033333e-09  1.80000000e+00  9.39033333e-09  1.20666667e-09 
 9.39233333e-09  1.80000000e+00  9.39233333e-09  1.20666667e-09 
 9.39433333e-09  1.80000000e+00  9.39433333e-09  1.20666667e-09 
 9.39633333e-09  1.80000000e+00  9.39633333e-09  1.20666667e-09 
 9.39833333e-09  1.80000000e+00  9.39833333e-09  1.20666667e-09 
 9.40033333e-09  1.80000000e+00  9.40033333e-09  1.20666667e-09 
 9.40233333e-09  1.80000000e+00  9.40233333e-09  1.20666667e-09 
 9.40433333e-09  1.80000000e+00  9.40433333e-09  1.20666667e-09 
 9.40633333e-09  1.80000000e+00  9.40633333e-09  1.20666667e-09 
 9.40833333e-09  1.80000000e+00  9.40833333e-09  1.20666667e-09 
 9.41033333e-09  1.80000000e+00  9.41033333e-09  1.20666667e-09 
 9.41233333e-09  1.80000000e+00  9.41233333e-09  1.20666667e-09 
 9.41433333e-09  1.80000000e+00  9.41433333e-09  1.20666667e-09 
 9.41633333e-09  1.80000000e+00  9.41633333e-09  1.20666667e-09 
 9.41833333e-09  1.80000000e+00  9.41833333e-09  1.20666667e-09 
 9.42033333e-09  1.80000000e+00  9.42033333e-09  1.20666667e-09 
 9.42233333e-09  1.80000000e+00  9.42233333e-09  1.20666667e-09 
 9.42433333e-09  1.80000000e+00  9.42433333e-09  1.20666667e-09 
 9.42633333e-09  1.80000000e+00  9.42633333e-09  1.20666667e-09 
 9.42833333e-09  1.80000000e+00  9.42833333e-09  1.20666667e-09 
 9.43033333e-09  1.80000000e+00  9.43033333e-09  1.20666667e-09 
 9.43233333e-09  1.80000000e+00  9.43233333e-09  1.20666667e-09 
 9.43433333e-09  1.80000000e+00  9.43433333e-09  1.20666667e-09 
 9.43633333e-09  1.80000000e+00  9.43633333e-09  1.20666667e-09 
 9.43833333e-09  1.80000000e+00  9.43833333e-09  1.20666667e-09 
 9.44033333e-09  1.80000000e+00  9.44033333e-09  1.20666667e-09 
 9.44233333e-09  1.80000000e+00  9.44233333e-09  1.20666667e-09 
 9.44433333e-09  1.80000000e+00  9.44433333e-09  1.20666667e-09 
 9.44633333e-09  1.80000000e+00  9.44633333e-09  1.20666667e-09 
 9.44833333e-09  1.80000000e+00  9.44833333e-09  1.20666667e-09 
 9.45033333e-09  1.80000000e+00  9.45033333e-09  1.20666667e-09 
 9.45233333e-09  1.80000000e+00  9.45233333e-09  1.20666667e-09 
 9.45433333e-09  1.80000000e+00  9.45433333e-09  1.20666667e-09 
 9.45633333e-09  1.80000000e+00  9.45633333e-09  1.20666667e-09 
 9.45833333e-09  1.80000000e+00  9.45833333e-09  1.20666667e-09 
 9.46033333e-09  1.80000000e+00  9.46033333e-09  1.20666667e-09 
 9.46233333e-09  1.80000000e+00  9.46233333e-09  1.20666667e-09 
 9.46433333e-09  1.80000000e+00  9.46433333e-09  1.20666667e-09 
 9.46633333e-09  1.80000000e+00  9.46633333e-09  1.20666667e-09 
 9.46833333e-09  1.80000000e+00  9.46833333e-09  1.20666667e-09 
 9.47033333e-09  1.80000000e+00  9.47033333e-09  1.20666667e-09 
 9.47233333e-09  1.80000000e+00  9.47233333e-09  1.20666667e-09 
 9.47433333e-09  1.80000000e+00  9.47433333e-09  1.20666667e-09 
 9.47633333e-09  1.80000000e+00  9.47633333e-09  1.20666667e-09 
 9.47833333e-09  1.80000000e+00  9.47833333e-09  1.20666667e-09 
 9.48033333e-09  1.80000000e+00  9.48033333e-09  1.20666667e-09 
 9.48233333e-09  1.80000000e+00  9.48233333e-09  1.20666667e-09 
 9.48433333e-09  1.80000000e+00  9.48433333e-09  1.20666667e-09 
 9.48633333e-09  1.80000000e+00  9.48633333e-09  1.20666667e-09 
 9.48833333e-09  1.80000000e+00  9.48833333e-09  1.20666667e-09 
 9.49033333e-09  1.80000000e+00  9.49033333e-09  1.20666667e-09 
 9.49233333e-09  1.80000000e+00  9.49233333e-09  1.20666667e-09 
 9.49433333e-09  1.80000000e+00  9.49433333e-09  1.20666667e-09 
 9.49633333e-09  1.80000000e+00  9.49633333e-09  1.20666667e-09 
 9.49833333e-09  1.80000000e+00  9.49833333e-09  1.20666667e-09 
 9.50033333e-09  1.80000000e+00  9.50033333e-09  1.20666667e-09 
 9.50233333e-09  1.80000000e+00  9.50233333e-09  1.20666667e-09 
 9.50433333e-09  1.80000000e+00  9.50433333e-09  1.20666667e-09 
 9.50633333e-09  1.80000000e+00  9.50633333e-09  1.20666667e-09 
 9.50833333e-09  1.80000000e+00  9.50833333e-09  1.20666667e-09 
 9.51033333e-09  1.80000000e+00  9.51033333e-09  1.20666667e-09 
 9.51233333e-09  1.80000000e+00  9.51233333e-09  1.20666667e-09 
 9.51433333e-09  1.80000000e+00  9.51433333e-09  1.20666667e-09 
 9.51633333e-09  1.80000000e+00  9.51633333e-09  1.20666667e-09 
 9.51833333e-09  1.80000000e+00  9.51833333e-09  1.20666667e-09 
 9.52033333e-09  1.80000000e+00  9.52033333e-09  1.20666667e-09 
 9.52233333e-09  1.80000000e+00  9.52233333e-09  1.20666667e-09 
 9.52433333e-09  1.80000000e+00  9.52433333e-09  1.20666667e-09 
 9.52633333e-09  1.80000000e+00  9.52633333e-09  1.20666667e-09 
 9.52833333e-09  1.80000000e+00  9.52833333e-09  1.20666667e-09 
 9.53033333e-09  1.80000000e+00  9.53033333e-09  1.20666667e-09 
 9.53233333e-09  1.80000000e+00  9.53233333e-09  1.20666667e-09 
 9.53433333e-09  1.80000000e+00  9.53433333e-09  1.20666667e-09 
 9.53633333e-09  1.80000000e+00  9.53633333e-09  1.20666667e-09 
 9.53833333e-09  1.80000000e+00  9.53833333e-09  1.20666667e-09 
 9.54033333e-09  1.80000000e+00  9.54033333e-09  1.20666667e-09 
 9.54233333e-09  1.80000000e+00  9.54233333e-09  1.20666667e-09 
 9.54433333e-09  1.80000000e+00  9.54433333e-09  1.20666667e-09 
 9.54633333e-09  1.80000000e+00  9.54633333e-09  1.20666667e-09 
 9.54833333e-09  1.80000000e+00  9.54833333e-09  1.20666667e-09 
 9.55033333e-09  1.80000000e+00  9.55033333e-09  1.20666667e-09 
 9.55233333e-09  1.80000000e+00  9.55233333e-09  1.20666667e-09 
 9.55433333e-09  1.80000000e+00  9.55433333e-09  1.20666667e-09 
 9.55633333e-09  1.80000000e+00  9.55633333e-09  1.20666667e-09 
 9.55833333e-09  1.80000000e+00  9.55833333e-09  1.20666667e-09 
 9.56033333e-09  1.80000000e+00  9.56033333e-09  1.20666667e-09 
 9.56233333e-09  1.80000000e+00  9.56233333e-09  1.20666667e-09 
 9.56433333e-09  1.80000000e+00  9.56433333e-09  1.20666667e-09 
 9.56633333e-09  1.80000000e+00  9.56633333e-09  1.20666667e-09 
 9.56833333e-09  1.80000000e+00  9.56833333e-09  1.20666667e-09 
 9.57033333e-09  1.80000000e+00  9.57033333e-09  1.20666667e-09 
 9.57233333e-09  1.80000000e+00  9.57233333e-09  1.20666667e-09 
 9.57433333e-09  1.80000000e+00  9.57433333e-09  1.20666667e-09 
 9.57633333e-09  1.80000000e+00  9.57633333e-09  1.20666667e-09 
 9.57833333e-09  1.80000000e+00  9.57833333e-09  1.20666667e-09 
 9.58033333e-09  1.80000000e+00  9.58033333e-09  1.20666667e-09 
 9.58233333e-09  1.80000000e+00  9.58233333e-09  1.20666667e-09 
 9.58433333e-09  1.80000000e+00  9.58433333e-09  1.20666667e-09 
 9.58633333e-09  1.80000000e+00  9.58633333e-09  1.20666667e-09 
 9.58833333e-09  1.80000000e+00  9.58833333e-09  1.20666667e-09 
 9.59033333e-09  1.80000000e+00  9.59033333e-09  1.20666667e-09 
 9.59233333e-09  1.80000000e+00  9.59233333e-09  1.20666667e-09 
 9.59433333e-09  1.80000000e+00  9.59433333e-09  1.20666667e-09 
 9.59633333e-09  1.80000000e+00  9.59633333e-09  1.20666667e-09 
 9.59833333e-09  1.80000000e+00  9.59833333e-09  1.20666667e-09 
 9.60033333e-09  1.80000000e+00  9.60033333e-09  1.20666667e-09 
 9.60233333e-09  1.80000000e+00  9.60233333e-09  1.20666667e-09 
 9.60433333e-09  1.80000000e+00  9.60433333e-09  1.20666667e-09 
 9.60633333e-09  1.80000000e+00  9.60633333e-09  1.20666667e-09 
 9.60833333e-09  1.80000000e+00  9.60833333e-09  1.20666667e-09 
 9.61033333e-09  1.80000000e+00  9.61033333e-09  1.20666667e-09 
 9.61233333e-09  1.80000000e+00  9.61233333e-09  1.20666667e-09 
 9.61433333e-09  1.80000000e+00  9.61433333e-09  1.20666667e-09 
 9.61633333e-09  1.80000000e+00  9.61633333e-09  1.20666667e-09 
 9.61833333e-09  1.80000000e+00  9.61833333e-09  1.20666667e-09 
 9.62033333e-09  1.80000000e+00  9.62033333e-09  1.20666667e-09 
 9.62233333e-09  1.80000000e+00  9.62233333e-09  1.20666667e-09 
 9.62433333e-09  1.80000000e+00  9.62433333e-09  1.20666667e-09 
 9.62633333e-09  1.80000000e+00  9.62633333e-09  1.20666667e-09 
 9.62833333e-09  1.80000000e+00  9.62833333e-09  1.20666667e-09 
 9.63033333e-09  1.80000000e+00  9.63033333e-09  1.20666667e-09 
 9.63233333e-09  1.80000000e+00  9.63233333e-09  1.20666667e-09 
 9.63433333e-09  1.80000000e+00  9.63433333e-09  1.20666667e-09 
 9.63633333e-09  1.80000000e+00  9.63633333e-09  1.20666667e-09 
 9.63833333e-09  1.80000000e+00  9.63833333e-09  1.20666667e-09 
 9.64033333e-09  1.80000000e+00  9.64033333e-09  1.20666667e-09 
 9.64233333e-09  1.80000000e+00  9.64233333e-09  1.20666667e-09 
 9.64433333e-09  1.80000000e+00  9.64433333e-09  1.20666667e-09 
 9.64633333e-09  1.80000000e+00  9.64633333e-09  1.20666667e-09 
 9.64833333e-09  1.80000000e+00  9.64833333e-09  1.20666667e-09 
 9.65033333e-09  1.80000000e+00  9.65033333e-09  1.20666667e-09 
 9.65233333e-09  1.80000000e+00  9.65233333e-09  1.20666667e-09 
 9.65433333e-09  1.80000000e+00  9.65433333e-09  1.20666667e-09 
 9.65633333e-09  1.80000000e+00  9.65633333e-09  1.20666667e-09 
 9.65833333e-09  1.80000000e+00  9.65833333e-09  1.20666667e-09 
 9.66033333e-09  1.80000000e+00  9.66033333e-09  1.20666667e-09 
 9.66233333e-09  1.80000000e+00  9.66233333e-09  1.20666667e-09 
 9.66433333e-09  1.80000000e+00  9.66433333e-09  1.20666667e-09 
 9.66633333e-09  1.80000000e+00  9.66633333e-09  1.20666667e-09 
 9.66833333e-09  1.80000000e+00  9.66833333e-09  1.20666667e-09 
 9.67033333e-09  1.80000000e+00  9.67033333e-09  1.20666667e-09 
 9.67233333e-09  1.80000000e+00  9.67233333e-09  1.20666667e-09 
 9.67433333e-09  1.80000000e+00  9.67433333e-09  1.20666667e-09 
 9.67633333e-09  1.80000000e+00  9.67633333e-09  1.20666667e-09 
 9.67833333e-09  1.80000000e+00  9.67833333e-09  1.20666667e-09 
 9.68033333e-09  1.80000000e+00  9.68033333e-09  1.20666667e-09 
 9.68233333e-09  1.80000000e+00  9.68233333e-09  1.20666667e-09 
 9.68433333e-09  1.80000000e+00  9.68433333e-09  1.20666667e-09 
 9.68633333e-09  1.80000000e+00  9.68633333e-09  1.20666667e-09 
 9.68833333e-09  1.80000000e+00  9.68833333e-09  1.20666667e-09 
 9.69033333e-09  1.80000000e+00  9.69033333e-09  1.20666667e-09 
 9.69233333e-09  1.80000000e+00  9.69233333e-09  1.20666667e-09 
 9.69433333e-09  1.80000000e+00  9.69433333e-09  1.20666667e-09 
 9.69633333e-09  1.80000000e+00  9.69633333e-09  1.20666667e-09 
 9.69833333e-09  1.80000000e+00  9.69833333e-09  1.20666667e-09 
 9.70033333e-09  1.80000000e+00  9.70033333e-09  1.20666667e-09 
 9.70233333e-09  1.80000000e+00  9.70233333e-09  1.20666667e-09 
 9.70433333e-09  1.80000000e+00  9.70433333e-09  1.20666667e-09 
 9.70633333e-09  1.80000000e+00  9.70633333e-09  1.20666667e-09 
 9.70833333e-09  1.80000000e+00  9.70833333e-09  1.20666667e-09 
 9.71033333e-09  1.80000000e+00  9.71033333e-09  1.20666667e-09 
 9.71233333e-09  1.80000000e+00  9.71233333e-09  1.20666667e-09 
 9.71433333e-09  1.80000000e+00  9.71433333e-09  1.20666667e-09 
 9.71633333e-09  1.80000000e+00  9.71633333e-09  1.20666667e-09 
 9.71833333e-09  1.80000000e+00  9.71833333e-09  1.20666667e-09 
 9.72033333e-09  1.80000000e+00  9.72033333e-09  1.20666667e-09 
 9.72233333e-09  1.80000000e+00  9.72233333e-09  1.20666667e-09 
 9.72433333e-09  1.80000000e+00  9.72433333e-09  1.20666667e-09 
 9.72633333e-09  1.80000000e+00  9.72633333e-09  1.20666667e-09 
 9.72833333e-09  1.80000000e+00  9.72833333e-09  1.20666667e-09 
 9.73033333e-09  1.80000000e+00  9.73033333e-09  1.20666667e-09 
 9.73233333e-09  1.80000000e+00  9.73233333e-09  1.20666667e-09 
 9.73433333e-09  1.80000000e+00  9.73433333e-09  1.20666667e-09 
 9.73633333e-09  1.80000000e+00  9.73633333e-09  1.20666667e-09 
 9.73833333e-09  1.80000000e+00  9.73833333e-09  1.20666667e-09 
 9.74033333e-09  1.80000000e+00  9.74033333e-09  1.20666667e-09 
 9.74233333e-09  1.80000000e+00  9.74233333e-09  1.20666667e-09 
 9.74433333e-09  1.80000000e+00  9.74433333e-09  1.20666667e-09 
 9.74633333e-09  1.80000000e+00  9.74633333e-09  1.20666667e-09 
 9.74833333e-09  1.80000000e+00  9.74833333e-09  1.20666667e-09 
 9.75033333e-09  1.80000000e+00  9.75033333e-09  1.20666667e-09 
 9.75233333e-09  1.80000000e+00  9.75233333e-09  1.20666667e-09 
 9.75433333e-09  1.80000000e+00  9.75433333e-09  1.20666667e-09 
 9.75633333e-09  1.80000000e+00  9.75633333e-09  1.20666667e-09 
 9.75833333e-09  1.80000000e+00  9.75833333e-09  1.20666667e-09 
 9.76033333e-09  1.80000000e+00  9.76033333e-09  1.20666667e-09 
 9.76233333e-09  1.80000000e+00  9.76233333e-09  1.20666667e-09 
 9.76433333e-09  1.80000000e+00  9.76433333e-09  1.20666667e-09 
 9.76633333e-09  1.80000000e+00  9.76633333e-09  1.20666667e-09 
 9.76833333e-09  1.80000000e+00  9.76833333e-09  1.20666667e-09 
 9.77033333e-09  1.80000000e+00  9.77033333e-09  1.20666667e-09 
 9.77233333e-09  1.80000000e+00  9.77233333e-09  1.20666667e-09 
 9.77433333e-09  1.80000000e+00  9.77433333e-09  1.20666667e-09 
 9.77633333e-09  1.80000000e+00  9.77633333e-09  1.20666667e-09 
 9.77833333e-09  1.80000000e+00  9.77833333e-09  1.20666667e-09 
 9.78033333e-09  1.80000000e+00  9.78033333e-09  1.20666667e-09 
 9.78233333e-09  1.80000000e+00  9.78233333e-09  1.20666667e-09 
 9.78433333e-09  1.80000000e+00  9.78433333e-09  1.20666667e-09 
 9.78633333e-09  1.80000000e+00  9.78633333e-09  1.20666667e-09 
 9.78833333e-09  1.80000000e+00  9.78833333e-09  1.20666667e-09 
 9.79033333e-09  1.80000000e+00  9.79033333e-09  1.20666667e-09 
 9.79233333e-09  1.80000000e+00  9.79233333e-09  1.20666667e-09 
 9.79433333e-09  1.80000000e+00  9.79433333e-09  1.20666667e-09 
 9.79633333e-09  1.80000000e+00  9.79633333e-09  1.20666667e-09 
 9.79833333e-09  1.80000000e+00  9.79833333e-09  1.20666667e-09 
 9.80033333e-09  1.80000000e+00  9.80033333e-09  1.20666667e-09 
 9.80233333e-09  1.80000000e+00  9.80233333e-09  1.20666667e-09 
 9.80433333e-09  1.80000000e+00  9.80433333e-09  1.20666667e-09 
 9.80633333e-09  1.80000000e+00  9.80633333e-09  1.20666667e-09 
 9.80833333e-09  1.80000000e+00  9.80833333e-09  1.20666667e-09 
 9.81033333e-09  1.80000000e+00  9.81033333e-09  1.20666667e-09 
 9.81233333e-09  1.80000000e+00  9.81233333e-09  1.20666667e-09 
 9.81433333e-09  1.80000000e+00  9.81433333e-09  1.20666667e-09 
 9.81633333e-09  1.80000000e+00  9.81633333e-09  1.20666667e-09 
 9.81833333e-09  1.80000000e+00  9.81833333e-09  1.20666667e-09 
 9.82033333e-09  1.80000000e+00  9.82033333e-09  1.20666667e-09 
 9.82233333e-09  1.80000000e+00  9.82233333e-09  1.20666667e-09 
 9.82433333e-09  1.80000000e+00  9.82433333e-09  1.20666667e-09 
 9.82633333e-09  1.80000000e+00  9.82633333e-09  1.20666667e-09 
 9.82833333e-09  1.80000000e+00  9.82833333e-09  1.20666667e-09 
 9.83033333e-09  1.80000000e+00  9.83033333e-09  1.20666667e-09 
 9.83233333e-09  1.80000000e+00  9.83233333e-09  1.20666667e-09 
 9.83433333e-09  1.80000000e+00  9.83433333e-09  1.20666667e-09 
 9.83633333e-09  1.80000000e+00  9.83633333e-09  1.20666667e-09 
 9.83833333e-09  1.80000000e+00  9.83833333e-09  1.20666667e-09 
 9.84033333e-09  1.80000000e+00  9.84033333e-09  1.20666667e-09 
 9.84233333e-09  1.80000000e+00  9.84233333e-09  1.20666667e-09 
 9.84433333e-09  1.80000000e+00  9.84433333e-09  1.20666667e-09 
 9.84633333e-09  1.80000000e+00  9.84633333e-09  1.20666667e-09 
 9.84833333e-09  1.80000000e+00  9.84833333e-09  1.20666667e-09 
 9.85033333e-09  1.80000000e+00  9.85033333e-09  1.20666667e-09 
 9.85233333e-09  1.80000000e+00  9.85233333e-09  1.20666667e-09 
 9.85433333e-09  1.80000000e+00  9.85433333e-09  1.20666667e-09 
 9.85633333e-09  1.80000000e+00  9.85633333e-09  1.20666667e-09 
 9.85833333e-09  1.80000000e+00  9.85833333e-09  1.20666667e-09 
 9.86033333e-09  1.80000000e+00  9.86033333e-09  1.20666667e-09 
 9.86233333e-09  1.80000000e+00  9.86233333e-09  1.20666667e-09 
 9.86433333e-09  1.80000000e+00  9.86433333e-09  1.20666667e-09 
 9.86633333e-09  1.80000000e+00  9.86633333e-09  1.20666667e-09 
 9.86833333e-09  1.80000000e+00  9.86833333e-09  1.20666667e-09 
 9.87033333e-09  1.80000000e+00  9.87033333e-09  1.20666667e-09 
 9.87233333e-09  1.80000000e+00  9.87233333e-09  1.20666667e-09 
 9.87433333e-09  1.80000000e+00  9.87433333e-09  1.20666667e-09 
 9.87633333e-09  1.80000000e+00  9.87633333e-09  1.20666667e-09 
 9.87833333e-09  1.80000000e+00  9.87833333e-09  1.20666667e-09 
 9.88033333e-09  1.80000000e+00  9.88033333e-09  1.20666667e-09 
 9.88233333e-09  1.80000000e+00  9.88233333e-09  1.20666667e-09 
 9.88433333e-09  1.80000000e+00  9.88433333e-09  1.20666667e-09 
 9.88633333e-09  1.80000000e+00  9.88633333e-09  1.20666667e-09 
 9.88833333e-09  1.80000000e+00  9.88833333e-09  1.20666667e-09 
 9.89033333e-09  1.80000000e+00  9.89033333e-09  1.20666667e-09 
 9.89233333e-09  1.80000000e+00  9.89233333e-09  1.20666667e-09 
 9.89433333e-09  1.80000000e+00  9.89433333e-09  1.20666667e-09 
 9.89633333e-09  1.80000000e+00  9.89633333e-09  1.20666667e-09 
 9.89833333e-09  1.80000000e+00  9.89833333e-09  1.20666667e-09 
 9.90033333e-09  1.80000000e+00  9.90033333e-09  1.20666667e-09 
 9.90233333e-09  1.80000000e+00  9.90233333e-09  1.20666667e-09 
 9.90433333e-09  1.80000000e+00  9.90433333e-09  1.20666667e-09 
 9.90633333e-09  1.80000000e+00  9.90633333e-09  1.20666667e-09 
 9.90833333e-09  1.80000000e+00  9.90833333e-09  1.20666667e-09 
 9.91033333e-09  1.80000000e+00  9.91033333e-09  1.20666667e-09 
 9.91233333e-09  1.80000000e+00  9.91233333e-09  1.20666667e-09 
 9.91433333e-09  1.80000000e+00  9.91433333e-09  1.20666667e-09 
 9.91633333e-09  1.80000000e+00  9.91633333e-09  1.20666667e-09 
 9.91833333e-09  1.80000000e+00  9.91833333e-09  1.20666667e-09 
 9.92033333e-09  1.80000000e+00  9.92033333e-09  1.20666667e-09 
 9.92233333e-09  1.80000000e+00  9.92233333e-09  1.20666667e-09 
 9.92433333e-09  1.80000000e+00  9.92433333e-09  1.20666667e-09 
 9.92633333e-09  1.80000000e+00  9.92633333e-09  1.20666667e-09 
 9.92833333e-09  1.80000000e+00  9.92833333e-09  1.20666667e-09 
 9.93033333e-09  1.80000000e+00  9.93033333e-09  1.20666667e-09 
 9.93233333e-09  1.80000000e+00  9.93233333e-09  1.20666667e-09 
 9.93433333e-09  1.80000000e+00  9.93433333e-09  1.20666667e-09 
 9.93633333e-09  1.80000000e+00  9.93633333e-09  1.20666667e-09 
 9.93833333e-09  1.80000000e+00  9.93833333e-09  1.20666667e-09 
 9.94033333e-09  1.80000000e+00  9.94033333e-09  1.20666667e-09 
 9.94233333e-09  1.80000000e+00  9.94233333e-09  1.20666667e-09 
 9.94433333e-09  1.80000000e+00  9.94433333e-09  1.20666667e-09 
 9.94633333e-09  1.80000000e+00  9.94633333e-09  1.20666667e-09 
 9.94833333e-09  1.80000000e+00  9.94833333e-09  1.20666667e-09 
 9.95033333e-09  1.80000000e+00  9.95033333e-09  1.20666667e-09 
 9.95233333e-09  1.80000000e+00  9.95233333e-09  1.20666667e-09 
 9.95433333e-09  1.80000000e+00  9.95433333e-09  1.20666667e-09 
 9.95633333e-09  1.80000000e+00  9.95633333e-09  1.20666667e-09 
 9.95833333e-09  1.80000000e+00  9.95833333e-09  1.20666667e-09 
 9.96033333e-09  1.80000000e+00  9.96033333e-09  1.20666667e-09 
 9.96233333e-09  1.80000000e+00  9.96233333e-09  1.20666667e-09 
 9.96433333e-09  1.80000000e+00  9.96433333e-09  1.20666667e-09 
 9.96633333e-09  1.80000000e+00  9.96633333e-09  1.20666667e-09 
 9.96833333e-09  1.80000000e+00  9.96833333e-09  1.20666667e-09 
 9.97033333e-09  1.80000000e+00  9.97033333e-09  1.20666667e-09 
 9.97233333e-09  1.80000000e+00  9.97233333e-09  1.20666667e-09 
 9.97433333e-09  1.80000000e+00  9.97433333e-09  1.20666667e-09 
 9.97633333e-09  1.80000000e+00  9.97633333e-09  1.20666667e-09 
 9.97833333e-09  1.80000000e+00  9.97833333e-09  1.20666667e-09 
 9.98033333e-09  1.80000000e+00  9.98033333e-09  1.20666667e-09 
 9.98233333e-09  1.80000000e+00  9.98233333e-09  1.20666667e-09 
 9.98433333e-09  1.80000000e+00  9.98433333e-09  1.20666667e-09 
 9.98633333e-09  1.80000000e+00  9.98633333e-09  1.20666667e-09 
 9.98833333e-09  1.80000000e+00  9.98833333e-09  1.20666667e-09 
 9.99033333e-09  1.80000000e+00  9.99033333e-09  1.20666667e-09 
 9.99233333e-09  1.80000000e+00  9.99233333e-09  1.20666667e-09 
 9.99433333e-09  1.80000000e+00  9.99433333e-09  1.20666667e-09 
 9.99633333e-09  1.80000000e+00  9.99633333e-09  1.20666667e-09 
 9.99833333e-09  1.80000000e+00  9.99833333e-09  1.20666667e-09 
 1.00003333e-08  1.80000000e+00  1.00003333e-08  1.20666667e-09 
 1.00023333e-08  1.80000000e+00  1.00023333e-08  1.20666667e-09 
 1.00043333e-08  1.80000000e+00  1.00043333e-08  1.20666667e-09 
 1.00063333e-08  1.80000000e+00  1.00063333e-08  1.20666667e-09 
 1.00083333e-08  1.80000000e+00  1.00083333e-08  1.20666667e-09 
 1.00103333e-08  1.80000000e+00  1.00103333e-08  1.20666667e-09 
 1.00123333e-08  1.80000000e+00  1.00123333e-08  1.20666667e-09 
 1.00143333e-08  1.80000000e+00  1.00143333e-08  1.20666667e-09 
 1.00163333e-08  1.80000000e+00  1.00163333e-08  1.20666667e-09 
 1.00183333e-08  1.80000000e+00  1.00183333e-08  1.20666667e-09 
 1.00203333e-08  1.80000000e+00  1.00203333e-08  1.20666667e-09 
 1.00223333e-08  1.80000000e+00  1.00223333e-08  1.20666667e-09 
 1.00243333e-08  1.80000000e+00  1.00243333e-08  1.20666667e-09 
 1.00263333e-08  1.80000000e+00  1.00263333e-08  1.20666667e-09 
 1.00283333e-08  1.80000000e+00  1.00283333e-08  1.20666667e-09 
 1.00303333e-08  1.80000000e+00  1.00303333e-08  1.20666667e-09 
 1.00323333e-08  1.80000000e+00  1.00323333e-08  1.20666667e-09 
 1.00333333e-08  1.80000000e+00  1.00333333e-08  1.20666667e-09 
 1.00335333e-08  1.78920000e+00  1.00335333e-08  1.20672424e-09 
 1.00339333e-08  1.76760000e+00  1.00339333e-08  1.20695389e-09 
 1.00347333e-08  1.72440000e+00  1.00347333e-08  1.20809277e-09 
 1.00363333e-08  1.63800000e+00  1.00363333e-08  1.21302317e-09 
 1.00383333e-08  1.53000000e+00  1.00383333e-08  1.22402281e-09 
 1.00403333e-08  1.42200000e+00  1.00403333e-08  1.24025672e-09 
 1.00423333e-08  1.31400000e+00  1.00423333e-08  1.51472499e-05 
 1.00443333e-08  1.20600000e+00  1.00443333e-08  2.72698403e-04 
 1.00463333e-08  1.09800000e+00  1.00463333e-08  1.25343302e-03 
 1.00483333e-08  9.90000000e-01  1.00483333e-08  3.49343300e-03 
 1.00503333e-08  8.82000000e-01  1.00503333e-08  7.53146154e-03 
 1.00523333e-08  7.74000000e-01  1.00523333e-08  1.39194065e-02 
 1.00543333e-08  6.66000000e-01  1.00543333e-08  2.32331340e-02 
 1.00563333e-08  5.58000000e-01  1.00563333e-08  3.60842488e-02 
 1.00583333e-08  4.50000000e-01  1.00583333e-08  5.31021064e-02 
 1.00603333e-08  3.42000000e-01  1.00603333e-08  7.47996625e-02 
 1.00623333e-08  2.34000000e-01  1.00623333e-08  1.01646835e-01 
 1.00643333e-08  1.26000000e-01  1.00643333e-08  1.34180930e-01 
 1.00663333e-08  1.80000000e-02  1.00663333e-08  1.72933140e-01 
 1.00666667e-08  0.00000000e+00  1.00666667e-08  1.80026272e-01 
 1.00668667e-08  0.00000000e+00  1.00668667e-08  1.84337733e-01 
 1.00672667e-08  0.00000000e+00  1.00672667e-08  1.92959535e-01 
 1.00680667e-08  0.00000000e+00  1.00680667e-08  2.10195313e-01 
 1.00696667e-08  0.00000000e+00  1.00696667e-08  2.44633384e-01 
 1.00716667e-08  0.00000000e+00  1.00716667e-08  2.87618260e-01 
 1.00736667e-08  0.00000000e+00  1.00736667e-08  3.30533557e-01 
 1.00756667e-08  0.00000000e+00  1.00756667e-08  3.73379388e-01 
 1.00776667e-08  0.00000000e+00  1.00776667e-08  4.16155864e-01 
 1.00796667e-08  0.00000000e+00  1.00796667e-08  4.58862180e-01 
 1.00816667e-08  0.00000000e+00  1.00816667e-08  5.01468431e-01 
 1.00836667e-08  0.00000000e+00  1.00836667e-08  5.43903818e-01 
 1.00856667e-08  0.00000000e+00  1.00856667e-08  5.86085866e-01 
 1.00876667e-08  0.00000000e+00  1.00876667e-08  6.27934471e-01 
 1.00896667e-08  0.00000000e+00  1.00896667e-08  6.69372481e-01 
 1.00916667e-08  0.00000000e+00  1.00916667e-08  7.10326215e-01 
 1.00936667e-08  0.00000000e+00  1.00936667e-08  7.50725931e-01 
 1.00956667e-08  0.00000000e+00  1.00956667e-08  7.90506229e-01 
 1.00976667e-08  0.00000000e+00  1.00976667e-08  8.29606384e-01 
 1.00996667e-08  0.00000000e+00  1.00996667e-08  8.67970615e-01 
 1.01016667e-08  0.00000000e+00  1.01016667e-08  9.05548284e-01 
 1.01036667e-08  0.00000000e+00  1.01036667e-08  9.42294022e-01 
 1.01056667e-08  0.00000000e+00  1.01056667e-08  9.78167800e-01 
 1.01076667e-08  0.00000000e+00  1.01076667e-08  1.01313493e+00 
 1.01096667e-08  0.00000000e+00  1.01096667e-08  1.04716602e+00 
 1.01116667e-08  0.00000000e+00  1.01116667e-08  1.08023684e+00 
 1.01136667e-08  0.00000000e+00  1.01136667e-08  1.11232822e+00 
 1.01156667e-08  0.00000000e+00  1.01156667e-08  1.14342583e+00 
 1.01176667e-08  0.00000000e+00  1.01176667e-08  1.17351994e+00 
 1.01196667e-08  0.00000000e+00  1.01196667e-08  1.20260520e+00 
 1.01216667e-08  0.00000000e+00  1.01216667e-08  1.23068037e+00 
 1.01236667e-08  0.00000000e+00  1.01236667e-08  1.25774799e+00 
 1.01256667e-08  0.00000000e+00  1.01256667e-08  1.28381413e+00 
 1.01276667e-08  0.00000000e+00  1.01276667e-08  1.30888804e+00 
 1.01296667e-08  0.00000000e+00  1.01296667e-08  1.33298191e+00 
 1.01316667e-08  0.00000000e+00  1.01316667e-08  1.35611048e+00 
 1.01336667e-08  0.00000000e+00  1.01336667e-08  1.37829081e+00 
 1.01356667e-08  0.00000000e+00  1.01356667e-08  1.39954198e+00 
 1.01376667e-08  0.00000000e+00  1.01376667e-08  1.41988480e+00 
 1.01396667e-08  0.00000000e+00  1.01396667e-08  1.43934155e+00 
 1.01416667e-08  0.00000000e+00  1.01416667e-08  1.45793575e+00 
 1.01436667e-08  0.00000000e+00  1.01436667e-08  1.47569190e+00 
 1.01456667e-08  0.00000000e+00  1.01456667e-08  1.49263529e+00 
 1.01476667e-08  0.00000000e+00  1.01476667e-08  1.50879179e+00 
 1.01496667e-08  0.00000000e+00  1.01496667e-08  1.52418767e+00 
 1.01516667e-08  0.00000000e+00  1.01516667e-08  1.53884943e+00 
 1.01536667e-08  0.00000000e+00  1.01536667e-08  1.55280366e+00 
 1.01556667e-08  0.00000000e+00  1.01556667e-08  1.56607688e+00 
 1.01576667e-08  0.00000000e+00  1.01576667e-08  1.57869548e+00 
 1.01596667e-08  0.00000000e+00  1.01596667e-08  1.59068553e+00 
 1.01616667e-08  0.00000000e+00  1.01616667e-08  1.60207276e+00 
 1.01636667e-08  0.00000000e+00  1.01636667e-08  1.61288247e+00 
 1.01656667e-08  0.00000000e+00  1.01656667e-08  1.62313941e+00 
 1.01676667e-08  0.00000000e+00  1.01676667e-08  1.63286781e+00 
 1.01696667e-08  0.00000000e+00  1.01696667e-08  1.64209123e+00 
 1.01716667e-08  0.00000000e+00  1.01716667e-08  1.65083263e+00 
 1.01736667e-08  0.00000000e+00  1.01736667e-08  1.65911425e+00 
 1.01756667e-08  0.00000000e+00  1.01756667e-08  1.66695766e+00 
 1.01776667e-08  0.00000000e+00  1.01776667e-08  1.67438367e+00 
 1.01796667e-08  0.00000000e+00  1.01796667e-08  1.68141240e+00 
 1.01816667e-08  0.00000000e+00  1.01816667e-08  1.68806320e+00 
 1.01836667e-08  0.00000000e+00  1.01836667e-08  1.69435472e+00 
 1.01856667e-08  0.00000000e+00  1.01856667e-08  1.70030485e+00 
 1.01876667e-08  0.00000000e+00  1.01876667e-08  1.70593076e+00 
 1.01896667e-08  0.00000000e+00  1.01896667e-08  1.71124892e+00 
 1.01916667e-08  0.00000000e+00  1.01916667e-08  1.71627509e+00 
 1.01936667e-08  0.00000000e+00  1.01936667e-08  1.72102433e+00 
 1.01956667e-08  0.00000000e+00  1.01956667e-08  1.72551106e+00 
 1.01976667e-08  0.00000000e+00  1.01976667e-08  1.72974901e+00 
 1.01996667e-08  0.00000000e+00  1.01996667e-08  1.73375131e+00 
 1.02016667e-08  0.00000000e+00  1.02016667e-08  1.73753044e+00 
 1.02036667e-08  0.00000000e+00  1.02036667e-08  1.74109832e+00 
 1.02056667e-08  0.00000000e+00  1.02056667e-08  1.74446627e+00 
 1.02076667e-08  0.00000000e+00  1.02076667e-08  1.74764505e+00 
 1.02096667e-08  0.00000000e+00  1.02096667e-08  1.75064493e+00 
 1.02116667e-08  0.00000000e+00  1.02116667e-08  1.75347562e+00 
 1.02136667e-08  0.00000000e+00  1.02136667e-08  1.75614636e+00 
 1.02156667e-08  0.00000000e+00  1.02156667e-08  1.75866593e+00 
 1.02176667e-08  0.00000000e+00  1.02176667e-08  1.76104264e+00 
 1.02196667e-08  0.00000000e+00  1.02196667e-08  1.76328438e+00 
 1.02216667e-08  0.00000000e+00  1.02216667e-08  1.76539863e+00 
 1.02236667e-08  0.00000000e+00  1.02236667e-08  1.76739246e+00 
 1.02256667e-08  0.00000000e+00  1.02256667e-08  1.76927258e+00 
 1.02276667e-08  0.00000000e+00  1.02276667e-08  1.77104535e+00 
 1.02296667e-08  0.00000000e+00  1.02296667e-08  1.77271678e+00 
 1.02316667e-08  0.00000000e+00  1.02316667e-08  1.77429256e+00 
 1.02336667e-08  0.00000000e+00  1.02336667e-08  1.77577806e+00 
 1.02356667e-08  0.00000000e+00  1.02356667e-08  1.77717838e+00 
 1.02376667e-08  0.00000000e+00  1.02376667e-08  1.77849832e+00 
 1.02396667e-08  0.00000000e+00  1.02396667e-08  1.77974244e+00 
 1.02416667e-08  0.00000000e+00  1.02416667e-08  1.78091504e+00 
 1.02436667e-08  0.00000000e+00  1.02436667e-08  1.78202016e+00 
 1.02456667e-08  0.00000000e+00  1.02456667e-08  1.78306165e+00 
 1.02476667e-08  0.00000000e+00  1.02476667e-08  1.78404314e+00 
 1.02496667e-08  0.00000000e+00  1.02496667e-08  1.78496804e+00 
 1.02516667e-08  0.00000000e+00  1.02516667e-08  1.78583958e+00 
 1.02536667e-08  0.00000000e+00  1.02536667e-08  1.78666081e+00 
 1.02556667e-08  0.00000000e+00  1.02556667e-08  1.78743462e+00 
 1.02576667e-08  0.00000000e+00  1.02576667e-08  1.78816371e+00 
 1.02596667e-08  0.00000000e+00  1.02596667e-08  1.78885066e+00 
 1.02616667e-08  0.00000000e+00  1.02616667e-08  1.78949788e+00 
 1.02636667e-08  0.00000000e+00  1.02636667e-08  1.79010765e+00 
 1.02656667e-08  0.00000000e+00  1.02656667e-08  1.79068212e+00 
 1.02676667e-08  0.00000000e+00  1.02676667e-08  1.79122334e+00 
 1.02696667e-08  0.00000000e+00  1.02696667e-08  1.79173320e+00 
 1.02716667e-08  0.00000000e+00  1.02716667e-08  1.79221352e+00 
 1.02736667e-08  0.00000000e+00  1.02736667e-08  1.79266600e+00 
 1.02756667e-08  0.00000000e+00  1.02756667e-08  1.79309224e+00 
 1.02776667e-08  0.00000000e+00  1.02776667e-08  1.79349377e+00 
 1.02796667e-08  0.00000000e+00  1.02796667e-08  1.79387201e+00 
 1.02816667e-08  0.00000000e+00  1.02816667e-08  1.79422829e+00 
 1.02836667e-08  0.00000000e+00  1.02836667e-08  1.79456391e+00 
 1.02856667e-08  0.00000000e+00  1.02856667e-08  1.79488003e+00 
 1.02876667e-08  0.00000000e+00  1.02876667e-08  1.79517781e+00 
 1.02896667e-08  0.00000000e+00  1.02896667e-08  1.79545829e+00 
 1.02916667e-08  0.00000000e+00  1.02916667e-08  1.79572248e+00 
 1.02936667e-08  0.00000000e+00  1.02936667e-08  1.79597132e+00 
 1.02956667e-08  0.00000000e+00  1.02956667e-08  1.79620571e+00 
 1.02976667e-08  0.00000000e+00  1.02976667e-08  1.79642648e+00 
 1.02996667e-08  0.00000000e+00  1.02996667e-08  1.79663441e+00 
 1.03016667e-08  0.00000000e+00  1.03016667e-08  1.79683026e+00 
 1.03036667e-08  0.00000000e+00  1.03036667e-08  1.79701472e+00 
 1.03056667e-08  0.00000000e+00  1.03056667e-08  1.79718846e+00 
 1.03076667e-08  0.00000000e+00  1.03076667e-08  1.79735209e+00 
 1.03096667e-08  0.00000000e+00  1.03096667e-08  1.79750621e+00 
 1.03116667e-08  0.00000000e+00  1.03116667e-08  1.79765137e+00 
 1.03136667e-08  0.00000000e+00  1.03136667e-08  1.79778808e+00 
 1.03156667e-08  0.00000000e+00  1.03156667e-08  1.79791684e+00 
 1.03176667e-08  0.00000000e+00  1.03176667e-08  1.79803811e+00 
 1.03196667e-08  0.00000000e+00  1.03196667e-08  1.79815233e+00 
 1.03216667e-08  0.00000000e+00  1.03216667e-08  1.79825990e+00 
 1.03236667e-08  0.00000000e+00  1.03236667e-08  1.79836121e+00 
 1.03256667e-08  0.00000000e+00  1.03256667e-08  1.79845662e+00 
 1.03276667e-08  0.00000000e+00  1.03276667e-08  1.79854648e+00 
 1.03296667e-08  0.00000000e+00  1.03296667e-08  1.79863112e+00 
 1.03316667e-08  0.00000000e+00  1.03316667e-08  1.79871082e+00 
 1.03336667e-08  0.00000000e+00  1.03336667e-08  1.79878589e+00 
 1.03356667e-08  0.00000000e+00  1.03356667e-08  1.79885659e+00 
 1.03376667e-08  0.00000000e+00  1.03376667e-08  1.79892317e+00 
 1.03396667e-08  0.00000000e+00  1.03396667e-08  1.79898588e+00 
 1.03416667e-08  0.00000000e+00  1.03416667e-08  1.79904493e+00 
 1.03436667e-08  0.00000000e+00  1.03436667e-08  1.79910055e+00 
 1.03456667e-08  0.00000000e+00  1.03456667e-08  1.79915293e+00 
 1.03476667e-08  0.00000000e+00  1.03476667e-08  1.79920226e+00 
 1.03496667e-08  0.00000000e+00  1.03496667e-08  1.79924872e+00 
 1.03516667e-08  0.00000000e+00  1.03516667e-08  1.79929248e+00 
 1.03536667e-08  0.00000000e+00  1.03536667e-08  1.79933368e+00 
 1.03556667e-08  0.00000000e+00  1.03556667e-08  1.79937249e+00 
 1.03576667e-08  0.00000000e+00  1.03576667e-08  1.79940903e+00 
 1.03596667e-08  0.00000000e+00  1.03596667e-08  1.79944345e+00 
 1.03616667e-08  0.00000000e+00  1.03616667e-08  1.79947587e+00 
 1.03636667e-08  0.00000000e+00  1.03636667e-08  1.79950639e+00 
 1.03656667e-08  0.00000000e+00  1.03656667e-08  1.79953514e+00 
 1.03676667e-08  0.00000000e+00  1.03676667e-08  1.79956222e+00 
 1.03696667e-08  0.00000000e+00  1.03696667e-08  1.79958772e+00 
 1.03716667e-08  0.00000000e+00  1.03716667e-08  1.79961173e+00 
 1.03736667e-08  0.00000000e+00  1.03736667e-08  1.79963435e+00 
 1.03756667e-08  0.00000000e+00  1.03756667e-08  1.79965564e+00 
 1.03776667e-08  0.00000000e+00  1.03776667e-08  1.79967570e+00 
 1.03796667e-08  0.00000000e+00  1.03796667e-08  1.79969459e+00 
 1.03816667e-08  0.00000000e+00  1.03816667e-08  1.79971238e+00 
 1.03836667e-08  0.00000000e+00  1.03836667e-08  1.79972913e+00 
 1.03856667e-08  0.00000000e+00  1.03856667e-08  1.79974491e+00 
 1.03876667e-08  0.00000000e+00  1.03876667e-08  1.79975977e+00 
 1.03896667e-08  0.00000000e+00  1.03896667e-08  1.79977376e+00 
 1.03916667e-08  0.00000000e+00  1.03916667e-08  1.79978694e+00 
 1.03936667e-08  0.00000000e+00  1.03936667e-08  1.79979935e+00 
 1.03956667e-08  0.00000000e+00  1.03956667e-08  1.79981104e+00 
 1.03976667e-08  0.00000000e+00  1.03976667e-08  1.79982204e+00 
 1.03996667e-08  0.00000000e+00  1.03996667e-08  1.79983241e+00 
 1.04016667e-08  0.00000000e+00  1.04016667e-08  1.79984217e+00 
 1.04036667e-08  0.00000000e+00  1.04036667e-08  1.79985136e+00 
 1.04056667e-08  0.00000000e+00  1.04056667e-08  1.79986002e+00 
 1.04076667e-08  0.00000000e+00  1.04076667e-08  1.79986818e+00 
 1.04096667e-08  0.00000000e+00  1.04096667e-08  1.79987585e+00 
 1.04116667e-08  0.00000000e+00  1.04116667e-08  1.79988309e+00 
 1.04136667e-08  0.00000000e+00  1.04136667e-08  1.79988990e+00 
 1.04156667e-08  0.00000000e+00  1.04156667e-08  1.79989631e+00 
 1.04176667e-08  0.00000000e+00  1.04176667e-08  1.79990235e+00 
 1.04196667e-08  0.00000000e+00  1.04196667e-08  1.79990804e+00 
 1.04216667e-08  0.00000000e+00  1.04216667e-08  1.79991339e+00 
 1.04236667e-08  0.00000000e+00  1.04236667e-08  1.79991844e+00 
 1.04256667e-08  0.00000000e+00  1.04256667e-08  1.79992319e+00 
 1.04276667e-08  0.00000000e+00  1.04276667e-08  1.79992766e+00 
 1.04296667e-08  0.00000000e+00  1.04296667e-08  1.79993188e+00 
 1.04316667e-08  0.00000000e+00  1.04316667e-08  1.79993585e+00 
 1.04336667e-08  0.00000000e+00  1.04336667e-08  1.79993958e+00 
 1.04356667e-08  0.00000000e+00  1.04356667e-08  1.79994310e+00 
 1.04376667e-08  0.00000000e+00  1.04376667e-08  1.79994642e+00 
 1.04396667e-08  0.00000000e+00  1.04396667e-08  1.79994954e+00 
 1.04416667e-08  0.00000000e+00  1.04416667e-08  1.79995248e+00 
 1.04436667e-08  0.00000000e+00  1.04436667e-08  1.79995525e+00 
 1.04456667e-08  0.00000000e+00  1.04456667e-08  1.79995785e+00 
 1.04476667e-08  0.00000000e+00  1.04476667e-08  1.79996031e+00 
 1.04496667e-08  0.00000000e+00  1.04496667e-08  1.79996262e+00 
 1.04516667e-08  0.00000000e+00  1.04516667e-08  1.79996480e+00 
 1.04536667e-08  0.00000000e+00  1.04536667e-08  1.79996685e+00 
 1.04556667e-08  0.00000000e+00  1.04556667e-08  1.79996878e+00 
 1.04576667e-08  0.00000000e+00  1.04576667e-08  1.79997060e+00 
 1.04596667e-08  0.00000000e+00  1.04596667e-08  1.79997231e+00 
 1.04616667e-08  0.00000000e+00  1.04616667e-08  1.79997392e+00 
 1.04636667e-08  0.00000000e+00  1.04636667e-08  1.79997544e+00 
 1.04656667e-08  0.00000000e+00  1.04656667e-08  1.79997687e+00 
 1.04676667e-08  0.00000000e+00  1.04676667e-08  1.79997822e+00 
 1.04696667e-08  0.00000000e+00  1.04696667e-08  1.79997949e+00 
 1.04716667e-08  0.00000000e+00  1.04716667e-08  1.79998068e+00 
 1.04736667e-08  0.00000000e+00  1.04736667e-08  1.79998181e+00 
 1.04756667e-08  0.00000000e+00  1.04756667e-08  1.79998287e+00 
 1.04776667e-08  0.00000000e+00  1.04776667e-08  1.79998387e+00 
 1.04796667e-08  0.00000000e+00  1.04796667e-08  1.79998481e+00 
 1.04816667e-08  0.00000000e+00  1.04816667e-08  1.79998569e+00 
 1.04836667e-08  0.00000000e+00  1.04836667e-08  1.79998652e+00 
 1.04856667e-08  0.00000000e+00  1.04856667e-08  1.79998731e+00 
 1.04876667e-08  0.00000000e+00  1.04876667e-08  1.79998805e+00 
 1.04896667e-08  0.00000000e+00  1.04896667e-08  1.79998874e+00 
 1.04916667e-08  0.00000000e+00  1.04916667e-08  1.79998940e+00 
 1.04936667e-08  0.00000000e+00  1.04936667e-08  1.79999002e+00 
 1.04956667e-08  0.00000000e+00  1.04956667e-08  1.79999060e+00 
 1.04976667e-08  0.00000000e+00  1.04976667e-08  1.79999115e+00 
 1.04996667e-08  0.00000000e+00  1.04996667e-08  1.79999166e+00 
 1.05016667e-08  0.00000000e+00  1.05016667e-08  1.79999215e+00 
 1.05036667e-08  0.00000000e+00  1.05036667e-08  1.79999261e+00 
 1.05056667e-08  0.00000000e+00  1.05056667e-08  1.79999304e+00 
 1.05076667e-08  0.00000000e+00  1.05076667e-08  1.79999344e+00 
 1.05096667e-08  0.00000000e+00  1.05096667e-08  1.79999382e+00 
 1.05116667e-08  0.00000000e+00  1.05116667e-08  1.79999418e+00 
 1.05136667e-08  0.00000000e+00  1.05136667e-08  1.79999452e+00 
 1.05156667e-08  0.00000000e+00  1.05156667e-08  1.79999484e+00 
 1.05176667e-08  0.00000000e+00  1.05176667e-08  1.79999514e+00 
 1.05196667e-08  0.00000000e+00  1.05196667e-08  1.79999542e+00 
 1.05216667e-08  0.00000000e+00  1.05216667e-08  1.79999569e+00 
 1.05236667e-08  0.00000000e+00  1.05236667e-08  1.79999594e+00 
 1.05256667e-08  0.00000000e+00  1.05256667e-08  1.79999618e+00 
 1.05276667e-08  0.00000000e+00  1.05276667e-08  1.79999640e+00 
 1.05296667e-08  0.00000000e+00  1.05296667e-08  1.79999661e+00 
 1.05316667e-08  0.00000000e+00  1.05316667e-08  1.79999681e+00 
 1.05336667e-08  0.00000000e+00  1.05336667e-08  1.79999699e+00 
 1.05356667e-08  0.00000000e+00  1.05356667e-08  1.79999717e+00 
 1.05376667e-08  0.00000000e+00  1.05376667e-08  1.79999733e+00 
 1.05396667e-08  0.00000000e+00  1.05396667e-08  1.79999749e+00 
 1.05416667e-08  0.00000000e+00  1.05416667e-08  1.79999763e+00 
 1.05436667e-08  0.00000000e+00  1.05436667e-08  1.79999777e+00 
 1.05456667e-08  0.00000000e+00  1.05456667e-08  1.79999790e+00 
 1.05476667e-08  0.00000000e+00  1.05476667e-08  1.79999802e+00 
 1.05496667e-08  0.00000000e+00  1.05496667e-08  1.79999814e+00 
 1.05516667e-08  0.00000000e+00  1.05516667e-08  1.79999825e+00 
 1.05536667e-08  0.00000000e+00  1.05536667e-08  1.79999835e+00 
 1.05556667e-08  0.00000000e+00  1.05556667e-08  1.79999845e+00 
 1.05576667e-08  0.00000000e+00  1.05576667e-08  1.79999854e+00 
 1.05596667e-08  0.00000000e+00  1.05596667e-08  1.79999862e+00 
 1.05616667e-08  0.00000000e+00  1.05616667e-08  1.79999870e+00 
 1.05636667e-08  0.00000000e+00  1.05636667e-08  1.79999878e+00 
 1.05656667e-08  0.00000000e+00  1.05656667e-08  1.79999885e+00 
 1.05676667e-08  0.00000000e+00  1.05676667e-08  1.79999892e+00 
 1.05696667e-08  0.00000000e+00  1.05696667e-08  1.79999898e+00 
 1.05716667e-08  0.00000000e+00  1.05716667e-08  1.79999904e+00 
 1.05736667e-08  0.00000000e+00  1.05736667e-08  1.79999909e+00 
 1.05756667e-08  0.00000000e+00  1.05756667e-08  1.79999915e+00 
 1.05776667e-08  0.00000000e+00  1.05776667e-08  1.79999920e+00 
 1.05796667e-08  0.00000000e+00  1.05796667e-08  1.79999924e+00 
 1.05816667e-08  0.00000000e+00  1.05816667e-08  1.79999929e+00 
 1.05836667e-08  0.00000000e+00  1.05836667e-08  1.79999933e+00 
 1.05856667e-08  0.00000000e+00  1.05856667e-08  1.79999937e+00 
 1.05876667e-08  0.00000000e+00  1.05876667e-08  1.79999940e+00 
 1.05896667e-08  0.00000000e+00  1.05896667e-08  1.79999944e+00 
 1.05916667e-08  0.00000000e+00  1.05916667e-08  1.79999947e+00 
 1.05936667e-08  0.00000000e+00  1.05936667e-08  1.79999950e+00 
 1.05956667e-08  0.00000000e+00  1.05956667e-08  1.79999953e+00 
 1.05976667e-08  0.00000000e+00  1.05976667e-08  1.79999956e+00 
 1.05996667e-08  0.00000000e+00  1.05996667e-08  1.79999958e+00 
 1.06016667e-08  0.00000000e+00  1.06016667e-08  1.79999961e+00 
 1.06036667e-08  0.00000000e+00  1.06036667e-08  1.79999963e+00 
 1.06056667e-08  0.00000000e+00  1.06056667e-08  1.79999965e+00 
 1.06076667e-08  0.00000000e+00  1.06076667e-08  1.79999967e+00 
 1.06096667e-08  0.00000000e+00  1.06096667e-08  1.79999969e+00 
 1.06116667e-08  0.00000000e+00  1.06116667e-08  1.79999971e+00 
 1.06136667e-08  0.00000000e+00  1.06136667e-08  1.79999973e+00 
 1.06156667e-08  0.00000000e+00  1.06156667e-08  1.79999974e+00 
 1.06176667e-08  0.00000000e+00  1.06176667e-08  1.79999976e+00 
 1.06196667e-08  0.00000000e+00  1.06196667e-08  1.79999977e+00 
 1.06216667e-08  0.00000000e+00  1.06216667e-08  1.79999978e+00 
 1.06236667e-08  0.00000000e+00  1.06236667e-08  1.79999980e+00 
 1.06256667e-08  0.00000000e+00  1.06256667e-08  1.79999981e+00 
 1.06276667e-08  0.00000000e+00  1.06276667e-08  1.79999982e+00 
 1.06296667e-08  0.00000000e+00  1.06296667e-08  1.79999983e+00 
 1.06316667e-08  0.00000000e+00  1.06316667e-08  1.79999984e+00 
 1.06336667e-08  0.00000000e+00  1.06336667e-08  1.79999985e+00 
 1.06356667e-08  0.00000000e+00  1.06356667e-08  1.79999986e+00 
 1.06376667e-08  0.00000000e+00  1.06376667e-08  1.79999987e+00 
 1.06396667e-08  0.00000000e+00  1.06396667e-08  1.79999987e+00 
 1.06416667e-08  0.00000000e+00  1.06416667e-08  1.79999988e+00 
 1.06436667e-08  0.00000000e+00  1.06436667e-08  1.79999989e+00 
 1.06456667e-08  0.00000000e+00  1.06456667e-08  1.79999989e+00 
 1.06476667e-08  0.00000000e+00  1.06476667e-08  1.79999990e+00 
 1.06496667e-08  0.00000000e+00  1.06496667e-08  1.79999991e+00 
 1.06516667e-08  0.00000000e+00  1.06516667e-08  1.79999991e+00 
 1.06536667e-08  0.00000000e+00  1.06536667e-08  1.79999992e+00 
 1.06556667e-08  0.00000000e+00  1.06556667e-08  1.79999992e+00 
 1.06576667e-08  0.00000000e+00  1.06576667e-08  1.79999993e+00 
 1.06596667e-08  0.00000000e+00  1.06596667e-08  1.79999993e+00 
 1.06616667e-08  0.00000000e+00  1.06616667e-08  1.79999993e+00 
 1.06636667e-08  0.00000000e+00  1.06636667e-08  1.79999994e+00 
 1.06656667e-08  0.00000000e+00  1.06656667e-08  1.79999994e+00 
 1.06676667e-08  0.00000000e+00  1.06676667e-08  1.79999994e+00 
 1.06696667e-08  0.00000000e+00  1.06696667e-08  1.79999995e+00 
 1.06716667e-08  0.00000000e+00  1.06716667e-08  1.79999995e+00 
 1.06736667e-08  0.00000000e+00  1.06736667e-08  1.79999995e+00 
 1.06756667e-08  0.00000000e+00  1.06756667e-08  1.79999996e+00 
 1.06776667e-08  0.00000000e+00  1.06776667e-08  1.79999996e+00 
 1.06796667e-08  0.00000000e+00  1.06796667e-08  1.79999996e+00 
 1.06816667e-08  0.00000000e+00  1.06816667e-08  1.79999996e+00 
 1.06836667e-08  0.00000000e+00  1.06836667e-08  1.79999997e+00 
 1.06856667e-08  0.00000000e+00  1.06856667e-08  1.79999997e+00 
 1.06876667e-08  0.00000000e+00  1.06876667e-08  1.79999997e+00 
 1.06896667e-08  0.00000000e+00  1.06896667e-08  1.79999997e+00 
 1.06916667e-08  0.00000000e+00  1.06916667e-08  1.79999997e+00 
 1.06936667e-08  0.00000000e+00  1.06936667e-08  1.79999997e+00 
 1.06956667e-08  0.00000000e+00  1.06956667e-08  1.79999998e+00 
 1.06976667e-08  0.00000000e+00  1.06976667e-08  1.79999998e+00 
 1.06996667e-08  0.00000000e+00  1.06996667e-08  1.79999998e+00 
 1.07016667e-08  0.00000000e+00  1.07016667e-08  1.79999998e+00 
 1.07036667e-08  0.00000000e+00  1.07036667e-08  1.79999998e+00 
 1.07056667e-08  0.00000000e+00  1.07056667e-08  1.79999998e+00 
 1.07076667e-08  0.00000000e+00  1.07076667e-08  1.79999998e+00 
 1.07096667e-08  0.00000000e+00  1.07096667e-08  1.79999998e+00 
 1.07116667e-08  0.00000000e+00  1.07116667e-08  1.79999998e+00 
 1.07136667e-08  0.00000000e+00  1.07136667e-08  1.79999999e+00 
 1.07156667e-08  0.00000000e+00  1.07156667e-08  1.79999999e+00 
 1.07176667e-08  0.00000000e+00  1.07176667e-08  1.79999999e+00 
 1.07196667e-08  0.00000000e+00  1.07196667e-08  1.79999999e+00 
 1.07216667e-08  0.00000000e+00  1.07216667e-08  1.79999999e+00 
 1.07236667e-08  0.00000000e+00  1.07236667e-08  1.79999999e+00 
 1.07256667e-08  0.00000000e+00  1.07256667e-08  1.79999999e+00 
 1.07276667e-08  0.00000000e+00  1.07276667e-08  1.79999999e+00 
 1.07296667e-08  0.00000000e+00  1.07296667e-08  1.79999999e+00 
 1.07316667e-08  0.00000000e+00  1.07316667e-08  1.79999999e+00 
 1.07336667e-08  0.00000000e+00  1.07336667e-08  1.79999999e+00 
 1.07356667e-08  0.00000000e+00  1.07356667e-08  1.79999999e+00 
 1.07376667e-08  0.00000000e+00  1.07376667e-08  1.79999999e+00 
 1.07396667e-08  0.00000000e+00  1.07396667e-08  1.79999999e+00 
 1.07416667e-08  0.00000000e+00  1.07416667e-08  1.79999999e+00 
 1.07436667e-08  0.00000000e+00  1.07436667e-08  1.79999999e+00 
 1.07456667e-08  0.00000000e+00  1.07456667e-08  1.79999999e+00 
 1.07476667e-08  0.00000000e+00  1.07476667e-08  1.79999999e+00 
 1.07496667e-08  0.00000000e+00  1.07496667e-08  1.79999999e+00 
 1.07516667e-08  0.00000000e+00  1.07516667e-08  1.79999999e+00 
 1.07536667e-08  0.00000000e+00  1.07536667e-08  1.79999999e+00 
 1.07556667e-08  0.00000000e+00  1.07556667e-08  1.79999999e+00 
 1.07576667e-08  0.00000000e+00  1.07576667e-08  1.80000000e+00 
 1.07596667e-08  0.00000000e+00  1.07596667e-08  1.80000000e+00 
 1.07616667e-08  0.00000000e+00  1.07616667e-08  1.80000000e+00 
 1.07636667e-08  0.00000000e+00  1.07636667e-08  1.80000000e+00 
 1.07656667e-08  0.00000000e+00  1.07656667e-08  1.80000000e+00 
 1.07676667e-08  0.00000000e+00  1.07676667e-08  1.80000000e+00 
 1.07696667e-08  0.00000000e+00  1.07696667e-08  1.80000000e+00 
 1.07716667e-08  0.00000000e+00  1.07716667e-08  1.80000000e+00 
 1.07736667e-08  0.00000000e+00  1.07736667e-08  1.80000000e+00 
 1.07756667e-08  0.00000000e+00  1.07756667e-08  1.80000000e+00 
 1.07776667e-08  0.00000000e+00  1.07776667e-08  1.80000000e+00 
 1.07796667e-08  0.00000000e+00  1.07796667e-08  1.80000000e+00 
 1.07816667e-08  0.00000000e+00  1.07816667e-08  1.80000000e+00 
 1.07836667e-08  0.00000000e+00  1.07836667e-08  1.80000000e+00 
 1.07856667e-08  0.00000000e+00  1.07856667e-08  1.80000000e+00 
 1.07876667e-08  0.00000000e+00  1.07876667e-08  1.80000000e+00 
 1.07896667e-08  0.00000000e+00  1.07896667e-08  1.80000000e+00 
 1.07916667e-08  0.00000000e+00  1.07916667e-08  1.80000000e+00 
 1.07936667e-08  0.00000000e+00  1.07936667e-08  1.80000000e+00 
 1.07956667e-08  0.00000000e+00  1.07956667e-08  1.80000000e+00 
 1.07976667e-08  0.00000000e+00  1.07976667e-08  1.80000000e+00 
 1.07996667e-08  0.00000000e+00  1.07996667e-08  1.80000000e+00 
 1.08016667e-08  0.00000000e+00  1.08016667e-08  1.80000000e+00 
 1.08036667e-08  0.00000000e+00  1.08036667e-08  1.80000000e+00 
 1.08056667e-08  0.00000000e+00  1.08056667e-08  1.80000000e+00 
 1.08076667e-08  0.00000000e+00  1.08076667e-08  1.80000000e+00 
 1.08096667e-08  0.00000000e+00  1.08096667e-08  1.80000000e+00 
 1.08116667e-08  0.00000000e+00  1.08116667e-08  1.80000000e+00 
 1.08136667e-08  0.00000000e+00  1.08136667e-08  1.80000000e+00 
 1.08156667e-08  0.00000000e+00  1.08156667e-08  1.80000000e+00 
 1.08176667e-08  0.00000000e+00  1.08176667e-08  1.80000000e+00 
 1.08196667e-08  0.00000000e+00  1.08196667e-08  1.80000000e+00 
 1.08216667e-08  0.00000000e+00  1.08216667e-08  1.80000000e+00 
 1.08236667e-08  0.00000000e+00  1.08236667e-08  1.80000000e+00 
 1.08256667e-08  0.00000000e+00  1.08256667e-08  1.80000000e+00 
 1.08276667e-08  0.00000000e+00  1.08276667e-08  1.80000000e+00 
 1.08296667e-08  0.00000000e+00  1.08296667e-08  1.80000000e+00 
 1.08316667e-08  0.00000000e+00  1.08316667e-08  1.80000000e+00 
 1.08336667e-08  0.00000000e+00  1.08336667e-08  1.80000000e+00 
 1.08356667e-08  0.00000000e+00  1.08356667e-08  1.80000000e+00 
 1.08376667e-08  0.00000000e+00  1.08376667e-08  1.80000000e+00 
 1.08396667e-08  0.00000000e+00  1.08396667e-08  1.80000000e+00 
 1.08416667e-08  0.00000000e+00  1.08416667e-08  1.80000000e+00 
 1.08436667e-08  0.00000000e+00  1.08436667e-08  1.80000000e+00 
 1.08456667e-08  0.00000000e+00  1.08456667e-08  1.80000000e+00 
 1.08476667e-08  0.00000000e+00  1.08476667e-08  1.80000000e+00 
 1.08496667e-08  0.00000000e+00  1.08496667e-08  1.80000000e+00 
 1.08516667e-08  0.00000000e+00  1.08516667e-08  1.80000000e+00 
 1.08536667e-08  0.00000000e+00  1.08536667e-08  1.80000000e+00 
 1.08556667e-08  0.00000000e+00  1.08556667e-08  1.80000000e+00 
 1.08576667e-08  0.00000000e+00  1.08576667e-08  1.80000000e+00 
 1.08596667e-08  0.00000000e+00  1.08596667e-08  1.80000000e+00 
 1.08616667e-08  0.00000000e+00  1.08616667e-08  1.80000000e+00 
 1.08636667e-08  0.00000000e+00  1.08636667e-08  1.80000000e+00 
 1.08656667e-08  0.00000000e+00  1.08656667e-08  1.80000000e+00 
 1.08676667e-08  0.00000000e+00  1.08676667e-08  1.80000000e+00 
 1.08696667e-08  0.00000000e+00  1.08696667e-08  1.80000000e+00 
 1.08716667e-08  0.00000000e+00  1.08716667e-08  1.80000000e+00 
 1.08736667e-08  0.00000000e+00  1.08736667e-08  1.80000000e+00 
 1.08756667e-08  0.00000000e+00  1.08756667e-08  1.80000000e+00 
 1.08776667e-08  0.00000000e+00  1.08776667e-08  1.80000000e+00 
 1.08796667e-08  0.00000000e+00  1.08796667e-08  1.80000000e+00 
 1.08816667e-08  0.00000000e+00  1.08816667e-08  1.80000000e+00 
 1.08836667e-08  0.00000000e+00  1.08836667e-08  1.80000000e+00 
 1.08856667e-08  0.00000000e+00  1.08856667e-08  1.80000000e+00 
 1.08876667e-08  0.00000000e+00  1.08876667e-08  1.80000000e+00 
 1.08896667e-08  0.00000000e+00  1.08896667e-08  1.80000000e+00 
 1.08916667e-08  0.00000000e+00  1.08916667e-08  1.80000000e+00 
 1.08936667e-08  0.00000000e+00  1.08936667e-08  1.80000000e+00 
 1.08956667e-08  0.00000000e+00  1.08956667e-08  1.80000000e+00 
 1.08976667e-08  0.00000000e+00  1.08976667e-08  1.80000000e+00 
 1.08996667e-08  0.00000000e+00  1.08996667e-08  1.80000000e+00 
 1.09016667e-08  0.00000000e+00  1.09016667e-08  1.80000000e+00 
 1.09036667e-08  0.00000000e+00  1.09036667e-08  1.80000000e+00 
 1.09056667e-08  0.00000000e+00  1.09056667e-08  1.80000000e+00 
 1.09076667e-08  0.00000000e+00  1.09076667e-08  1.80000000e+00 
 1.09096667e-08  0.00000000e+00  1.09096667e-08  1.80000000e+00 
 1.09116667e-08  0.00000000e+00  1.09116667e-08  1.80000000e+00 
 1.09136667e-08  0.00000000e+00  1.09136667e-08  1.80000000e+00 
 1.09156667e-08  0.00000000e+00  1.09156667e-08  1.80000000e+00 
 1.09176667e-08  0.00000000e+00  1.09176667e-08  1.80000000e+00 
 1.09196667e-08  0.00000000e+00  1.09196667e-08  1.80000000e+00 
 1.09216667e-08  0.00000000e+00  1.09216667e-08  1.80000000e+00 
 1.09236667e-08  0.00000000e+00  1.09236667e-08  1.80000000e+00 
 1.09256667e-08  0.00000000e+00  1.09256667e-08  1.80000000e+00 
 1.09276667e-08  0.00000000e+00  1.09276667e-08  1.80000000e+00 
 1.09296667e-08  0.00000000e+00  1.09296667e-08  1.80000000e+00 
 1.09316667e-08  0.00000000e+00  1.09316667e-08  1.80000000e+00 
 1.09336667e-08  0.00000000e+00  1.09336667e-08  1.80000000e+00 
 1.09356667e-08  0.00000000e+00  1.09356667e-08  1.80000000e+00 
 1.09376667e-08  0.00000000e+00  1.09376667e-08  1.80000000e+00 
 1.09396667e-08  0.00000000e+00  1.09396667e-08  1.80000000e+00 
 1.09416667e-08  0.00000000e+00  1.09416667e-08  1.80000000e+00 
 1.09436667e-08  0.00000000e+00  1.09436667e-08  1.80000000e+00 
 1.09456667e-08  0.00000000e+00  1.09456667e-08  1.80000000e+00 
 1.09476667e-08  0.00000000e+00  1.09476667e-08  1.80000000e+00 
 1.09496667e-08  0.00000000e+00  1.09496667e-08  1.80000000e+00 
 1.09516667e-08  0.00000000e+00  1.09516667e-08  1.80000000e+00 
 1.09536667e-08  0.00000000e+00  1.09536667e-08  1.80000000e+00 
 1.09556667e-08  0.00000000e+00  1.09556667e-08  1.80000000e+00 
 1.09576667e-08  0.00000000e+00  1.09576667e-08  1.80000000e+00 
 1.09596667e-08  0.00000000e+00  1.09596667e-08  1.80000000e+00 
 1.09616667e-08  0.00000000e+00  1.09616667e-08  1.80000000e+00 
 1.09636667e-08  0.00000000e+00  1.09636667e-08  1.80000000e+00 
 1.09656667e-08  0.00000000e+00  1.09656667e-08  1.80000000e+00 
 1.09676667e-08  0.00000000e+00  1.09676667e-08  1.80000000e+00 
 1.09696667e-08  0.00000000e+00  1.09696667e-08  1.80000000e+00 
 1.09716667e-08  0.00000000e+00  1.09716667e-08  1.80000000e+00 
 1.09736667e-08  0.00000000e+00  1.09736667e-08  1.80000000e+00 
 1.09756667e-08  0.00000000e+00  1.09756667e-08  1.80000000e+00 
 1.09776667e-08  0.00000000e+00  1.09776667e-08  1.80000000e+00 
 1.09796667e-08  0.00000000e+00  1.09796667e-08  1.80000000e+00 
 1.09816667e-08  0.00000000e+00  1.09816667e-08  1.80000000e+00 
 1.09836667e-08  0.00000000e+00  1.09836667e-08  1.80000000e+00 
 1.09856667e-08  0.00000000e+00  1.09856667e-08  1.80000000e+00 
 1.09876667e-08  0.00000000e+00  1.09876667e-08  1.80000000e+00 
 1.09896667e-08  0.00000000e+00  1.09896667e-08  1.80000000e+00 
 1.09916667e-08  0.00000000e+00  1.09916667e-08  1.80000000e+00 
 1.09936667e-08  0.00000000e+00  1.09936667e-08  1.80000000e+00 
 1.09956667e-08  0.00000000e+00  1.09956667e-08  1.80000000e+00 
 1.09976667e-08  0.00000000e+00  1.09976667e-08  1.80000000e+00 
 1.09996667e-08  0.00000000e+00  1.09996667e-08  1.80000000e+00 
 1.10016667e-08  0.00000000e+00  1.10016667e-08  1.80000000e+00 
 1.10036667e-08  0.00000000e+00  1.10036667e-08  1.80000000e+00 
 1.10056667e-08  0.00000000e+00  1.10056667e-08  1.80000000e+00 
 1.10076667e-08  0.00000000e+00  1.10076667e-08  1.80000000e+00 
 1.10096667e-08  0.00000000e+00  1.10096667e-08  1.80000000e+00 
 1.10116667e-08  0.00000000e+00  1.10116667e-08  1.80000000e+00 
 1.10136667e-08  0.00000000e+00  1.10136667e-08  1.80000000e+00 
 1.10156667e-08  0.00000000e+00  1.10156667e-08  1.80000000e+00 
 1.10176667e-08  0.00000000e+00  1.10176667e-08  1.80000000e+00 
 1.10196667e-08  0.00000000e+00  1.10196667e-08  1.80000000e+00 
 1.10216667e-08  0.00000000e+00  1.10216667e-08  1.80000000e+00 
 1.10236667e-08  0.00000000e+00  1.10236667e-08  1.80000000e+00 
 1.10256667e-08  0.00000000e+00  1.10256667e-08  1.80000000e+00 
 1.10276667e-08  0.00000000e+00  1.10276667e-08  1.80000000e+00 
 1.10296667e-08  0.00000000e+00  1.10296667e-08  1.80000000e+00 
 1.10316667e-08  0.00000000e+00  1.10316667e-08  1.80000000e+00 
 1.10336667e-08  0.00000000e+00  1.10336667e-08  1.80000000e+00 
 1.10356667e-08  0.00000000e+00  1.10356667e-08  1.80000000e+00 
 1.10376667e-08  0.00000000e+00  1.10376667e-08  1.80000000e+00 
 1.10396667e-08  0.00000000e+00  1.10396667e-08  1.80000000e+00 
 1.10416667e-08  0.00000000e+00  1.10416667e-08  1.80000000e+00 
 1.10436667e-08  0.00000000e+00  1.10436667e-08  1.80000000e+00 
 1.10456667e-08  0.00000000e+00  1.10456667e-08  1.80000000e+00 
 1.10476667e-08  0.00000000e+00  1.10476667e-08  1.80000000e+00 
 1.10496667e-08  0.00000000e+00  1.10496667e-08  1.80000000e+00 
 1.10516667e-08  0.00000000e+00  1.10516667e-08  1.80000000e+00 
 1.10536667e-08  0.00000000e+00  1.10536667e-08  1.80000000e+00 
 1.10556667e-08  0.00000000e+00  1.10556667e-08  1.80000000e+00 
 1.10576667e-08  0.00000000e+00  1.10576667e-08  1.80000000e+00 
 1.10596667e-08  0.00000000e+00  1.10596667e-08  1.80000000e+00 
 1.10616667e-08  0.00000000e+00  1.10616667e-08  1.80000000e+00 
 1.10636667e-08  0.00000000e+00  1.10636667e-08  1.80000000e+00 
 1.10656667e-08  0.00000000e+00  1.10656667e-08  1.80000000e+00 
 1.10676667e-08  0.00000000e+00  1.10676667e-08  1.80000000e+00 
 1.10696667e-08  0.00000000e+00  1.10696667e-08  1.80000000e+00 
 1.10716667e-08  0.00000000e+00  1.10716667e-08  1.80000000e+00 
 1.10736667e-08  0.00000000e+00  1.10736667e-08  1.80000000e+00 
 1.10756667e-08  0.00000000e+00  1.10756667e-08  1.80000000e+00 
 1.10776667e-08  0.00000000e+00  1.10776667e-08  1.80000000e+00 
 1.10796667e-08  0.00000000e+00  1.10796667e-08  1.80000000e+00 
 1.10816667e-08  0.00000000e+00  1.10816667e-08  1.80000000e+00 
 1.10836667e-08  0.00000000e+00  1.10836667e-08  1.80000000e+00 
 1.10856667e-08  0.00000000e+00  1.10856667e-08  1.80000000e+00 
 1.10876667e-08  0.00000000e+00  1.10876667e-08  1.80000000e+00 
 1.10896667e-08  0.00000000e+00  1.10896667e-08  1.80000000e+00 
 1.10916667e-08  0.00000000e+00  1.10916667e-08  1.80000000e+00 
 1.10936667e-08  0.00000000e+00  1.10936667e-08  1.80000000e+00 
 1.10956667e-08  0.00000000e+00  1.10956667e-08  1.80000000e+00 
 1.10976667e-08  0.00000000e+00  1.10976667e-08  1.80000000e+00 
 1.10996667e-08  0.00000000e+00  1.10996667e-08  1.80000000e+00 
 1.11016667e-08  0.00000000e+00  1.11016667e-08  1.80000000e+00 
 1.11036667e-08  0.00000000e+00  1.11036667e-08  1.80000000e+00 
 1.11056667e-08  0.00000000e+00  1.11056667e-08  1.80000000e+00 
 1.11076667e-08  0.00000000e+00  1.11076667e-08  1.80000000e+00 
 1.11096667e-08  0.00000000e+00  1.11096667e-08  1.80000000e+00 
 1.11116667e-08  0.00000000e+00  1.11116667e-08  1.80000000e+00 
 1.11136667e-08  0.00000000e+00  1.11136667e-08  1.80000000e+00 
 1.11156667e-08  0.00000000e+00  1.11156667e-08  1.80000000e+00 
 1.11176667e-08  0.00000000e+00  1.11176667e-08  1.80000000e+00 
 1.11196667e-08  0.00000000e+00  1.11196667e-08  1.80000000e+00 
 1.11216667e-08  0.00000000e+00  1.11216667e-08  1.80000000e+00 
 1.11236667e-08  0.00000000e+00  1.11236667e-08  1.80000000e+00 
 1.11256667e-08  0.00000000e+00  1.11256667e-08  1.80000000e+00 
 1.11276667e-08  0.00000000e+00  1.11276667e-08  1.80000000e+00 
 1.11296667e-08  0.00000000e+00  1.11296667e-08  1.80000000e+00 
 1.11316667e-08  0.00000000e+00  1.11316667e-08  1.80000000e+00 
 1.11336667e-08  0.00000000e+00  1.11336667e-08  1.80000000e+00 
 1.11356667e-08  0.00000000e+00  1.11356667e-08  1.80000000e+00 
 1.11376667e-08  0.00000000e+00  1.11376667e-08  1.80000000e+00 
 1.11396667e-08  0.00000000e+00  1.11396667e-08  1.80000000e+00 
 1.11416667e-08  0.00000000e+00  1.11416667e-08  1.80000000e+00 
 1.11436667e-08  0.00000000e+00  1.11436667e-08  1.80000000e+00 
 1.11456667e-08  0.00000000e+00  1.11456667e-08  1.80000000e+00 
 1.11476667e-08  0.00000000e+00  1.11476667e-08  1.80000000e+00 
 1.11496667e-08  0.00000000e+00  1.11496667e-08  1.80000000e+00 
 1.11516667e-08  0.00000000e+00  1.11516667e-08  1.80000000e+00 
 1.11536667e-08  0.00000000e+00  1.11536667e-08  1.80000000e+00 
 1.11556667e-08  0.00000000e+00  1.11556667e-08  1.80000000e+00 
 1.11576667e-08  0.00000000e+00  1.11576667e-08  1.80000000e+00 
 1.11596667e-08  0.00000000e+00  1.11596667e-08  1.80000000e+00 
 1.11616667e-08  0.00000000e+00  1.11616667e-08  1.80000000e+00 
 1.11636667e-08  0.00000000e+00  1.11636667e-08  1.80000000e+00 
 1.11656667e-08  0.00000000e+00  1.11656667e-08  1.80000000e+00 
 1.11676667e-08  0.00000000e+00  1.11676667e-08  1.80000000e+00 
 1.11696667e-08  0.00000000e+00  1.11696667e-08  1.80000000e+00 
 1.11716667e-08  0.00000000e+00  1.11716667e-08  1.80000000e+00 
 1.11736667e-08  0.00000000e+00  1.11736667e-08  1.80000000e+00 
 1.11756667e-08  0.00000000e+00  1.11756667e-08  1.80000000e+00 
 1.11776667e-08  0.00000000e+00  1.11776667e-08  1.80000000e+00 
 1.11796667e-08  0.00000000e+00  1.11796667e-08  1.80000000e+00 
 1.11816667e-08  0.00000000e+00  1.11816667e-08  1.80000000e+00 
 1.11836667e-08  0.00000000e+00  1.11836667e-08  1.80000000e+00 
 1.11856667e-08  0.00000000e+00  1.11856667e-08  1.80000000e+00 
 1.11876667e-08  0.00000000e+00  1.11876667e-08  1.80000000e+00 
 1.11896667e-08  0.00000000e+00  1.11896667e-08  1.80000000e+00 
 1.11916667e-08  0.00000000e+00  1.11916667e-08  1.80000000e+00 
 1.11936667e-08  0.00000000e+00  1.11936667e-08  1.80000000e+00 
 1.11956667e-08  0.00000000e+00  1.11956667e-08  1.80000000e+00 
 1.11976667e-08  0.00000000e+00  1.11976667e-08  1.80000000e+00 
 1.11996667e-08  0.00000000e+00  1.11996667e-08  1.80000000e+00 
 1.12016667e-08  0.00000000e+00  1.12016667e-08  1.80000000e+00 
 1.12036667e-08  0.00000000e+00  1.12036667e-08  1.80000000e+00 
 1.12056667e-08  0.00000000e+00  1.12056667e-08  1.80000000e+00 
 1.12076667e-08  0.00000000e+00  1.12076667e-08  1.80000000e+00 
 1.12096667e-08  0.00000000e+00  1.12096667e-08  1.80000000e+00 
 1.12116667e-08  0.00000000e+00  1.12116667e-08  1.80000000e+00 
 1.12136667e-08  0.00000000e+00  1.12136667e-08  1.80000000e+00 
 1.12156667e-08  0.00000000e+00  1.12156667e-08  1.80000000e+00 
 1.12176667e-08  0.00000000e+00  1.12176667e-08  1.80000000e+00 
 1.12196667e-08  0.00000000e+00  1.12196667e-08  1.80000000e+00 
 1.12216667e-08  0.00000000e+00  1.12216667e-08  1.80000000e+00 
 1.12236667e-08  0.00000000e+00  1.12236667e-08  1.80000000e+00 
 1.12256667e-08  0.00000000e+00  1.12256667e-08  1.80000000e+00 
 1.12276667e-08  0.00000000e+00  1.12276667e-08  1.80000000e+00 
 1.12296667e-08  0.00000000e+00  1.12296667e-08  1.80000000e+00 
 1.12316667e-08  0.00000000e+00  1.12316667e-08  1.80000000e+00 
 1.12336667e-08  0.00000000e+00  1.12336667e-08  1.80000000e+00 
 1.12356667e-08  0.00000000e+00  1.12356667e-08  1.80000000e+00 
 1.12376667e-08  0.00000000e+00  1.12376667e-08  1.80000000e+00 
 1.12396667e-08  0.00000000e+00  1.12396667e-08  1.80000000e+00 
 1.12416667e-08  0.00000000e+00  1.12416667e-08  1.80000000e+00 
 1.12436667e-08  0.00000000e+00  1.12436667e-08  1.80000000e+00 
 1.12456667e-08  0.00000000e+00  1.12456667e-08  1.80000000e+00 
 1.12476667e-08  0.00000000e+00  1.12476667e-08  1.80000000e+00 
 1.12496667e-08  0.00000000e+00  1.12496667e-08  1.80000000e+00 
 1.12516667e-08  0.00000000e+00  1.12516667e-08  1.80000000e+00 
 1.12536667e-08  0.00000000e+00  1.12536667e-08  1.80000000e+00 
 1.12556667e-08  0.00000000e+00  1.12556667e-08  1.80000000e+00 
 1.12576667e-08  0.00000000e+00  1.12576667e-08  1.80000000e+00 
 1.12596667e-08  0.00000000e+00  1.12596667e-08  1.80000000e+00 
 1.12616667e-08  0.00000000e+00  1.12616667e-08  1.80000000e+00 
 1.12636667e-08  0.00000000e+00  1.12636667e-08  1.80000000e+00 
 1.12656667e-08  0.00000000e+00  1.12656667e-08  1.80000000e+00 
 1.12676667e-08  0.00000000e+00  1.12676667e-08  1.80000000e+00 
 1.12696667e-08  0.00000000e+00  1.12696667e-08  1.80000000e+00 
 1.12716667e-08  0.00000000e+00  1.12716667e-08  1.80000000e+00 
 1.12736667e-08  0.00000000e+00  1.12736667e-08  1.80000000e+00 
 1.12756667e-08  0.00000000e+00  1.12756667e-08  1.80000000e+00 
 1.12776667e-08  0.00000000e+00  1.12776667e-08  1.80000000e+00 
 1.12796667e-08  0.00000000e+00  1.12796667e-08  1.80000000e+00 
 1.12816667e-08  0.00000000e+00  1.12816667e-08  1.80000000e+00 
 1.12836667e-08  0.00000000e+00  1.12836667e-08  1.80000000e+00 
 1.12856667e-08  0.00000000e+00  1.12856667e-08  1.80000000e+00 
 1.12876667e-08  0.00000000e+00  1.12876667e-08  1.80000000e+00 
 1.12896667e-08  0.00000000e+00  1.12896667e-08  1.80000000e+00 
 1.12916667e-08  0.00000000e+00  1.12916667e-08  1.80000000e+00 
 1.12936667e-08  0.00000000e+00  1.12936667e-08  1.80000000e+00 
 1.12956667e-08  0.00000000e+00  1.12956667e-08  1.80000000e+00 
 1.12976667e-08  0.00000000e+00  1.12976667e-08  1.80000000e+00 
 1.12996667e-08  0.00000000e+00  1.12996667e-08  1.80000000e+00 
 1.13016667e-08  0.00000000e+00  1.13016667e-08  1.80000000e+00 
 1.13036667e-08  0.00000000e+00  1.13036667e-08  1.80000000e+00 
 1.13056667e-08  0.00000000e+00  1.13056667e-08  1.80000000e+00 
 1.13076667e-08  0.00000000e+00  1.13076667e-08  1.80000000e+00 
 1.13096667e-08  0.00000000e+00  1.13096667e-08  1.80000000e+00 
 1.13116667e-08  0.00000000e+00  1.13116667e-08  1.80000000e+00 
 1.13136667e-08  0.00000000e+00  1.13136667e-08  1.80000000e+00 
 1.13156667e-08  0.00000000e+00  1.13156667e-08  1.80000000e+00 
 1.13176667e-08  0.00000000e+00  1.13176667e-08  1.80000000e+00 
 1.13196667e-08  0.00000000e+00  1.13196667e-08  1.80000000e+00 
 1.13216667e-08  0.00000000e+00  1.13216667e-08  1.80000000e+00 
 1.13236667e-08  0.00000000e+00  1.13236667e-08  1.80000000e+00 
 1.13256667e-08  0.00000000e+00  1.13256667e-08  1.80000000e+00 
 1.13276667e-08  0.00000000e+00  1.13276667e-08  1.80000000e+00 
 1.13296667e-08  0.00000000e+00  1.13296667e-08  1.80000000e+00 
 1.13316667e-08  0.00000000e+00  1.13316667e-08  1.80000000e+00 
 1.13336667e-08  0.00000000e+00  1.13336667e-08  1.80000000e+00 
 1.13356667e-08  0.00000000e+00  1.13356667e-08  1.80000000e+00 
 1.13376667e-08  0.00000000e+00  1.13376667e-08  1.80000000e+00 
 1.13396667e-08  0.00000000e+00  1.13396667e-08  1.80000000e+00 
 1.13416667e-08  0.00000000e+00  1.13416667e-08  1.80000000e+00 
 1.13436667e-08  0.00000000e+00  1.13436667e-08  1.80000000e+00 
 1.13456667e-08  0.00000000e+00  1.13456667e-08  1.80000000e+00 
 1.13476667e-08  0.00000000e+00  1.13476667e-08  1.80000000e+00 
 1.13496667e-08  0.00000000e+00  1.13496667e-08  1.80000000e+00 
 1.13516667e-08  0.00000000e+00  1.13516667e-08  1.80000000e+00 
 1.13536667e-08  0.00000000e+00  1.13536667e-08  1.80000000e+00 
 1.13556667e-08  0.00000000e+00  1.13556667e-08  1.80000000e+00 
 1.13576667e-08  0.00000000e+00  1.13576667e-08  1.80000000e+00 
 1.13596667e-08  0.00000000e+00  1.13596667e-08  1.80000000e+00 
 1.13616667e-08  0.00000000e+00  1.13616667e-08  1.80000000e+00 
 1.13636667e-08  0.00000000e+00  1.13636667e-08  1.80000000e+00 
 1.13656667e-08  0.00000000e+00  1.13656667e-08  1.80000000e+00 
 1.13676667e-08  0.00000000e+00  1.13676667e-08  1.80000000e+00 
 1.13696667e-08  0.00000000e+00  1.13696667e-08  1.80000000e+00 
 1.13716667e-08  0.00000000e+00  1.13716667e-08  1.80000000e+00 
 1.13736667e-08  0.00000000e+00  1.13736667e-08  1.80000000e+00 
 1.13756667e-08  0.00000000e+00  1.13756667e-08  1.80000000e+00 
 1.13776667e-08  0.00000000e+00  1.13776667e-08  1.80000000e+00 
 1.13796667e-08  0.00000000e+00  1.13796667e-08  1.80000000e+00 
 1.13816667e-08  0.00000000e+00  1.13816667e-08  1.80000000e+00 
 1.13836667e-08  0.00000000e+00  1.13836667e-08  1.80000000e+00 
 1.13856667e-08  0.00000000e+00  1.13856667e-08  1.80000000e+00 
 1.13876667e-08  0.00000000e+00  1.13876667e-08  1.80000000e+00 
 1.13896667e-08  0.00000000e+00  1.13896667e-08  1.80000000e+00 
 1.13916667e-08  0.00000000e+00  1.13916667e-08  1.80000000e+00 
 1.13936667e-08  0.00000000e+00  1.13936667e-08  1.80000000e+00 
 1.13956667e-08  0.00000000e+00  1.13956667e-08  1.80000000e+00 
 1.13976667e-08  0.00000000e+00  1.13976667e-08  1.80000000e+00 
 1.13996667e-08  0.00000000e+00  1.13996667e-08  1.80000000e+00 
 1.14016667e-08  0.00000000e+00  1.14016667e-08  1.80000000e+00 
 1.14036667e-08  0.00000000e+00  1.14036667e-08  1.80000000e+00 
 1.14056667e-08  0.00000000e+00  1.14056667e-08  1.80000000e+00 
 1.14076667e-08  0.00000000e+00  1.14076667e-08  1.80000000e+00 
 1.14096667e-08  0.00000000e+00  1.14096667e-08  1.80000000e+00 
 1.14116667e-08  0.00000000e+00  1.14116667e-08  1.80000000e+00 
 1.14136667e-08  0.00000000e+00  1.14136667e-08  1.80000000e+00 
 1.14156667e-08  0.00000000e+00  1.14156667e-08  1.80000000e+00 
 1.14176667e-08  0.00000000e+00  1.14176667e-08  1.80000000e+00 
 1.14196667e-08  0.00000000e+00  1.14196667e-08  1.80000000e+00 
 1.14216667e-08  0.00000000e+00  1.14216667e-08  1.80000000e+00 
 1.14236667e-08  0.00000000e+00  1.14236667e-08  1.80000000e+00 
 1.14256667e-08  0.00000000e+00  1.14256667e-08  1.80000000e+00 
 1.14276667e-08  0.00000000e+00  1.14276667e-08  1.80000000e+00 
 1.14296667e-08  0.00000000e+00  1.14296667e-08  1.80000000e+00 
 1.14316667e-08  0.00000000e+00  1.14316667e-08  1.80000000e+00 
 1.14336667e-08  0.00000000e+00  1.14336667e-08  1.80000000e+00 
 1.14356667e-08  0.00000000e+00  1.14356667e-08  1.80000000e+00 
 1.14376667e-08  0.00000000e+00  1.14376667e-08  1.80000000e+00 
 1.14396667e-08  0.00000000e+00  1.14396667e-08  1.80000000e+00 
 1.14416667e-08  0.00000000e+00  1.14416667e-08  1.80000000e+00 
 1.14436667e-08  0.00000000e+00  1.14436667e-08  1.80000000e+00 
 1.14456667e-08  0.00000000e+00  1.14456667e-08  1.80000000e+00 
 1.14476667e-08  0.00000000e+00  1.14476667e-08  1.80000000e+00 
 1.14496667e-08  0.00000000e+00  1.14496667e-08  1.80000000e+00 
 1.14516667e-08  0.00000000e+00  1.14516667e-08  1.80000000e+00 
 1.14536667e-08  0.00000000e+00  1.14536667e-08  1.80000000e+00 
 1.14556667e-08  0.00000000e+00  1.14556667e-08  1.80000000e+00 
 1.14576667e-08  0.00000000e+00  1.14576667e-08  1.80000000e+00 
 1.14596667e-08  0.00000000e+00  1.14596667e-08  1.80000000e+00 
 1.14616667e-08  0.00000000e+00  1.14616667e-08  1.80000000e+00 
 1.14636667e-08  0.00000000e+00  1.14636667e-08  1.80000000e+00 
 1.14656667e-08  0.00000000e+00  1.14656667e-08  1.80000000e+00 
 1.14676667e-08  0.00000000e+00  1.14676667e-08  1.80000000e+00 
 1.14696667e-08  0.00000000e+00  1.14696667e-08  1.80000000e+00 
 1.14716667e-08  0.00000000e+00  1.14716667e-08  1.80000000e+00 
 1.14736667e-08  0.00000000e+00  1.14736667e-08  1.80000000e+00 
 1.14756667e-08  0.00000000e+00  1.14756667e-08  1.80000000e+00 
 1.14776667e-08  0.00000000e+00  1.14776667e-08  1.80000000e+00 
 1.14796667e-08  0.00000000e+00  1.14796667e-08  1.80000000e+00 
 1.14816667e-08  0.00000000e+00  1.14816667e-08  1.80000000e+00 
 1.14836667e-08  0.00000000e+00  1.14836667e-08  1.80000000e+00 
 1.14856667e-08  0.00000000e+00  1.14856667e-08  1.80000000e+00 
 1.14876667e-08  0.00000000e+00  1.14876667e-08  1.80000000e+00 
 1.14896667e-08  0.00000000e+00  1.14896667e-08  1.80000000e+00 
 1.14916667e-08  0.00000000e+00  1.14916667e-08  1.80000000e+00 
 1.14936667e-08  0.00000000e+00  1.14936667e-08  1.80000000e+00 
 1.14956667e-08  0.00000000e+00  1.14956667e-08  1.80000000e+00 
 1.14976667e-08  0.00000000e+00  1.14976667e-08  1.80000000e+00 
 1.14996667e-08  0.00000000e+00  1.14996667e-08  1.80000000e+00 
 1.15016667e-08  0.00000000e+00  1.15016667e-08  1.80000000e+00 
 1.15036667e-08  0.00000000e+00  1.15036667e-08  1.80000000e+00 
 1.15056667e-08  0.00000000e+00  1.15056667e-08  1.80000000e+00 
 1.15076667e-08  0.00000000e+00  1.15076667e-08  1.80000000e+00 
 1.15096667e-08  0.00000000e+00  1.15096667e-08  1.80000000e+00 
 1.15116667e-08  0.00000000e+00  1.15116667e-08  1.80000000e+00 
 1.15136667e-08  0.00000000e+00  1.15136667e-08  1.80000000e+00 
 1.15156667e-08  0.00000000e+00  1.15156667e-08  1.80000000e+00 
 1.15176667e-08  0.00000000e+00  1.15176667e-08  1.80000000e+00 
 1.15196667e-08  0.00000000e+00  1.15196667e-08  1.80000000e+00 
 1.15216667e-08  0.00000000e+00  1.15216667e-08  1.80000000e+00 
 1.15236667e-08  0.00000000e+00  1.15236667e-08  1.80000000e+00 
 1.15256667e-08  0.00000000e+00  1.15256667e-08  1.80000000e+00 
 1.15276667e-08  0.00000000e+00  1.15276667e-08  1.80000000e+00 
 1.15296667e-08  0.00000000e+00  1.15296667e-08  1.80000000e+00 
 1.15316667e-08  0.00000000e+00  1.15316667e-08  1.80000000e+00 
 1.15336667e-08  0.00000000e+00  1.15336667e-08  1.80000000e+00 
 1.15356667e-08  0.00000000e+00  1.15356667e-08  1.80000000e+00 
 1.15376667e-08  0.00000000e+00  1.15376667e-08  1.80000000e+00 
 1.15396667e-08  0.00000000e+00  1.15396667e-08  1.80000000e+00 
 1.15416667e-08  0.00000000e+00  1.15416667e-08  1.80000000e+00 
 1.15436667e-08  0.00000000e+00  1.15436667e-08  1.80000000e+00 
 1.15456667e-08  0.00000000e+00  1.15456667e-08  1.80000000e+00 
 1.15476667e-08  0.00000000e+00  1.15476667e-08  1.80000000e+00 
 1.15496667e-08  0.00000000e+00  1.15496667e-08  1.80000000e+00 
 1.15516667e-08  0.00000000e+00  1.15516667e-08  1.80000000e+00 
 1.15536667e-08  0.00000000e+00  1.15536667e-08  1.80000000e+00 
 1.15556667e-08  0.00000000e+00  1.15556667e-08  1.80000000e+00 
 1.15576667e-08  0.00000000e+00  1.15576667e-08  1.80000000e+00 
 1.15596667e-08  0.00000000e+00  1.15596667e-08  1.80000000e+00 
 1.15616667e-08  0.00000000e+00  1.15616667e-08  1.80000000e+00 
 1.15636667e-08  0.00000000e+00  1.15636667e-08  1.80000000e+00 
 1.15656667e-08  0.00000000e+00  1.15656667e-08  1.80000000e+00 
 1.15676667e-08  0.00000000e+00  1.15676667e-08  1.80000000e+00 
 1.15696667e-08  0.00000000e+00  1.15696667e-08  1.80000000e+00 
 1.15716667e-08  0.00000000e+00  1.15716667e-08  1.80000000e+00 
 1.15736667e-08  0.00000000e+00  1.15736667e-08  1.80000000e+00 
 1.15756667e-08  0.00000000e+00  1.15756667e-08  1.80000000e+00 
 1.15776667e-08  0.00000000e+00  1.15776667e-08  1.80000000e+00 
 1.15796667e-08  0.00000000e+00  1.15796667e-08  1.80000000e+00 
 1.15816667e-08  0.00000000e+00  1.15816667e-08  1.80000000e+00 
 1.15836667e-08  0.00000000e+00  1.15836667e-08  1.80000000e+00 
 1.15856667e-08  0.00000000e+00  1.15856667e-08  1.80000000e+00 
 1.15876667e-08  0.00000000e+00  1.15876667e-08  1.80000000e+00 
 1.15896667e-08  0.00000000e+00  1.15896667e-08  1.80000000e+00 
 1.15916667e-08  0.00000000e+00  1.15916667e-08  1.80000000e+00 
 1.15936667e-08  0.00000000e+00  1.15936667e-08  1.80000000e+00 
 1.15956667e-08  0.00000000e+00  1.15956667e-08  1.80000000e+00 
 1.15976667e-08  0.00000000e+00  1.15976667e-08  1.80000000e+00 
 1.15996667e-08  0.00000000e+00  1.15996667e-08  1.80000000e+00 
 1.16016667e-08  0.00000000e+00  1.16016667e-08  1.80000000e+00 
 1.16036667e-08  0.00000000e+00  1.16036667e-08  1.80000000e+00 
 1.16056667e-08  0.00000000e+00  1.16056667e-08  1.80000000e+00 
 1.16076667e-08  0.00000000e+00  1.16076667e-08  1.80000000e+00 
 1.16096667e-08  0.00000000e+00  1.16096667e-08  1.80000000e+00 
 1.16116667e-08  0.00000000e+00  1.16116667e-08  1.80000000e+00 
 1.16136667e-08  0.00000000e+00  1.16136667e-08  1.80000000e+00 
 1.16156667e-08  0.00000000e+00  1.16156667e-08  1.80000000e+00 
 1.16176667e-08  0.00000000e+00  1.16176667e-08  1.80000000e+00 
 1.16196667e-08  0.00000000e+00  1.16196667e-08  1.80000000e+00 
 1.16216667e-08  0.00000000e+00  1.16216667e-08  1.80000000e+00 
 1.16236667e-08  0.00000000e+00  1.16236667e-08  1.80000000e+00 
 1.16256667e-08  0.00000000e+00  1.16256667e-08  1.80000000e+00 
 1.16276667e-08  0.00000000e+00  1.16276667e-08  1.80000000e+00 
 1.16296667e-08  0.00000000e+00  1.16296667e-08  1.80000000e+00 
 1.16316667e-08  0.00000000e+00  1.16316667e-08  1.80000000e+00 
 1.16336667e-08  0.00000000e+00  1.16336667e-08  1.80000000e+00 
 1.16356667e-08  0.00000000e+00  1.16356667e-08  1.80000000e+00 
 1.16376667e-08  0.00000000e+00  1.16376667e-08  1.80000000e+00 
 1.16396667e-08  0.00000000e+00  1.16396667e-08  1.80000000e+00 
 1.16416667e-08  0.00000000e+00  1.16416667e-08  1.80000000e+00 
 1.16436667e-08  0.00000000e+00  1.16436667e-08  1.80000000e+00 
 1.16456667e-08  0.00000000e+00  1.16456667e-08  1.80000000e+00 
 1.16476667e-08  0.00000000e+00  1.16476667e-08  1.80000000e+00 
 1.16496667e-08  0.00000000e+00  1.16496667e-08  1.80000000e+00 
 1.16516667e-08  0.00000000e+00  1.16516667e-08  1.80000000e+00 
 1.16536667e-08  0.00000000e+00  1.16536667e-08  1.80000000e+00 
 1.16556667e-08  0.00000000e+00  1.16556667e-08  1.80000000e+00 
 1.16576667e-08  0.00000000e+00  1.16576667e-08  1.80000000e+00 
 1.16596667e-08  0.00000000e+00  1.16596667e-08  1.80000000e+00 
 1.16616667e-08  0.00000000e+00  1.16616667e-08  1.80000000e+00 
 1.16636667e-08  0.00000000e+00  1.16636667e-08  1.80000000e+00 
 1.16656667e-08  0.00000000e+00  1.16656667e-08  1.80000000e+00 
 1.16676667e-08  0.00000000e+00  1.16676667e-08  1.80000000e+00 
 1.16696667e-08  0.00000000e+00  1.16696667e-08  1.80000000e+00 
 1.16716667e-08  0.00000000e+00  1.16716667e-08  1.80000000e+00 
 1.16736667e-08  0.00000000e+00  1.16736667e-08  1.80000000e+00 
 1.16756667e-08  0.00000000e+00  1.16756667e-08  1.80000000e+00 
 1.16776667e-08  0.00000000e+00  1.16776667e-08  1.80000000e+00 
 1.16796667e-08  0.00000000e+00  1.16796667e-08  1.80000000e+00 
 1.16816667e-08  0.00000000e+00  1.16816667e-08  1.80000000e+00 
 1.16836667e-08  0.00000000e+00  1.16836667e-08  1.80000000e+00 
 1.16856667e-08  0.00000000e+00  1.16856667e-08  1.80000000e+00 
 1.16876667e-08  0.00000000e+00  1.16876667e-08  1.80000000e+00 
 1.16896667e-08  0.00000000e+00  1.16896667e-08  1.80000000e+00 
 1.16916667e-08  0.00000000e+00  1.16916667e-08  1.80000000e+00 
 1.16936667e-08  0.00000000e+00  1.16936667e-08  1.80000000e+00 
 1.16956667e-08  0.00000000e+00  1.16956667e-08  1.80000000e+00 
 1.16976667e-08  0.00000000e+00  1.16976667e-08  1.80000000e+00 
 1.16996667e-08  0.00000000e+00  1.16996667e-08  1.80000000e+00 
 1.17016667e-08  0.00000000e+00  1.17016667e-08  1.80000000e+00 
 1.17036667e-08  0.00000000e+00  1.17036667e-08  1.80000000e+00 
 1.17056667e-08  0.00000000e+00  1.17056667e-08  1.80000000e+00 
 1.17076667e-08  0.00000000e+00  1.17076667e-08  1.80000000e+00 
 1.17096667e-08  0.00000000e+00  1.17096667e-08  1.80000000e+00 
 1.17116667e-08  0.00000000e+00  1.17116667e-08  1.80000000e+00 
 1.17136667e-08  0.00000000e+00  1.17136667e-08  1.80000000e+00 
 1.17156667e-08  0.00000000e+00  1.17156667e-08  1.80000000e+00 
 1.17176667e-08  0.00000000e+00  1.17176667e-08  1.80000000e+00 
 1.17196667e-08  0.00000000e+00  1.17196667e-08  1.80000000e+00 
 1.17216667e-08  0.00000000e+00  1.17216667e-08  1.80000000e+00 
 1.17236667e-08  0.00000000e+00  1.17236667e-08  1.80000000e+00 
 1.17256667e-08  0.00000000e+00  1.17256667e-08  1.80000000e+00 
 1.17276667e-08  0.00000000e+00  1.17276667e-08  1.80000000e+00 
 1.17296667e-08  0.00000000e+00  1.17296667e-08  1.80000000e+00 
 1.17316667e-08  0.00000000e+00  1.17316667e-08  1.80000000e+00 
 1.17336667e-08  0.00000000e+00  1.17336667e-08  1.80000000e+00 
 1.17356667e-08  0.00000000e+00  1.17356667e-08  1.80000000e+00 
 1.17376667e-08  0.00000000e+00  1.17376667e-08  1.80000000e+00 
 1.17396667e-08  0.00000000e+00  1.17396667e-08  1.80000000e+00 
 1.17416667e-08  0.00000000e+00  1.17416667e-08  1.80000000e+00 
 1.17436667e-08  0.00000000e+00  1.17436667e-08  1.80000000e+00 
 1.17456667e-08  0.00000000e+00  1.17456667e-08  1.80000000e+00 
 1.17476667e-08  0.00000000e+00  1.17476667e-08  1.80000000e+00 
 1.17496667e-08  0.00000000e+00  1.17496667e-08  1.80000000e+00 
 1.17516667e-08  0.00000000e+00  1.17516667e-08  1.80000000e+00 
 1.17536667e-08  0.00000000e+00  1.17536667e-08  1.80000000e+00 
 1.17556667e-08  0.00000000e+00  1.17556667e-08  1.80000000e+00 
 1.17576667e-08  0.00000000e+00  1.17576667e-08  1.80000000e+00 
 1.17596667e-08  0.00000000e+00  1.17596667e-08  1.80000000e+00 
 1.17616667e-08  0.00000000e+00  1.17616667e-08  1.80000000e+00 
 1.17636667e-08  0.00000000e+00  1.17636667e-08  1.80000000e+00 
 1.17656667e-08  0.00000000e+00  1.17656667e-08  1.80000000e+00 
 1.17676667e-08  0.00000000e+00  1.17676667e-08  1.80000000e+00 
 1.17696667e-08  0.00000000e+00  1.17696667e-08  1.80000000e+00 
 1.17716667e-08  0.00000000e+00  1.17716667e-08  1.80000000e+00 
 1.17736667e-08  0.00000000e+00  1.17736667e-08  1.80000000e+00 
 1.17756667e-08  0.00000000e+00  1.17756667e-08  1.80000000e+00 
 1.17776667e-08  0.00000000e+00  1.17776667e-08  1.80000000e+00 
 1.17796667e-08  0.00000000e+00  1.17796667e-08  1.80000000e+00 
 1.17816667e-08  0.00000000e+00  1.17816667e-08  1.80000000e+00 
 1.17836667e-08  0.00000000e+00  1.17836667e-08  1.80000000e+00 
 1.17856667e-08  0.00000000e+00  1.17856667e-08  1.80000000e+00 
 1.17876667e-08  0.00000000e+00  1.17876667e-08  1.80000000e+00 
 1.17896667e-08  0.00000000e+00  1.17896667e-08  1.80000000e+00 
 1.17916667e-08  0.00000000e+00  1.17916667e-08  1.80000000e+00 
 1.17936667e-08  0.00000000e+00  1.17936667e-08  1.80000000e+00 
 1.17956667e-08  0.00000000e+00  1.17956667e-08  1.80000000e+00 
 1.17976667e-08  0.00000000e+00  1.17976667e-08  1.80000000e+00 
 1.17996667e-08  0.00000000e+00  1.17996667e-08  1.80000000e+00 
 1.18016667e-08  0.00000000e+00  1.18016667e-08  1.80000000e+00 
 1.18036667e-08  0.00000000e+00  1.18036667e-08  1.80000000e+00 
 1.18056667e-08  0.00000000e+00  1.18056667e-08  1.80000000e+00 
 1.18076667e-08  0.00000000e+00  1.18076667e-08  1.80000000e+00 
 1.18096667e-08  0.00000000e+00  1.18096667e-08  1.80000000e+00 
 1.18116667e-08  0.00000000e+00  1.18116667e-08  1.80000000e+00 
 1.18136667e-08  0.00000000e+00  1.18136667e-08  1.80000000e+00 
 1.18156667e-08  0.00000000e+00  1.18156667e-08  1.80000000e+00 
 1.18176667e-08  0.00000000e+00  1.18176667e-08  1.80000000e+00 
 1.18196667e-08  0.00000000e+00  1.18196667e-08  1.80000000e+00 
 1.18216667e-08  0.00000000e+00  1.18216667e-08  1.80000000e+00 
 1.18236667e-08  0.00000000e+00  1.18236667e-08  1.80000000e+00 
 1.18256667e-08  0.00000000e+00  1.18256667e-08  1.80000000e+00 
 1.18276667e-08  0.00000000e+00  1.18276667e-08  1.80000000e+00 
 1.18296667e-08  0.00000000e+00  1.18296667e-08  1.80000000e+00 
 1.18316667e-08  0.00000000e+00  1.18316667e-08  1.80000000e+00 
 1.18336667e-08  0.00000000e+00  1.18336667e-08  1.80000000e+00 
 1.18356667e-08  0.00000000e+00  1.18356667e-08  1.80000000e+00 
 1.18376667e-08  0.00000000e+00  1.18376667e-08  1.80000000e+00 
 1.18396667e-08  0.00000000e+00  1.18396667e-08  1.80000000e+00 
 1.18416667e-08  0.00000000e+00  1.18416667e-08  1.80000000e+00 
 1.18436667e-08  0.00000000e+00  1.18436667e-08  1.80000000e+00 
 1.18456667e-08  0.00000000e+00  1.18456667e-08  1.80000000e+00 
 1.18476667e-08  0.00000000e+00  1.18476667e-08  1.80000000e+00 
 1.18496667e-08  0.00000000e+00  1.18496667e-08  1.80000000e+00 
 1.18516667e-08  0.00000000e+00  1.18516667e-08  1.80000000e+00 
 1.18536667e-08  0.00000000e+00  1.18536667e-08  1.80000000e+00 
 1.18556667e-08  0.00000000e+00  1.18556667e-08  1.80000000e+00 
 1.18576667e-08  0.00000000e+00  1.18576667e-08  1.80000000e+00 
 1.18596667e-08  0.00000000e+00  1.18596667e-08  1.80000000e+00 
 1.18616667e-08  0.00000000e+00  1.18616667e-08  1.80000000e+00 
 1.18636667e-08  0.00000000e+00  1.18636667e-08  1.80000000e+00 
 1.18656667e-08  0.00000000e+00  1.18656667e-08  1.80000000e+00 
 1.18676667e-08  0.00000000e+00  1.18676667e-08  1.80000000e+00 
 1.18696667e-08  0.00000000e+00  1.18696667e-08  1.80000000e+00 
 1.18716667e-08  0.00000000e+00  1.18716667e-08  1.80000000e+00 
 1.18736667e-08  0.00000000e+00  1.18736667e-08  1.80000000e+00 
 1.18756667e-08  0.00000000e+00  1.18756667e-08  1.80000000e+00 
 1.18776667e-08  0.00000000e+00  1.18776667e-08  1.80000000e+00 
 1.18796667e-08  0.00000000e+00  1.18796667e-08  1.80000000e+00 
 1.18816667e-08  0.00000000e+00  1.18816667e-08  1.80000000e+00 
 1.18836667e-08  0.00000000e+00  1.18836667e-08  1.80000000e+00 
 1.18856667e-08  0.00000000e+00  1.18856667e-08  1.80000000e+00 
 1.18876667e-08  0.00000000e+00  1.18876667e-08  1.80000000e+00 
 1.18896667e-08  0.00000000e+00  1.18896667e-08  1.80000000e+00 
 1.18916667e-08  0.00000000e+00  1.18916667e-08  1.80000000e+00 
 1.18936667e-08  0.00000000e+00  1.18936667e-08  1.80000000e+00 
 1.18956667e-08  0.00000000e+00  1.18956667e-08  1.80000000e+00 
 1.18976667e-08  0.00000000e+00  1.18976667e-08  1.80000000e+00 
 1.18996667e-08  0.00000000e+00  1.18996667e-08  1.80000000e+00 
 1.19016667e-08  0.00000000e+00  1.19016667e-08  1.80000000e+00 
 1.19036667e-08  0.00000000e+00  1.19036667e-08  1.80000000e+00 
 1.19056667e-08  0.00000000e+00  1.19056667e-08  1.80000000e+00 
 1.19076667e-08  0.00000000e+00  1.19076667e-08  1.80000000e+00 
 1.19096667e-08  0.00000000e+00  1.19096667e-08  1.80000000e+00 
 1.19116667e-08  0.00000000e+00  1.19116667e-08  1.80000000e+00 
 1.19136667e-08  0.00000000e+00  1.19136667e-08  1.80000000e+00 
 1.19156667e-08  0.00000000e+00  1.19156667e-08  1.80000000e+00 
 1.19176667e-08  0.00000000e+00  1.19176667e-08  1.80000000e+00 
 1.19196667e-08  0.00000000e+00  1.19196667e-08  1.80000000e+00 
 1.19216667e-08  0.00000000e+00  1.19216667e-08  1.80000000e+00 
 1.19236667e-08  0.00000000e+00  1.19236667e-08  1.80000000e+00 
 1.19256667e-08  0.00000000e+00  1.19256667e-08  1.80000000e+00 
 1.19276667e-08  0.00000000e+00  1.19276667e-08  1.80000000e+00 
 1.19296667e-08  0.00000000e+00  1.19296667e-08  1.80000000e+00 
 1.19316667e-08  0.00000000e+00  1.19316667e-08  1.80000000e+00 
 1.19336667e-08  0.00000000e+00  1.19336667e-08  1.80000000e+00 
 1.19356667e-08  0.00000000e+00  1.19356667e-08  1.80000000e+00 
 1.19376667e-08  0.00000000e+00  1.19376667e-08  1.80000000e+00 
 1.19396667e-08  0.00000000e+00  1.19396667e-08  1.80000000e+00 
 1.19416667e-08  0.00000000e+00  1.19416667e-08  1.80000000e+00 
 1.19436667e-08  0.00000000e+00  1.19436667e-08  1.80000000e+00 
 1.19456667e-08  0.00000000e+00  1.19456667e-08  1.80000000e+00 
 1.19476667e-08  0.00000000e+00  1.19476667e-08  1.80000000e+00 
 1.19496667e-08  0.00000000e+00  1.19496667e-08  1.80000000e+00 
 1.19516667e-08  0.00000000e+00  1.19516667e-08  1.80000000e+00 
 1.19536667e-08  0.00000000e+00  1.19536667e-08  1.80000000e+00 
 1.19556667e-08  0.00000000e+00  1.19556667e-08  1.80000000e+00 
 1.19576667e-08  0.00000000e+00  1.19576667e-08  1.80000000e+00 
 1.19596667e-08  0.00000000e+00  1.19596667e-08  1.80000000e+00 
 1.19616667e-08  0.00000000e+00  1.19616667e-08  1.80000000e+00 
 1.19636667e-08  0.00000000e+00  1.19636667e-08  1.80000000e+00 
 1.19656667e-08  0.00000000e+00  1.19656667e-08  1.80000000e+00 
 1.19676667e-08  0.00000000e+00  1.19676667e-08  1.80000000e+00 
 1.19696667e-08  0.00000000e+00  1.19696667e-08  1.80000000e+00 
 1.19716667e-08  0.00000000e+00  1.19716667e-08  1.80000000e+00 
 1.19736667e-08  0.00000000e+00  1.19736667e-08  1.80000000e+00 
 1.19756667e-08  0.00000000e+00  1.19756667e-08  1.80000000e+00 
 1.19776667e-08  0.00000000e+00  1.19776667e-08  1.80000000e+00 
 1.19796667e-08  0.00000000e+00  1.19796667e-08  1.80000000e+00 
 1.19816667e-08  0.00000000e+00  1.19816667e-08  1.80000000e+00 
 1.19836667e-08  0.00000000e+00  1.19836667e-08  1.80000000e+00 
 1.19856667e-08  0.00000000e+00  1.19856667e-08  1.80000000e+00 
 1.19876667e-08  0.00000000e+00  1.19876667e-08  1.80000000e+00 
 1.19896667e-08  0.00000000e+00  1.19896667e-08  1.80000000e+00 
 1.19916667e-08  0.00000000e+00  1.19916667e-08  1.80000000e+00 
 1.19936667e-08  0.00000000e+00  1.19936667e-08  1.80000000e+00 
 1.19956667e-08  0.00000000e+00  1.19956667e-08  1.80000000e+00 
 1.19976667e-08  0.00000000e+00  1.19976667e-08  1.80000000e+00 
 1.19996667e-08  0.00000000e+00  1.19996667e-08  1.80000000e+00 
 1.20016667e-08  0.00000000e+00  1.20016667e-08  1.80000000e+00 
 1.20036667e-08  0.00000000e+00  1.20036667e-08  1.80000000e+00 
 1.20056667e-08  0.00000000e+00  1.20056667e-08  1.80000000e+00 
 1.20076667e-08  0.00000000e+00  1.20076667e-08  1.80000000e+00 
 1.20096667e-08  0.00000000e+00  1.20096667e-08  1.80000000e+00 
 1.20116667e-08  0.00000000e+00  1.20116667e-08  1.80000000e+00 
 1.20136667e-08  0.00000000e+00  1.20136667e-08  1.80000000e+00 
 1.20156667e-08  0.00000000e+00  1.20156667e-08  1.80000000e+00 
 1.20176667e-08  0.00000000e+00  1.20176667e-08  1.80000000e+00 
 1.20196667e-08  0.00000000e+00  1.20196667e-08  1.80000000e+00 
 1.20216667e-08  0.00000000e+00  1.20216667e-08  1.80000000e+00 
 1.20236667e-08  0.00000000e+00  1.20236667e-08  1.80000000e+00 
 1.20256667e-08  0.00000000e+00  1.20256667e-08  1.80000000e+00 
 1.20276667e-08  0.00000000e+00  1.20276667e-08  1.80000000e+00 
 1.20296667e-08  0.00000000e+00  1.20296667e-08  1.80000000e+00 
 1.20316667e-08  0.00000000e+00  1.20316667e-08  1.80000000e+00 
 1.20336667e-08  0.00000000e+00  1.20336667e-08  1.80000000e+00 
 1.20356667e-08  0.00000000e+00  1.20356667e-08  1.80000000e+00 
 1.20376667e-08  0.00000000e+00  1.20376667e-08  1.80000000e+00 
 1.20396667e-08  0.00000000e+00  1.20396667e-08  1.80000000e+00 
 1.20416667e-08  0.00000000e+00  1.20416667e-08  1.80000000e+00 
 1.20436667e-08  0.00000000e+00  1.20436667e-08  1.80000000e+00 
 1.20456667e-08  0.00000000e+00  1.20456667e-08  1.80000000e+00 
 1.20476667e-08  0.00000000e+00  1.20476667e-08  1.80000000e+00 
 1.20496667e-08  0.00000000e+00  1.20496667e-08  1.80000000e+00 
 1.20516667e-08  0.00000000e+00  1.20516667e-08  1.80000000e+00 
 1.20536667e-08  0.00000000e+00  1.20536667e-08  1.80000000e+00 
 1.20556667e-08  0.00000000e+00  1.20556667e-08  1.80000000e+00 
 1.20576667e-08  0.00000000e+00  1.20576667e-08  1.80000000e+00 
 1.20596667e-08  0.00000000e+00  1.20596667e-08  1.80000000e+00 
 1.20616667e-08  0.00000000e+00  1.20616667e-08  1.80000000e+00 
 1.20636667e-08  0.00000000e+00  1.20636667e-08  1.80000000e+00 
 1.20656667e-08  0.00000000e+00  1.20656667e-08  1.80000000e+00 
 1.20676667e-08  0.00000000e+00  1.20676667e-08  1.80000000e+00 
 1.20696667e-08  0.00000000e+00  1.20696667e-08  1.80000000e+00 
 1.20716667e-08  0.00000000e+00  1.20716667e-08  1.80000000e+00 
 1.20736667e-08  0.00000000e+00  1.20736667e-08  1.80000000e+00 
 1.20756667e-08  0.00000000e+00  1.20756667e-08  1.80000000e+00 
 1.20776667e-08  0.00000000e+00  1.20776667e-08  1.80000000e+00 
 1.20796667e-08  0.00000000e+00  1.20796667e-08  1.80000000e+00 
 1.20816667e-08  0.00000000e+00  1.20816667e-08  1.80000000e+00 
 1.20836667e-08  0.00000000e+00  1.20836667e-08  1.80000000e+00 
 1.20856667e-08  0.00000000e+00  1.20856667e-08  1.80000000e+00 
 1.20876667e-08  0.00000000e+00  1.20876667e-08  1.80000000e+00 
 1.20896667e-08  0.00000000e+00  1.20896667e-08  1.80000000e+00 
 1.20916667e-08  0.00000000e+00  1.20916667e-08  1.80000000e+00 
 1.20936667e-08  0.00000000e+00  1.20936667e-08  1.80000000e+00 
 1.20956667e-08  0.00000000e+00  1.20956667e-08  1.80000000e+00 
 1.20976667e-08  0.00000000e+00  1.20976667e-08  1.80000000e+00 
 1.20996667e-08  0.00000000e+00  1.20996667e-08  1.80000000e+00 
 1.21016667e-08  0.00000000e+00  1.21016667e-08  1.80000000e+00 
 1.21036667e-08  0.00000000e+00  1.21036667e-08  1.80000000e+00 
 1.21056667e-08  0.00000000e+00  1.21056667e-08  1.80000000e+00 
 1.21076667e-08  0.00000000e+00  1.21076667e-08  1.80000000e+00 
 1.21096667e-08  0.00000000e+00  1.21096667e-08  1.80000000e+00 
 1.21116667e-08  0.00000000e+00  1.21116667e-08  1.80000000e+00 
 1.21136667e-08  0.00000000e+00  1.21136667e-08  1.80000000e+00 
 1.21156667e-08  0.00000000e+00  1.21156667e-08  1.80000000e+00 
 1.21176667e-08  0.00000000e+00  1.21176667e-08  1.80000000e+00 
 1.21196667e-08  0.00000000e+00  1.21196667e-08  1.80000000e+00 
 1.21216667e-08  0.00000000e+00  1.21216667e-08  1.80000000e+00 
 1.21236667e-08  0.00000000e+00  1.21236667e-08  1.80000000e+00 
 1.21256667e-08  0.00000000e+00  1.21256667e-08  1.80000000e+00 
 1.21276667e-08  0.00000000e+00  1.21276667e-08  1.80000000e+00 
 1.21296667e-08  0.00000000e+00  1.21296667e-08  1.80000000e+00 
 1.21316667e-08  0.00000000e+00  1.21316667e-08  1.80000000e+00 
 1.21336667e-08  0.00000000e+00  1.21336667e-08  1.80000000e+00 
 1.21356667e-08  0.00000000e+00  1.21356667e-08  1.80000000e+00 
 1.21376667e-08  0.00000000e+00  1.21376667e-08  1.80000000e+00 
 1.21396667e-08  0.00000000e+00  1.21396667e-08  1.80000000e+00 
 1.21416667e-08  0.00000000e+00  1.21416667e-08  1.80000000e+00 
 1.21436667e-08  0.00000000e+00  1.21436667e-08  1.80000000e+00 
 1.21456667e-08  0.00000000e+00  1.21456667e-08  1.80000000e+00 
 1.21476667e-08  0.00000000e+00  1.21476667e-08  1.80000000e+00 
 1.21496667e-08  0.00000000e+00  1.21496667e-08  1.80000000e+00 
 1.21516667e-08  0.00000000e+00  1.21516667e-08  1.80000000e+00 
 1.21536667e-08  0.00000000e+00  1.21536667e-08  1.80000000e+00 
 1.21556667e-08  0.00000000e+00  1.21556667e-08  1.80000000e+00 
 1.21576667e-08  0.00000000e+00  1.21576667e-08  1.80000000e+00 
 1.21596667e-08  0.00000000e+00  1.21596667e-08  1.80000000e+00 
 1.21616667e-08  0.00000000e+00  1.21616667e-08  1.80000000e+00 
 1.21636667e-08  0.00000000e+00  1.21636667e-08  1.80000000e+00 
 1.21656667e-08  0.00000000e+00  1.21656667e-08  1.80000000e+00 
 1.21676667e-08  0.00000000e+00  1.21676667e-08  1.80000000e+00 
 1.21696667e-08  0.00000000e+00  1.21696667e-08  1.80000000e+00 
 1.21716667e-08  0.00000000e+00  1.21716667e-08  1.80000000e+00 
 1.21736667e-08  0.00000000e+00  1.21736667e-08  1.80000000e+00 
 1.21756667e-08  0.00000000e+00  1.21756667e-08  1.80000000e+00 
 1.21776667e-08  0.00000000e+00  1.21776667e-08  1.80000000e+00 
 1.21796667e-08  0.00000000e+00  1.21796667e-08  1.80000000e+00 
 1.21816667e-08  0.00000000e+00  1.21816667e-08  1.80000000e+00 
 1.21836667e-08  0.00000000e+00  1.21836667e-08  1.80000000e+00 
 1.21856667e-08  0.00000000e+00  1.21856667e-08  1.80000000e+00 
 1.21876667e-08  0.00000000e+00  1.21876667e-08  1.80000000e+00 
 1.21896667e-08  0.00000000e+00  1.21896667e-08  1.80000000e+00 
 1.21916667e-08  0.00000000e+00  1.21916667e-08  1.80000000e+00 
 1.21936667e-08  0.00000000e+00  1.21936667e-08  1.80000000e+00 
 1.21956667e-08  0.00000000e+00  1.21956667e-08  1.80000000e+00 
 1.21976667e-08  0.00000000e+00  1.21976667e-08  1.80000000e+00 
 1.21996667e-08  0.00000000e+00  1.21996667e-08  1.80000000e+00 
 1.22016667e-08  0.00000000e+00  1.22016667e-08  1.80000000e+00 
 1.22036667e-08  0.00000000e+00  1.22036667e-08  1.80000000e+00 
 1.22056667e-08  0.00000000e+00  1.22056667e-08  1.80000000e+00 
 1.22076667e-08  0.00000000e+00  1.22076667e-08  1.80000000e+00 
 1.22096667e-08  0.00000000e+00  1.22096667e-08  1.80000000e+00 
 1.22116667e-08  0.00000000e+00  1.22116667e-08  1.80000000e+00 
 1.22136667e-08  0.00000000e+00  1.22136667e-08  1.80000000e+00 
 1.22156667e-08  0.00000000e+00  1.22156667e-08  1.80000000e+00 
 1.22176667e-08  0.00000000e+00  1.22176667e-08  1.80000000e+00 
 1.22196667e-08  0.00000000e+00  1.22196667e-08  1.80000000e+00 
 1.22216667e-08  0.00000000e+00  1.22216667e-08  1.80000000e+00 
 1.22236667e-08  0.00000000e+00  1.22236667e-08  1.80000000e+00 
 1.22256667e-08  0.00000000e+00  1.22256667e-08  1.80000000e+00 
 1.22276667e-08  0.00000000e+00  1.22276667e-08  1.80000000e+00 
 1.22296667e-08  0.00000000e+00  1.22296667e-08  1.80000000e+00 
 1.22316667e-08  0.00000000e+00  1.22316667e-08  1.80000000e+00 
 1.22336667e-08  0.00000000e+00  1.22336667e-08  1.80000000e+00 
 1.22356667e-08  0.00000000e+00  1.22356667e-08  1.80000000e+00 
 1.22376667e-08  0.00000000e+00  1.22376667e-08  1.80000000e+00 
 1.22396667e-08  0.00000000e+00  1.22396667e-08  1.80000000e+00 
 1.22416667e-08  0.00000000e+00  1.22416667e-08  1.80000000e+00 
 1.22436667e-08  0.00000000e+00  1.22436667e-08  1.80000000e+00 
 1.22456667e-08  0.00000000e+00  1.22456667e-08  1.80000000e+00 
 1.22476667e-08  0.00000000e+00  1.22476667e-08  1.80000000e+00 
 1.22496667e-08  0.00000000e+00  1.22496667e-08  1.80000000e+00 
 1.22516667e-08  0.00000000e+00  1.22516667e-08  1.80000000e+00 
 1.22536667e-08  0.00000000e+00  1.22536667e-08  1.80000000e+00 
 1.22556667e-08  0.00000000e+00  1.22556667e-08  1.80000000e+00 
 1.22576667e-08  0.00000000e+00  1.22576667e-08  1.80000000e+00 
 1.22596667e-08  0.00000000e+00  1.22596667e-08  1.80000000e+00 
 1.22616667e-08  0.00000000e+00  1.22616667e-08  1.80000000e+00 
 1.22636667e-08  0.00000000e+00  1.22636667e-08  1.80000000e+00 
 1.22656667e-08  0.00000000e+00  1.22656667e-08  1.80000000e+00 
 1.22676667e-08  0.00000000e+00  1.22676667e-08  1.80000000e+00 
 1.22696667e-08  0.00000000e+00  1.22696667e-08  1.80000000e+00 
 1.22716667e-08  0.00000000e+00  1.22716667e-08  1.80000000e+00 
 1.22736667e-08  0.00000000e+00  1.22736667e-08  1.80000000e+00 
 1.22756667e-08  0.00000000e+00  1.22756667e-08  1.80000000e+00 
 1.22776667e-08  0.00000000e+00  1.22776667e-08  1.80000000e+00 
 1.22796667e-08  0.00000000e+00  1.22796667e-08  1.80000000e+00 
 1.22816667e-08  0.00000000e+00  1.22816667e-08  1.80000000e+00 
 1.22836667e-08  0.00000000e+00  1.22836667e-08  1.80000000e+00 
 1.22856667e-08  0.00000000e+00  1.22856667e-08  1.80000000e+00 
 1.22876667e-08  0.00000000e+00  1.22876667e-08  1.80000000e+00 
 1.22896667e-08  0.00000000e+00  1.22896667e-08  1.80000000e+00 
 1.22916667e-08  0.00000000e+00  1.22916667e-08  1.80000000e+00 
 1.22936667e-08  0.00000000e+00  1.22936667e-08  1.80000000e+00 
 1.22956667e-08  0.00000000e+00  1.22956667e-08  1.80000000e+00 
 1.22976667e-08  0.00000000e+00  1.22976667e-08  1.80000000e+00 
 1.22996667e-08  0.00000000e+00  1.22996667e-08  1.80000000e+00 
 1.23016667e-08  0.00000000e+00  1.23016667e-08  1.80000000e+00 
 1.23036667e-08  0.00000000e+00  1.23036667e-08  1.80000000e+00 
 1.23056667e-08  0.00000000e+00  1.23056667e-08  1.80000000e+00 
 1.23076667e-08  0.00000000e+00  1.23076667e-08  1.80000000e+00 
 1.23096667e-08  0.00000000e+00  1.23096667e-08  1.80000000e+00 
 1.23116667e-08  0.00000000e+00  1.23116667e-08  1.80000000e+00 
 1.23136667e-08  0.00000000e+00  1.23136667e-08  1.80000000e+00 
 1.23156667e-08  0.00000000e+00  1.23156667e-08  1.80000000e+00 
 1.23176667e-08  0.00000000e+00  1.23176667e-08  1.80000000e+00 
 1.23196667e-08  0.00000000e+00  1.23196667e-08  1.80000000e+00 
 1.23216667e-08  0.00000000e+00  1.23216667e-08  1.80000000e+00 
 1.23236667e-08  0.00000000e+00  1.23236667e-08  1.80000000e+00 
 1.23256667e-08  0.00000000e+00  1.23256667e-08  1.80000000e+00 
 1.23276667e-08  0.00000000e+00  1.23276667e-08  1.80000000e+00 
 1.23296667e-08  0.00000000e+00  1.23296667e-08  1.80000000e+00 
 1.23316667e-08  0.00000000e+00  1.23316667e-08  1.80000000e+00 
 1.23336667e-08  0.00000000e+00  1.23336667e-08  1.80000000e+00 
 1.23356667e-08  0.00000000e+00  1.23356667e-08  1.80000000e+00 
 1.23376667e-08  0.00000000e+00  1.23376667e-08  1.80000000e+00 
 1.23396667e-08  0.00000000e+00  1.23396667e-08  1.80000000e+00 
 1.23416667e-08  0.00000000e+00  1.23416667e-08  1.80000000e+00 
 1.23436667e-08  0.00000000e+00  1.23436667e-08  1.80000000e+00 
 1.23456667e-08  0.00000000e+00  1.23456667e-08  1.80000000e+00 
 1.23476667e-08  0.00000000e+00  1.23476667e-08  1.80000000e+00 
 1.23496667e-08  0.00000000e+00  1.23496667e-08  1.80000000e+00 
 1.23516667e-08  0.00000000e+00  1.23516667e-08  1.80000000e+00 
 1.23536667e-08  0.00000000e+00  1.23536667e-08  1.80000000e+00 
 1.23556667e-08  0.00000000e+00  1.23556667e-08  1.80000000e+00 
 1.23576667e-08  0.00000000e+00  1.23576667e-08  1.80000000e+00 
 1.23596667e-08  0.00000000e+00  1.23596667e-08  1.80000000e+00 
 1.23616667e-08  0.00000000e+00  1.23616667e-08  1.80000000e+00 
 1.23636667e-08  0.00000000e+00  1.23636667e-08  1.80000000e+00 
 1.23656667e-08  0.00000000e+00  1.23656667e-08  1.80000000e+00 
 1.23676667e-08  0.00000000e+00  1.23676667e-08  1.80000000e+00 
 1.23696667e-08  0.00000000e+00  1.23696667e-08  1.80000000e+00 
 1.23716667e-08  0.00000000e+00  1.23716667e-08  1.80000000e+00 
 1.23736667e-08  0.00000000e+00  1.23736667e-08  1.80000000e+00 
 1.23756667e-08  0.00000000e+00  1.23756667e-08  1.80000000e+00 
 1.23776667e-08  0.00000000e+00  1.23776667e-08  1.80000000e+00 
 1.23796667e-08  0.00000000e+00  1.23796667e-08  1.80000000e+00 
 1.23816667e-08  0.00000000e+00  1.23816667e-08  1.80000000e+00 
 1.23836667e-08  0.00000000e+00  1.23836667e-08  1.80000000e+00 
 1.23856667e-08  0.00000000e+00  1.23856667e-08  1.80000000e+00 
 1.23876667e-08  0.00000000e+00  1.23876667e-08  1.80000000e+00 
 1.23896667e-08  0.00000000e+00  1.23896667e-08  1.80000000e+00 
 1.23916667e-08  0.00000000e+00  1.23916667e-08  1.80000000e+00 
 1.23936667e-08  0.00000000e+00  1.23936667e-08  1.80000000e+00 
 1.23956667e-08  0.00000000e+00  1.23956667e-08  1.80000000e+00 
 1.23976667e-08  0.00000000e+00  1.23976667e-08  1.80000000e+00 
 1.23996667e-08  0.00000000e+00  1.23996667e-08  1.80000000e+00 
 1.24016667e-08  0.00000000e+00  1.24016667e-08  1.80000000e+00 
 1.24036667e-08  0.00000000e+00  1.24036667e-08  1.80000000e+00 
 1.24056667e-08  0.00000000e+00  1.24056667e-08  1.80000000e+00 
 1.24076667e-08  0.00000000e+00  1.24076667e-08  1.80000000e+00 
 1.24096667e-08  0.00000000e+00  1.24096667e-08  1.80000000e+00 
 1.24116667e-08  0.00000000e+00  1.24116667e-08  1.80000000e+00 
 1.24136667e-08  0.00000000e+00  1.24136667e-08  1.80000000e+00 
 1.24156667e-08  0.00000000e+00  1.24156667e-08  1.80000000e+00 
 1.24176667e-08  0.00000000e+00  1.24176667e-08  1.80000000e+00 
 1.24196667e-08  0.00000000e+00  1.24196667e-08  1.80000000e+00 
 1.24216667e-08  0.00000000e+00  1.24216667e-08  1.80000000e+00 
 1.24236667e-08  0.00000000e+00  1.24236667e-08  1.80000000e+00 
 1.24256667e-08  0.00000000e+00  1.24256667e-08  1.80000000e+00 
 1.24276667e-08  0.00000000e+00  1.24276667e-08  1.80000000e+00 
 1.24296667e-08  0.00000000e+00  1.24296667e-08  1.80000000e+00 
 1.24316667e-08  0.00000000e+00  1.24316667e-08  1.80000000e+00 
 1.24336667e-08  0.00000000e+00  1.24336667e-08  1.80000000e+00 
 1.24356667e-08  0.00000000e+00  1.24356667e-08  1.80000000e+00 
 1.24376667e-08  0.00000000e+00  1.24376667e-08  1.80000000e+00 
 1.24396667e-08  0.00000000e+00  1.24396667e-08  1.80000000e+00 
 1.24416667e-08  0.00000000e+00  1.24416667e-08  1.80000000e+00 
 1.24436667e-08  0.00000000e+00  1.24436667e-08  1.80000000e+00 
 1.24456667e-08  0.00000000e+00  1.24456667e-08  1.80000000e+00 
 1.24476667e-08  0.00000000e+00  1.24476667e-08  1.80000000e+00 
 1.24496667e-08  0.00000000e+00  1.24496667e-08  1.80000000e+00 
 1.24516667e-08  0.00000000e+00  1.24516667e-08  1.80000000e+00 
 1.24536667e-08  0.00000000e+00  1.24536667e-08  1.80000000e+00 
 1.24556667e-08  0.00000000e+00  1.24556667e-08  1.80000000e+00 
 1.24576667e-08  0.00000000e+00  1.24576667e-08  1.80000000e+00 
 1.24596667e-08  0.00000000e+00  1.24596667e-08  1.80000000e+00 
 1.24616667e-08  0.00000000e+00  1.24616667e-08  1.80000000e+00 
 1.24636667e-08  0.00000000e+00  1.24636667e-08  1.80000000e+00 
 1.24656667e-08  0.00000000e+00  1.24656667e-08  1.80000000e+00 
 1.24676667e-08  0.00000000e+00  1.24676667e-08  1.80000000e+00 
 1.24696667e-08  0.00000000e+00  1.24696667e-08  1.80000000e+00 
 1.24716667e-08  0.00000000e+00  1.24716667e-08  1.80000000e+00 
 1.24736667e-08  0.00000000e+00  1.24736667e-08  1.80000000e+00 
 1.24756667e-08  0.00000000e+00  1.24756667e-08  1.80000000e+00 
 1.24776667e-08  0.00000000e+00  1.24776667e-08  1.80000000e+00 
 1.24796667e-08  0.00000000e+00  1.24796667e-08  1.80000000e+00 
 1.24816667e-08  0.00000000e+00  1.24816667e-08  1.80000000e+00 
 1.24836667e-08  0.00000000e+00  1.24836667e-08  1.80000000e+00 
 1.24856667e-08  0.00000000e+00  1.24856667e-08  1.80000000e+00 
 1.24876667e-08  0.00000000e+00  1.24876667e-08  1.80000000e+00 
 1.24896667e-08  0.00000000e+00  1.24896667e-08  1.80000000e+00 
 1.24916667e-08  0.00000000e+00  1.24916667e-08  1.80000000e+00 
 1.24936667e-08  0.00000000e+00  1.24936667e-08  1.80000000e+00 
 1.24956667e-08  0.00000000e+00  1.24956667e-08  1.80000000e+00 
 1.24976667e-08  0.00000000e+00  1.24976667e-08  1.80000000e+00 
 1.24996667e-08  0.00000000e+00  1.24996667e-08  1.80000000e+00 
 1.25016667e-08  0.00000000e+00  1.25016667e-08  1.80000000e+00 
 1.25036667e-08  0.00000000e+00  1.25036667e-08  1.80000000e+00 
 1.25056667e-08  0.00000000e+00  1.25056667e-08  1.80000000e+00 
 1.25076667e-08  0.00000000e+00  1.25076667e-08  1.80000000e+00 
 1.25096667e-08  0.00000000e+00  1.25096667e-08  1.80000000e+00 
 1.25116667e-08  0.00000000e+00  1.25116667e-08  1.80000000e+00 
 1.25136667e-08  0.00000000e+00  1.25136667e-08  1.80000000e+00 
 1.25156667e-08  0.00000000e+00  1.25156667e-08  1.80000000e+00 
 1.25176667e-08  0.00000000e+00  1.25176667e-08  1.80000000e+00 
 1.25196667e-08  0.00000000e+00  1.25196667e-08  1.80000000e+00 
 1.25216667e-08  0.00000000e+00  1.25216667e-08  1.80000000e+00 
 1.25236667e-08  0.00000000e+00  1.25236667e-08  1.80000000e+00 
 1.25256667e-08  0.00000000e+00  1.25256667e-08  1.80000000e+00 
 1.25276667e-08  0.00000000e+00  1.25276667e-08  1.80000000e+00 
 1.25296667e-08  0.00000000e+00  1.25296667e-08  1.80000000e+00 
 1.25316667e-08  0.00000000e+00  1.25316667e-08  1.80000000e+00 
 1.25336667e-08  0.00000000e+00  1.25336667e-08  1.80000000e+00 
 1.25356667e-08  0.00000000e+00  1.25356667e-08  1.80000000e+00 
 1.25376667e-08  0.00000000e+00  1.25376667e-08  1.80000000e+00 
 1.25396667e-08  0.00000000e+00  1.25396667e-08  1.80000000e+00 
 1.25416667e-08  0.00000000e+00  1.25416667e-08  1.80000000e+00 
 1.25436667e-08  0.00000000e+00  1.25436667e-08  1.80000000e+00 
 1.25456667e-08  0.00000000e+00  1.25456667e-08  1.80000000e+00 
 1.25476667e-08  0.00000000e+00  1.25476667e-08  1.80000000e+00 
 1.25496667e-08  0.00000000e+00  1.25496667e-08  1.80000000e+00 
 1.25516667e-08  0.00000000e+00  1.25516667e-08  1.80000000e+00 
 1.25536667e-08  0.00000000e+00  1.25536667e-08  1.80000000e+00 
 1.25556667e-08  0.00000000e+00  1.25556667e-08  1.80000000e+00 
 1.25576667e-08  0.00000000e+00  1.25576667e-08  1.80000000e+00 
 1.25596667e-08  0.00000000e+00  1.25596667e-08  1.80000000e+00 
 1.25616667e-08  0.00000000e+00  1.25616667e-08  1.80000000e+00 
 1.25636667e-08  0.00000000e+00  1.25636667e-08  1.80000000e+00 
 1.25656667e-08  0.00000000e+00  1.25656667e-08  1.80000000e+00 
 1.25676667e-08  0.00000000e+00  1.25676667e-08  1.80000000e+00 
 1.25696667e-08  0.00000000e+00  1.25696667e-08  1.80000000e+00 
 1.25716667e-08  0.00000000e+00  1.25716667e-08  1.80000000e+00 
 1.25736667e-08  0.00000000e+00  1.25736667e-08  1.80000000e+00 
 1.25756667e-08  0.00000000e+00  1.25756667e-08  1.80000000e+00 
 1.25776667e-08  0.00000000e+00  1.25776667e-08  1.80000000e+00 
 1.25796667e-08  0.00000000e+00  1.25796667e-08  1.80000000e+00 
 1.25816667e-08  0.00000000e+00  1.25816667e-08  1.80000000e+00 
 1.25836667e-08  0.00000000e+00  1.25836667e-08  1.80000000e+00 
 1.25856667e-08  0.00000000e+00  1.25856667e-08  1.80000000e+00 
 1.25876667e-08  0.00000000e+00  1.25876667e-08  1.80000000e+00 
 1.25896667e-08  0.00000000e+00  1.25896667e-08  1.80000000e+00 
 1.25916667e-08  0.00000000e+00  1.25916667e-08  1.80000000e+00 
 1.25936667e-08  0.00000000e+00  1.25936667e-08  1.80000000e+00 
 1.25956667e-08  0.00000000e+00  1.25956667e-08  1.80000000e+00 
 1.25976667e-08  0.00000000e+00  1.25976667e-08  1.80000000e+00 
 1.25996667e-08  0.00000000e+00  1.25996667e-08  1.80000000e+00 
 1.26016667e-08  0.00000000e+00  1.26016667e-08  1.80000000e+00 
 1.26036667e-08  0.00000000e+00  1.26036667e-08  1.80000000e+00 
 1.26056667e-08  0.00000000e+00  1.26056667e-08  1.80000000e+00 
 1.26076667e-08  0.00000000e+00  1.26076667e-08  1.80000000e+00 
 1.26096667e-08  0.00000000e+00  1.26096667e-08  1.80000000e+00 
 1.26116667e-08  0.00000000e+00  1.26116667e-08  1.80000000e+00 
 1.26136667e-08  0.00000000e+00  1.26136667e-08  1.80000000e+00 
 1.26156667e-08  0.00000000e+00  1.26156667e-08  1.80000000e+00 
 1.26176667e-08  0.00000000e+00  1.26176667e-08  1.80000000e+00 
 1.26196667e-08  0.00000000e+00  1.26196667e-08  1.80000000e+00 
 1.26216667e-08  0.00000000e+00  1.26216667e-08  1.80000000e+00 
 1.26236667e-08  0.00000000e+00  1.26236667e-08  1.80000000e+00 
 1.26256667e-08  0.00000000e+00  1.26256667e-08  1.80000000e+00 
 1.26276667e-08  0.00000000e+00  1.26276667e-08  1.80000000e+00 
 1.26296667e-08  0.00000000e+00  1.26296667e-08  1.80000000e+00 
 1.26316667e-08  0.00000000e+00  1.26316667e-08  1.80000000e+00 
 1.26336667e-08  0.00000000e+00  1.26336667e-08  1.80000000e+00 
 1.26356667e-08  0.00000000e+00  1.26356667e-08  1.80000000e+00 
 1.26376667e-08  0.00000000e+00  1.26376667e-08  1.80000000e+00 
 1.26396667e-08  0.00000000e+00  1.26396667e-08  1.80000000e+00 
 1.26416667e-08  0.00000000e+00  1.26416667e-08  1.80000000e+00 
 1.26436667e-08  0.00000000e+00  1.26436667e-08  1.80000000e+00 
 1.26456667e-08  0.00000000e+00  1.26456667e-08  1.80000000e+00 
 1.26476667e-08  0.00000000e+00  1.26476667e-08  1.80000000e+00 
 1.26496667e-08  0.00000000e+00  1.26496667e-08  1.80000000e+00 
 1.26516667e-08  0.00000000e+00  1.26516667e-08  1.80000000e+00 
 1.26536667e-08  0.00000000e+00  1.26536667e-08  1.80000000e+00 
 1.26556667e-08  0.00000000e+00  1.26556667e-08  1.80000000e+00 
 1.26576667e-08  0.00000000e+00  1.26576667e-08  1.80000000e+00 
 1.26596667e-08  0.00000000e+00  1.26596667e-08  1.80000000e+00 
 1.26616667e-08  0.00000000e+00  1.26616667e-08  1.80000000e+00 
 1.26636667e-08  0.00000000e+00  1.26636667e-08  1.80000000e+00 
 1.26656667e-08  0.00000000e+00  1.26656667e-08  1.80000000e+00 
 1.26676667e-08  0.00000000e+00  1.26676667e-08  1.80000000e+00 
 1.26696667e-08  0.00000000e+00  1.26696667e-08  1.80000000e+00 
 1.26716667e-08  0.00000000e+00  1.26716667e-08  1.80000000e+00 
 1.26736667e-08  0.00000000e+00  1.26736667e-08  1.80000000e+00 
 1.26756667e-08  0.00000000e+00  1.26756667e-08  1.80000000e+00 
 1.26776667e-08  0.00000000e+00  1.26776667e-08  1.80000000e+00 
 1.26796667e-08  0.00000000e+00  1.26796667e-08  1.80000000e+00 
 1.26816667e-08  0.00000000e+00  1.26816667e-08  1.80000000e+00 
 1.26836667e-08  0.00000000e+00  1.26836667e-08  1.80000000e+00 
 1.26856667e-08  0.00000000e+00  1.26856667e-08  1.80000000e+00 
 1.26876667e-08  0.00000000e+00  1.26876667e-08  1.80000000e+00 
 1.26896667e-08  0.00000000e+00  1.26896667e-08  1.80000000e+00 
 1.26916667e-08  0.00000000e+00  1.26916667e-08  1.80000000e+00 
 1.26936667e-08  0.00000000e+00  1.26936667e-08  1.80000000e+00 
 1.26956667e-08  0.00000000e+00  1.26956667e-08  1.80000000e+00 
 1.26976667e-08  0.00000000e+00  1.26976667e-08  1.80000000e+00 
 1.26996667e-08  0.00000000e+00  1.26996667e-08  1.80000000e+00 
 1.27016667e-08  0.00000000e+00  1.27016667e-08  1.80000000e+00 
 1.27036667e-08  0.00000000e+00  1.27036667e-08  1.80000000e+00 
 1.27056667e-08  0.00000000e+00  1.27056667e-08  1.80000000e+00 
 1.27076667e-08  0.00000000e+00  1.27076667e-08  1.80000000e+00 
 1.27096667e-08  0.00000000e+00  1.27096667e-08  1.80000000e+00 
 1.27116667e-08  0.00000000e+00  1.27116667e-08  1.80000000e+00 
 1.27136667e-08  0.00000000e+00  1.27136667e-08  1.80000000e+00 
 1.27156667e-08  0.00000000e+00  1.27156667e-08  1.80000000e+00 
 1.27176667e-08  0.00000000e+00  1.27176667e-08  1.80000000e+00 
 1.27196667e-08  0.00000000e+00  1.27196667e-08  1.80000000e+00 
 1.27216667e-08  0.00000000e+00  1.27216667e-08  1.80000000e+00 
 1.27236667e-08  0.00000000e+00  1.27236667e-08  1.80000000e+00 
 1.27256667e-08  0.00000000e+00  1.27256667e-08  1.80000000e+00 
 1.27276667e-08  0.00000000e+00  1.27276667e-08  1.80000000e+00 
 1.27296667e-08  0.00000000e+00  1.27296667e-08  1.80000000e+00 
 1.27316667e-08  0.00000000e+00  1.27316667e-08  1.80000000e+00 
 1.27336667e-08  0.00000000e+00  1.27336667e-08  1.80000000e+00 
 1.27356667e-08  0.00000000e+00  1.27356667e-08  1.80000000e+00 
 1.27376667e-08  0.00000000e+00  1.27376667e-08  1.80000000e+00 
 1.27396667e-08  0.00000000e+00  1.27396667e-08  1.80000000e+00 
 1.27416667e-08  0.00000000e+00  1.27416667e-08  1.80000000e+00 
 1.27436667e-08  0.00000000e+00  1.27436667e-08  1.80000000e+00 
 1.27456667e-08  0.00000000e+00  1.27456667e-08  1.80000000e+00 
 1.27476667e-08  0.00000000e+00  1.27476667e-08  1.80000000e+00 
 1.27496667e-08  0.00000000e+00  1.27496667e-08  1.80000000e+00 
 1.27516667e-08  0.00000000e+00  1.27516667e-08  1.80000000e+00 
 1.27536667e-08  0.00000000e+00  1.27536667e-08  1.80000000e+00 
 1.27556667e-08  0.00000000e+00  1.27556667e-08  1.80000000e+00 
 1.27576667e-08  0.00000000e+00  1.27576667e-08  1.80000000e+00 
 1.27596667e-08  0.00000000e+00  1.27596667e-08  1.80000000e+00 
 1.27616667e-08  0.00000000e+00  1.27616667e-08  1.80000000e+00 
 1.27636667e-08  0.00000000e+00  1.27636667e-08  1.80000000e+00 
 1.27656667e-08  0.00000000e+00  1.27656667e-08  1.80000000e+00 
 1.27676667e-08  0.00000000e+00  1.27676667e-08  1.80000000e+00 
 1.27696667e-08  0.00000000e+00  1.27696667e-08  1.80000000e+00 
 1.27716667e-08  0.00000000e+00  1.27716667e-08  1.80000000e+00 
 1.27736667e-08  0.00000000e+00  1.27736667e-08  1.80000000e+00 
 1.27756667e-08  0.00000000e+00  1.27756667e-08  1.80000000e+00 
 1.27776667e-08  0.00000000e+00  1.27776667e-08  1.80000000e+00 
 1.27796667e-08  0.00000000e+00  1.27796667e-08  1.80000000e+00 
 1.27816667e-08  0.00000000e+00  1.27816667e-08  1.80000000e+00 
 1.27836667e-08  0.00000000e+00  1.27836667e-08  1.80000000e+00 
 1.27856667e-08  0.00000000e+00  1.27856667e-08  1.80000000e+00 
 1.27876667e-08  0.00000000e+00  1.27876667e-08  1.80000000e+00 
 1.27896667e-08  0.00000000e+00  1.27896667e-08  1.80000000e+00 
 1.27916667e-08  0.00000000e+00  1.27916667e-08  1.80000000e+00 
 1.27936667e-08  0.00000000e+00  1.27936667e-08  1.80000000e+00 
 1.27956667e-08  0.00000000e+00  1.27956667e-08  1.80000000e+00 
 1.27976667e-08  0.00000000e+00  1.27976667e-08  1.80000000e+00 
 1.27996667e-08  0.00000000e+00  1.27996667e-08  1.80000000e+00 
 1.28016667e-08  0.00000000e+00  1.28016667e-08  1.80000000e+00 
 1.28036667e-08  0.00000000e+00  1.28036667e-08  1.80000000e+00 
 1.28056667e-08  0.00000000e+00  1.28056667e-08  1.80000000e+00 
 1.28076667e-08  0.00000000e+00  1.28076667e-08  1.80000000e+00 
 1.28096667e-08  0.00000000e+00  1.28096667e-08  1.80000000e+00 
 1.28116667e-08  0.00000000e+00  1.28116667e-08  1.80000000e+00 
 1.28136667e-08  0.00000000e+00  1.28136667e-08  1.80000000e+00 
 1.28156667e-08  0.00000000e+00  1.28156667e-08  1.80000000e+00 
 1.28176667e-08  0.00000000e+00  1.28176667e-08  1.80000000e+00 
 1.28196667e-08  0.00000000e+00  1.28196667e-08  1.80000000e+00 
 1.28216667e-08  0.00000000e+00  1.28216667e-08  1.80000000e+00 
 1.28236667e-08  0.00000000e+00  1.28236667e-08  1.80000000e+00 
 1.28256667e-08  0.00000000e+00  1.28256667e-08  1.80000000e+00 
 1.28276667e-08  0.00000000e+00  1.28276667e-08  1.80000000e+00 
 1.28296667e-08  0.00000000e+00  1.28296667e-08  1.80000000e+00 
 1.28316667e-08  0.00000000e+00  1.28316667e-08  1.80000000e+00 
 1.28336667e-08  0.00000000e+00  1.28336667e-08  1.80000000e+00 
 1.28356667e-08  0.00000000e+00  1.28356667e-08  1.80000000e+00 
 1.28376667e-08  0.00000000e+00  1.28376667e-08  1.80000000e+00 
 1.28396667e-08  0.00000000e+00  1.28396667e-08  1.80000000e+00 
 1.28416667e-08  0.00000000e+00  1.28416667e-08  1.80000000e+00 
 1.28436667e-08  0.00000000e+00  1.28436667e-08  1.80000000e+00 
 1.28456667e-08  0.00000000e+00  1.28456667e-08  1.80000000e+00 
 1.28476667e-08  0.00000000e+00  1.28476667e-08  1.80000000e+00 
 1.28496667e-08  0.00000000e+00  1.28496667e-08  1.80000000e+00 
 1.28516667e-08  0.00000000e+00  1.28516667e-08  1.80000000e+00 
 1.28536667e-08  0.00000000e+00  1.28536667e-08  1.80000000e+00 
 1.28556667e-08  0.00000000e+00  1.28556667e-08  1.80000000e+00 
 1.28576667e-08  0.00000000e+00  1.28576667e-08  1.80000000e+00 
 1.28596667e-08  0.00000000e+00  1.28596667e-08  1.80000000e+00 
 1.28616667e-08  0.00000000e+00  1.28616667e-08  1.80000000e+00 
 1.28636667e-08  0.00000000e+00  1.28636667e-08  1.80000000e+00 
 1.28656667e-08  0.00000000e+00  1.28656667e-08  1.80000000e+00 
 1.28676667e-08  0.00000000e+00  1.28676667e-08  1.80000000e+00 
 1.28696667e-08  0.00000000e+00  1.28696667e-08  1.80000000e+00 
 1.28716667e-08  0.00000000e+00  1.28716667e-08  1.80000000e+00 
 1.28736667e-08  0.00000000e+00  1.28736667e-08  1.80000000e+00 
 1.28756667e-08  0.00000000e+00  1.28756667e-08  1.80000000e+00 
 1.28776667e-08  0.00000000e+00  1.28776667e-08  1.80000000e+00 
 1.28796667e-08  0.00000000e+00  1.28796667e-08  1.80000000e+00 
 1.28816667e-08  0.00000000e+00  1.28816667e-08  1.80000000e+00 
 1.28836667e-08  0.00000000e+00  1.28836667e-08  1.80000000e+00 
 1.28856667e-08  0.00000000e+00  1.28856667e-08  1.80000000e+00 
 1.28876667e-08  0.00000000e+00  1.28876667e-08  1.80000000e+00 
 1.28896667e-08  0.00000000e+00  1.28896667e-08  1.80000000e+00 
 1.28916667e-08  0.00000000e+00  1.28916667e-08  1.80000000e+00 
 1.28936667e-08  0.00000000e+00  1.28936667e-08  1.80000000e+00 
 1.28956667e-08  0.00000000e+00  1.28956667e-08  1.80000000e+00 
 1.28976667e-08  0.00000000e+00  1.28976667e-08  1.80000000e+00 
 1.28996667e-08  0.00000000e+00  1.28996667e-08  1.80000000e+00 
 1.29016667e-08  0.00000000e+00  1.29016667e-08  1.80000000e+00 
 1.29036667e-08  0.00000000e+00  1.29036667e-08  1.80000000e+00 
 1.29056667e-08  0.00000000e+00  1.29056667e-08  1.80000000e+00 
 1.29076667e-08  0.00000000e+00  1.29076667e-08  1.80000000e+00 
 1.29096667e-08  0.00000000e+00  1.29096667e-08  1.80000000e+00 
 1.29116667e-08  0.00000000e+00  1.29116667e-08  1.80000000e+00 
 1.29136667e-08  0.00000000e+00  1.29136667e-08  1.80000000e+00 
 1.29156667e-08  0.00000000e+00  1.29156667e-08  1.80000000e+00 
 1.29176667e-08  0.00000000e+00  1.29176667e-08  1.80000000e+00 
 1.29196667e-08  0.00000000e+00  1.29196667e-08  1.80000000e+00 
 1.29216667e-08  0.00000000e+00  1.29216667e-08  1.80000000e+00 
 1.29236667e-08  0.00000000e+00  1.29236667e-08  1.80000000e+00 
 1.29256667e-08  0.00000000e+00  1.29256667e-08  1.80000000e+00 
 1.29276667e-08  0.00000000e+00  1.29276667e-08  1.80000000e+00 
 1.29296667e-08  0.00000000e+00  1.29296667e-08  1.80000000e+00 
 1.29316667e-08  0.00000000e+00  1.29316667e-08  1.80000000e+00 
 1.29336667e-08  0.00000000e+00  1.29336667e-08  1.80000000e+00 
 1.29356667e-08  0.00000000e+00  1.29356667e-08  1.80000000e+00 
 1.29376667e-08  0.00000000e+00  1.29376667e-08  1.80000000e+00 
 1.29396667e-08  0.00000000e+00  1.29396667e-08  1.80000000e+00 
 1.29416667e-08  0.00000000e+00  1.29416667e-08  1.80000000e+00 
 1.29436667e-08  0.00000000e+00  1.29436667e-08  1.80000000e+00 
 1.29456667e-08  0.00000000e+00  1.29456667e-08  1.80000000e+00 
 1.29476667e-08  0.00000000e+00  1.29476667e-08  1.80000000e+00 
 1.29496667e-08  0.00000000e+00  1.29496667e-08  1.80000000e+00 
 1.29516667e-08  0.00000000e+00  1.29516667e-08  1.80000000e+00 
 1.29536667e-08  0.00000000e+00  1.29536667e-08  1.80000000e+00 
 1.29556667e-08  0.00000000e+00  1.29556667e-08  1.80000000e+00 
 1.29576667e-08  0.00000000e+00  1.29576667e-08  1.80000000e+00 
 1.29596667e-08  0.00000000e+00  1.29596667e-08  1.80000000e+00 
 1.29616667e-08  0.00000000e+00  1.29616667e-08  1.80000000e+00 
 1.29636667e-08  0.00000000e+00  1.29636667e-08  1.80000000e+00 
 1.29656667e-08  0.00000000e+00  1.29656667e-08  1.80000000e+00 
 1.29676667e-08  0.00000000e+00  1.29676667e-08  1.80000000e+00 
 1.29696667e-08  0.00000000e+00  1.29696667e-08  1.80000000e+00 
 1.29716667e-08  0.00000000e+00  1.29716667e-08  1.80000000e+00 
 1.29736667e-08  0.00000000e+00  1.29736667e-08  1.80000000e+00 
 1.29756667e-08  0.00000000e+00  1.29756667e-08  1.80000000e+00 
 1.29776667e-08  0.00000000e+00  1.29776667e-08  1.80000000e+00 
 1.29796667e-08  0.00000000e+00  1.29796667e-08  1.80000000e+00 
 1.29816667e-08  0.00000000e+00  1.29816667e-08  1.80000000e+00 
 1.29836667e-08  0.00000000e+00  1.29836667e-08  1.80000000e+00 
 1.29856667e-08  0.00000000e+00  1.29856667e-08  1.80000000e+00 
 1.29876667e-08  0.00000000e+00  1.29876667e-08  1.80000000e+00 
 1.29896667e-08  0.00000000e+00  1.29896667e-08  1.80000000e+00 
 1.29916667e-08  0.00000000e+00  1.29916667e-08  1.80000000e+00 
 1.29936667e-08  0.00000000e+00  1.29936667e-08  1.80000000e+00 
 1.29956667e-08  0.00000000e+00  1.29956667e-08  1.80000000e+00 
 1.29976667e-08  0.00000000e+00  1.29976667e-08  1.80000000e+00 
 1.29996667e-08  0.00000000e+00  1.29996667e-08  1.80000000e+00 
 1.30016667e-08  0.00000000e+00  1.30016667e-08  1.80000000e+00 
 1.30036667e-08  0.00000000e+00  1.30036667e-08  1.80000000e+00 
 1.30056667e-08  0.00000000e+00  1.30056667e-08  1.80000000e+00 
 1.30076667e-08  0.00000000e+00  1.30076667e-08  1.80000000e+00 
 1.30096667e-08  0.00000000e+00  1.30096667e-08  1.80000000e+00 
 1.30116667e-08  0.00000000e+00  1.30116667e-08  1.80000000e+00 
 1.30136667e-08  0.00000000e+00  1.30136667e-08  1.80000000e+00 
 1.30156667e-08  0.00000000e+00  1.30156667e-08  1.80000000e+00 
 1.30176667e-08  0.00000000e+00  1.30176667e-08  1.80000000e+00 
 1.30196667e-08  0.00000000e+00  1.30196667e-08  1.80000000e+00 
 1.30216667e-08  0.00000000e+00  1.30216667e-08  1.80000000e+00 
 1.30236667e-08  0.00000000e+00  1.30236667e-08  1.80000000e+00 
 1.30256667e-08  0.00000000e+00  1.30256667e-08  1.80000000e+00 
 1.30276667e-08  0.00000000e+00  1.30276667e-08  1.80000000e+00 
 1.30296667e-08  0.00000000e+00  1.30296667e-08  1.80000000e+00 
 1.30316667e-08  0.00000000e+00  1.30316667e-08  1.80000000e+00 
 1.30336667e-08  0.00000000e+00  1.30336667e-08  1.80000000e+00 
 1.30356667e-08  0.00000000e+00  1.30356667e-08  1.80000000e+00 
 1.30376667e-08  0.00000000e+00  1.30376667e-08  1.80000000e+00 
 1.30396667e-08  0.00000000e+00  1.30396667e-08  1.80000000e+00 
 1.30416667e-08  0.00000000e+00  1.30416667e-08  1.80000000e+00 
 1.30436667e-08  0.00000000e+00  1.30436667e-08  1.80000000e+00 
 1.30456667e-08  0.00000000e+00  1.30456667e-08  1.80000000e+00 
 1.30476667e-08  0.00000000e+00  1.30476667e-08  1.80000000e+00 
 1.30496667e-08  0.00000000e+00  1.30496667e-08  1.80000000e+00 
 1.30516667e-08  0.00000000e+00  1.30516667e-08  1.80000000e+00 
 1.30536667e-08  0.00000000e+00  1.30536667e-08  1.80000000e+00 
 1.30556667e-08  0.00000000e+00  1.30556667e-08  1.80000000e+00 
 1.30576667e-08  0.00000000e+00  1.30576667e-08  1.80000000e+00 
 1.30596667e-08  0.00000000e+00  1.30596667e-08  1.80000000e+00 
 1.30616667e-08  0.00000000e+00  1.30616667e-08  1.80000000e+00 
 1.30636667e-08  0.00000000e+00  1.30636667e-08  1.80000000e+00 
 1.30656667e-08  0.00000000e+00  1.30656667e-08  1.80000000e+00 
 1.30676667e-08  0.00000000e+00  1.30676667e-08  1.80000000e+00 
 1.30696667e-08  0.00000000e+00  1.30696667e-08  1.80000000e+00 
 1.30716667e-08  0.00000000e+00  1.30716667e-08  1.80000000e+00 
 1.30736667e-08  0.00000000e+00  1.30736667e-08  1.80000000e+00 
 1.30756667e-08  0.00000000e+00  1.30756667e-08  1.80000000e+00 
 1.30776667e-08  0.00000000e+00  1.30776667e-08  1.80000000e+00 
 1.30796667e-08  0.00000000e+00  1.30796667e-08  1.80000000e+00 
 1.30816667e-08  0.00000000e+00  1.30816667e-08  1.80000000e+00 
 1.30836667e-08  0.00000000e+00  1.30836667e-08  1.80000000e+00 
 1.30856667e-08  0.00000000e+00  1.30856667e-08  1.80000000e+00 
 1.30876667e-08  0.00000000e+00  1.30876667e-08  1.80000000e+00 
 1.30896667e-08  0.00000000e+00  1.30896667e-08  1.80000000e+00 
 1.30916667e-08  0.00000000e+00  1.30916667e-08  1.80000000e+00 
 1.30936667e-08  0.00000000e+00  1.30936667e-08  1.80000000e+00 
 1.30956667e-08  0.00000000e+00  1.30956667e-08  1.80000000e+00 
 1.30976667e-08  0.00000000e+00  1.30976667e-08  1.80000000e+00 
 1.30996667e-08  0.00000000e+00  1.30996667e-08  1.80000000e+00 
 1.31016667e-08  0.00000000e+00  1.31016667e-08  1.80000000e+00 
 1.31036667e-08  0.00000000e+00  1.31036667e-08  1.80000000e+00 
 1.31056667e-08  0.00000000e+00  1.31056667e-08  1.80000000e+00 
 1.31076667e-08  0.00000000e+00  1.31076667e-08  1.80000000e+00 
 1.31096667e-08  0.00000000e+00  1.31096667e-08  1.80000000e+00 
 1.31116667e-08  0.00000000e+00  1.31116667e-08  1.80000000e+00 
 1.31136667e-08  0.00000000e+00  1.31136667e-08  1.80000000e+00 
 1.31156667e-08  0.00000000e+00  1.31156667e-08  1.80000000e+00 
 1.31176667e-08  0.00000000e+00  1.31176667e-08  1.80000000e+00 
 1.31196667e-08  0.00000000e+00  1.31196667e-08  1.80000000e+00 
 1.31216667e-08  0.00000000e+00  1.31216667e-08  1.80000000e+00 
 1.31236667e-08  0.00000000e+00  1.31236667e-08  1.80000000e+00 
 1.31256667e-08  0.00000000e+00  1.31256667e-08  1.80000000e+00 
 1.31276667e-08  0.00000000e+00  1.31276667e-08  1.80000000e+00 
 1.31296667e-08  0.00000000e+00  1.31296667e-08  1.80000000e+00 
 1.31316667e-08  0.00000000e+00  1.31316667e-08  1.80000000e+00 
 1.31336667e-08  0.00000000e+00  1.31336667e-08  1.80000000e+00 
 1.31356667e-08  0.00000000e+00  1.31356667e-08  1.80000000e+00 
 1.31376667e-08  0.00000000e+00  1.31376667e-08  1.80000000e+00 
 1.31396667e-08  0.00000000e+00  1.31396667e-08  1.80000000e+00 
 1.31416667e-08  0.00000000e+00  1.31416667e-08  1.80000000e+00 
 1.31436667e-08  0.00000000e+00  1.31436667e-08  1.80000000e+00 
 1.31456667e-08  0.00000000e+00  1.31456667e-08  1.80000000e+00 
 1.31476667e-08  0.00000000e+00  1.31476667e-08  1.80000000e+00 
 1.31496667e-08  0.00000000e+00  1.31496667e-08  1.80000000e+00 
 1.31516667e-08  0.00000000e+00  1.31516667e-08  1.80000000e+00 
 1.31536667e-08  0.00000000e+00  1.31536667e-08  1.80000000e+00 
 1.31556667e-08  0.00000000e+00  1.31556667e-08  1.80000000e+00 
 1.31576667e-08  0.00000000e+00  1.31576667e-08  1.80000000e+00 
 1.31596667e-08  0.00000000e+00  1.31596667e-08  1.80000000e+00 
 1.31616667e-08  0.00000000e+00  1.31616667e-08  1.80000000e+00 
 1.31636667e-08  0.00000000e+00  1.31636667e-08  1.80000000e+00 
 1.31656667e-08  0.00000000e+00  1.31656667e-08  1.80000000e+00 
 1.31676667e-08  0.00000000e+00  1.31676667e-08  1.80000000e+00 
 1.31696667e-08  0.00000000e+00  1.31696667e-08  1.80000000e+00 
 1.31716667e-08  0.00000000e+00  1.31716667e-08  1.80000000e+00 
 1.31736667e-08  0.00000000e+00  1.31736667e-08  1.80000000e+00 
 1.31756667e-08  0.00000000e+00  1.31756667e-08  1.80000000e+00 
 1.31776667e-08  0.00000000e+00  1.31776667e-08  1.80000000e+00 
 1.31796667e-08  0.00000000e+00  1.31796667e-08  1.80000000e+00 
 1.31816667e-08  0.00000000e+00  1.31816667e-08  1.80000000e+00 
 1.31836667e-08  0.00000000e+00  1.31836667e-08  1.80000000e+00 
 1.31856667e-08  0.00000000e+00  1.31856667e-08  1.80000000e+00 
 1.31876667e-08  0.00000000e+00  1.31876667e-08  1.80000000e+00 
 1.31896667e-08  0.00000000e+00  1.31896667e-08  1.80000000e+00 
 1.31916667e-08  0.00000000e+00  1.31916667e-08  1.80000000e+00 
 1.31936667e-08  0.00000000e+00  1.31936667e-08  1.80000000e+00 
 1.31956667e-08  0.00000000e+00  1.31956667e-08  1.80000000e+00 
 1.31976667e-08  0.00000000e+00  1.31976667e-08  1.80000000e+00 
 1.31996667e-08  0.00000000e+00  1.31996667e-08  1.80000000e+00 
 1.32016667e-08  0.00000000e+00  1.32016667e-08  1.80000000e+00 
 1.32036667e-08  0.00000000e+00  1.32036667e-08  1.80000000e+00 
 1.32056667e-08  0.00000000e+00  1.32056667e-08  1.80000000e+00 
 1.32076667e-08  0.00000000e+00  1.32076667e-08  1.80000000e+00 
 1.32096667e-08  0.00000000e+00  1.32096667e-08  1.80000000e+00 
 1.32116667e-08  0.00000000e+00  1.32116667e-08  1.80000000e+00 
 1.32136667e-08  0.00000000e+00  1.32136667e-08  1.80000000e+00 
 1.32156667e-08  0.00000000e+00  1.32156667e-08  1.80000000e+00 
 1.32176667e-08  0.00000000e+00  1.32176667e-08  1.80000000e+00 
 1.32196667e-08  0.00000000e+00  1.32196667e-08  1.80000000e+00 
 1.32216667e-08  0.00000000e+00  1.32216667e-08  1.80000000e+00 
 1.32236667e-08  0.00000000e+00  1.32236667e-08  1.80000000e+00 
 1.32256667e-08  0.00000000e+00  1.32256667e-08  1.80000000e+00 
 1.32276667e-08  0.00000000e+00  1.32276667e-08  1.80000000e+00 
 1.32296667e-08  0.00000000e+00  1.32296667e-08  1.80000000e+00 
 1.32316667e-08  0.00000000e+00  1.32316667e-08  1.80000000e+00 
 1.32336667e-08  0.00000000e+00  1.32336667e-08  1.80000000e+00 
 1.32356667e-08  0.00000000e+00  1.32356667e-08  1.80000000e+00 
 1.32376667e-08  0.00000000e+00  1.32376667e-08  1.80000000e+00 
 1.32396667e-08  0.00000000e+00  1.32396667e-08  1.80000000e+00 
 1.32416667e-08  0.00000000e+00  1.32416667e-08  1.80000000e+00 
 1.32436667e-08  0.00000000e+00  1.32436667e-08  1.80000000e+00 
 1.32456667e-08  0.00000000e+00  1.32456667e-08  1.80000000e+00 
 1.32476667e-08  0.00000000e+00  1.32476667e-08  1.80000000e+00 
 1.32496667e-08  0.00000000e+00  1.32496667e-08  1.80000000e+00 
 1.32516667e-08  0.00000000e+00  1.32516667e-08  1.80000000e+00 
 1.32536667e-08  0.00000000e+00  1.32536667e-08  1.80000000e+00 
 1.32556667e-08  0.00000000e+00  1.32556667e-08  1.80000000e+00 
 1.32576667e-08  0.00000000e+00  1.32576667e-08  1.80000000e+00 
 1.32596667e-08  0.00000000e+00  1.32596667e-08  1.80000000e+00 
 1.32616667e-08  0.00000000e+00  1.32616667e-08  1.80000000e+00 
 1.32636667e-08  0.00000000e+00  1.32636667e-08  1.80000000e+00 
 1.32656667e-08  0.00000000e+00  1.32656667e-08  1.80000000e+00 
 1.32676667e-08  0.00000000e+00  1.32676667e-08  1.80000000e+00 
 1.32696667e-08  0.00000000e+00  1.32696667e-08  1.80000000e+00 
 1.32716667e-08  0.00000000e+00  1.32716667e-08  1.80000000e+00 
 1.32736667e-08  0.00000000e+00  1.32736667e-08  1.80000000e+00 
 1.32756667e-08  0.00000000e+00  1.32756667e-08  1.80000000e+00 
 1.32776667e-08  0.00000000e+00  1.32776667e-08  1.80000000e+00 
 1.32796667e-08  0.00000000e+00  1.32796667e-08  1.80000000e+00 
 1.32816667e-08  0.00000000e+00  1.32816667e-08  1.80000000e+00 
 1.32836667e-08  0.00000000e+00  1.32836667e-08  1.80000000e+00 
 1.32856667e-08  0.00000000e+00  1.32856667e-08  1.80000000e+00 
 1.32876667e-08  0.00000000e+00  1.32876667e-08  1.80000000e+00 
 1.32896667e-08  0.00000000e+00  1.32896667e-08  1.80000000e+00 
 1.32916667e-08  0.00000000e+00  1.32916667e-08  1.80000000e+00 
 1.32936667e-08  0.00000000e+00  1.32936667e-08  1.80000000e+00 
 1.32956667e-08  0.00000000e+00  1.32956667e-08  1.80000000e+00 
 1.32976667e-08  0.00000000e+00  1.32976667e-08  1.80000000e+00 
 1.32996667e-08  0.00000000e+00  1.32996667e-08  1.80000000e+00 
 1.33016667e-08  0.00000000e+00  1.33016667e-08  1.80000000e+00 
 1.33036667e-08  0.00000000e+00  1.33036667e-08  1.80000000e+00 
 1.33056667e-08  0.00000000e+00  1.33056667e-08  1.80000000e+00 
 1.33076667e-08  0.00000000e+00  1.33076667e-08  1.80000000e+00 
 1.33096667e-08  0.00000000e+00  1.33096667e-08  1.80000000e+00 
 1.33116667e-08  0.00000000e+00  1.33116667e-08  1.80000000e+00 
 1.33136667e-08  0.00000000e+00  1.33136667e-08  1.80000000e+00 
 1.33156667e-08  0.00000000e+00  1.33156667e-08  1.80000000e+00 
 1.33176667e-08  0.00000000e+00  1.33176667e-08  1.80000000e+00 
 1.33196667e-08  0.00000000e+00  1.33196667e-08  1.80000000e+00 
 1.33216667e-08  0.00000000e+00  1.33216667e-08  1.80000000e+00 
 1.33236667e-08  0.00000000e+00  1.33236667e-08  1.80000000e+00 
 1.33256667e-08  0.00000000e+00  1.33256667e-08  1.80000000e+00 
 1.33276667e-08  0.00000000e+00  1.33276667e-08  1.80000000e+00 
 1.33296667e-08  0.00000000e+00  1.33296667e-08  1.80000000e+00 
 1.33316667e-08  0.00000000e+00  1.33316667e-08  1.80000000e+00 
 1.33336667e-08  0.00000000e+00  1.33336667e-08  1.80000000e+00 
 1.33356667e-08  0.00000000e+00  1.33356667e-08  1.80000000e+00 
 1.33376667e-08  0.00000000e+00  1.33376667e-08  1.80000000e+00 
 1.33396667e-08  0.00000000e+00  1.33396667e-08  1.80000000e+00 
 1.33416667e-08  0.00000000e+00  1.33416667e-08  1.80000000e+00 
 1.33436667e-08  0.00000000e+00  1.33436667e-08  1.80000000e+00 
 1.33456667e-08  0.00000000e+00  1.33456667e-08  1.80000000e+00 
 1.33476667e-08  0.00000000e+00  1.33476667e-08  1.80000000e+00 
 1.33496667e-08  0.00000000e+00  1.33496667e-08  1.80000000e+00 
 1.33516667e-08  0.00000000e+00  1.33516667e-08  1.80000000e+00 
 1.33536667e-08  0.00000000e+00  1.33536667e-08  1.80000000e+00 
 1.33556667e-08  0.00000000e+00  1.33556667e-08  1.80000000e+00 
 1.33576667e-08  0.00000000e+00  1.33576667e-08  1.80000000e+00 
 1.33596667e-08  0.00000000e+00  1.33596667e-08  1.80000000e+00 
 1.33616667e-08  0.00000000e+00  1.33616667e-08  1.80000000e+00 
 1.33636667e-08  0.00000000e+00  1.33636667e-08  1.80000000e+00 
 1.33656667e-08  0.00000000e+00  1.33656667e-08  1.80000000e+00 
 1.33676667e-08  0.00000000e+00  1.33676667e-08  1.80000000e+00 
 1.33696667e-08  0.00000000e+00  1.33696667e-08  1.80000000e+00 
 1.33716667e-08  0.00000000e+00  1.33716667e-08  1.80000000e+00 
 1.33736667e-08  0.00000000e+00  1.33736667e-08  1.80000000e+00 
 1.33756667e-08  0.00000000e+00  1.33756667e-08  1.80000000e+00 
 1.33776667e-08  0.00000000e+00  1.33776667e-08  1.80000000e+00 
 1.33796667e-08  0.00000000e+00  1.33796667e-08  1.80000000e+00 
 1.33816667e-08  0.00000000e+00  1.33816667e-08  1.80000000e+00 
 1.33836667e-08  0.00000000e+00  1.33836667e-08  1.80000000e+00 
 1.33856667e-08  0.00000000e+00  1.33856667e-08  1.80000000e+00 
 1.33876667e-08  0.00000000e+00  1.33876667e-08  1.80000000e+00 
 1.33896667e-08  0.00000000e+00  1.33896667e-08  1.80000000e+00 
 1.33916667e-08  0.00000000e+00  1.33916667e-08  1.80000000e+00 
 1.33936667e-08  0.00000000e+00  1.33936667e-08  1.80000000e+00 
 1.33956667e-08  0.00000000e+00  1.33956667e-08  1.80000000e+00 
 1.33976667e-08  0.00000000e+00  1.33976667e-08  1.80000000e+00 
 1.33996667e-08  0.00000000e+00  1.33996667e-08  1.80000000e+00 
 1.34016667e-08  0.00000000e+00  1.34016667e-08  1.80000000e+00 
 1.34036667e-08  0.00000000e+00  1.34036667e-08  1.80000000e+00 
 1.34056667e-08  0.00000000e+00  1.34056667e-08  1.80000000e+00 
 1.34076667e-08  0.00000000e+00  1.34076667e-08  1.80000000e+00 
 1.34096667e-08  0.00000000e+00  1.34096667e-08  1.80000000e+00 
 1.34116667e-08  0.00000000e+00  1.34116667e-08  1.80000000e+00 
 1.34136667e-08  0.00000000e+00  1.34136667e-08  1.80000000e+00 
 1.34156667e-08  0.00000000e+00  1.34156667e-08  1.80000000e+00 
 1.34176667e-08  0.00000000e+00  1.34176667e-08  1.80000000e+00 
 1.34196667e-08  0.00000000e+00  1.34196667e-08  1.80000000e+00 
 1.34216667e-08  0.00000000e+00  1.34216667e-08  1.80000000e+00 
 1.34236667e-08  0.00000000e+00  1.34236667e-08  1.80000000e+00 
 1.34256667e-08  0.00000000e+00  1.34256667e-08  1.80000000e+00 
 1.34276667e-08  0.00000000e+00  1.34276667e-08  1.80000000e+00 
 1.34296667e-08  0.00000000e+00  1.34296667e-08  1.80000000e+00 
 1.34316667e-08  0.00000000e+00  1.34316667e-08  1.80000000e+00 
 1.34336667e-08  0.00000000e+00  1.34336667e-08  1.80000000e+00 
 1.34356667e-08  0.00000000e+00  1.34356667e-08  1.80000000e+00 
 1.34376667e-08  0.00000000e+00  1.34376667e-08  1.80000000e+00 
 1.34396667e-08  0.00000000e+00  1.34396667e-08  1.80000000e+00 
 1.34416667e-08  0.00000000e+00  1.34416667e-08  1.80000000e+00 
 1.34436667e-08  0.00000000e+00  1.34436667e-08  1.80000000e+00 
 1.34456667e-08  0.00000000e+00  1.34456667e-08  1.80000000e+00 
 1.34476667e-08  0.00000000e+00  1.34476667e-08  1.80000000e+00 
 1.34496667e-08  0.00000000e+00  1.34496667e-08  1.80000000e+00 
 1.34516667e-08  0.00000000e+00  1.34516667e-08  1.80000000e+00 
 1.34536667e-08  0.00000000e+00  1.34536667e-08  1.80000000e+00 
 1.34556667e-08  0.00000000e+00  1.34556667e-08  1.80000000e+00 
 1.34576667e-08  0.00000000e+00  1.34576667e-08  1.80000000e+00 
 1.34596667e-08  0.00000000e+00  1.34596667e-08  1.80000000e+00 
 1.34616667e-08  0.00000000e+00  1.34616667e-08  1.80000000e+00 
 1.34636667e-08  0.00000000e+00  1.34636667e-08  1.80000000e+00 
 1.34656667e-08  0.00000000e+00  1.34656667e-08  1.80000000e+00 
 1.34676667e-08  0.00000000e+00  1.34676667e-08  1.80000000e+00 
 1.34696667e-08  0.00000000e+00  1.34696667e-08  1.80000000e+00 
 1.34716667e-08  0.00000000e+00  1.34716667e-08  1.80000000e+00 
 1.34736667e-08  0.00000000e+00  1.34736667e-08  1.80000000e+00 
 1.34756667e-08  0.00000000e+00  1.34756667e-08  1.80000000e+00 
 1.34776667e-08  0.00000000e+00  1.34776667e-08  1.80000000e+00 
 1.34796667e-08  0.00000000e+00  1.34796667e-08  1.80000000e+00 
 1.34816667e-08  0.00000000e+00  1.34816667e-08  1.80000000e+00 
 1.34836667e-08  0.00000000e+00  1.34836667e-08  1.80000000e+00 
 1.34856667e-08  0.00000000e+00  1.34856667e-08  1.80000000e+00 
 1.34876667e-08  0.00000000e+00  1.34876667e-08  1.80000000e+00 
 1.34896667e-08  0.00000000e+00  1.34896667e-08  1.80000000e+00 
 1.34916667e-08  0.00000000e+00  1.34916667e-08  1.80000000e+00 
 1.34936667e-08  0.00000000e+00  1.34936667e-08  1.80000000e+00 
 1.34956667e-08  0.00000000e+00  1.34956667e-08  1.80000000e+00 
 1.34976667e-08  0.00000000e+00  1.34976667e-08  1.80000000e+00 
 1.34996667e-08  0.00000000e+00  1.34996667e-08  1.80000000e+00 
 1.35016667e-08  0.00000000e+00  1.35016667e-08  1.80000000e+00 
 1.35036667e-08  0.00000000e+00  1.35036667e-08  1.80000000e+00 
 1.35056667e-08  0.00000000e+00  1.35056667e-08  1.80000000e+00 
 1.35076667e-08  0.00000000e+00  1.35076667e-08  1.80000000e+00 
 1.35096667e-08  0.00000000e+00  1.35096667e-08  1.80000000e+00 
 1.35116667e-08  0.00000000e+00  1.35116667e-08  1.80000000e+00 
 1.35136667e-08  0.00000000e+00  1.35136667e-08  1.80000000e+00 
 1.35156667e-08  0.00000000e+00  1.35156667e-08  1.80000000e+00 
 1.35176667e-08  0.00000000e+00  1.35176667e-08  1.80000000e+00 
 1.35196667e-08  0.00000000e+00  1.35196667e-08  1.80000000e+00 
 1.35216667e-08  0.00000000e+00  1.35216667e-08  1.80000000e+00 
 1.35236667e-08  0.00000000e+00  1.35236667e-08  1.80000000e+00 
 1.35256667e-08  0.00000000e+00  1.35256667e-08  1.80000000e+00 
 1.35276667e-08  0.00000000e+00  1.35276667e-08  1.80000000e+00 
 1.35296667e-08  0.00000000e+00  1.35296667e-08  1.80000000e+00 
 1.35316667e-08  0.00000000e+00  1.35316667e-08  1.80000000e+00 
 1.35336667e-08  0.00000000e+00  1.35336667e-08  1.80000000e+00 
 1.35356667e-08  0.00000000e+00  1.35356667e-08  1.80000000e+00 
 1.35376667e-08  0.00000000e+00  1.35376667e-08  1.80000000e+00 
 1.35396667e-08  0.00000000e+00  1.35396667e-08  1.80000000e+00 
 1.35416667e-08  0.00000000e+00  1.35416667e-08  1.80000000e+00 
 1.35436667e-08  0.00000000e+00  1.35436667e-08  1.80000000e+00 
 1.35456667e-08  0.00000000e+00  1.35456667e-08  1.80000000e+00 
 1.35476667e-08  0.00000000e+00  1.35476667e-08  1.80000000e+00 
 1.35496667e-08  0.00000000e+00  1.35496667e-08  1.80000000e+00 
 1.35516667e-08  0.00000000e+00  1.35516667e-08  1.80000000e+00 
 1.35536667e-08  0.00000000e+00  1.35536667e-08  1.80000000e+00 
 1.35556667e-08  0.00000000e+00  1.35556667e-08  1.80000000e+00 
 1.35576667e-08  0.00000000e+00  1.35576667e-08  1.80000000e+00 
 1.35596667e-08  0.00000000e+00  1.35596667e-08  1.80000000e+00 
 1.35616667e-08  0.00000000e+00  1.35616667e-08  1.80000000e+00 
 1.35636667e-08  0.00000000e+00  1.35636667e-08  1.80000000e+00 
 1.35656667e-08  0.00000000e+00  1.35656667e-08  1.80000000e+00 
 1.35676667e-08  0.00000000e+00  1.35676667e-08  1.80000000e+00 
 1.35696667e-08  0.00000000e+00  1.35696667e-08  1.80000000e+00 
 1.35716667e-08  0.00000000e+00  1.35716667e-08  1.80000000e+00 
 1.35736667e-08  0.00000000e+00  1.35736667e-08  1.80000000e+00 
 1.35756667e-08  0.00000000e+00  1.35756667e-08  1.80000000e+00 
 1.35776667e-08  0.00000000e+00  1.35776667e-08  1.80000000e+00 
 1.35796667e-08  0.00000000e+00  1.35796667e-08  1.80000000e+00 
 1.35816667e-08  0.00000000e+00  1.35816667e-08  1.80000000e+00 
 1.35836667e-08  0.00000000e+00  1.35836667e-08  1.80000000e+00 
 1.35856667e-08  0.00000000e+00  1.35856667e-08  1.80000000e+00 
 1.35876667e-08  0.00000000e+00  1.35876667e-08  1.80000000e+00 
 1.35896667e-08  0.00000000e+00  1.35896667e-08  1.80000000e+00 
 1.35916667e-08  0.00000000e+00  1.35916667e-08  1.80000000e+00 
 1.35936667e-08  0.00000000e+00  1.35936667e-08  1.80000000e+00 
 1.35956667e-08  0.00000000e+00  1.35956667e-08  1.80000000e+00 
 1.35976667e-08  0.00000000e+00  1.35976667e-08  1.80000000e+00 
 1.35996667e-08  0.00000000e+00  1.35996667e-08  1.80000000e+00 
 1.36016667e-08  0.00000000e+00  1.36016667e-08  1.80000000e+00 
 1.36036667e-08  0.00000000e+00  1.36036667e-08  1.80000000e+00 
 1.36056667e-08  0.00000000e+00  1.36056667e-08  1.80000000e+00 
 1.36076667e-08  0.00000000e+00  1.36076667e-08  1.80000000e+00 
 1.36096667e-08  0.00000000e+00  1.36096667e-08  1.80000000e+00 
 1.36116667e-08  0.00000000e+00  1.36116667e-08  1.80000000e+00 
 1.36136667e-08  0.00000000e+00  1.36136667e-08  1.80000000e+00 
 1.36156667e-08  0.00000000e+00  1.36156667e-08  1.80000000e+00 
 1.36176667e-08  0.00000000e+00  1.36176667e-08  1.80000000e+00 
 1.36196667e-08  0.00000000e+00  1.36196667e-08  1.80000000e+00 
 1.36216667e-08  0.00000000e+00  1.36216667e-08  1.80000000e+00 
 1.36236667e-08  0.00000000e+00  1.36236667e-08  1.80000000e+00 
 1.36256667e-08  0.00000000e+00  1.36256667e-08  1.80000000e+00 
 1.36276667e-08  0.00000000e+00  1.36276667e-08  1.80000000e+00 
 1.36296667e-08  0.00000000e+00  1.36296667e-08  1.80000000e+00 
 1.36316667e-08  0.00000000e+00  1.36316667e-08  1.80000000e+00 
 1.36336667e-08  0.00000000e+00  1.36336667e-08  1.80000000e+00 
 1.36356667e-08  0.00000000e+00  1.36356667e-08  1.80000000e+00 
 1.36376667e-08  0.00000000e+00  1.36376667e-08  1.80000000e+00 
 1.36396667e-08  0.00000000e+00  1.36396667e-08  1.80000000e+00 
 1.36416667e-08  0.00000000e+00  1.36416667e-08  1.80000000e+00 
 1.36436667e-08  0.00000000e+00  1.36436667e-08  1.80000000e+00 
 1.36456667e-08  0.00000000e+00  1.36456667e-08  1.80000000e+00 
 1.36476667e-08  0.00000000e+00  1.36476667e-08  1.80000000e+00 
 1.36496667e-08  0.00000000e+00  1.36496667e-08  1.80000000e+00 
 1.36516667e-08  0.00000000e+00  1.36516667e-08  1.80000000e+00 
 1.36536667e-08  0.00000000e+00  1.36536667e-08  1.80000000e+00 
 1.36556667e-08  0.00000000e+00  1.36556667e-08  1.80000000e+00 
 1.36576667e-08  0.00000000e+00  1.36576667e-08  1.80000000e+00 
 1.36596667e-08  0.00000000e+00  1.36596667e-08  1.80000000e+00 
 1.36616667e-08  0.00000000e+00  1.36616667e-08  1.80000000e+00 
 1.36636667e-08  0.00000000e+00  1.36636667e-08  1.80000000e+00 
 1.36656667e-08  0.00000000e+00  1.36656667e-08  1.80000000e+00 
 1.36676667e-08  0.00000000e+00  1.36676667e-08  1.80000000e+00 
 1.36696667e-08  0.00000000e+00  1.36696667e-08  1.80000000e+00 
 1.36716667e-08  0.00000000e+00  1.36716667e-08  1.80000000e+00 
 1.36736667e-08  0.00000000e+00  1.36736667e-08  1.80000000e+00 
 1.36756667e-08  0.00000000e+00  1.36756667e-08  1.80000000e+00 
 1.36776667e-08  0.00000000e+00  1.36776667e-08  1.80000000e+00 
 1.36796667e-08  0.00000000e+00  1.36796667e-08  1.80000000e+00 
 1.36816667e-08  0.00000000e+00  1.36816667e-08  1.80000000e+00 
 1.36836667e-08  0.00000000e+00  1.36836667e-08  1.80000000e+00 
 1.36856667e-08  0.00000000e+00  1.36856667e-08  1.80000000e+00 
 1.36876667e-08  0.00000000e+00  1.36876667e-08  1.80000000e+00 
 1.36896667e-08  0.00000000e+00  1.36896667e-08  1.80000000e+00 
 1.36916667e-08  0.00000000e+00  1.36916667e-08  1.80000000e+00 
 1.36936667e-08  0.00000000e+00  1.36936667e-08  1.80000000e+00 
 1.36956667e-08  0.00000000e+00  1.36956667e-08  1.80000000e+00 
 1.36976667e-08  0.00000000e+00  1.36976667e-08  1.80000000e+00 
 1.36996667e-08  0.00000000e+00  1.36996667e-08  1.80000000e+00 
 1.37016667e-08  0.00000000e+00  1.37016667e-08  1.80000000e+00 
 1.37036667e-08  0.00000000e+00  1.37036667e-08  1.80000000e+00 
 1.37056667e-08  0.00000000e+00  1.37056667e-08  1.80000000e+00 
 1.37076667e-08  0.00000000e+00  1.37076667e-08  1.80000000e+00 
 1.37096667e-08  0.00000000e+00  1.37096667e-08  1.80000000e+00 
 1.37116667e-08  0.00000000e+00  1.37116667e-08  1.80000000e+00 
 1.37136667e-08  0.00000000e+00  1.37136667e-08  1.80000000e+00 
 1.37156667e-08  0.00000000e+00  1.37156667e-08  1.80000000e+00 
 1.37176667e-08  0.00000000e+00  1.37176667e-08  1.80000000e+00 
 1.37196667e-08  0.00000000e+00  1.37196667e-08  1.80000000e+00 
 1.37216667e-08  0.00000000e+00  1.37216667e-08  1.80000000e+00 
 1.37236667e-08  0.00000000e+00  1.37236667e-08  1.80000000e+00 
 1.37256667e-08  0.00000000e+00  1.37256667e-08  1.80000000e+00 
 1.37276667e-08  0.00000000e+00  1.37276667e-08  1.80000000e+00 
 1.37296667e-08  0.00000000e+00  1.37296667e-08  1.80000000e+00 
 1.37316667e-08  0.00000000e+00  1.37316667e-08  1.80000000e+00 
 1.37336667e-08  0.00000000e+00  1.37336667e-08  1.80000000e+00 
 1.37356667e-08  0.00000000e+00  1.37356667e-08  1.80000000e+00 
 1.37376667e-08  0.00000000e+00  1.37376667e-08  1.80000000e+00 
 1.37396667e-08  0.00000000e+00  1.37396667e-08  1.80000000e+00 
 1.37416667e-08  0.00000000e+00  1.37416667e-08  1.80000000e+00 
 1.37436667e-08  0.00000000e+00  1.37436667e-08  1.80000000e+00 
 1.37456667e-08  0.00000000e+00  1.37456667e-08  1.80000000e+00 
 1.37476667e-08  0.00000000e+00  1.37476667e-08  1.80000000e+00 
 1.37496667e-08  0.00000000e+00  1.37496667e-08  1.80000000e+00 
 1.37516667e-08  0.00000000e+00  1.37516667e-08  1.80000000e+00 
 1.37536667e-08  0.00000000e+00  1.37536667e-08  1.80000000e+00 
 1.37556667e-08  0.00000000e+00  1.37556667e-08  1.80000000e+00 
 1.37576667e-08  0.00000000e+00  1.37576667e-08  1.80000000e+00 
 1.37596667e-08  0.00000000e+00  1.37596667e-08  1.80000000e+00 
 1.37616667e-08  0.00000000e+00  1.37616667e-08  1.80000000e+00 
 1.37636667e-08  0.00000000e+00  1.37636667e-08  1.80000000e+00 
 1.37656667e-08  0.00000000e+00  1.37656667e-08  1.80000000e+00 
 1.37676667e-08  0.00000000e+00  1.37676667e-08  1.80000000e+00 
 1.37696667e-08  0.00000000e+00  1.37696667e-08  1.80000000e+00 
 1.37716667e-08  0.00000000e+00  1.37716667e-08  1.80000000e+00 
 1.37736667e-08  0.00000000e+00  1.37736667e-08  1.80000000e+00 
 1.37756667e-08  0.00000000e+00  1.37756667e-08  1.80000000e+00 
 1.37776667e-08  0.00000000e+00  1.37776667e-08  1.80000000e+00 
 1.37796667e-08  0.00000000e+00  1.37796667e-08  1.80000000e+00 
 1.37816667e-08  0.00000000e+00  1.37816667e-08  1.80000000e+00 
 1.37836667e-08  0.00000000e+00  1.37836667e-08  1.80000000e+00 
 1.37856667e-08  0.00000000e+00  1.37856667e-08  1.80000000e+00 
 1.37876667e-08  0.00000000e+00  1.37876667e-08  1.80000000e+00 
 1.37896667e-08  0.00000000e+00  1.37896667e-08  1.80000000e+00 
 1.37916667e-08  0.00000000e+00  1.37916667e-08  1.80000000e+00 
 1.37936667e-08  0.00000000e+00  1.37936667e-08  1.80000000e+00 
 1.37956667e-08  0.00000000e+00  1.37956667e-08  1.80000000e+00 
 1.37976667e-08  0.00000000e+00  1.37976667e-08  1.80000000e+00 
 1.37996667e-08  0.00000000e+00  1.37996667e-08  1.80000000e+00 
 1.38016667e-08  0.00000000e+00  1.38016667e-08  1.80000000e+00 
 1.38036667e-08  0.00000000e+00  1.38036667e-08  1.80000000e+00 
 1.38056667e-08  0.00000000e+00  1.38056667e-08  1.80000000e+00 
 1.38076667e-08  0.00000000e+00  1.38076667e-08  1.80000000e+00 
 1.38096667e-08  0.00000000e+00  1.38096667e-08  1.80000000e+00 
 1.38116667e-08  0.00000000e+00  1.38116667e-08  1.80000000e+00 
 1.38136667e-08  0.00000000e+00  1.38136667e-08  1.80000000e+00 
 1.38156667e-08  0.00000000e+00  1.38156667e-08  1.80000000e+00 
 1.38176667e-08  0.00000000e+00  1.38176667e-08  1.80000000e+00 
 1.38196667e-08  0.00000000e+00  1.38196667e-08  1.80000000e+00 
 1.38216667e-08  0.00000000e+00  1.38216667e-08  1.80000000e+00 
 1.38236667e-08  0.00000000e+00  1.38236667e-08  1.80000000e+00 
 1.38256667e-08  0.00000000e+00  1.38256667e-08  1.80000000e+00 
 1.38276667e-08  0.00000000e+00  1.38276667e-08  1.80000000e+00 
 1.38296667e-08  0.00000000e+00  1.38296667e-08  1.80000000e+00 
 1.38316667e-08  0.00000000e+00  1.38316667e-08  1.80000000e+00 
 1.38336667e-08  0.00000000e+00  1.38336667e-08  1.80000000e+00 
 1.38356667e-08  0.00000000e+00  1.38356667e-08  1.80000000e+00 
 1.38376667e-08  0.00000000e+00  1.38376667e-08  1.80000000e+00 
 1.38396667e-08  0.00000000e+00  1.38396667e-08  1.80000000e+00 
 1.38416667e-08  0.00000000e+00  1.38416667e-08  1.80000000e+00 
 1.38436667e-08  0.00000000e+00  1.38436667e-08  1.80000000e+00 
 1.38456667e-08  0.00000000e+00  1.38456667e-08  1.80000000e+00 
 1.38476667e-08  0.00000000e+00  1.38476667e-08  1.80000000e+00 
 1.38496667e-08  0.00000000e+00  1.38496667e-08  1.80000000e+00 
 1.38516667e-08  0.00000000e+00  1.38516667e-08  1.80000000e+00 
 1.38536667e-08  0.00000000e+00  1.38536667e-08  1.80000000e+00 
 1.38556667e-08  0.00000000e+00  1.38556667e-08  1.80000000e+00 
 1.38576667e-08  0.00000000e+00  1.38576667e-08  1.80000000e+00 
 1.38596667e-08  0.00000000e+00  1.38596667e-08  1.80000000e+00 
 1.38616667e-08  0.00000000e+00  1.38616667e-08  1.80000000e+00 
 1.38636667e-08  0.00000000e+00  1.38636667e-08  1.80000000e+00 
 1.38656667e-08  0.00000000e+00  1.38656667e-08  1.80000000e+00 
 1.38676667e-08  0.00000000e+00  1.38676667e-08  1.80000000e+00 
 1.38696667e-08  0.00000000e+00  1.38696667e-08  1.80000000e+00 
 1.38716667e-08  0.00000000e+00  1.38716667e-08  1.80000000e+00 
 1.38736667e-08  0.00000000e+00  1.38736667e-08  1.80000000e+00 
 1.38756667e-08  0.00000000e+00  1.38756667e-08  1.80000000e+00 
 1.38776667e-08  0.00000000e+00  1.38776667e-08  1.80000000e+00 
 1.38796667e-08  0.00000000e+00  1.38796667e-08  1.80000000e+00 
 1.38816667e-08  0.00000000e+00  1.38816667e-08  1.80000000e+00 
 1.38836667e-08  0.00000000e+00  1.38836667e-08  1.80000000e+00 
 1.38856667e-08  0.00000000e+00  1.38856667e-08  1.80000000e+00 
 1.38876667e-08  0.00000000e+00  1.38876667e-08  1.80000000e+00 
 1.38896667e-08  0.00000000e+00  1.38896667e-08  1.80000000e+00 
 1.38916667e-08  0.00000000e+00  1.38916667e-08  1.80000000e+00 
 1.38936667e-08  0.00000000e+00  1.38936667e-08  1.80000000e+00 
 1.38956667e-08  0.00000000e+00  1.38956667e-08  1.80000000e+00 
 1.38976667e-08  0.00000000e+00  1.38976667e-08  1.80000000e+00 
 1.38996667e-08  0.00000000e+00  1.38996667e-08  1.80000000e+00 
 1.39016667e-08  0.00000000e+00  1.39016667e-08  1.80000000e+00 
 1.39036667e-08  0.00000000e+00  1.39036667e-08  1.80000000e+00 
 1.39056667e-08  0.00000000e+00  1.39056667e-08  1.80000000e+00 
 1.39076667e-08  0.00000000e+00  1.39076667e-08  1.80000000e+00 
 1.39096667e-08  0.00000000e+00  1.39096667e-08  1.80000000e+00 
 1.39116667e-08  0.00000000e+00  1.39116667e-08  1.80000000e+00 
 1.39136667e-08  0.00000000e+00  1.39136667e-08  1.80000000e+00 
 1.39156667e-08  0.00000000e+00  1.39156667e-08  1.80000000e+00 
 1.39176667e-08  0.00000000e+00  1.39176667e-08  1.80000000e+00 
 1.39196667e-08  0.00000000e+00  1.39196667e-08  1.80000000e+00 
 1.39216667e-08  0.00000000e+00  1.39216667e-08  1.80000000e+00 
 1.39236667e-08  0.00000000e+00  1.39236667e-08  1.80000000e+00 
 1.39256667e-08  0.00000000e+00  1.39256667e-08  1.80000000e+00 
 1.39276667e-08  0.00000000e+00  1.39276667e-08  1.80000000e+00 
 1.39296667e-08  0.00000000e+00  1.39296667e-08  1.80000000e+00 
 1.39316667e-08  0.00000000e+00  1.39316667e-08  1.80000000e+00 
 1.39336667e-08  0.00000000e+00  1.39336667e-08  1.80000000e+00 
 1.39356667e-08  0.00000000e+00  1.39356667e-08  1.80000000e+00 
 1.39376667e-08  0.00000000e+00  1.39376667e-08  1.80000000e+00 
 1.39396667e-08  0.00000000e+00  1.39396667e-08  1.80000000e+00 
 1.39416667e-08  0.00000000e+00  1.39416667e-08  1.80000000e+00 
 1.39436667e-08  0.00000000e+00  1.39436667e-08  1.80000000e+00 
 1.39456667e-08  0.00000000e+00  1.39456667e-08  1.80000000e+00 
 1.39476667e-08  0.00000000e+00  1.39476667e-08  1.80000000e+00 
 1.39496667e-08  0.00000000e+00  1.39496667e-08  1.80000000e+00 
 1.39516667e-08  0.00000000e+00  1.39516667e-08  1.80000000e+00 
 1.39536667e-08  0.00000000e+00  1.39536667e-08  1.80000000e+00 
 1.39556667e-08  0.00000000e+00  1.39556667e-08  1.80000000e+00 
 1.39576667e-08  0.00000000e+00  1.39576667e-08  1.80000000e+00 
 1.39596667e-08  0.00000000e+00  1.39596667e-08  1.80000000e+00 
 1.39616667e-08  0.00000000e+00  1.39616667e-08  1.80000000e+00 
 1.39636667e-08  0.00000000e+00  1.39636667e-08  1.80000000e+00 
 1.39656667e-08  0.00000000e+00  1.39656667e-08  1.80000000e+00 
 1.39676667e-08  0.00000000e+00  1.39676667e-08  1.80000000e+00 
 1.39696667e-08  0.00000000e+00  1.39696667e-08  1.80000000e+00 
 1.39716667e-08  0.00000000e+00  1.39716667e-08  1.80000000e+00 
 1.39736667e-08  0.00000000e+00  1.39736667e-08  1.80000000e+00 
 1.39756667e-08  0.00000000e+00  1.39756667e-08  1.80000000e+00 
 1.39776667e-08  0.00000000e+00  1.39776667e-08  1.80000000e+00 
 1.39796667e-08  0.00000000e+00  1.39796667e-08  1.80000000e+00 
 1.39816667e-08  0.00000000e+00  1.39816667e-08  1.80000000e+00 
 1.39836667e-08  0.00000000e+00  1.39836667e-08  1.80000000e+00 
 1.39856667e-08  0.00000000e+00  1.39856667e-08  1.80000000e+00 
 1.39876667e-08  0.00000000e+00  1.39876667e-08  1.80000000e+00 
 1.39896667e-08  0.00000000e+00  1.39896667e-08  1.80000000e+00 
 1.39916667e-08  0.00000000e+00  1.39916667e-08  1.80000000e+00 
 1.39936667e-08  0.00000000e+00  1.39936667e-08  1.80000000e+00 
 1.39956667e-08  0.00000000e+00  1.39956667e-08  1.80000000e+00 
 1.39976667e-08  0.00000000e+00  1.39976667e-08  1.80000000e+00 
 1.39996667e-08  0.00000000e+00  1.39996667e-08  1.80000000e+00 
 1.40016667e-08  0.00000000e+00  1.40016667e-08  1.80000000e+00 
 1.40036667e-08  0.00000000e+00  1.40036667e-08  1.80000000e+00 
 1.40056667e-08  0.00000000e+00  1.40056667e-08  1.80000000e+00 
 1.40076667e-08  0.00000000e+00  1.40076667e-08  1.80000000e+00 
 1.40096667e-08  0.00000000e+00  1.40096667e-08  1.80000000e+00 
 1.40116667e-08  0.00000000e+00  1.40116667e-08  1.80000000e+00 
 1.40136667e-08  0.00000000e+00  1.40136667e-08  1.80000000e+00 
 1.40156667e-08  0.00000000e+00  1.40156667e-08  1.80000000e+00 
 1.40176667e-08  0.00000000e+00  1.40176667e-08  1.80000000e+00 
 1.40196667e-08  0.00000000e+00  1.40196667e-08  1.80000000e+00 
 1.40216667e-08  0.00000000e+00  1.40216667e-08  1.80000000e+00 
 1.40236667e-08  0.00000000e+00  1.40236667e-08  1.80000000e+00 
 1.40256667e-08  0.00000000e+00  1.40256667e-08  1.80000000e+00 
 1.40276667e-08  0.00000000e+00  1.40276667e-08  1.80000000e+00 
 1.40296667e-08  0.00000000e+00  1.40296667e-08  1.80000000e+00 
 1.40316667e-08  0.00000000e+00  1.40316667e-08  1.80000000e+00 
 1.40336667e-08  0.00000000e+00  1.40336667e-08  1.80000000e+00 
 1.40356667e-08  0.00000000e+00  1.40356667e-08  1.80000000e+00 
 1.40376667e-08  0.00000000e+00  1.40376667e-08  1.80000000e+00 
 1.40396667e-08  0.00000000e+00  1.40396667e-08  1.80000000e+00 
 1.40416667e-08  0.00000000e+00  1.40416667e-08  1.80000000e+00 
 1.40436667e-08  0.00000000e+00  1.40436667e-08  1.80000000e+00 
 1.40456667e-08  0.00000000e+00  1.40456667e-08  1.80000000e+00 
 1.40476667e-08  0.00000000e+00  1.40476667e-08  1.80000000e+00 
 1.40496667e-08  0.00000000e+00  1.40496667e-08  1.80000000e+00 
 1.40516667e-08  0.00000000e+00  1.40516667e-08  1.80000000e+00 
 1.40536667e-08  0.00000000e+00  1.40536667e-08  1.80000000e+00 
 1.40556667e-08  0.00000000e+00  1.40556667e-08  1.80000000e+00 
 1.40576667e-08  0.00000000e+00  1.40576667e-08  1.80000000e+00 
 1.40596667e-08  0.00000000e+00  1.40596667e-08  1.80000000e+00 
 1.40616667e-08  0.00000000e+00  1.40616667e-08  1.80000000e+00 
 1.40636667e-08  0.00000000e+00  1.40636667e-08  1.80000000e+00 
 1.40656667e-08  0.00000000e+00  1.40656667e-08  1.80000000e+00 
 1.40676667e-08  0.00000000e+00  1.40676667e-08  1.80000000e+00 
 1.40696667e-08  0.00000000e+00  1.40696667e-08  1.80000000e+00 
 1.40716667e-08  0.00000000e+00  1.40716667e-08  1.80000000e+00 
 1.40736667e-08  0.00000000e+00  1.40736667e-08  1.80000000e+00 
 1.40756667e-08  0.00000000e+00  1.40756667e-08  1.80000000e+00 
 1.40776667e-08  0.00000000e+00  1.40776667e-08  1.80000000e+00 
 1.40796667e-08  0.00000000e+00  1.40796667e-08  1.80000000e+00 
 1.40816667e-08  0.00000000e+00  1.40816667e-08  1.80000000e+00 
 1.40836667e-08  0.00000000e+00  1.40836667e-08  1.80000000e+00 
 1.40856667e-08  0.00000000e+00  1.40856667e-08  1.80000000e+00 
 1.40876667e-08  0.00000000e+00  1.40876667e-08  1.80000000e+00 
 1.40896667e-08  0.00000000e+00  1.40896667e-08  1.80000000e+00 
 1.40916667e-08  0.00000000e+00  1.40916667e-08  1.80000000e+00 
 1.40936667e-08  0.00000000e+00  1.40936667e-08  1.80000000e+00 
 1.40956667e-08  0.00000000e+00  1.40956667e-08  1.80000000e+00 
 1.40976667e-08  0.00000000e+00  1.40976667e-08  1.80000000e+00 
 1.40996667e-08  0.00000000e+00  1.40996667e-08  1.80000000e+00 
 1.41016667e-08  0.00000000e+00  1.41016667e-08  1.80000000e+00 
 1.41036667e-08  0.00000000e+00  1.41036667e-08  1.80000000e+00 
 1.41056667e-08  0.00000000e+00  1.41056667e-08  1.80000000e+00 
 1.41076667e-08  0.00000000e+00  1.41076667e-08  1.80000000e+00 
 1.41096667e-08  0.00000000e+00  1.41096667e-08  1.80000000e+00 
 1.41116667e-08  0.00000000e+00  1.41116667e-08  1.80000000e+00 
 1.41136667e-08  0.00000000e+00  1.41136667e-08  1.80000000e+00 
 1.41156667e-08  0.00000000e+00  1.41156667e-08  1.80000000e+00 
 1.41176667e-08  0.00000000e+00  1.41176667e-08  1.80000000e+00 
 1.41196667e-08  0.00000000e+00  1.41196667e-08  1.80000000e+00 
 1.41216667e-08  0.00000000e+00  1.41216667e-08  1.80000000e+00 
 1.41236667e-08  0.00000000e+00  1.41236667e-08  1.80000000e+00 
 1.41256667e-08  0.00000000e+00  1.41256667e-08  1.80000000e+00 
 1.41276667e-08  0.00000000e+00  1.41276667e-08  1.80000000e+00 
 1.41296667e-08  0.00000000e+00  1.41296667e-08  1.80000000e+00 
 1.41316667e-08  0.00000000e+00  1.41316667e-08  1.80000000e+00 
 1.41336667e-08  0.00000000e+00  1.41336667e-08  1.80000000e+00 
 1.41356667e-08  0.00000000e+00  1.41356667e-08  1.80000000e+00 
 1.41376667e-08  0.00000000e+00  1.41376667e-08  1.80000000e+00 
 1.41396667e-08  0.00000000e+00  1.41396667e-08  1.80000000e+00 
 1.41416667e-08  0.00000000e+00  1.41416667e-08  1.80000000e+00 
 1.41436667e-08  0.00000000e+00  1.41436667e-08  1.80000000e+00 
 1.41456667e-08  0.00000000e+00  1.41456667e-08  1.80000000e+00 
 1.41476667e-08  0.00000000e+00  1.41476667e-08  1.80000000e+00 
 1.41496667e-08  0.00000000e+00  1.41496667e-08  1.80000000e+00 
 1.41516667e-08  0.00000000e+00  1.41516667e-08  1.80000000e+00 
 1.41536667e-08  0.00000000e+00  1.41536667e-08  1.80000000e+00 
 1.41556667e-08  0.00000000e+00  1.41556667e-08  1.80000000e+00 
 1.41576667e-08  0.00000000e+00  1.41576667e-08  1.80000000e+00 
 1.41596667e-08  0.00000000e+00  1.41596667e-08  1.80000000e+00 
 1.41616667e-08  0.00000000e+00  1.41616667e-08  1.80000000e+00 
 1.41636667e-08  0.00000000e+00  1.41636667e-08  1.80000000e+00 
 1.41656667e-08  0.00000000e+00  1.41656667e-08  1.80000000e+00 
 1.41676667e-08  0.00000000e+00  1.41676667e-08  1.80000000e+00 
 1.41696667e-08  0.00000000e+00  1.41696667e-08  1.80000000e+00 
 1.41716667e-08  0.00000000e+00  1.41716667e-08  1.80000000e+00 
 1.41736667e-08  0.00000000e+00  1.41736667e-08  1.80000000e+00 
 1.41756667e-08  0.00000000e+00  1.41756667e-08  1.80000000e+00 
 1.41776667e-08  0.00000000e+00  1.41776667e-08  1.80000000e+00 
 1.41796667e-08  0.00000000e+00  1.41796667e-08  1.80000000e+00 
 1.41816667e-08  0.00000000e+00  1.41816667e-08  1.80000000e+00 
 1.41836667e-08  0.00000000e+00  1.41836667e-08  1.80000000e+00 
 1.41856667e-08  0.00000000e+00  1.41856667e-08  1.80000000e+00 
 1.41876667e-08  0.00000000e+00  1.41876667e-08  1.80000000e+00 
 1.41896667e-08  0.00000000e+00  1.41896667e-08  1.80000000e+00 
 1.41916667e-08  0.00000000e+00  1.41916667e-08  1.80000000e+00 
 1.41936667e-08  0.00000000e+00  1.41936667e-08  1.80000000e+00 
 1.41956667e-08  0.00000000e+00  1.41956667e-08  1.80000000e+00 
 1.41976667e-08  0.00000000e+00  1.41976667e-08  1.80000000e+00 
 1.41996667e-08  0.00000000e+00  1.41996667e-08  1.80000000e+00 
 1.42016667e-08  0.00000000e+00  1.42016667e-08  1.80000000e+00 
 1.42036667e-08  0.00000000e+00  1.42036667e-08  1.80000000e+00 
 1.42056667e-08  0.00000000e+00  1.42056667e-08  1.80000000e+00 
 1.42076667e-08  0.00000000e+00  1.42076667e-08  1.80000000e+00 
 1.42096667e-08  0.00000000e+00  1.42096667e-08  1.80000000e+00 
 1.42116667e-08  0.00000000e+00  1.42116667e-08  1.80000000e+00 
 1.42136667e-08  0.00000000e+00  1.42136667e-08  1.80000000e+00 
 1.42156667e-08  0.00000000e+00  1.42156667e-08  1.80000000e+00 
 1.42176667e-08  0.00000000e+00  1.42176667e-08  1.80000000e+00 
 1.42196667e-08  0.00000000e+00  1.42196667e-08  1.80000000e+00 
 1.42216667e-08  0.00000000e+00  1.42216667e-08  1.80000000e+00 
 1.42236667e-08  0.00000000e+00  1.42236667e-08  1.80000000e+00 
 1.42256667e-08  0.00000000e+00  1.42256667e-08  1.80000000e+00 
 1.42276667e-08  0.00000000e+00  1.42276667e-08  1.80000000e+00 
 1.42296667e-08  0.00000000e+00  1.42296667e-08  1.80000000e+00 
 1.42316667e-08  0.00000000e+00  1.42316667e-08  1.80000000e+00 
 1.42336667e-08  0.00000000e+00  1.42336667e-08  1.80000000e+00 
 1.42356667e-08  0.00000000e+00  1.42356667e-08  1.80000000e+00 
 1.42376667e-08  0.00000000e+00  1.42376667e-08  1.80000000e+00 
 1.42396667e-08  0.00000000e+00  1.42396667e-08  1.80000000e+00 
 1.42416667e-08  0.00000000e+00  1.42416667e-08  1.80000000e+00 
 1.42436667e-08  0.00000000e+00  1.42436667e-08  1.80000000e+00 
 1.42456667e-08  0.00000000e+00  1.42456667e-08  1.80000000e+00 
 1.42476667e-08  0.00000000e+00  1.42476667e-08  1.80000000e+00 
 1.42496667e-08  0.00000000e+00  1.42496667e-08  1.80000000e+00 
 1.42516667e-08  0.00000000e+00  1.42516667e-08  1.80000000e+00 
 1.42536667e-08  0.00000000e+00  1.42536667e-08  1.80000000e+00 
 1.42556667e-08  0.00000000e+00  1.42556667e-08  1.80000000e+00 
 1.42576667e-08  0.00000000e+00  1.42576667e-08  1.80000000e+00 
 1.42596667e-08  0.00000000e+00  1.42596667e-08  1.80000000e+00 
 1.42616667e-08  0.00000000e+00  1.42616667e-08  1.80000000e+00 
 1.42636667e-08  0.00000000e+00  1.42636667e-08  1.80000000e+00 
 1.42656667e-08  0.00000000e+00  1.42656667e-08  1.80000000e+00 
 1.42676667e-08  0.00000000e+00  1.42676667e-08  1.80000000e+00 
 1.42696667e-08  0.00000000e+00  1.42696667e-08  1.80000000e+00 
 1.42716667e-08  0.00000000e+00  1.42716667e-08  1.80000000e+00 
 1.42736667e-08  0.00000000e+00  1.42736667e-08  1.80000000e+00 
 1.42756667e-08  0.00000000e+00  1.42756667e-08  1.80000000e+00 
 1.42776667e-08  0.00000000e+00  1.42776667e-08  1.80000000e+00 
 1.42796667e-08  0.00000000e+00  1.42796667e-08  1.80000000e+00 
 1.42816667e-08  0.00000000e+00  1.42816667e-08  1.80000000e+00 
 1.42836667e-08  0.00000000e+00  1.42836667e-08  1.80000000e+00 
 1.42856667e-08  0.00000000e+00  1.42856667e-08  1.80000000e+00 
 1.42876667e-08  0.00000000e+00  1.42876667e-08  1.80000000e+00 
 1.42896667e-08  0.00000000e+00  1.42896667e-08  1.80000000e+00 
 1.42916667e-08  0.00000000e+00  1.42916667e-08  1.80000000e+00 
 1.42936667e-08  0.00000000e+00  1.42936667e-08  1.80000000e+00 
 1.42956667e-08  0.00000000e+00  1.42956667e-08  1.80000000e+00 
 1.42976667e-08  0.00000000e+00  1.42976667e-08  1.80000000e+00 
 1.42996667e-08  0.00000000e+00  1.42996667e-08  1.80000000e+00 
 1.43016667e-08  0.00000000e+00  1.43016667e-08  1.80000000e+00 
 1.43036667e-08  0.00000000e+00  1.43036667e-08  1.80000000e+00 
 1.43056667e-08  0.00000000e+00  1.43056667e-08  1.80000000e+00 
 1.43076667e-08  0.00000000e+00  1.43076667e-08  1.80000000e+00 
 1.43096667e-08  0.00000000e+00  1.43096667e-08  1.80000000e+00 
 1.43116667e-08  0.00000000e+00  1.43116667e-08  1.80000000e+00 
 1.43136667e-08  0.00000000e+00  1.43136667e-08  1.80000000e+00 
 1.43156667e-08  0.00000000e+00  1.43156667e-08  1.80000000e+00 
 1.43176667e-08  0.00000000e+00  1.43176667e-08  1.80000000e+00 
 1.43196667e-08  0.00000000e+00  1.43196667e-08  1.80000000e+00 
 1.43216667e-08  0.00000000e+00  1.43216667e-08  1.80000000e+00 
 1.43236667e-08  0.00000000e+00  1.43236667e-08  1.80000000e+00 
 1.43256667e-08  0.00000000e+00  1.43256667e-08  1.80000000e+00 
 1.43276667e-08  0.00000000e+00  1.43276667e-08  1.80000000e+00 
 1.43296667e-08  0.00000000e+00  1.43296667e-08  1.80000000e+00 
 1.43316667e-08  0.00000000e+00  1.43316667e-08  1.80000000e+00 
 1.43336667e-08  0.00000000e+00  1.43336667e-08  1.80000000e+00 
 1.43356667e-08  0.00000000e+00  1.43356667e-08  1.80000000e+00 
 1.43376667e-08  0.00000000e+00  1.43376667e-08  1.80000000e+00 
 1.43396667e-08  0.00000000e+00  1.43396667e-08  1.80000000e+00 
 1.43416667e-08  0.00000000e+00  1.43416667e-08  1.80000000e+00 
 1.43436667e-08  0.00000000e+00  1.43436667e-08  1.80000000e+00 
 1.43456667e-08  0.00000000e+00  1.43456667e-08  1.80000000e+00 
 1.43476667e-08  0.00000000e+00  1.43476667e-08  1.80000000e+00 
 1.43496667e-08  0.00000000e+00  1.43496667e-08  1.80000000e+00 
 1.43516667e-08  0.00000000e+00  1.43516667e-08  1.80000000e+00 
 1.43536667e-08  0.00000000e+00  1.43536667e-08  1.80000000e+00 
 1.43556667e-08  0.00000000e+00  1.43556667e-08  1.80000000e+00 
 1.43576667e-08  0.00000000e+00  1.43576667e-08  1.80000000e+00 
 1.43596667e-08  0.00000000e+00  1.43596667e-08  1.80000000e+00 
 1.43616667e-08  0.00000000e+00  1.43616667e-08  1.80000000e+00 
 1.43636667e-08  0.00000000e+00  1.43636667e-08  1.80000000e+00 
 1.43656667e-08  0.00000000e+00  1.43656667e-08  1.80000000e+00 
 1.43676667e-08  0.00000000e+00  1.43676667e-08  1.80000000e+00 
 1.43696667e-08  0.00000000e+00  1.43696667e-08  1.80000000e+00 
 1.43716667e-08  0.00000000e+00  1.43716667e-08  1.80000000e+00 
 1.43736667e-08  0.00000000e+00  1.43736667e-08  1.80000000e+00 
 1.43756667e-08  0.00000000e+00  1.43756667e-08  1.80000000e+00 
 1.43776667e-08  0.00000000e+00  1.43776667e-08  1.80000000e+00 
 1.43796667e-08  0.00000000e+00  1.43796667e-08  1.80000000e+00 
 1.43816667e-08  0.00000000e+00  1.43816667e-08  1.80000000e+00 
 1.43836667e-08  0.00000000e+00  1.43836667e-08  1.80000000e+00 
 1.43856667e-08  0.00000000e+00  1.43856667e-08  1.80000000e+00 
 1.43876667e-08  0.00000000e+00  1.43876667e-08  1.80000000e+00 
 1.43896667e-08  0.00000000e+00  1.43896667e-08  1.80000000e+00 
 1.43916667e-08  0.00000000e+00  1.43916667e-08  1.80000000e+00 
 1.43936667e-08  0.00000000e+00  1.43936667e-08  1.80000000e+00 
 1.43956667e-08  0.00000000e+00  1.43956667e-08  1.80000000e+00 
 1.43976667e-08  0.00000000e+00  1.43976667e-08  1.80000000e+00 
 1.43996667e-08  0.00000000e+00  1.43996667e-08  1.80000000e+00 
 1.44016667e-08  0.00000000e+00  1.44016667e-08  1.80000000e+00 
 1.44036667e-08  0.00000000e+00  1.44036667e-08  1.80000000e+00 
 1.44056667e-08  0.00000000e+00  1.44056667e-08  1.80000000e+00 
 1.44076667e-08  0.00000000e+00  1.44076667e-08  1.80000000e+00 
 1.44096667e-08  0.00000000e+00  1.44096667e-08  1.80000000e+00 
 1.44116667e-08  0.00000000e+00  1.44116667e-08  1.80000000e+00 
 1.44136667e-08  0.00000000e+00  1.44136667e-08  1.80000000e+00 
 1.44156667e-08  0.00000000e+00  1.44156667e-08  1.80000000e+00 
 1.44176667e-08  0.00000000e+00  1.44176667e-08  1.80000000e+00 
 1.44196667e-08  0.00000000e+00  1.44196667e-08  1.80000000e+00 
 1.44216667e-08  0.00000000e+00  1.44216667e-08  1.80000000e+00 
 1.44236667e-08  0.00000000e+00  1.44236667e-08  1.80000000e+00 
 1.44256667e-08  0.00000000e+00  1.44256667e-08  1.80000000e+00 
 1.44276667e-08  0.00000000e+00  1.44276667e-08  1.80000000e+00 
 1.44296667e-08  0.00000000e+00  1.44296667e-08  1.80000000e+00 
 1.44316667e-08  0.00000000e+00  1.44316667e-08  1.80000000e+00 
 1.44336667e-08  0.00000000e+00  1.44336667e-08  1.80000000e+00 
 1.44356667e-08  0.00000000e+00  1.44356667e-08  1.80000000e+00 
 1.44376667e-08  0.00000000e+00  1.44376667e-08  1.80000000e+00 
 1.44396667e-08  0.00000000e+00  1.44396667e-08  1.80000000e+00 
 1.44416667e-08  0.00000000e+00  1.44416667e-08  1.80000000e+00 
 1.44436667e-08  0.00000000e+00  1.44436667e-08  1.80000000e+00 
 1.44456667e-08  0.00000000e+00  1.44456667e-08  1.80000000e+00 
 1.44476667e-08  0.00000000e+00  1.44476667e-08  1.80000000e+00 
 1.44496667e-08  0.00000000e+00  1.44496667e-08  1.80000000e+00 
 1.44516667e-08  0.00000000e+00  1.44516667e-08  1.80000000e+00 
 1.44536667e-08  0.00000000e+00  1.44536667e-08  1.80000000e+00 
 1.44556667e-08  0.00000000e+00  1.44556667e-08  1.80000000e+00 
 1.44576667e-08  0.00000000e+00  1.44576667e-08  1.80000000e+00 
 1.44596667e-08  0.00000000e+00  1.44596667e-08  1.80000000e+00 
 1.44616667e-08  0.00000000e+00  1.44616667e-08  1.80000000e+00 
 1.44636667e-08  0.00000000e+00  1.44636667e-08  1.80000000e+00 
 1.44656667e-08  0.00000000e+00  1.44656667e-08  1.80000000e+00 
 1.44676667e-08  0.00000000e+00  1.44676667e-08  1.80000000e+00 
 1.44696667e-08  0.00000000e+00  1.44696667e-08  1.80000000e+00 
 1.44716667e-08  0.00000000e+00  1.44716667e-08  1.80000000e+00 
 1.44736667e-08  0.00000000e+00  1.44736667e-08  1.80000000e+00 
 1.44756667e-08  0.00000000e+00  1.44756667e-08  1.80000000e+00 
 1.44776667e-08  0.00000000e+00  1.44776667e-08  1.80000000e+00 
 1.44796667e-08  0.00000000e+00  1.44796667e-08  1.80000000e+00 
 1.44816667e-08  0.00000000e+00  1.44816667e-08  1.80000000e+00 
 1.44836667e-08  0.00000000e+00  1.44836667e-08  1.80000000e+00 
 1.44856667e-08  0.00000000e+00  1.44856667e-08  1.80000000e+00 
 1.44876667e-08  0.00000000e+00  1.44876667e-08  1.80000000e+00 
 1.44896667e-08  0.00000000e+00  1.44896667e-08  1.80000000e+00 
 1.44916667e-08  0.00000000e+00  1.44916667e-08  1.80000000e+00 
 1.44936667e-08  0.00000000e+00  1.44936667e-08  1.80000000e+00 
 1.44956667e-08  0.00000000e+00  1.44956667e-08  1.80000000e+00 
 1.44976667e-08  0.00000000e+00  1.44976667e-08  1.80000000e+00 
 1.44996667e-08  0.00000000e+00  1.44996667e-08  1.80000000e+00 
 1.45016667e-08  0.00000000e+00  1.45016667e-08  1.80000000e+00 
 1.45036667e-08  0.00000000e+00  1.45036667e-08  1.80000000e+00 
 1.45056667e-08  0.00000000e+00  1.45056667e-08  1.80000000e+00 
 1.45076667e-08  0.00000000e+00  1.45076667e-08  1.80000000e+00 
 1.45096667e-08  0.00000000e+00  1.45096667e-08  1.80000000e+00 
 1.45116667e-08  0.00000000e+00  1.45116667e-08  1.80000000e+00 
 1.45136667e-08  0.00000000e+00  1.45136667e-08  1.80000000e+00 
 1.45156667e-08  0.00000000e+00  1.45156667e-08  1.80000000e+00 
 1.45176667e-08  0.00000000e+00  1.45176667e-08  1.80000000e+00 
 1.45196667e-08  0.00000000e+00  1.45196667e-08  1.80000000e+00 
 1.45216667e-08  0.00000000e+00  1.45216667e-08  1.80000000e+00 
 1.45236667e-08  0.00000000e+00  1.45236667e-08  1.80000000e+00 
 1.45256667e-08  0.00000000e+00  1.45256667e-08  1.80000000e+00 
 1.45276667e-08  0.00000000e+00  1.45276667e-08  1.80000000e+00 
 1.45296667e-08  0.00000000e+00  1.45296667e-08  1.80000000e+00 
 1.45316667e-08  0.00000000e+00  1.45316667e-08  1.80000000e+00 
 1.45336667e-08  0.00000000e+00  1.45336667e-08  1.80000000e+00 
 1.45356667e-08  0.00000000e+00  1.45356667e-08  1.80000000e+00 
 1.45376667e-08  0.00000000e+00  1.45376667e-08  1.80000000e+00 
 1.45396667e-08  0.00000000e+00  1.45396667e-08  1.80000000e+00 
 1.45416667e-08  0.00000000e+00  1.45416667e-08  1.80000000e+00 
 1.45436667e-08  0.00000000e+00  1.45436667e-08  1.80000000e+00 
 1.45456667e-08  0.00000000e+00  1.45456667e-08  1.80000000e+00 
 1.45476667e-08  0.00000000e+00  1.45476667e-08  1.80000000e+00 
 1.45496667e-08  0.00000000e+00  1.45496667e-08  1.80000000e+00 
 1.45516667e-08  0.00000000e+00  1.45516667e-08  1.80000000e+00 
 1.45536667e-08  0.00000000e+00  1.45536667e-08  1.80000000e+00 
 1.45556667e-08  0.00000000e+00  1.45556667e-08  1.80000000e+00 
 1.45576667e-08  0.00000000e+00  1.45576667e-08  1.80000000e+00 
 1.45596667e-08  0.00000000e+00  1.45596667e-08  1.80000000e+00 
 1.45616667e-08  0.00000000e+00  1.45616667e-08  1.80000000e+00 
 1.45636667e-08  0.00000000e+00  1.45636667e-08  1.80000000e+00 
 1.45656667e-08  0.00000000e+00  1.45656667e-08  1.80000000e+00 
 1.45676667e-08  0.00000000e+00  1.45676667e-08  1.80000000e+00 
 1.45696667e-08  0.00000000e+00  1.45696667e-08  1.80000000e+00 
 1.45716667e-08  0.00000000e+00  1.45716667e-08  1.80000000e+00 
 1.45736667e-08  0.00000000e+00  1.45736667e-08  1.80000000e+00 
 1.45756667e-08  0.00000000e+00  1.45756667e-08  1.80000000e+00 
 1.45776667e-08  0.00000000e+00  1.45776667e-08  1.80000000e+00 
 1.45796667e-08  0.00000000e+00  1.45796667e-08  1.80000000e+00 
 1.45816667e-08  0.00000000e+00  1.45816667e-08  1.80000000e+00 
 1.45836667e-08  0.00000000e+00  1.45836667e-08  1.80000000e+00 
 1.45856667e-08  0.00000000e+00  1.45856667e-08  1.80000000e+00 
 1.45876667e-08  0.00000000e+00  1.45876667e-08  1.80000000e+00 
 1.45896667e-08  0.00000000e+00  1.45896667e-08  1.80000000e+00 
 1.45916667e-08  0.00000000e+00  1.45916667e-08  1.80000000e+00 
 1.45936667e-08  0.00000000e+00  1.45936667e-08  1.80000000e+00 
 1.45956667e-08  0.00000000e+00  1.45956667e-08  1.80000000e+00 
 1.45976667e-08  0.00000000e+00  1.45976667e-08  1.80000000e+00 
 1.45996667e-08  0.00000000e+00  1.45996667e-08  1.80000000e+00 
 1.46016667e-08  0.00000000e+00  1.46016667e-08  1.80000000e+00 
 1.46036667e-08  0.00000000e+00  1.46036667e-08  1.80000000e+00 
 1.46056667e-08  0.00000000e+00  1.46056667e-08  1.80000000e+00 
 1.46076667e-08  0.00000000e+00  1.46076667e-08  1.80000000e+00 
 1.46096667e-08  0.00000000e+00  1.46096667e-08  1.80000000e+00 
 1.46116667e-08  0.00000000e+00  1.46116667e-08  1.80000000e+00 
 1.46136667e-08  0.00000000e+00  1.46136667e-08  1.80000000e+00 
 1.46156667e-08  0.00000000e+00  1.46156667e-08  1.80000000e+00 
 1.46176667e-08  0.00000000e+00  1.46176667e-08  1.80000000e+00 
 1.46196667e-08  0.00000000e+00  1.46196667e-08  1.80000000e+00 
 1.46216667e-08  0.00000000e+00  1.46216667e-08  1.80000000e+00 
 1.46236667e-08  0.00000000e+00  1.46236667e-08  1.80000000e+00 
 1.46256667e-08  0.00000000e+00  1.46256667e-08  1.80000000e+00 
 1.46276667e-08  0.00000000e+00  1.46276667e-08  1.80000000e+00 
 1.46296667e-08  0.00000000e+00  1.46296667e-08  1.80000000e+00 
 1.46316667e-08  0.00000000e+00  1.46316667e-08  1.80000000e+00 
 1.46336667e-08  0.00000000e+00  1.46336667e-08  1.80000000e+00 
 1.46356667e-08  0.00000000e+00  1.46356667e-08  1.80000000e+00 
 1.46376667e-08  0.00000000e+00  1.46376667e-08  1.80000000e+00 
 1.46396667e-08  0.00000000e+00  1.46396667e-08  1.80000000e+00 
 1.46416667e-08  0.00000000e+00  1.46416667e-08  1.80000000e+00 
 1.46436667e-08  0.00000000e+00  1.46436667e-08  1.80000000e+00 
 1.46456667e-08  0.00000000e+00  1.46456667e-08  1.80000000e+00 
 1.46476667e-08  0.00000000e+00  1.46476667e-08  1.80000000e+00 
 1.46496667e-08  0.00000000e+00  1.46496667e-08  1.80000000e+00 
 1.46516667e-08  0.00000000e+00  1.46516667e-08  1.80000000e+00 
 1.46536667e-08  0.00000000e+00  1.46536667e-08  1.80000000e+00 
 1.46556667e-08  0.00000000e+00  1.46556667e-08  1.80000000e+00 
 1.46576667e-08  0.00000000e+00  1.46576667e-08  1.80000000e+00 
 1.46596667e-08  0.00000000e+00  1.46596667e-08  1.80000000e+00 
 1.46616667e-08  0.00000000e+00  1.46616667e-08  1.80000000e+00 
 1.46636667e-08  0.00000000e+00  1.46636667e-08  1.80000000e+00 
 1.46656667e-08  0.00000000e+00  1.46656667e-08  1.80000000e+00 
 1.46676667e-08  0.00000000e+00  1.46676667e-08  1.80000000e+00 
 1.46696667e-08  0.00000000e+00  1.46696667e-08  1.80000000e+00 
 1.46716667e-08  0.00000000e+00  1.46716667e-08  1.80000000e+00 
 1.46736667e-08  0.00000000e+00  1.46736667e-08  1.80000000e+00 
 1.46756667e-08  0.00000000e+00  1.46756667e-08  1.80000000e+00 
 1.46776667e-08  0.00000000e+00  1.46776667e-08  1.80000000e+00 
 1.46796667e-08  0.00000000e+00  1.46796667e-08  1.80000000e+00 
 1.46816667e-08  0.00000000e+00  1.46816667e-08  1.80000000e+00 
 1.46836667e-08  0.00000000e+00  1.46836667e-08  1.80000000e+00 
 1.46856667e-08  0.00000000e+00  1.46856667e-08  1.80000000e+00 
 1.46876667e-08  0.00000000e+00  1.46876667e-08  1.80000000e+00 
 1.46896667e-08  0.00000000e+00  1.46896667e-08  1.80000000e+00 
 1.46916667e-08  0.00000000e+00  1.46916667e-08  1.80000000e+00 
 1.46936667e-08  0.00000000e+00  1.46936667e-08  1.80000000e+00 
 1.46956667e-08  0.00000000e+00  1.46956667e-08  1.80000000e+00 
 1.46976667e-08  0.00000000e+00  1.46976667e-08  1.80000000e+00 
 1.46996667e-08  0.00000000e+00  1.46996667e-08  1.80000000e+00 
 1.47016667e-08  0.00000000e+00  1.47016667e-08  1.80000000e+00 
 1.47036667e-08  0.00000000e+00  1.47036667e-08  1.80000000e+00 
 1.47056667e-08  0.00000000e+00  1.47056667e-08  1.80000000e+00 
 1.47076667e-08  0.00000000e+00  1.47076667e-08  1.80000000e+00 
 1.47096667e-08  0.00000000e+00  1.47096667e-08  1.80000000e+00 
 1.47116667e-08  0.00000000e+00  1.47116667e-08  1.80000000e+00 
 1.47136667e-08  0.00000000e+00  1.47136667e-08  1.80000000e+00 
 1.47156667e-08  0.00000000e+00  1.47156667e-08  1.80000000e+00 
 1.47176667e-08  0.00000000e+00  1.47176667e-08  1.80000000e+00 
 1.47196667e-08  0.00000000e+00  1.47196667e-08  1.80000000e+00 
 1.47216667e-08  0.00000000e+00  1.47216667e-08  1.80000000e+00 
 1.47236667e-08  0.00000000e+00  1.47236667e-08  1.80000000e+00 
 1.47256667e-08  0.00000000e+00  1.47256667e-08  1.80000000e+00 
 1.47276667e-08  0.00000000e+00  1.47276667e-08  1.80000000e+00 
 1.47296667e-08  0.00000000e+00  1.47296667e-08  1.80000000e+00 
 1.47316667e-08  0.00000000e+00  1.47316667e-08  1.80000000e+00 
 1.47336667e-08  0.00000000e+00  1.47336667e-08  1.80000000e+00 
 1.47356667e-08  0.00000000e+00  1.47356667e-08  1.80000000e+00 
 1.47376667e-08  0.00000000e+00  1.47376667e-08  1.80000000e+00 
 1.47396667e-08  0.00000000e+00  1.47396667e-08  1.80000000e+00 
 1.47416667e-08  0.00000000e+00  1.47416667e-08  1.80000000e+00 
 1.47436667e-08  0.00000000e+00  1.47436667e-08  1.80000000e+00 
 1.47456667e-08  0.00000000e+00  1.47456667e-08  1.80000000e+00 
 1.47476667e-08  0.00000000e+00  1.47476667e-08  1.80000000e+00 
 1.47496667e-08  0.00000000e+00  1.47496667e-08  1.80000000e+00 
 1.47516667e-08  0.00000000e+00  1.47516667e-08  1.80000000e+00 
 1.47536667e-08  0.00000000e+00  1.47536667e-08  1.80000000e+00 
 1.47556667e-08  0.00000000e+00  1.47556667e-08  1.80000000e+00 
 1.47576667e-08  0.00000000e+00  1.47576667e-08  1.80000000e+00 
 1.47596667e-08  0.00000000e+00  1.47596667e-08  1.80000000e+00 
 1.47616667e-08  0.00000000e+00  1.47616667e-08  1.80000000e+00 
 1.47636667e-08  0.00000000e+00  1.47636667e-08  1.80000000e+00 
 1.47656667e-08  0.00000000e+00  1.47656667e-08  1.80000000e+00 
 1.47676667e-08  0.00000000e+00  1.47676667e-08  1.80000000e+00 
 1.47696667e-08  0.00000000e+00  1.47696667e-08  1.80000000e+00 
 1.47716667e-08  0.00000000e+00  1.47716667e-08  1.80000000e+00 
 1.47736667e-08  0.00000000e+00  1.47736667e-08  1.80000000e+00 
 1.47756667e-08  0.00000000e+00  1.47756667e-08  1.80000000e+00 
 1.47776667e-08  0.00000000e+00  1.47776667e-08  1.80000000e+00 
 1.47796667e-08  0.00000000e+00  1.47796667e-08  1.80000000e+00 
 1.47816667e-08  0.00000000e+00  1.47816667e-08  1.80000000e+00 
 1.47836667e-08  0.00000000e+00  1.47836667e-08  1.80000000e+00 
 1.47856667e-08  0.00000000e+00  1.47856667e-08  1.80000000e+00 
 1.47876667e-08  0.00000000e+00  1.47876667e-08  1.80000000e+00 
 1.47896667e-08  0.00000000e+00  1.47896667e-08  1.80000000e+00 
 1.47916667e-08  0.00000000e+00  1.47916667e-08  1.80000000e+00 
 1.47936667e-08  0.00000000e+00  1.47936667e-08  1.80000000e+00 
 1.47956667e-08  0.00000000e+00  1.47956667e-08  1.80000000e+00 
 1.47976667e-08  0.00000000e+00  1.47976667e-08  1.80000000e+00 
 1.47996667e-08  0.00000000e+00  1.47996667e-08  1.80000000e+00 
 1.48016667e-08  0.00000000e+00  1.48016667e-08  1.80000000e+00 
 1.48036667e-08  0.00000000e+00  1.48036667e-08  1.80000000e+00 
 1.48056667e-08  0.00000000e+00  1.48056667e-08  1.80000000e+00 
 1.48076667e-08  0.00000000e+00  1.48076667e-08  1.80000000e+00 
 1.48096667e-08  0.00000000e+00  1.48096667e-08  1.80000000e+00 
 1.48116667e-08  0.00000000e+00  1.48116667e-08  1.80000000e+00 
 1.48136667e-08  0.00000000e+00  1.48136667e-08  1.80000000e+00 
 1.48156667e-08  0.00000000e+00  1.48156667e-08  1.80000000e+00 
 1.48176667e-08  0.00000000e+00  1.48176667e-08  1.80000000e+00 
 1.48196667e-08  0.00000000e+00  1.48196667e-08  1.80000000e+00 
 1.48216667e-08  0.00000000e+00  1.48216667e-08  1.80000000e+00 
 1.48236667e-08  0.00000000e+00  1.48236667e-08  1.80000000e+00 
 1.48256667e-08  0.00000000e+00  1.48256667e-08  1.80000000e+00 
 1.48276667e-08  0.00000000e+00  1.48276667e-08  1.80000000e+00 
 1.48296667e-08  0.00000000e+00  1.48296667e-08  1.80000000e+00 
 1.48316667e-08  0.00000000e+00  1.48316667e-08  1.80000000e+00 
 1.48336667e-08  0.00000000e+00  1.48336667e-08  1.80000000e+00 
 1.48356667e-08  0.00000000e+00  1.48356667e-08  1.80000000e+00 
 1.48376667e-08  0.00000000e+00  1.48376667e-08  1.80000000e+00 
 1.48396667e-08  0.00000000e+00  1.48396667e-08  1.80000000e+00 
 1.48416667e-08  0.00000000e+00  1.48416667e-08  1.80000000e+00 
 1.48436667e-08  0.00000000e+00  1.48436667e-08  1.80000000e+00 
 1.48456667e-08  0.00000000e+00  1.48456667e-08  1.80000000e+00 
 1.48476667e-08  0.00000000e+00  1.48476667e-08  1.80000000e+00 
 1.48496667e-08  0.00000000e+00  1.48496667e-08  1.80000000e+00 
 1.48516667e-08  0.00000000e+00  1.48516667e-08  1.80000000e+00 
 1.48536667e-08  0.00000000e+00  1.48536667e-08  1.80000000e+00 
 1.48556667e-08  0.00000000e+00  1.48556667e-08  1.80000000e+00 
 1.48576667e-08  0.00000000e+00  1.48576667e-08  1.80000000e+00 
 1.48596667e-08  0.00000000e+00  1.48596667e-08  1.80000000e+00 
 1.48616667e-08  0.00000000e+00  1.48616667e-08  1.80000000e+00 
 1.48636667e-08  0.00000000e+00  1.48636667e-08  1.80000000e+00 
 1.48656667e-08  0.00000000e+00  1.48656667e-08  1.80000000e+00 
 1.48676667e-08  0.00000000e+00  1.48676667e-08  1.80000000e+00 
 1.48696667e-08  0.00000000e+00  1.48696667e-08  1.80000000e+00 
 1.48716667e-08  0.00000000e+00  1.48716667e-08  1.80000000e+00 
 1.48736667e-08  0.00000000e+00  1.48736667e-08  1.80000000e+00 
 1.48756667e-08  0.00000000e+00  1.48756667e-08  1.80000000e+00 
 1.48776667e-08  0.00000000e+00  1.48776667e-08  1.80000000e+00 
 1.48796667e-08  0.00000000e+00  1.48796667e-08  1.80000000e+00 
 1.48816667e-08  0.00000000e+00  1.48816667e-08  1.80000000e+00 
 1.48836667e-08  0.00000000e+00  1.48836667e-08  1.80000000e+00 
 1.48856667e-08  0.00000000e+00  1.48856667e-08  1.80000000e+00 
 1.48876667e-08  0.00000000e+00  1.48876667e-08  1.80000000e+00 
 1.48896667e-08  0.00000000e+00  1.48896667e-08  1.80000000e+00 
 1.48916667e-08  0.00000000e+00  1.48916667e-08  1.80000000e+00 
 1.48936667e-08  0.00000000e+00  1.48936667e-08  1.80000000e+00 
 1.48956667e-08  0.00000000e+00  1.48956667e-08  1.80000000e+00 
 1.48976667e-08  0.00000000e+00  1.48976667e-08  1.80000000e+00 
 1.48996667e-08  0.00000000e+00  1.48996667e-08  1.80000000e+00 
 1.49016667e-08  0.00000000e+00  1.49016667e-08  1.80000000e+00 
 1.49036667e-08  0.00000000e+00  1.49036667e-08  1.80000000e+00 
 1.49056667e-08  0.00000000e+00  1.49056667e-08  1.80000000e+00 
 1.49076667e-08  0.00000000e+00  1.49076667e-08  1.80000000e+00 
 1.49096667e-08  0.00000000e+00  1.49096667e-08  1.80000000e+00 
 1.49116667e-08  0.00000000e+00  1.49116667e-08  1.80000000e+00 
 1.49136667e-08  0.00000000e+00  1.49136667e-08  1.80000000e+00 
 1.49156667e-08  0.00000000e+00  1.49156667e-08  1.80000000e+00 
 1.49176667e-08  0.00000000e+00  1.49176667e-08  1.80000000e+00 
 1.49196667e-08  0.00000000e+00  1.49196667e-08  1.80000000e+00 
 1.49216667e-08  0.00000000e+00  1.49216667e-08  1.80000000e+00 
 1.49236667e-08  0.00000000e+00  1.49236667e-08  1.80000000e+00 
 1.49256667e-08  0.00000000e+00  1.49256667e-08  1.80000000e+00 
 1.49276667e-08  0.00000000e+00  1.49276667e-08  1.80000000e+00 
 1.49296667e-08  0.00000000e+00  1.49296667e-08  1.80000000e+00 
 1.49316667e-08  0.00000000e+00  1.49316667e-08  1.80000000e+00 
 1.49336667e-08  0.00000000e+00  1.49336667e-08  1.80000000e+00 
 1.49356667e-08  0.00000000e+00  1.49356667e-08  1.80000000e+00 
 1.49376667e-08  0.00000000e+00  1.49376667e-08  1.80000000e+00 
 1.49396667e-08  0.00000000e+00  1.49396667e-08  1.80000000e+00 
 1.49416667e-08  0.00000000e+00  1.49416667e-08  1.80000000e+00 
 1.49436667e-08  0.00000000e+00  1.49436667e-08  1.80000000e+00 
 1.49456667e-08  0.00000000e+00  1.49456667e-08  1.80000000e+00 
 1.49476667e-08  0.00000000e+00  1.49476667e-08  1.80000000e+00 
 1.49496667e-08  0.00000000e+00  1.49496667e-08  1.80000000e+00 
 1.49516667e-08  0.00000000e+00  1.49516667e-08  1.80000000e+00 
 1.49536667e-08  0.00000000e+00  1.49536667e-08  1.80000000e+00 
 1.49556667e-08  0.00000000e+00  1.49556667e-08  1.80000000e+00 
 1.49576667e-08  0.00000000e+00  1.49576667e-08  1.80000000e+00 
 1.49596667e-08  0.00000000e+00  1.49596667e-08  1.80000000e+00 
 1.49616667e-08  0.00000000e+00  1.49616667e-08  1.80000000e+00 
 1.49636667e-08  0.00000000e+00  1.49636667e-08  1.80000000e+00 
 1.49656667e-08  0.00000000e+00  1.49656667e-08  1.80000000e+00 
 1.49676667e-08  0.00000000e+00  1.49676667e-08  1.80000000e+00 
 1.49696667e-08  0.00000000e+00  1.49696667e-08  1.80000000e+00 
 1.49716667e-08  0.00000000e+00  1.49716667e-08  1.80000000e+00 
 1.49736667e-08  0.00000000e+00  1.49736667e-08  1.80000000e+00 
 1.49756667e-08  0.00000000e+00  1.49756667e-08  1.80000000e+00 
 1.49776667e-08  0.00000000e+00  1.49776667e-08  1.80000000e+00 
 1.49796667e-08  0.00000000e+00  1.49796667e-08  1.80000000e+00 
 1.49816667e-08  0.00000000e+00  1.49816667e-08  1.80000000e+00 
 1.49836667e-08  0.00000000e+00  1.49836667e-08  1.80000000e+00 
 1.49856667e-08  0.00000000e+00  1.49856667e-08  1.80000000e+00 
 1.49876667e-08  0.00000000e+00  1.49876667e-08  1.80000000e+00 
 1.49896667e-08  0.00000000e+00  1.49896667e-08  1.80000000e+00 
 1.49916667e-08  0.00000000e+00  1.49916667e-08  1.80000000e+00 
 1.49936667e-08  0.00000000e+00  1.49936667e-08  1.80000000e+00 
 1.49956667e-08  0.00000000e+00  1.49956667e-08  1.80000000e+00 
 1.49976667e-08  0.00000000e+00  1.49976667e-08  1.80000000e+00 
 1.49996667e-08  0.00000000e+00  1.49996667e-08  1.80000000e+00 
 1.50016667e-08  0.00000000e+00  1.50016667e-08  1.80000000e+00 
 1.50036667e-08  0.00000000e+00  1.50036667e-08  1.80000000e+00 
 1.50056667e-08  0.00000000e+00  1.50056667e-08  1.80000000e+00 
 1.50076667e-08  0.00000000e+00  1.50076667e-08  1.80000000e+00 
 1.50096667e-08  0.00000000e+00  1.50096667e-08  1.80000000e+00 
 1.50116667e-08  0.00000000e+00  1.50116667e-08  1.80000000e+00 
 1.50136667e-08  0.00000000e+00  1.50136667e-08  1.80000000e+00 
 1.50156667e-08  0.00000000e+00  1.50156667e-08  1.80000000e+00 
 1.50176667e-08  0.00000000e+00  1.50176667e-08  1.80000000e+00 
 1.50196667e-08  0.00000000e+00  1.50196667e-08  1.80000000e+00 
 1.50216667e-08  0.00000000e+00  1.50216667e-08  1.80000000e+00 
 1.50236667e-08  0.00000000e+00  1.50236667e-08  1.80000000e+00 
 1.50256667e-08  0.00000000e+00  1.50256667e-08  1.80000000e+00 
 1.50276667e-08  0.00000000e+00  1.50276667e-08  1.80000000e+00 
 1.50296667e-08  0.00000000e+00  1.50296667e-08  1.80000000e+00 
 1.50316667e-08  0.00000000e+00  1.50316667e-08  1.80000000e+00 
 1.50336667e-08  0.00000000e+00  1.50336667e-08  1.80000000e+00 
 1.50356667e-08  0.00000000e+00  1.50356667e-08  1.80000000e+00 
 1.50376667e-08  0.00000000e+00  1.50376667e-08  1.80000000e+00 
 1.50396667e-08  0.00000000e+00  1.50396667e-08  1.80000000e+00 
 1.50416667e-08  0.00000000e+00  1.50416667e-08  1.80000000e+00 
 1.50436667e-08  0.00000000e+00  1.50436667e-08  1.80000000e+00 
 1.50456667e-08  0.00000000e+00  1.50456667e-08  1.80000000e+00 
 1.50476667e-08  0.00000000e+00  1.50476667e-08  1.80000000e+00 
 1.50496667e-08  0.00000000e+00  1.50496667e-08  1.80000000e+00 
 1.50516667e-08  0.00000000e+00  1.50516667e-08  1.80000000e+00 
 1.50536667e-08  0.00000000e+00  1.50536667e-08  1.80000000e+00 
 1.50556667e-08  0.00000000e+00  1.50556667e-08  1.80000000e+00 
 1.50576667e-08  0.00000000e+00  1.50576667e-08  1.80000000e+00 
 1.50596667e-08  0.00000000e+00  1.50596667e-08  1.80000000e+00 
 1.50616667e-08  0.00000000e+00  1.50616667e-08  1.80000000e+00 
 1.50636667e-08  0.00000000e+00  1.50636667e-08  1.80000000e+00 
 1.50656667e-08  0.00000000e+00  1.50656667e-08  1.80000000e+00 
 1.50676667e-08  0.00000000e+00  1.50676667e-08  1.80000000e+00 
 1.50696667e-08  0.00000000e+00  1.50696667e-08  1.80000000e+00 
 1.50716667e-08  0.00000000e+00  1.50716667e-08  1.80000000e+00 
 1.50736667e-08  0.00000000e+00  1.50736667e-08  1.80000000e+00 
 1.50756667e-08  0.00000000e+00  1.50756667e-08  1.80000000e+00 
 1.50776667e-08  0.00000000e+00  1.50776667e-08  1.80000000e+00 
 1.50796667e-08  0.00000000e+00  1.50796667e-08  1.80000000e+00 
 1.50816667e-08  0.00000000e+00  1.50816667e-08  1.80000000e+00 
 1.50836667e-08  0.00000000e+00  1.50836667e-08  1.80000000e+00 
 1.50856667e-08  0.00000000e+00  1.50856667e-08  1.80000000e+00 
 1.50876667e-08  0.00000000e+00  1.50876667e-08  1.80000000e+00 
 1.50896667e-08  0.00000000e+00  1.50896667e-08  1.80000000e+00 
 1.50916667e-08  0.00000000e+00  1.50916667e-08  1.80000000e+00 
 1.50936667e-08  0.00000000e+00  1.50936667e-08  1.80000000e+00 
 1.50956667e-08  0.00000000e+00  1.50956667e-08  1.80000000e+00 
 1.50976667e-08  0.00000000e+00  1.50976667e-08  1.80000000e+00 
 1.50996667e-08  0.00000000e+00  1.50996667e-08  1.80000000e+00 
 1.51016667e-08  0.00000000e+00  1.51016667e-08  1.80000000e+00 
 1.51036667e-08  0.00000000e+00  1.51036667e-08  1.80000000e+00 
 1.51056667e-08  0.00000000e+00  1.51056667e-08  1.80000000e+00 
 1.51076667e-08  0.00000000e+00  1.51076667e-08  1.80000000e+00 
 1.51096667e-08  0.00000000e+00  1.51096667e-08  1.80000000e+00 
 1.51116667e-08  0.00000000e+00  1.51116667e-08  1.80000000e+00 
 1.51136667e-08  0.00000000e+00  1.51136667e-08  1.80000000e+00 
 1.51156667e-08  0.00000000e+00  1.51156667e-08  1.80000000e+00 
 1.51176667e-08  0.00000000e+00  1.51176667e-08  1.80000000e+00 
 1.51196667e-08  0.00000000e+00  1.51196667e-08  1.80000000e+00 
 1.51216667e-08  0.00000000e+00  1.51216667e-08  1.80000000e+00 
 1.51236667e-08  0.00000000e+00  1.51236667e-08  1.80000000e+00 
 1.51256667e-08  0.00000000e+00  1.51256667e-08  1.80000000e+00 
 1.51276667e-08  0.00000000e+00  1.51276667e-08  1.80000000e+00 
 1.51296667e-08  0.00000000e+00  1.51296667e-08  1.80000000e+00 
 1.51316667e-08  0.00000000e+00  1.51316667e-08  1.80000000e+00 
 1.51336667e-08  0.00000000e+00  1.51336667e-08  1.80000000e+00 
 1.51356667e-08  0.00000000e+00  1.51356667e-08  1.80000000e+00 
 1.51376667e-08  0.00000000e+00  1.51376667e-08  1.80000000e+00 
 1.51396667e-08  0.00000000e+00  1.51396667e-08  1.80000000e+00 
 1.51416667e-08  0.00000000e+00  1.51416667e-08  1.80000000e+00 
 1.51436667e-08  0.00000000e+00  1.51436667e-08  1.80000000e+00 
 1.51456667e-08  0.00000000e+00  1.51456667e-08  1.80000000e+00 
 1.51476667e-08  0.00000000e+00  1.51476667e-08  1.80000000e+00 
 1.51496667e-08  0.00000000e+00  1.51496667e-08  1.80000000e+00 
 1.51516667e-08  0.00000000e+00  1.51516667e-08  1.80000000e+00 
 1.51536667e-08  0.00000000e+00  1.51536667e-08  1.80000000e+00 
 1.51556667e-08  0.00000000e+00  1.51556667e-08  1.80000000e+00 
 1.51576667e-08  0.00000000e+00  1.51576667e-08  1.80000000e+00 
 1.51596667e-08  0.00000000e+00  1.51596667e-08  1.80000000e+00 
 1.51616667e-08  0.00000000e+00  1.51616667e-08  1.80000000e+00 
 1.51636667e-08  0.00000000e+00  1.51636667e-08  1.80000000e+00 
 1.51656667e-08  0.00000000e+00  1.51656667e-08  1.80000000e+00 
 1.51676667e-08  0.00000000e+00  1.51676667e-08  1.80000000e+00 
 1.51696667e-08  0.00000000e+00  1.51696667e-08  1.80000000e+00 
 1.51716667e-08  0.00000000e+00  1.51716667e-08  1.80000000e+00 
 1.51736667e-08  0.00000000e+00  1.51736667e-08  1.80000000e+00 
 1.51756667e-08  0.00000000e+00  1.51756667e-08  1.80000000e+00 
 1.51776667e-08  0.00000000e+00  1.51776667e-08  1.80000000e+00 
 1.51796667e-08  0.00000000e+00  1.51796667e-08  1.80000000e+00 
 1.51816667e-08  0.00000000e+00  1.51816667e-08  1.80000000e+00 
 1.51836667e-08  0.00000000e+00  1.51836667e-08  1.80000000e+00 
 1.51856667e-08  0.00000000e+00  1.51856667e-08  1.80000000e+00 
 1.51876667e-08  0.00000000e+00  1.51876667e-08  1.80000000e+00 
 1.51896667e-08  0.00000000e+00  1.51896667e-08  1.80000000e+00 
 1.51916667e-08  0.00000000e+00  1.51916667e-08  1.80000000e+00 
 1.51936667e-08  0.00000000e+00  1.51936667e-08  1.80000000e+00 
 1.51956667e-08  0.00000000e+00  1.51956667e-08  1.80000000e+00 
 1.51976667e-08  0.00000000e+00  1.51976667e-08  1.80000000e+00 
 1.51996667e-08  0.00000000e+00  1.51996667e-08  1.80000000e+00 
 1.52016667e-08  0.00000000e+00  1.52016667e-08  1.80000000e+00 
 1.52036667e-08  0.00000000e+00  1.52036667e-08  1.80000000e+00 
 1.52056667e-08  0.00000000e+00  1.52056667e-08  1.80000000e+00 
 1.52076667e-08  0.00000000e+00  1.52076667e-08  1.80000000e+00 
 1.52096667e-08  0.00000000e+00  1.52096667e-08  1.80000000e+00 
 1.52116667e-08  0.00000000e+00  1.52116667e-08  1.80000000e+00 
 1.52136667e-08  0.00000000e+00  1.52136667e-08  1.80000000e+00 
 1.52156667e-08  0.00000000e+00  1.52156667e-08  1.80000000e+00 
 1.52176667e-08  0.00000000e+00  1.52176667e-08  1.80000000e+00 
 1.52196667e-08  0.00000000e+00  1.52196667e-08  1.80000000e+00 
 1.52216667e-08  0.00000000e+00  1.52216667e-08  1.80000000e+00 
 1.52236667e-08  0.00000000e+00  1.52236667e-08  1.80000000e+00 
 1.52256667e-08  0.00000000e+00  1.52256667e-08  1.80000000e+00 
 1.52276667e-08  0.00000000e+00  1.52276667e-08  1.80000000e+00 
 1.52296667e-08  0.00000000e+00  1.52296667e-08  1.80000000e+00 
 1.52316667e-08  0.00000000e+00  1.52316667e-08  1.80000000e+00 
 1.52336667e-08  0.00000000e+00  1.52336667e-08  1.80000000e+00 
 1.52356667e-08  0.00000000e+00  1.52356667e-08  1.80000000e+00 
 1.52376667e-08  0.00000000e+00  1.52376667e-08  1.80000000e+00 
 1.52396667e-08  0.00000000e+00  1.52396667e-08  1.80000000e+00 
 1.52416667e-08  0.00000000e+00  1.52416667e-08  1.80000000e+00 
 1.52436667e-08  0.00000000e+00  1.52436667e-08  1.80000000e+00 
 1.52456667e-08  0.00000000e+00  1.52456667e-08  1.80000000e+00 
 1.52476667e-08  0.00000000e+00  1.52476667e-08  1.80000000e+00 
 1.52496667e-08  0.00000000e+00  1.52496667e-08  1.80000000e+00 
 1.52516667e-08  0.00000000e+00  1.52516667e-08  1.80000000e+00 
 1.52536667e-08  0.00000000e+00  1.52536667e-08  1.80000000e+00 
 1.52556667e-08  0.00000000e+00  1.52556667e-08  1.80000000e+00 
 1.52576667e-08  0.00000000e+00  1.52576667e-08  1.80000000e+00 
 1.52596667e-08  0.00000000e+00  1.52596667e-08  1.80000000e+00 
 1.52616667e-08  0.00000000e+00  1.52616667e-08  1.80000000e+00 
 1.52636667e-08  0.00000000e+00  1.52636667e-08  1.80000000e+00 
 1.52656667e-08  0.00000000e+00  1.52656667e-08  1.80000000e+00 
 1.52676667e-08  0.00000000e+00  1.52676667e-08  1.80000000e+00 
 1.52696667e-08  0.00000000e+00  1.52696667e-08  1.80000000e+00 
 1.52716667e-08  0.00000000e+00  1.52716667e-08  1.80000000e+00 
 1.52736667e-08  0.00000000e+00  1.52736667e-08  1.80000000e+00 
 1.52756667e-08  0.00000000e+00  1.52756667e-08  1.80000000e+00 
 1.52776667e-08  0.00000000e+00  1.52776667e-08  1.80000000e+00 
 1.52796667e-08  0.00000000e+00  1.52796667e-08  1.80000000e+00 
 1.52816667e-08  0.00000000e+00  1.52816667e-08  1.80000000e+00 
 1.52836667e-08  0.00000000e+00  1.52836667e-08  1.80000000e+00 
 1.52856667e-08  0.00000000e+00  1.52856667e-08  1.80000000e+00 
 1.52876667e-08  0.00000000e+00  1.52876667e-08  1.80000000e+00 
 1.52896667e-08  0.00000000e+00  1.52896667e-08  1.80000000e+00 
 1.52916667e-08  0.00000000e+00  1.52916667e-08  1.80000000e+00 
 1.52936667e-08  0.00000000e+00  1.52936667e-08  1.80000000e+00 
 1.52956667e-08  0.00000000e+00  1.52956667e-08  1.80000000e+00 
 1.52976667e-08  0.00000000e+00  1.52976667e-08  1.80000000e+00 
 1.52996667e-08  0.00000000e+00  1.52996667e-08  1.80000000e+00 
 1.53016667e-08  0.00000000e+00  1.53016667e-08  1.80000000e+00 
 1.53036667e-08  0.00000000e+00  1.53036667e-08  1.80000000e+00 
 1.53056667e-08  0.00000000e+00  1.53056667e-08  1.80000000e+00 
 1.53076667e-08  0.00000000e+00  1.53076667e-08  1.80000000e+00 
 1.53096667e-08  0.00000000e+00  1.53096667e-08  1.80000000e+00 
 1.53116667e-08  0.00000000e+00  1.53116667e-08  1.80000000e+00 
 1.53136667e-08  0.00000000e+00  1.53136667e-08  1.80000000e+00 
 1.53156667e-08  0.00000000e+00  1.53156667e-08  1.80000000e+00 
 1.53176667e-08  0.00000000e+00  1.53176667e-08  1.80000000e+00 
 1.53196667e-08  0.00000000e+00  1.53196667e-08  1.80000000e+00 
 1.53216667e-08  0.00000000e+00  1.53216667e-08  1.80000000e+00 
 1.53236667e-08  0.00000000e+00  1.53236667e-08  1.80000000e+00 
 1.53256667e-08  0.00000000e+00  1.53256667e-08  1.80000000e+00 
 1.53276667e-08  0.00000000e+00  1.53276667e-08  1.80000000e+00 
 1.53296667e-08  0.00000000e+00  1.53296667e-08  1.80000000e+00 
 1.53316667e-08  0.00000000e+00  1.53316667e-08  1.80000000e+00 
 1.53336667e-08  0.00000000e+00  1.53336667e-08  1.80000000e+00 
 1.53356667e-08  0.00000000e+00  1.53356667e-08  1.80000000e+00 
 1.53376667e-08  0.00000000e+00  1.53376667e-08  1.80000000e+00 
 1.53396667e-08  0.00000000e+00  1.53396667e-08  1.80000000e+00 
 1.53416667e-08  0.00000000e+00  1.53416667e-08  1.80000000e+00 
 1.53436667e-08  0.00000000e+00  1.53436667e-08  1.80000000e+00 
 1.53456667e-08  0.00000000e+00  1.53456667e-08  1.80000000e+00 
 1.53476667e-08  0.00000000e+00  1.53476667e-08  1.80000000e+00 
 1.53496667e-08  0.00000000e+00  1.53496667e-08  1.80000000e+00 
 1.53516667e-08  0.00000000e+00  1.53516667e-08  1.80000000e+00 
 1.53536667e-08  0.00000000e+00  1.53536667e-08  1.80000000e+00 
 1.53556667e-08  0.00000000e+00  1.53556667e-08  1.80000000e+00 
 1.53576667e-08  0.00000000e+00  1.53576667e-08  1.80000000e+00 
 1.53596667e-08  0.00000000e+00  1.53596667e-08  1.80000000e+00 
 1.53616667e-08  0.00000000e+00  1.53616667e-08  1.80000000e+00 
 1.53636667e-08  0.00000000e+00  1.53636667e-08  1.80000000e+00 
 1.53656667e-08  0.00000000e+00  1.53656667e-08  1.80000000e+00 
 1.53676667e-08  0.00000000e+00  1.53676667e-08  1.80000000e+00 
 1.53696667e-08  0.00000000e+00  1.53696667e-08  1.80000000e+00 
 1.53716667e-08  0.00000000e+00  1.53716667e-08  1.80000000e+00 
 1.53736667e-08  0.00000000e+00  1.53736667e-08  1.80000000e+00 
 1.53756667e-08  0.00000000e+00  1.53756667e-08  1.80000000e+00 
 1.53776667e-08  0.00000000e+00  1.53776667e-08  1.80000000e+00 
 1.53796667e-08  0.00000000e+00  1.53796667e-08  1.80000000e+00 
 1.53816667e-08  0.00000000e+00  1.53816667e-08  1.80000000e+00 
 1.53836667e-08  0.00000000e+00  1.53836667e-08  1.80000000e+00 
 1.53856667e-08  0.00000000e+00  1.53856667e-08  1.80000000e+00 
 1.53876667e-08  0.00000000e+00  1.53876667e-08  1.80000000e+00 
 1.53896667e-08  0.00000000e+00  1.53896667e-08  1.80000000e+00 
 1.53916667e-08  0.00000000e+00  1.53916667e-08  1.80000000e+00 
 1.53936667e-08  0.00000000e+00  1.53936667e-08  1.80000000e+00 
 1.53956667e-08  0.00000000e+00  1.53956667e-08  1.80000000e+00 
 1.53976667e-08  0.00000000e+00  1.53976667e-08  1.80000000e+00 
 1.53996667e-08  0.00000000e+00  1.53996667e-08  1.80000000e+00 
 1.54016667e-08  0.00000000e+00  1.54016667e-08  1.80000000e+00 
 1.54036667e-08  0.00000000e+00  1.54036667e-08  1.80000000e+00 
 1.54056667e-08  0.00000000e+00  1.54056667e-08  1.80000000e+00 
 1.54076667e-08  0.00000000e+00  1.54076667e-08  1.80000000e+00 
 1.54096667e-08  0.00000000e+00  1.54096667e-08  1.80000000e+00 
 1.54116667e-08  0.00000000e+00  1.54116667e-08  1.80000000e+00 
 1.54136667e-08  0.00000000e+00  1.54136667e-08  1.80000000e+00 
 1.54156667e-08  0.00000000e+00  1.54156667e-08  1.80000000e+00 
 1.54176667e-08  0.00000000e+00  1.54176667e-08  1.80000000e+00 
 1.54196667e-08  0.00000000e+00  1.54196667e-08  1.80000000e+00 
 1.54216667e-08  0.00000000e+00  1.54216667e-08  1.80000000e+00 
 1.54236667e-08  0.00000000e+00  1.54236667e-08  1.80000000e+00 
 1.54256667e-08  0.00000000e+00  1.54256667e-08  1.80000000e+00 
 1.54276667e-08  0.00000000e+00  1.54276667e-08  1.80000000e+00 
 1.54296667e-08  0.00000000e+00  1.54296667e-08  1.80000000e+00 
 1.54316667e-08  0.00000000e+00  1.54316667e-08  1.80000000e+00 
 1.54336667e-08  0.00000000e+00  1.54336667e-08  1.80000000e+00 
 1.54356667e-08  0.00000000e+00  1.54356667e-08  1.80000000e+00 
 1.54376667e-08  0.00000000e+00  1.54376667e-08  1.80000000e+00 
 1.54396667e-08  0.00000000e+00  1.54396667e-08  1.80000000e+00 
 1.54416667e-08  0.00000000e+00  1.54416667e-08  1.80000000e+00 
 1.54436667e-08  0.00000000e+00  1.54436667e-08  1.80000000e+00 
 1.54456667e-08  0.00000000e+00  1.54456667e-08  1.80000000e+00 
 1.54476667e-08  0.00000000e+00  1.54476667e-08  1.80000000e+00 
 1.54496667e-08  0.00000000e+00  1.54496667e-08  1.80000000e+00 
 1.54516667e-08  0.00000000e+00  1.54516667e-08  1.80000000e+00 
 1.54536667e-08  0.00000000e+00  1.54536667e-08  1.80000000e+00 
 1.54556667e-08  0.00000000e+00  1.54556667e-08  1.80000000e+00 
 1.54576667e-08  0.00000000e+00  1.54576667e-08  1.80000000e+00 
 1.54596667e-08  0.00000000e+00  1.54596667e-08  1.80000000e+00 
 1.54616667e-08  0.00000000e+00  1.54616667e-08  1.80000000e+00 
 1.54636667e-08  0.00000000e+00  1.54636667e-08  1.80000000e+00 
 1.54656667e-08  0.00000000e+00  1.54656667e-08  1.80000000e+00 
 1.54676667e-08  0.00000000e+00  1.54676667e-08  1.80000000e+00 
 1.54696667e-08  0.00000000e+00  1.54696667e-08  1.80000000e+00 
 1.54716667e-08  0.00000000e+00  1.54716667e-08  1.80000000e+00 
 1.54736667e-08  0.00000000e+00  1.54736667e-08  1.80000000e+00 
 1.54756667e-08  0.00000000e+00  1.54756667e-08  1.80000000e+00 
 1.54776667e-08  0.00000000e+00  1.54776667e-08  1.80000000e+00 
 1.54796667e-08  0.00000000e+00  1.54796667e-08  1.80000000e+00 
 1.54816667e-08  0.00000000e+00  1.54816667e-08  1.80000000e+00 
 1.54836667e-08  0.00000000e+00  1.54836667e-08  1.80000000e+00 
 1.54856667e-08  0.00000000e+00  1.54856667e-08  1.80000000e+00 
 1.54876667e-08  0.00000000e+00  1.54876667e-08  1.80000000e+00 
 1.54896667e-08  0.00000000e+00  1.54896667e-08  1.80000000e+00 
 1.54916667e-08  0.00000000e+00  1.54916667e-08  1.80000000e+00 
 1.54936667e-08  0.00000000e+00  1.54936667e-08  1.80000000e+00 
 1.54956667e-08  0.00000000e+00  1.54956667e-08  1.80000000e+00 
 1.54976667e-08  0.00000000e+00  1.54976667e-08  1.80000000e+00 
 1.54996667e-08  0.00000000e+00  1.54996667e-08  1.80000000e+00 
 1.55016667e-08  0.00000000e+00  1.55016667e-08  1.80000000e+00 
 1.55036667e-08  0.00000000e+00  1.55036667e-08  1.80000000e+00 
 1.55056667e-08  0.00000000e+00  1.55056667e-08  1.80000000e+00 
 1.55076667e-08  0.00000000e+00  1.55076667e-08  1.80000000e+00 
 1.55096667e-08  0.00000000e+00  1.55096667e-08  1.80000000e+00 
 1.55116667e-08  0.00000000e+00  1.55116667e-08  1.80000000e+00 
 1.55136667e-08  0.00000000e+00  1.55136667e-08  1.80000000e+00 
 1.55156667e-08  0.00000000e+00  1.55156667e-08  1.80000000e+00 
 1.55176667e-08  0.00000000e+00  1.55176667e-08  1.80000000e+00 
 1.55196667e-08  0.00000000e+00  1.55196667e-08  1.80000000e+00 
 1.55216667e-08  0.00000000e+00  1.55216667e-08  1.80000000e+00 
 1.55236667e-08  0.00000000e+00  1.55236667e-08  1.80000000e+00 
 1.55256667e-08  0.00000000e+00  1.55256667e-08  1.80000000e+00 
 1.55276667e-08  0.00000000e+00  1.55276667e-08  1.80000000e+00 
 1.55296667e-08  0.00000000e+00  1.55296667e-08  1.80000000e+00 
 1.55316667e-08  0.00000000e+00  1.55316667e-08  1.80000000e+00 
 1.55336667e-08  0.00000000e+00  1.55336667e-08  1.80000000e+00 
 1.55356667e-08  0.00000000e+00  1.55356667e-08  1.80000000e+00 
 1.55376667e-08  0.00000000e+00  1.55376667e-08  1.80000000e+00 
 1.55396667e-08  0.00000000e+00  1.55396667e-08  1.80000000e+00 
 1.55416667e-08  0.00000000e+00  1.55416667e-08  1.80000000e+00 
 1.55436667e-08  0.00000000e+00  1.55436667e-08  1.80000000e+00 
 1.55456667e-08  0.00000000e+00  1.55456667e-08  1.80000000e+00 
 1.55476667e-08  0.00000000e+00  1.55476667e-08  1.80000000e+00 
 1.55496667e-08  0.00000000e+00  1.55496667e-08  1.80000000e+00 
 1.55516667e-08  0.00000000e+00  1.55516667e-08  1.80000000e+00 
 1.55536667e-08  0.00000000e+00  1.55536667e-08  1.80000000e+00 
 1.55556667e-08  0.00000000e+00  1.55556667e-08  1.80000000e+00 
 1.55576667e-08  0.00000000e+00  1.55576667e-08  1.80000000e+00 
 1.55596667e-08  0.00000000e+00  1.55596667e-08  1.80000000e+00 
 1.55616667e-08  0.00000000e+00  1.55616667e-08  1.80000000e+00 
 1.55636667e-08  0.00000000e+00  1.55636667e-08  1.80000000e+00 
 1.55656667e-08  0.00000000e+00  1.55656667e-08  1.80000000e+00 
 1.55676667e-08  0.00000000e+00  1.55676667e-08  1.80000000e+00 
 1.55696667e-08  0.00000000e+00  1.55696667e-08  1.80000000e+00 
 1.55716667e-08  0.00000000e+00  1.55716667e-08  1.80000000e+00 
 1.55736667e-08  0.00000000e+00  1.55736667e-08  1.80000000e+00 
 1.55756667e-08  0.00000000e+00  1.55756667e-08  1.80000000e+00 
 1.55776667e-08  0.00000000e+00  1.55776667e-08  1.80000000e+00 
 1.55796667e-08  0.00000000e+00  1.55796667e-08  1.80000000e+00 
 1.55816667e-08  0.00000000e+00  1.55816667e-08  1.80000000e+00 
 1.55836667e-08  0.00000000e+00  1.55836667e-08  1.80000000e+00 
 1.55856667e-08  0.00000000e+00  1.55856667e-08  1.80000000e+00 
 1.55876667e-08  0.00000000e+00  1.55876667e-08  1.80000000e+00 
 1.55896667e-08  0.00000000e+00  1.55896667e-08  1.80000000e+00 
 1.55916667e-08  0.00000000e+00  1.55916667e-08  1.80000000e+00 
 1.55936667e-08  0.00000000e+00  1.55936667e-08  1.80000000e+00 
 1.55956667e-08  0.00000000e+00  1.55956667e-08  1.80000000e+00 
 1.55976667e-08  0.00000000e+00  1.55976667e-08  1.80000000e+00 
 1.55996667e-08  0.00000000e+00  1.55996667e-08  1.80000000e+00 
 1.56016667e-08  0.00000000e+00  1.56016667e-08  1.80000000e+00 
 1.56036667e-08  0.00000000e+00  1.56036667e-08  1.80000000e+00 
 1.56056667e-08  0.00000000e+00  1.56056667e-08  1.80000000e+00 
 1.56076667e-08  0.00000000e+00  1.56076667e-08  1.80000000e+00 
 1.56096667e-08  0.00000000e+00  1.56096667e-08  1.80000000e+00 
 1.56116667e-08  0.00000000e+00  1.56116667e-08  1.80000000e+00 
 1.56136667e-08  0.00000000e+00  1.56136667e-08  1.80000000e+00 
 1.56156667e-08  0.00000000e+00  1.56156667e-08  1.80000000e+00 
 1.56176667e-08  0.00000000e+00  1.56176667e-08  1.80000000e+00 
 1.56196667e-08  0.00000000e+00  1.56196667e-08  1.80000000e+00 
 1.56216667e-08  0.00000000e+00  1.56216667e-08  1.80000000e+00 
 1.56236667e-08  0.00000000e+00  1.56236667e-08  1.80000000e+00 
 1.56256667e-08  0.00000000e+00  1.56256667e-08  1.80000000e+00 
 1.56276667e-08  0.00000000e+00  1.56276667e-08  1.80000000e+00 
 1.56296667e-08  0.00000000e+00  1.56296667e-08  1.80000000e+00 
 1.56316667e-08  0.00000000e+00  1.56316667e-08  1.80000000e+00 
 1.56336667e-08  0.00000000e+00  1.56336667e-08  1.80000000e+00 
 1.56356667e-08  0.00000000e+00  1.56356667e-08  1.80000000e+00 
 1.56376667e-08  0.00000000e+00  1.56376667e-08  1.80000000e+00 
 1.56396667e-08  0.00000000e+00  1.56396667e-08  1.80000000e+00 
 1.56416667e-08  0.00000000e+00  1.56416667e-08  1.80000000e+00 
 1.56436667e-08  0.00000000e+00  1.56436667e-08  1.80000000e+00 
 1.56456667e-08  0.00000000e+00  1.56456667e-08  1.80000000e+00 
 1.56476667e-08  0.00000000e+00  1.56476667e-08  1.80000000e+00 
 1.56496667e-08  0.00000000e+00  1.56496667e-08  1.80000000e+00 
 1.56516667e-08  0.00000000e+00  1.56516667e-08  1.80000000e+00 
 1.56536667e-08  0.00000000e+00  1.56536667e-08  1.80000000e+00 
 1.56556667e-08  0.00000000e+00  1.56556667e-08  1.80000000e+00 
 1.56576667e-08  0.00000000e+00  1.56576667e-08  1.80000000e+00 
 1.56596667e-08  0.00000000e+00  1.56596667e-08  1.80000000e+00 
 1.56616667e-08  0.00000000e+00  1.56616667e-08  1.80000000e+00 
 1.56636667e-08  0.00000000e+00  1.56636667e-08  1.80000000e+00 
 1.56656667e-08  0.00000000e+00  1.56656667e-08  1.80000000e+00 
 1.56676667e-08  0.00000000e+00  1.56676667e-08  1.80000000e+00 
 1.56696667e-08  0.00000000e+00  1.56696667e-08  1.80000000e+00 
 1.56716667e-08  0.00000000e+00  1.56716667e-08  1.80000000e+00 
 1.56736667e-08  0.00000000e+00  1.56736667e-08  1.80000000e+00 
 1.56756667e-08  0.00000000e+00  1.56756667e-08  1.80000000e+00 
 1.56776667e-08  0.00000000e+00  1.56776667e-08  1.80000000e+00 
 1.56796667e-08  0.00000000e+00  1.56796667e-08  1.80000000e+00 
 1.56816667e-08  0.00000000e+00  1.56816667e-08  1.80000000e+00 
 1.56836667e-08  0.00000000e+00  1.56836667e-08  1.80000000e+00 
 1.56856667e-08  0.00000000e+00  1.56856667e-08  1.80000000e+00 
 1.56876667e-08  0.00000000e+00  1.56876667e-08  1.80000000e+00 
 1.56896667e-08  0.00000000e+00  1.56896667e-08  1.80000000e+00 
 1.56916667e-08  0.00000000e+00  1.56916667e-08  1.80000000e+00 
 1.56936667e-08  0.00000000e+00  1.56936667e-08  1.80000000e+00 
 1.56956667e-08  0.00000000e+00  1.56956667e-08  1.80000000e+00 
 1.56976667e-08  0.00000000e+00  1.56976667e-08  1.80000000e+00 
 1.56996667e-08  0.00000000e+00  1.56996667e-08  1.80000000e+00 
 1.57016667e-08  0.00000000e+00  1.57016667e-08  1.80000000e+00 
 1.57036667e-08  0.00000000e+00  1.57036667e-08  1.80000000e+00 
 1.57056667e-08  0.00000000e+00  1.57056667e-08  1.80000000e+00 
 1.57076667e-08  0.00000000e+00  1.57076667e-08  1.80000000e+00 
 1.57096667e-08  0.00000000e+00  1.57096667e-08  1.80000000e+00 
 1.57116667e-08  0.00000000e+00  1.57116667e-08  1.80000000e+00 
 1.57136667e-08  0.00000000e+00  1.57136667e-08  1.80000000e+00 
 1.57156667e-08  0.00000000e+00  1.57156667e-08  1.80000000e+00 
 1.57176667e-08  0.00000000e+00  1.57176667e-08  1.80000000e+00 
 1.57196667e-08  0.00000000e+00  1.57196667e-08  1.80000000e+00 
 1.57216667e-08  0.00000000e+00  1.57216667e-08  1.80000000e+00 
 1.57236667e-08  0.00000000e+00  1.57236667e-08  1.80000000e+00 
 1.57256667e-08  0.00000000e+00  1.57256667e-08  1.80000000e+00 
 1.57276667e-08  0.00000000e+00  1.57276667e-08  1.80000000e+00 
 1.57296667e-08  0.00000000e+00  1.57296667e-08  1.80000000e+00 
 1.57316667e-08  0.00000000e+00  1.57316667e-08  1.80000000e+00 
 1.57336667e-08  0.00000000e+00  1.57336667e-08  1.80000000e+00 
 1.57356667e-08  0.00000000e+00  1.57356667e-08  1.80000000e+00 
 1.57376667e-08  0.00000000e+00  1.57376667e-08  1.80000000e+00 
 1.57396667e-08  0.00000000e+00  1.57396667e-08  1.80000000e+00 
 1.57416667e-08  0.00000000e+00  1.57416667e-08  1.80000000e+00 
 1.57436667e-08  0.00000000e+00  1.57436667e-08  1.80000000e+00 
 1.57456667e-08  0.00000000e+00  1.57456667e-08  1.80000000e+00 
 1.57476667e-08  0.00000000e+00  1.57476667e-08  1.80000000e+00 
 1.57496667e-08  0.00000000e+00  1.57496667e-08  1.80000000e+00 
 1.57516667e-08  0.00000000e+00  1.57516667e-08  1.80000000e+00 
 1.57536667e-08  0.00000000e+00  1.57536667e-08  1.80000000e+00 
 1.57556667e-08  0.00000000e+00  1.57556667e-08  1.80000000e+00 
 1.57576667e-08  0.00000000e+00  1.57576667e-08  1.80000000e+00 
 1.57596667e-08  0.00000000e+00  1.57596667e-08  1.80000000e+00 
 1.57616667e-08  0.00000000e+00  1.57616667e-08  1.80000000e+00 
 1.57636667e-08  0.00000000e+00  1.57636667e-08  1.80000000e+00 
 1.57656667e-08  0.00000000e+00  1.57656667e-08  1.80000000e+00 
 1.57676667e-08  0.00000000e+00  1.57676667e-08  1.80000000e+00 
 1.57696667e-08  0.00000000e+00  1.57696667e-08  1.80000000e+00 
 1.57716667e-08  0.00000000e+00  1.57716667e-08  1.80000000e+00 
 1.57736667e-08  0.00000000e+00  1.57736667e-08  1.80000000e+00 
 1.57756667e-08  0.00000000e+00  1.57756667e-08  1.80000000e+00 
 1.57776667e-08  0.00000000e+00  1.57776667e-08  1.80000000e+00 
 1.57796667e-08  0.00000000e+00  1.57796667e-08  1.80000000e+00 
 1.57816667e-08  0.00000000e+00  1.57816667e-08  1.80000000e+00 
 1.57836667e-08  0.00000000e+00  1.57836667e-08  1.80000000e+00 
 1.57856667e-08  0.00000000e+00  1.57856667e-08  1.80000000e+00 
 1.57876667e-08  0.00000000e+00  1.57876667e-08  1.80000000e+00 
 1.57896667e-08  0.00000000e+00  1.57896667e-08  1.80000000e+00 
 1.57916667e-08  0.00000000e+00  1.57916667e-08  1.80000000e+00 
 1.57936667e-08  0.00000000e+00  1.57936667e-08  1.80000000e+00 
 1.57956667e-08  0.00000000e+00  1.57956667e-08  1.80000000e+00 
 1.57976667e-08  0.00000000e+00  1.57976667e-08  1.80000000e+00 
 1.57996667e-08  0.00000000e+00  1.57996667e-08  1.80000000e+00 
 1.58016667e-08  0.00000000e+00  1.58016667e-08  1.80000000e+00 
 1.58036667e-08  0.00000000e+00  1.58036667e-08  1.80000000e+00 
 1.58056667e-08  0.00000000e+00  1.58056667e-08  1.80000000e+00 
 1.58076667e-08  0.00000000e+00  1.58076667e-08  1.80000000e+00 
 1.58096667e-08  0.00000000e+00  1.58096667e-08  1.80000000e+00 
 1.58116667e-08  0.00000000e+00  1.58116667e-08  1.80000000e+00 
 1.58136667e-08  0.00000000e+00  1.58136667e-08  1.80000000e+00 
 1.58156667e-08  0.00000000e+00  1.58156667e-08  1.80000000e+00 
 1.58176667e-08  0.00000000e+00  1.58176667e-08  1.80000000e+00 
 1.58196667e-08  0.00000000e+00  1.58196667e-08  1.80000000e+00 
 1.58216667e-08  0.00000000e+00  1.58216667e-08  1.80000000e+00 
 1.58236667e-08  0.00000000e+00  1.58236667e-08  1.80000000e+00 
 1.58256667e-08  0.00000000e+00  1.58256667e-08  1.80000000e+00 
 1.58276667e-08  0.00000000e+00  1.58276667e-08  1.80000000e+00 
 1.58296667e-08  0.00000000e+00  1.58296667e-08  1.80000000e+00 
 1.58316667e-08  0.00000000e+00  1.58316667e-08  1.80000000e+00 
 1.58336667e-08  0.00000000e+00  1.58336667e-08  1.80000000e+00 
 1.58356667e-08  0.00000000e+00  1.58356667e-08  1.80000000e+00 
 1.58376667e-08  0.00000000e+00  1.58376667e-08  1.80000000e+00 
 1.58396667e-08  0.00000000e+00  1.58396667e-08  1.80000000e+00 
 1.58416667e-08  0.00000000e+00  1.58416667e-08  1.80000000e+00 
 1.58436667e-08  0.00000000e+00  1.58436667e-08  1.80000000e+00 
 1.58456667e-08  0.00000000e+00  1.58456667e-08  1.80000000e+00 
 1.58476667e-08  0.00000000e+00  1.58476667e-08  1.80000000e+00 
 1.58496667e-08  0.00000000e+00  1.58496667e-08  1.80000000e+00 
 1.58516667e-08  0.00000000e+00  1.58516667e-08  1.80000000e+00 
 1.58536667e-08  0.00000000e+00  1.58536667e-08  1.80000000e+00 
 1.58556667e-08  0.00000000e+00  1.58556667e-08  1.80000000e+00 
 1.58576667e-08  0.00000000e+00  1.58576667e-08  1.80000000e+00 
 1.58596667e-08  0.00000000e+00  1.58596667e-08  1.80000000e+00 
 1.58616667e-08  0.00000000e+00  1.58616667e-08  1.80000000e+00 
 1.58636667e-08  0.00000000e+00  1.58636667e-08  1.80000000e+00 
 1.58656667e-08  0.00000000e+00  1.58656667e-08  1.80000000e+00 
 1.58676667e-08  0.00000000e+00  1.58676667e-08  1.80000000e+00 
 1.58696667e-08  0.00000000e+00  1.58696667e-08  1.80000000e+00 
 1.58716667e-08  0.00000000e+00  1.58716667e-08  1.80000000e+00 
 1.58736667e-08  0.00000000e+00  1.58736667e-08  1.80000000e+00 
 1.58756667e-08  0.00000000e+00  1.58756667e-08  1.80000000e+00 
 1.58776667e-08  0.00000000e+00  1.58776667e-08  1.80000000e+00 
 1.58796667e-08  0.00000000e+00  1.58796667e-08  1.80000000e+00 
 1.58816667e-08  0.00000000e+00  1.58816667e-08  1.80000000e+00 
 1.58836667e-08  0.00000000e+00  1.58836667e-08  1.80000000e+00 
 1.58856667e-08  0.00000000e+00  1.58856667e-08  1.80000000e+00 
 1.58876667e-08  0.00000000e+00  1.58876667e-08  1.80000000e+00 
 1.58896667e-08  0.00000000e+00  1.58896667e-08  1.80000000e+00 
 1.58916667e-08  0.00000000e+00  1.58916667e-08  1.80000000e+00 
 1.58936667e-08  0.00000000e+00  1.58936667e-08  1.80000000e+00 
 1.58956667e-08  0.00000000e+00  1.58956667e-08  1.80000000e+00 
 1.58976667e-08  0.00000000e+00  1.58976667e-08  1.80000000e+00 
 1.58996667e-08  0.00000000e+00  1.58996667e-08  1.80000000e+00 
 1.59016667e-08  0.00000000e+00  1.59016667e-08  1.80000000e+00 
 1.59036667e-08  0.00000000e+00  1.59036667e-08  1.80000000e+00 
 1.59056667e-08  0.00000000e+00  1.59056667e-08  1.80000000e+00 
 1.59076667e-08  0.00000000e+00  1.59076667e-08  1.80000000e+00 
 1.59096667e-08  0.00000000e+00  1.59096667e-08  1.80000000e+00 
 1.59116667e-08  0.00000000e+00  1.59116667e-08  1.80000000e+00 
 1.59136667e-08  0.00000000e+00  1.59136667e-08  1.80000000e+00 
 1.59156667e-08  0.00000000e+00  1.59156667e-08  1.80000000e+00 
 1.59176667e-08  0.00000000e+00  1.59176667e-08  1.80000000e+00 
 1.59196667e-08  0.00000000e+00  1.59196667e-08  1.80000000e+00 
 1.59216667e-08  0.00000000e+00  1.59216667e-08  1.80000000e+00 
 1.59236667e-08  0.00000000e+00  1.59236667e-08  1.80000000e+00 
 1.59256667e-08  0.00000000e+00  1.59256667e-08  1.80000000e+00 
 1.59276667e-08  0.00000000e+00  1.59276667e-08  1.80000000e+00 
 1.59296667e-08  0.00000000e+00  1.59296667e-08  1.80000000e+00 
 1.59316667e-08  0.00000000e+00  1.59316667e-08  1.80000000e+00 
 1.59336667e-08  0.00000000e+00  1.59336667e-08  1.80000000e+00 
 1.59356667e-08  0.00000000e+00  1.59356667e-08  1.80000000e+00 
 1.59376667e-08  0.00000000e+00  1.59376667e-08  1.80000000e+00 
 1.59396667e-08  0.00000000e+00  1.59396667e-08  1.80000000e+00 
 1.59416667e-08  0.00000000e+00  1.59416667e-08  1.80000000e+00 
 1.59436667e-08  0.00000000e+00  1.59436667e-08  1.80000000e+00 
 1.59456667e-08  0.00000000e+00  1.59456667e-08  1.80000000e+00 
 1.59476667e-08  0.00000000e+00  1.59476667e-08  1.80000000e+00 
 1.59496667e-08  0.00000000e+00  1.59496667e-08  1.80000000e+00 
 1.59516667e-08  0.00000000e+00  1.59516667e-08  1.80000000e+00 
 1.59536667e-08  0.00000000e+00  1.59536667e-08  1.80000000e+00 
 1.59556667e-08  0.00000000e+00  1.59556667e-08  1.80000000e+00 
 1.59576667e-08  0.00000000e+00  1.59576667e-08  1.80000000e+00 
 1.59596667e-08  0.00000000e+00  1.59596667e-08  1.80000000e+00 
 1.59616667e-08  0.00000000e+00  1.59616667e-08  1.80000000e+00 
 1.59636667e-08  0.00000000e+00  1.59636667e-08  1.80000000e+00 
 1.59656667e-08  0.00000000e+00  1.59656667e-08  1.80000000e+00 
 1.59676667e-08  0.00000000e+00  1.59676667e-08  1.80000000e+00 
 1.59696667e-08  0.00000000e+00  1.59696667e-08  1.80000000e+00 
 1.59716667e-08  0.00000000e+00  1.59716667e-08  1.80000000e+00 
 1.59736667e-08  0.00000000e+00  1.59736667e-08  1.80000000e+00 
 1.59756667e-08  0.00000000e+00  1.59756667e-08  1.80000000e+00 
 1.59776667e-08  0.00000000e+00  1.59776667e-08  1.80000000e+00 
 1.59796667e-08  0.00000000e+00  1.59796667e-08  1.80000000e+00 
 1.59816667e-08  0.00000000e+00  1.59816667e-08  1.80000000e+00 
 1.59836667e-08  0.00000000e+00  1.59836667e-08  1.80000000e+00 
 1.59856667e-08  0.00000000e+00  1.59856667e-08  1.80000000e+00 
 1.59876667e-08  0.00000000e+00  1.59876667e-08  1.80000000e+00 
 1.59896667e-08  0.00000000e+00  1.59896667e-08  1.80000000e+00 
 1.59916667e-08  0.00000000e+00  1.59916667e-08  1.80000000e+00 
 1.59936667e-08  0.00000000e+00  1.59936667e-08  1.80000000e+00 
 1.59956667e-08  0.00000000e+00  1.59956667e-08  1.80000000e+00 
 1.59976667e-08  0.00000000e+00  1.59976667e-08  1.80000000e+00 
 1.59996667e-08  0.00000000e+00  1.59996667e-08  1.80000000e+00 
 1.60016667e-08  0.00000000e+00  1.60016667e-08  1.80000000e+00 
 1.60036667e-08  0.00000000e+00  1.60036667e-08  1.80000000e+00 
 1.60056667e-08  0.00000000e+00  1.60056667e-08  1.80000000e+00 
 1.60076667e-08  0.00000000e+00  1.60076667e-08  1.80000000e+00 
 1.60096667e-08  0.00000000e+00  1.60096667e-08  1.80000000e+00 
 1.60116667e-08  0.00000000e+00  1.60116667e-08  1.80000000e+00 
 1.60136667e-08  0.00000000e+00  1.60136667e-08  1.80000000e+00 
 1.60156667e-08  0.00000000e+00  1.60156667e-08  1.80000000e+00 
 1.60176667e-08  0.00000000e+00  1.60176667e-08  1.80000000e+00 
 1.60196667e-08  0.00000000e+00  1.60196667e-08  1.80000000e+00 
 1.60216667e-08  0.00000000e+00  1.60216667e-08  1.80000000e+00 
 1.60236667e-08  0.00000000e+00  1.60236667e-08  1.80000000e+00 
 1.60256667e-08  0.00000000e+00  1.60256667e-08  1.80000000e+00 
 1.60276667e-08  0.00000000e+00  1.60276667e-08  1.80000000e+00 
 1.60296667e-08  0.00000000e+00  1.60296667e-08  1.80000000e+00 
 1.60316667e-08  0.00000000e+00  1.60316667e-08  1.80000000e+00 
 1.60336667e-08  0.00000000e+00  1.60336667e-08  1.80000000e+00 
 1.60356667e-08  0.00000000e+00  1.60356667e-08  1.80000000e+00 
 1.60376667e-08  0.00000000e+00  1.60376667e-08  1.80000000e+00 
 1.60396667e-08  0.00000000e+00  1.60396667e-08  1.80000000e+00 
 1.60416667e-08  0.00000000e+00  1.60416667e-08  1.80000000e+00 
 1.60436667e-08  0.00000000e+00  1.60436667e-08  1.80000000e+00 
 1.60456667e-08  0.00000000e+00  1.60456667e-08  1.80000000e+00 
 1.60476667e-08  0.00000000e+00  1.60476667e-08  1.80000000e+00 
 1.60496667e-08  0.00000000e+00  1.60496667e-08  1.80000000e+00 
 1.60516667e-08  0.00000000e+00  1.60516667e-08  1.80000000e+00 
 1.60536667e-08  0.00000000e+00  1.60536667e-08  1.80000000e+00 
 1.60556667e-08  0.00000000e+00  1.60556667e-08  1.80000000e+00 
 1.60576667e-08  0.00000000e+00  1.60576667e-08  1.80000000e+00 
 1.60596667e-08  0.00000000e+00  1.60596667e-08  1.80000000e+00 
 1.60616667e-08  0.00000000e+00  1.60616667e-08  1.80000000e+00 
 1.60636667e-08  0.00000000e+00  1.60636667e-08  1.80000000e+00 
 1.60656667e-08  0.00000000e+00  1.60656667e-08  1.80000000e+00 
 1.60676667e-08  0.00000000e+00  1.60676667e-08  1.80000000e+00 
 1.60696667e-08  0.00000000e+00  1.60696667e-08  1.80000000e+00 
 1.60716667e-08  0.00000000e+00  1.60716667e-08  1.80000000e+00 
 1.60736667e-08  0.00000000e+00  1.60736667e-08  1.80000000e+00 
 1.60756667e-08  0.00000000e+00  1.60756667e-08  1.80000000e+00 
 1.60776667e-08  0.00000000e+00  1.60776667e-08  1.80000000e+00 
 1.60796667e-08  0.00000000e+00  1.60796667e-08  1.80000000e+00 
 1.60816667e-08  0.00000000e+00  1.60816667e-08  1.80000000e+00 
 1.60836667e-08  0.00000000e+00  1.60836667e-08  1.80000000e+00 
 1.60856667e-08  0.00000000e+00  1.60856667e-08  1.80000000e+00 
 1.60876667e-08  0.00000000e+00  1.60876667e-08  1.80000000e+00 
 1.60896667e-08  0.00000000e+00  1.60896667e-08  1.80000000e+00 
 1.60916667e-08  0.00000000e+00  1.60916667e-08  1.80000000e+00 
 1.60936667e-08  0.00000000e+00  1.60936667e-08  1.80000000e+00 
 1.60956667e-08  0.00000000e+00  1.60956667e-08  1.80000000e+00 
 1.60976667e-08  0.00000000e+00  1.60976667e-08  1.80000000e+00 
 1.60996667e-08  0.00000000e+00  1.60996667e-08  1.80000000e+00 
 1.61016667e-08  0.00000000e+00  1.61016667e-08  1.80000000e+00 
 1.61036667e-08  0.00000000e+00  1.61036667e-08  1.80000000e+00 
 1.61056667e-08  0.00000000e+00  1.61056667e-08  1.80000000e+00 
 1.61076667e-08  0.00000000e+00  1.61076667e-08  1.80000000e+00 
 1.61096667e-08  0.00000000e+00  1.61096667e-08  1.80000000e+00 
 1.61116667e-08  0.00000000e+00  1.61116667e-08  1.80000000e+00 
 1.61136667e-08  0.00000000e+00  1.61136667e-08  1.80000000e+00 
 1.61156667e-08  0.00000000e+00  1.61156667e-08  1.80000000e+00 
 1.61176667e-08  0.00000000e+00  1.61176667e-08  1.80000000e+00 
 1.61196667e-08  0.00000000e+00  1.61196667e-08  1.80000000e+00 
 1.61216667e-08  0.00000000e+00  1.61216667e-08  1.80000000e+00 
 1.61236667e-08  0.00000000e+00  1.61236667e-08  1.80000000e+00 
 1.61256667e-08  0.00000000e+00  1.61256667e-08  1.80000000e+00 
 1.61276667e-08  0.00000000e+00  1.61276667e-08  1.80000000e+00 
 1.61296667e-08  0.00000000e+00  1.61296667e-08  1.80000000e+00 
 1.61316667e-08  0.00000000e+00  1.61316667e-08  1.80000000e+00 
 1.61336667e-08  0.00000000e+00  1.61336667e-08  1.80000000e+00 
 1.61356667e-08  0.00000000e+00  1.61356667e-08  1.80000000e+00 
 1.61376667e-08  0.00000000e+00  1.61376667e-08  1.80000000e+00 
 1.61396667e-08  0.00000000e+00  1.61396667e-08  1.80000000e+00 
 1.61416667e-08  0.00000000e+00  1.61416667e-08  1.80000000e+00 
 1.61436667e-08  0.00000000e+00  1.61436667e-08  1.80000000e+00 
 1.61456667e-08  0.00000000e+00  1.61456667e-08  1.80000000e+00 
 1.61476667e-08  0.00000000e+00  1.61476667e-08  1.80000000e+00 
 1.61496667e-08  0.00000000e+00  1.61496667e-08  1.80000000e+00 
 1.61516667e-08  0.00000000e+00  1.61516667e-08  1.80000000e+00 
 1.61536667e-08  0.00000000e+00  1.61536667e-08  1.80000000e+00 
 1.61556667e-08  0.00000000e+00  1.61556667e-08  1.80000000e+00 
 1.61576667e-08  0.00000000e+00  1.61576667e-08  1.80000000e+00 
 1.61596667e-08  0.00000000e+00  1.61596667e-08  1.80000000e+00 
 1.61616667e-08  0.00000000e+00  1.61616667e-08  1.80000000e+00 
 1.61636667e-08  0.00000000e+00  1.61636667e-08  1.80000000e+00 
 1.61656667e-08  0.00000000e+00  1.61656667e-08  1.80000000e+00 
 1.61676667e-08  0.00000000e+00  1.61676667e-08  1.80000000e+00 
 1.61696667e-08  0.00000000e+00  1.61696667e-08  1.80000000e+00 
 1.61716667e-08  0.00000000e+00  1.61716667e-08  1.80000000e+00 
 1.61736667e-08  0.00000000e+00  1.61736667e-08  1.80000000e+00 
 1.61756667e-08  0.00000000e+00  1.61756667e-08  1.80000000e+00 
 1.61776667e-08  0.00000000e+00  1.61776667e-08  1.80000000e+00 
 1.61796667e-08  0.00000000e+00  1.61796667e-08  1.80000000e+00 
 1.61816667e-08  0.00000000e+00  1.61816667e-08  1.80000000e+00 
 1.61836667e-08  0.00000000e+00  1.61836667e-08  1.80000000e+00 
 1.61856667e-08  0.00000000e+00  1.61856667e-08  1.80000000e+00 
 1.61876667e-08  0.00000000e+00  1.61876667e-08  1.80000000e+00 
 1.61896667e-08  0.00000000e+00  1.61896667e-08  1.80000000e+00 
 1.61916667e-08  0.00000000e+00  1.61916667e-08  1.80000000e+00 
 1.61936667e-08  0.00000000e+00  1.61936667e-08  1.80000000e+00 
 1.61956667e-08  0.00000000e+00  1.61956667e-08  1.80000000e+00 
 1.61976667e-08  0.00000000e+00  1.61976667e-08  1.80000000e+00 
 1.61996667e-08  0.00000000e+00  1.61996667e-08  1.80000000e+00 
 1.62016667e-08  0.00000000e+00  1.62016667e-08  1.80000000e+00 
 1.62036667e-08  0.00000000e+00  1.62036667e-08  1.80000000e+00 
 1.62056667e-08  0.00000000e+00  1.62056667e-08  1.80000000e+00 
 1.62076667e-08  0.00000000e+00  1.62076667e-08  1.80000000e+00 
 1.62096667e-08  0.00000000e+00  1.62096667e-08  1.80000000e+00 
 1.62116667e-08  0.00000000e+00  1.62116667e-08  1.80000000e+00 
 1.62136667e-08  0.00000000e+00  1.62136667e-08  1.80000000e+00 
 1.62156667e-08  0.00000000e+00  1.62156667e-08  1.80000000e+00 
 1.62176667e-08  0.00000000e+00  1.62176667e-08  1.80000000e+00 
 1.62196667e-08  0.00000000e+00  1.62196667e-08  1.80000000e+00 
 1.62216667e-08  0.00000000e+00  1.62216667e-08  1.80000000e+00 
 1.62236667e-08  0.00000000e+00  1.62236667e-08  1.80000000e+00 
 1.62256667e-08  0.00000000e+00  1.62256667e-08  1.80000000e+00 
 1.62276667e-08  0.00000000e+00  1.62276667e-08  1.80000000e+00 
 1.62296667e-08  0.00000000e+00  1.62296667e-08  1.80000000e+00 
 1.62316667e-08  0.00000000e+00  1.62316667e-08  1.80000000e+00 
 1.62336667e-08  0.00000000e+00  1.62336667e-08  1.80000000e+00 
 1.62356667e-08  0.00000000e+00  1.62356667e-08  1.80000000e+00 
 1.62376667e-08  0.00000000e+00  1.62376667e-08  1.80000000e+00 
 1.62396667e-08  0.00000000e+00  1.62396667e-08  1.80000000e+00 
 1.62416667e-08  0.00000000e+00  1.62416667e-08  1.80000000e+00 
 1.62436667e-08  0.00000000e+00  1.62436667e-08  1.80000000e+00 
 1.62456667e-08  0.00000000e+00  1.62456667e-08  1.80000000e+00 
 1.62476667e-08  0.00000000e+00  1.62476667e-08  1.80000000e+00 
 1.62496667e-08  0.00000000e+00  1.62496667e-08  1.80000000e+00 
 1.62516667e-08  0.00000000e+00  1.62516667e-08  1.80000000e+00 
 1.62536667e-08  0.00000000e+00  1.62536667e-08  1.80000000e+00 
 1.62556667e-08  0.00000000e+00  1.62556667e-08  1.80000000e+00 
 1.62576667e-08  0.00000000e+00  1.62576667e-08  1.80000000e+00 
 1.62596667e-08  0.00000000e+00  1.62596667e-08  1.80000000e+00 
 1.62616667e-08  0.00000000e+00  1.62616667e-08  1.80000000e+00 
 1.62636667e-08  0.00000000e+00  1.62636667e-08  1.80000000e+00 
 1.62656667e-08  0.00000000e+00  1.62656667e-08  1.80000000e+00 
 1.62676667e-08  0.00000000e+00  1.62676667e-08  1.80000000e+00 
 1.62696667e-08  0.00000000e+00  1.62696667e-08  1.80000000e+00 
 1.62716667e-08  0.00000000e+00  1.62716667e-08  1.80000000e+00 
 1.62736667e-08  0.00000000e+00  1.62736667e-08  1.80000000e+00 
 1.62756667e-08  0.00000000e+00  1.62756667e-08  1.80000000e+00 
 1.62776667e-08  0.00000000e+00  1.62776667e-08  1.80000000e+00 
 1.62796667e-08  0.00000000e+00  1.62796667e-08  1.80000000e+00 
 1.62816667e-08  0.00000000e+00  1.62816667e-08  1.80000000e+00 
 1.62836667e-08  0.00000000e+00  1.62836667e-08  1.80000000e+00 
 1.62856667e-08  0.00000000e+00  1.62856667e-08  1.80000000e+00 
 1.62876667e-08  0.00000000e+00  1.62876667e-08  1.80000000e+00 
 1.62896667e-08  0.00000000e+00  1.62896667e-08  1.80000000e+00 
 1.62916667e-08  0.00000000e+00  1.62916667e-08  1.80000000e+00 
 1.62936667e-08  0.00000000e+00  1.62936667e-08  1.80000000e+00 
 1.62956667e-08  0.00000000e+00  1.62956667e-08  1.80000000e+00 
 1.62976667e-08  0.00000000e+00  1.62976667e-08  1.80000000e+00 
 1.62996667e-08  0.00000000e+00  1.62996667e-08  1.80000000e+00 
 1.63016667e-08  0.00000000e+00  1.63016667e-08  1.80000000e+00 
 1.63036667e-08  0.00000000e+00  1.63036667e-08  1.80000000e+00 
 1.63056667e-08  0.00000000e+00  1.63056667e-08  1.80000000e+00 
 1.63076667e-08  0.00000000e+00  1.63076667e-08  1.80000000e+00 
 1.63096667e-08  0.00000000e+00  1.63096667e-08  1.80000000e+00 
 1.63116667e-08  0.00000000e+00  1.63116667e-08  1.80000000e+00 
 1.63136667e-08  0.00000000e+00  1.63136667e-08  1.80000000e+00 
 1.63156667e-08  0.00000000e+00  1.63156667e-08  1.80000000e+00 
 1.63176667e-08  0.00000000e+00  1.63176667e-08  1.80000000e+00 
 1.63196667e-08  0.00000000e+00  1.63196667e-08  1.80000000e+00 
 1.63216667e-08  0.00000000e+00  1.63216667e-08  1.80000000e+00 
 1.63236667e-08  0.00000000e+00  1.63236667e-08  1.80000000e+00 
 1.63256667e-08  0.00000000e+00  1.63256667e-08  1.80000000e+00 
 1.63276667e-08  0.00000000e+00  1.63276667e-08  1.80000000e+00 
 1.63296667e-08  0.00000000e+00  1.63296667e-08  1.80000000e+00 
 1.63316667e-08  0.00000000e+00  1.63316667e-08  1.80000000e+00 
 1.63336667e-08  0.00000000e+00  1.63336667e-08  1.80000000e+00 
 1.63356667e-08  0.00000000e+00  1.63356667e-08  1.80000000e+00 
 1.63376667e-08  0.00000000e+00  1.63376667e-08  1.80000000e+00 
 1.63396667e-08  0.00000000e+00  1.63396667e-08  1.80000000e+00 
 1.63416667e-08  0.00000000e+00  1.63416667e-08  1.80000000e+00 
 1.63436667e-08  0.00000000e+00  1.63436667e-08  1.80000000e+00 
 1.63456667e-08  0.00000000e+00  1.63456667e-08  1.80000000e+00 
 1.63476667e-08  0.00000000e+00  1.63476667e-08  1.80000000e+00 
 1.63496667e-08  0.00000000e+00  1.63496667e-08  1.80000000e+00 
 1.63516667e-08  0.00000000e+00  1.63516667e-08  1.80000000e+00 
 1.63536667e-08  0.00000000e+00  1.63536667e-08  1.80000000e+00 
 1.63556667e-08  0.00000000e+00  1.63556667e-08  1.80000000e+00 
 1.63576667e-08  0.00000000e+00  1.63576667e-08  1.80000000e+00 
 1.63596667e-08  0.00000000e+00  1.63596667e-08  1.80000000e+00 
 1.63616667e-08  0.00000000e+00  1.63616667e-08  1.80000000e+00 
 1.63636667e-08  0.00000000e+00  1.63636667e-08  1.80000000e+00 
 1.63656667e-08  0.00000000e+00  1.63656667e-08  1.80000000e+00 
 1.63676667e-08  0.00000000e+00  1.63676667e-08  1.80000000e+00 
 1.63696667e-08  0.00000000e+00  1.63696667e-08  1.80000000e+00 
 1.63716667e-08  0.00000000e+00  1.63716667e-08  1.80000000e+00 
 1.63736667e-08  0.00000000e+00  1.63736667e-08  1.80000000e+00 
 1.63756667e-08  0.00000000e+00  1.63756667e-08  1.80000000e+00 
 1.63776667e-08  0.00000000e+00  1.63776667e-08  1.80000000e+00 
 1.63796667e-08  0.00000000e+00  1.63796667e-08  1.80000000e+00 
 1.63816667e-08  0.00000000e+00  1.63816667e-08  1.80000000e+00 
 1.63836667e-08  0.00000000e+00  1.63836667e-08  1.80000000e+00 
 1.63856667e-08  0.00000000e+00  1.63856667e-08  1.80000000e+00 
 1.63876667e-08  0.00000000e+00  1.63876667e-08  1.80000000e+00 
 1.63896667e-08  0.00000000e+00  1.63896667e-08  1.80000000e+00 
 1.63916667e-08  0.00000000e+00  1.63916667e-08  1.80000000e+00 
 1.63936667e-08  0.00000000e+00  1.63936667e-08  1.80000000e+00 
 1.63956667e-08  0.00000000e+00  1.63956667e-08  1.80000000e+00 
 1.63976667e-08  0.00000000e+00  1.63976667e-08  1.80000000e+00 
 1.63996667e-08  0.00000000e+00  1.63996667e-08  1.80000000e+00 
 1.64016667e-08  0.00000000e+00  1.64016667e-08  1.80000000e+00 
 1.64036667e-08  0.00000000e+00  1.64036667e-08  1.80000000e+00 
 1.64056667e-08  0.00000000e+00  1.64056667e-08  1.80000000e+00 
 1.64076667e-08  0.00000000e+00  1.64076667e-08  1.80000000e+00 
 1.64096667e-08  0.00000000e+00  1.64096667e-08  1.80000000e+00 
 1.64116667e-08  0.00000000e+00  1.64116667e-08  1.80000000e+00 
 1.64136667e-08  0.00000000e+00  1.64136667e-08  1.80000000e+00 
 1.64156667e-08  0.00000000e+00  1.64156667e-08  1.80000000e+00 
 1.64176667e-08  0.00000000e+00  1.64176667e-08  1.80000000e+00 
 1.64196667e-08  0.00000000e+00  1.64196667e-08  1.80000000e+00 
 1.64216667e-08  0.00000000e+00  1.64216667e-08  1.80000000e+00 
 1.64236667e-08  0.00000000e+00  1.64236667e-08  1.80000000e+00 
 1.64256667e-08  0.00000000e+00  1.64256667e-08  1.80000000e+00 
 1.64276667e-08  0.00000000e+00  1.64276667e-08  1.80000000e+00 
 1.64296667e-08  0.00000000e+00  1.64296667e-08  1.80000000e+00 
 1.64316667e-08  0.00000000e+00  1.64316667e-08  1.80000000e+00 
 1.64336667e-08  0.00000000e+00  1.64336667e-08  1.80000000e+00 
 1.64356667e-08  0.00000000e+00  1.64356667e-08  1.80000000e+00 
 1.64376667e-08  0.00000000e+00  1.64376667e-08  1.80000000e+00 
 1.64396667e-08  0.00000000e+00  1.64396667e-08  1.80000000e+00 
 1.64416667e-08  0.00000000e+00  1.64416667e-08  1.80000000e+00 
 1.64436667e-08  0.00000000e+00  1.64436667e-08  1.80000000e+00 
 1.64456667e-08  0.00000000e+00  1.64456667e-08  1.80000000e+00 
 1.64476667e-08  0.00000000e+00  1.64476667e-08  1.80000000e+00 
 1.64496667e-08  0.00000000e+00  1.64496667e-08  1.80000000e+00 
 1.64516667e-08  0.00000000e+00  1.64516667e-08  1.80000000e+00 
 1.64536667e-08  0.00000000e+00  1.64536667e-08  1.80000000e+00 
 1.64556667e-08  0.00000000e+00  1.64556667e-08  1.80000000e+00 
 1.64576667e-08  0.00000000e+00  1.64576667e-08  1.80000000e+00 
 1.64596667e-08  0.00000000e+00  1.64596667e-08  1.80000000e+00 
 1.64616667e-08  0.00000000e+00  1.64616667e-08  1.80000000e+00 
 1.64636667e-08  0.00000000e+00  1.64636667e-08  1.80000000e+00 
 1.64656667e-08  0.00000000e+00  1.64656667e-08  1.80000000e+00 
 1.64676667e-08  0.00000000e+00  1.64676667e-08  1.80000000e+00 
 1.64696667e-08  0.00000000e+00  1.64696667e-08  1.80000000e+00 
 1.64716667e-08  0.00000000e+00  1.64716667e-08  1.80000000e+00 
 1.64736667e-08  0.00000000e+00  1.64736667e-08  1.80000000e+00 
 1.64756667e-08  0.00000000e+00  1.64756667e-08  1.80000000e+00 
 1.64776667e-08  0.00000000e+00  1.64776667e-08  1.80000000e+00 
 1.64796667e-08  0.00000000e+00  1.64796667e-08  1.80000000e+00 
 1.64816667e-08  0.00000000e+00  1.64816667e-08  1.80000000e+00 
 1.64836667e-08  0.00000000e+00  1.64836667e-08  1.80000000e+00 
 1.64856667e-08  0.00000000e+00  1.64856667e-08  1.80000000e+00 
 1.64876667e-08  0.00000000e+00  1.64876667e-08  1.80000000e+00 
 1.64896667e-08  0.00000000e+00  1.64896667e-08  1.80000000e+00 
 1.64916667e-08  0.00000000e+00  1.64916667e-08  1.80000000e+00 
 1.64936667e-08  0.00000000e+00  1.64936667e-08  1.80000000e+00 
 1.64956667e-08  0.00000000e+00  1.64956667e-08  1.80000000e+00 
 1.64976667e-08  0.00000000e+00  1.64976667e-08  1.80000000e+00 
 1.64996667e-08  0.00000000e+00  1.64996667e-08  1.80000000e+00 
 1.65016667e-08  0.00000000e+00  1.65016667e-08  1.80000000e+00 
 1.65036667e-08  0.00000000e+00  1.65036667e-08  1.80000000e+00 
 1.65056667e-08  0.00000000e+00  1.65056667e-08  1.80000000e+00 
 1.65076667e-08  0.00000000e+00  1.65076667e-08  1.80000000e+00 
 1.65096667e-08  0.00000000e+00  1.65096667e-08  1.80000000e+00 
 1.65116667e-08  0.00000000e+00  1.65116667e-08  1.80000000e+00 
 1.65136667e-08  0.00000000e+00  1.65136667e-08  1.80000000e+00 
 1.65156667e-08  0.00000000e+00  1.65156667e-08  1.80000000e+00 
 1.65176667e-08  0.00000000e+00  1.65176667e-08  1.80000000e+00 
 1.65196667e-08  0.00000000e+00  1.65196667e-08  1.80000000e+00 
 1.65216667e-08  0.00000000e+00  1.65216667e-08  1.80000000e+00 
 1.65236667e-08  0.00000000e+00  1.65236667e-08  1.80000000e+00 
 1.65256667e-08  0.00000000e+00  1.65256667e-08  1.80000000e+00 
 1.65276667e-08  0.00000000e+00  1.65276667e-08  1.80000000e+00 
 1.65296667e-08  0.00000000e+00  1.65296667e-08  1.80000000e+00 
 1.65316667e-08  0.00000000e+00  1.65316667e-08  1.80000000e+00 
 1.65336667e-08  0.00000000e+00  1.65336667e-08  1.80000000e+00 
 1.65356667e-08  0.00000000e+00  1.65356667e-08  1.80000000e+00 
 1.65376667e-08  0.00000000e+00  1.65376667e-08  1.80000000e+00 
 1.65396667e-08  0.00000000e+00  1.65396667e-08  1.80000000e+00 
 1.65416667e-08  0.00000000e+00  1.65416667e-08  1.80000000e+00 
 1.65436667e-08  0.00000000e+00  1.65436667e-08  1.80000000e+00 
 1.65456667e-08  0.00000000e+00  1.65456667e-08  1.80000000e+00 
 1.65476667e-08  0.00000000e+00  1.65476667e-08  1.80000000e+00 
 1.65496667e-08  0.00000000e+00  1.65496667e-08  1.80000000e+00 
 1.65516667e-08  0.00000000e+00  1.65516667e-08  1.80000000e+00 
 1.65536667e-08  0.00000000e+00  1.65536667e-08  1.80000000e+00 
 1.65556667e-08  0.00000000e+00  1.65556667e-08  1.80000000e+00 
 1.65576667e-08  0.00000000e+00  1.65576667e-08  1.80000000e+00 
 1.65596667e-08  0.00000000e+00  1.65596667e-08  1.80000000e+00 
 1.65616667e-08  0.00000000e+00  1.65616667e-08  1.80000000e+00 
 1.65636667e-08  0.00000000e+00  1.65636667e-08  1.80000000e+00 
 1.65656667e-08  0.00000000e+00  1.65656667e-08  1.80000000e+00 
 1.65676667e-08  0.00000000e+00  1.65676667e-08  1.80000000e+00 
 1.65696667e-08  0.00000000e+00  1.65696667e-08  1.80000000e+00 
 1.65716667e-08  0.00000000e+00  1.65716667e-08  1.80000000e+00 
 1.65736667e-08  0.00000000e+00  1.65736667e-08  1.80000000e+00 
 1.65756667e-08  0.00000000e+00  1.65756667e-08  1.80000000e+00 
 1.65776667e-08  0.00000000e+00  1.65776667e-08  1.80000000e+00 
 1.65796667e-08  0.00000000e+00  1.65796667e-08  1.80000000e+00 
 1.65816667e-08  0.00000000e+00  1.65816667e-08  1.80000000e+00 
 1.65836667e-08  0.00000000e+00  1.65836667e-08  1.80000000e+00 
 1.65856667e-08  0.00000000e+00  1.65856667e-08  1.80000000e+00 
 1.65876667e-08  0.00000000e+00  1.65876667e-08  1.80000000e+00 
 1.65896667e-08  0.00000000e+00  1.65896667e-08  1.80000000e+00 
 1.65916667e-08  0.00000000e+00  1.65916667e-08  1.80000000e+00 
 1.65936667e-08  0.00000000e+00  1.65936667e-08  1.80000000e+00 
 1.65956667e-08  0.00000000e+00  1.65956667e-08  1.80000000e+00 
 1.65976667e-08  0.00000000e+00  1.65976667e-08  1.80000000e+00 
 1.65996667e-08  0.00000000e+00  1.65996667e-08  1.80000000e+00 
 1.66016667e-08  0.00000000e+00  1.66016667e-08  1.80000000e+00 
 1.66036667e-08  0.00000000e+00  1.66036667e-08  1.80000000e+00 
 1.66056667e-08  0.00000000e+00  1.66056667e-08  1.80000000e+00 
 1.66076667e-08  0.00000000e+00  1.66076667e-08  1.80000000e+00 
 1.66096667e-08  0.00000000e+00  1.66096667e-08  1.80000000e+00 
 1.66116667e-08  0.00000000e+00  1.66116667e-08  1.80000000e+00 
 1.66136667e-08  0.00000000e+00  1.66136667e-08  1.80000000e+00 
 1.66156667e-08  0.00000000e+00  1.66156667e-08  1.80000000e+00 
 1.66176667e-08  0.00000000e+00  1.66176667e-08  1.80000000e+00 
 1.66196667e-08  0.00000000e+00  1.66196667e-08  1.80000000e+00 
 1.66216667e-08  0.00000000e+00  1.66216667e-08  1.80000000e+00 
 1.66236667e-08  0.00000000e+00  1.66236667e-08  1.80000000e+00 
 1.66256667e-08  0.00000000e+00  1.66256667e-08  1.80000000e+00 
 1.66276667e-08  0.00000000e+00  1.66276667e-08  1.80000000e+00 
 1.66296667e-08  0.00000000e+00  1.66296667e-08  1.80000000e+00 
 1.66316667e-08  0.00000000e+00  1.66316667e-08  1.80000000e+00 
 1.66336667e-08  0.00000000e+00  1.66336667e-08  1.80000000e+00 
 1.66356667e-08  0.00000000e+00  1.66356667e-08  1.80000000e+00 
 1.66376667e-08  0.00000000e+00  1.66376667e-08  1.80000000e+00 
 1.66396667e-08  0.00000000e+00  1.66396667e-08  1.80000000e+00 
 1.66416667e-08  0.00000000e+00  1.66416667e-08  1.80000000e+00 
 1.66436667e-08  0.00000000e+00  1.66436667e-08  1.80000000e+00 
 1.66456667e-08  0.00000000e+00  1.66456667e-08  1.80000000e+00 
 1.66476667e-08  0.00000000e+00  1.66476667e-08  1.80000000e+00 
 1.66496667e-08  0.00000000e+00  1.66496667e-08  1.80000000e+00 
 1.66516667e-08  0.00000000e+00  1.66516667e-08  1.80000000e+00 
 1.66536667e-08  0.00000000e+00  1.66536667e-08  1.80000000e+00 
 1.66556667e-08  0.00000000e+00  1.66556667e-08  1.80000000e+00 
 1.66576667e-08  0.00000000e+00  1.66576667e-08  1.80000000e+00 
 1.66596667e-08  0.00000000e+00  1.66596667e-08  1.80000000e+00 
 1.66616667e-08  0.00000000e+00  1.66616667e-08  1.80000000e+00 
 1.66636667e-08  0.00000000e+00  1.66636667e-08  1.80000000e+00 
 1.66656667e-08  0.00000000e+00  1.66656667e-08  1.80000000e+00 
 1.66676667e-08  0.00000000e+00  1.66676667e-08  1.80000000e+00 
 1.66696667e-08  0.00000000e+00  1.66696667e-08  1.80000000e+00 
 1.66716667e-08  0.00000000e+00  1.66716667e-08  1.80000000e+00 
 1.66736667e-08  0.00000000e+00  1.66736667e-08  1.80000000e+00 
 1.66756667e-08  0.00000000e+00  1.66756667e-08  1.80000000e+00 
 1.66776667e-08  0.00000000e+00  1.66776667e-08  1.80000000e+00 
 1.66796667e-08  0.00000000e+00  1.66796667e-08  1.80000000e+00 
 1.66816667e-08  0.00000000e+00  1.66816667e-08  1.80000000e+00 
 1.66836667e-08  0.00000000e+00  1.66836667e-08  1.80000000e+00 
 1.66856667e-08  0.00000000e+00  1.66856667e-08  1.80000000e+00 
 1.66876667e-08  0.00000000e+00  1.66876667e-08  1.80000000e+00 
 1.66896667e-08  0.00000000e+00  1.66896667e-08  1.80000000e+00 
 1.66916667e-08  0.00000000e+00  1.66916667e-08  1.80000000e+00 
 1.66936667e-08  0.00000000e+00  1.66936667e-08  1.80000000e+00 
 1.66956667e-08  0.00000000e+00  1.66956667e-08  1.80000000e+00 
 1.66976667e-08  0.00000000e+00  1.66976667e-08  1.80000000e+00 
 1.66996667e-08  0.00000000e+00  1.66996667e-08  1.80000000e+00 
 1.67016667e-08  0.00000000e+00  1.67016667e-08  1.80000000e+00 
 1.67036667e-08  0.00000000e+00  1.67036667e-08  1.80000000e+00 
 1.67056667e-08  0.00000000e+00  1.67056667e-08  1.80000000e+00 
 1.67076667e-08  0.00000000e+00  1.67076667e-08  1.80000000e+00 
 1.67096667e-08  0.00000000e+00  1.67096667e-08  1.80000000e+00 
 1.67116667e-08  0.00000000e+00  1.67116667e-08  1.80000000e+00 
 1.67136667e-08  0.00000000e+00  1.67136667e-08  1.80000000e+00 
 1.67156667e-08  0.00000000e+00  1.67156667e-08  1.80000000e+00 
 1.67176667e-08  0.00000000e+00  1.67176667e-08  1.80000000e+00 
 1.67196667e-08  0.00000000e+00  1.67196667e-08  1.80000000e+00 
 1.67216667e-08  0.00000000e+00  1.67216667e-08  1.80000000e+00 
 1.67236667e-08  0.00000000e+00  1.67236667e-08  1.80000000e+00 
 1.67256667e-08  0.00000000e+00  1.67256667e-08  1.80000000e+00 
 1.67276667e-08  0.00000000e+00  1.67276667e-08  1.80000000e+00 
 1.67296667e-08  0.00000000e+00  1.67296667e-08  1.80000000e+00 
 1.67316667e-08  0.00000000e+00  1.67316667e-08  1.80000000e+00 
 1.67336667e-08  0.00000000e+00  1.67336667e-08  1.80000000e+00 
 1.67356667e-08  0.00000000e+00  1.67356667e-08  1.80000000e+00 
 1.67376667e-08  0.00000000e+00  1.67376667e-08  1.80000000e+00 
 1.67396667e-08  0.00000000e+00  1.67396667e-08  1.80000000e+00 
 1.67416667e-08  0.00000000e+00  1.67416667e-08  1.80000000e+00 
 1.67436667e-08  0.00000000e+00  1.67436667e-08  1.80000000e+00 
 1.67456667e-08  0.00000000e+00  1.67456667e-08  1.80000000e+00 
 1.67476667e-08  0.00000000e+00  1.67476667e-08  1.80000000e+00 
 1.67496667e-08  0.00000000e+00  1.67496667e-08  1.80000000e+00 
 1.67516667e-08  0.00000000e+00  1.67516667e-08  1.80000000e+00 
 1.67536667e-08  0.00000000e+00  1.67536667e-08  1.80000000e+00 
 1.67556667e-08  0.00000000e+00  1.67556667e-08  1.80000000e+00 
 1.67576667e-08  0.00000000e+00  1.67576667e-08  1.80000000e+00 
 1.67596667e-08  0.00000000e+00  1.67596667e-08  1.80000000e+00 
 1.67616667e-08  0.00000000e+00  1.67616667e-08  1.80000000e+00 
 1.67636667e-08  0.00000000e+00  1.67636667e-08  1.80000000e+00 
 1.67656667e-08  0.00000000e+00  1.67656667e-08  1.80000000e+00 
 1.67676667e-08  0.00000000e+00  1.67676667e-08  1.80000000e+00 
 1.67696667e-08  0.00000000e+00  1.67696667e-08  1.80000000e+00 
 1.67716667e-08  0.00000000e+00  1.67716667e-08  1.80000000e+00 
 1.67736667e-08  0.00000000e+00  1.67736667e-08  1.80000000e+00 
 1.67756667e-08  0.00000000e+00  1.67756667e-08  1.80000000e+00 
 1.67776667e-08  0.00000000e+00  1.67776667e-08  1.80000000e+00 
 1.67796667e-08  0.00000000e+00  1.67796667e-08  1.80000000e+00 
 1.67816667e-08  0.00000000e+00  1.67816667e-08  1.80000000e+00 
 1.67836667e-08  0.00000000e+00  1.67836667e-08  1.80000000e+00 
 1.67856667e-08  0.00000000e+00  1.67856667e-08  1.80000000e+00 
 1.67876667e-08  0.00000000e+00  1.67876667e-08  1.80000000e+00 
 1.67896667e-08  0.00000000e+00  1.67896667e-08  1.80000000e+00 
 1.67916667e-08  0.00000000e+00  1.67916667e-08  1.80000000e+00 
 1.67936667e-08  0.00000000e+00  1.67936667e-08  1.80000000e+00 
 1.67956667e-08  0.00000000e+00  1.67956667e-08  1.80000000e+00 
 1.67976667e-08  0.00000000e+00  1.67976667e-08  1.80000000e+00 
 1.67996667e-08  0.00000000e+00  1.67996667e-08  1.80000000e+00 
 1.68016667e-08  0.00000000e+00  1.68016667e-08  1.80000000e+00 
 1.68036667e-08  0.00000000e+00  1.68036667e-08  1.80000000e+00 
 1.68056667e-08  0.00000000e+00  1.68056667e-08  1.80000000e+00 
 1.68076667e-08  0.00000000e+00  1.68076667e-08  1.80000000e+00 
 1.68096667e-08  0.00000000e+00  1.68096667e-08  1.80000000e+00 
 1.68116667e-08  0.00000000e+00  1.68116667e-08  1.80000000e+00 
 1.68136667e-08  0.00000000e+00  1.68136667e-08  1.80000000e+00 
 1.68156667e-08  0.00000000e+00  1.68156667e-08  1.80000000e+00 
 1.68176667e-08  0.00000000e+00  1.68176667e-08  1.80000000e+00 
 1.68196667e-08  0.00000000e+00  1.68196667e-08  1.80000000e+00 
 1.68216667e-08  0.00000000e+00  1.68216667e-08  1.80000000e+00 
 1.68236667e-08  0.00000000e+00  1.68236667e-08  1.80000000e+00 
 1.68256667e-08  0.00000000e+00  1.68256667e-08  1.80000000e+00 
 1.68276667e-08  0.00000000e+00  1.68276667e-08  1.80000000e+00 
 1.68296667e-08  0.00000000e+00  1.68296667e-08  1.80000000e+00 
 1.68316667e-08  0.00000000e+00  1.68316667e-08  1.80000000e+00 
 1.68336667e-08  0.00000000e+00  1.68336667e-08  1.80000000e+00 
 1.68356667e-08  0.00000000e+00  1.68356667e-08  1.80000000e+00 
 1.68376667e-08  0.00000000e+00  1.68376667e-08  1.80000000e+00 
 1.68396667e-08  0.00000000e+00  1.68396667e-08  1.80000000e+00 
 1.68416667e-08  0.00000000e+00  1.68416667e-08  1.80000000e+00 
 1.68436667e-08  0.00000000e+00  1.68436667e-08  1.80000000e+00 
 1.68456667e-08  0.00000000e+00  1.68456667e-08  1.80000000e+00 
 1.68476667e-08  0.00000000e+00  1.68476667e-08  1.80000000e+00 
 1.68496667e-08  0.00000000e+00  1.68496667e-08  1.80000000e+00 
 1.68516667e-08  0.00000000e+00  1.68516667e-08  1.80000000e+00 
 1.68536667e-08  0.00000000e+00  1.68536667e-08  1.80000000e+00 
 1.68556667e-08  0.00000000e+00  1.68556667e-08  1.80000000e+00 
 1.68576667e-08  0.00000000e+00  1.68576667e-08  1.80000000e+00 
 1.68596667e-08  0.00000000e+00  1.68596667e-08  1.80000000e+00 
 1.68616667e-08  0.00000000e+00  1.68616667e-08  1.80000000e+00 
 1.68636667e-08  0.00000000e+00  1.68636667e-08  1.80000000e+00 
 1.68656667e-08  0.00000000e+00  1.68656667e-08  1.80000000e+00 
 1.68676667e-08  0.00000000e+00  1.68676667e-08  1.80000000e+00 
 1.68696667e-08  0.00000000e+00  1.68696667e-08  1.80000000e+00 
 1.68716667e-08  0.00000000e+00  1.68716667e-08  1.80000000e+00 
 1.68736667e-08  0.00000000e+00  1.68736667e-08  1.80000000e+00 
 1.68756667e-08  0.00000000e+00  1.68756667e-08  1.80000000e+00 
 1.68776667e-08  0.00000000e+00  1.68776667e-08  1.80000000e+00 
 1.68796667e-08  0.00000000e+00  1.68796667e-08  1.80000000e+00 
 1.68816667e-08  0.00000000e+00  1.68816667e-08  1.80000000e+00 
 1.68836667e-08  0.00000000e+00  1.68836667e-08  1.80000000e+00 
 1.68856667e-08  0.00000000e+00  1.68856667e-08  1.80000000e+00 
 1.68876667e-08  0.00000000e+00  1.68876667e-08  1.80000000e+00 
 1.68896667e-08  0.00000000e+00  1.68896667e-08  1.80000000e+00 
 1.68916667e-08  0.00000000e+00  1.68916667e-08  1.80000000e+00 
 1.68936667e-08  0.00000000e+00  1.68936667e-08  1.80000000e+00 
 1.68956667e-08  0.00000000e+00  1.68956667e-08  1.80000000e+00 
 1.68976667e-08  0.00000000e+00  1.68976667e-08  1.80000000e+00 
 1.68996667e-08  0.00000000e+00  1.68996667e-08  1.80000000e+00 
 1.69016667e-08  0.00000000e+00  1.69016667e-08  1.80000000e+00 
 1.69036667e-08  0.00000000e+00  1.69036667e-08  1.80000000e+00 
 1.69056667e-08  0.00000000e+00  1.69056667e-08  1.80000000e+00 
 1.69076667e-08  0.00000000e+00  1.69076667e-08  1.80000000e+00 
 1.69096667e-08  0.00000000e+00  1.69096667e-08  1.80000000e+00 
 1.69116667e-08  0.00000000e+00  1.69116667e-08  1.80000000e+00 
 1.69136667e-08  0.00000000e+00  1.69136667e-08  1.80000000e+00 
 1.69156667e-08  0.00000000e+00  1.69156667e-08  1.80000000e+00 
 1.69176667e-08  0.00000000e+00  1.69176667e-08  1.80000000e+00 
 1.69196667e-08  0.00000000e+00  1.69196667e-08  1.80000000e+00 
 1.69216667e-08  0.00000000e+00  1.69216667e-08  1.80000000e+00 
 1.69236667e-08  0.00000000e+00  1.69236667e-08  1.80000000e+00 
 1.69256667e-08  0.00000000e+00  1.69256667e-08  1.80000000e+00 
 1.69276667e-08  0.00000000e+00  1.69276667e-08  1.80000000e+00 
 1.69296667e-08  0.00000000e+00  1.69296667e-08  1.80000000e+00 
 1.69316667e-08  0.00000000e+00  1.69316667e-08  1.80000000e+00 
 1.69336667e-08  0.00000000e+00  1.69336667e-08  1.80000000e+00 
 1.69356667e-08  0.00000000e+00  1.69356667e-08  1.80000000e+00 
 1.69376667e-08  0.00000000e+00  1.69376667e-08  1.80000000e+00 
 1.69396667e-08  0.00000000e+00  1.69396667e-08  1.80000000e+00 
 1.69416667e-08  0.00000000e+00  1.69416667e-08  1.80000000e+00 
 1.69436667e-08  0.00000000e+00  1.69436667e-08  1.80000000e+00 
 1.69456667e-08  0.00000000e+00  1.69456667e-08  1.80000000e+00 
 1.69476667e-08  0.00000000e+00  1.69476667e-08  1.80000000e+00 
 1.69496667e-08  0.00000000e+00  1.69496667e-08  1.80000000e+00 
 1.69516667e-08  0.00000000e+00  1.69516667e-08  1.80000000e+00 
 1.69536667e-08  0.00000000e+00  1.69536667e-08  1.80000000e+00 
 1.69556667e-08  0.00000000e+00  1.69556667e-08  1.80000000e+00 
 1.69576667e-08  0.00000000e+00  1.69576667e-08  1.80000000e+00 
 1.69596667e-08  0.00000000e+00  1.69596667e-08  1.80000000e+00 
 1.69616667e-08  0.00000000e+00  1.69616667e-08  1.80000000e+00 
 1.69636667e-08  0.00000000e+00  1.69636667e-08  1.80000000e+00 
 1.69656667e-08  0.00000000e+00  1.69656667e-08  1.80000000e+00 
 1.69676667e-08  0.00000000e+00  1.69676667e-08  1.80000000e+00 
 1.69696667e-08  0.00000000e+00  1.69696667e-08  1.80000000e+00 
 1.69716667e-08  0.00000000e+00  1.69716667e-08  1.80000000e+00 
 1.69736667e-08  0.00000000e+00  1.69736667e-08  1.80000000e+00 
 1.69756667e-08  0.00000000e+00  1.69756667e-08  1.80000000e+00 
 1.69776667e-08  0.00000000e+00  1.69776667e-08  1.80000000e+00 
 1.69796667e-08  0.00000000e+00  1.69796667e-08  1.80000000e+00 
 1.69816667e-08  0.00000000e+00  1.69816667e-08  1.80000000e+00 
 1.69836667e-08  0.00000000e+00  1.69836667e-08  1.80000000e+00 
 1.69856667e-08  0.00000000e+00  1.69856667e-08  1.80000000e+00 
 1.69876667e-08  0.00000000e+00  1.69876667e-08  1.80000000e+00 
 1.69896667e-08  0.00000000e+00  1.69896667e-08  1.80000000e+00 
 1.69916667e-08  0.00000000e+00  1.69916667e-08  1.80000000e+00 
 1.69936667e-08  0.00000000e+00  1.69936667e-08  1.80000000e+00 
 1.69956667e-08  0.00000000e+00  1.69956667e-08  1.80000000e+00 
 1.69976667e-08  0.00000000e+00  1.69976667e-08  1.80000000e+00 
 1.69996667e-08  0.00000000e+00  1.69996667e-08  1.80000000e+00 
 1.70016667e-08  0.00000000e+00  1.70016667e-08  1.80000000e+00 
 1.70036667e-08  0.00000000e+00  1.70036667e-08  1.80000000e+00 
 1.70056667e-08  0.00000000e+00  1.70056667e-08  1.80000000e+00 
 1.70076667e-08  0.00000000e+00  1.70076667e-08  1.80000000e+00 
 1.70096667e-08  0.00000000e+00  1.70096667e-08  1.80000000e+00 
 1.70116667e-08  0.00000000e+00  1.70116667e-08  1.80000000e+00 
 1.70136667e-08  0.00000000e+00  1.70136667e-08  1.80000000e+00 
 1.70156667e-08  0.00000000e+00  1.70156667e-08  1.80000000e+00 
 1.70176667e-08  0.00000000e+00  1.70176667e-08  1.80000000e+00 
 1.70196667e-08  0.00000000e+00  1.70196667e-08  1.80000000e+00 
 1.70216667e-08  0.00000000e+00  1.70216667e-08  1.80000000e+00 
 1.70236667e-08  0.00000000e+00  1.70236667e-08  1.80000000e+00 
 1.70256667e-08  0.00000000e+00  1.70256667e-08  1.80000000e+00 
 1.70276667e-08  0.00000000e+00  1.70276667e-08  1.80000000e+00 
 1.70296667e-08  0.00000000e+00  1.70296667e-08  1.80000000e+00 
 1.70316667e-08  0.00000000e+00  1.70316667e-08  1.80000000e+00 
 1.70336667e-08  0.00000000e+00  1.70336667e-08  1.80000000e+00 
 1.70356667e-08  0.00000000e+00  1.70356667e-08  1.80000000e+00 
 1.70376667e-08  0.00000000e+00  1.70376667e-08  1.80000000e+00 
 1.70396667e-08  0.00000000e+00  1.70396667e-08  1.80000000e+00 
 1.70416667e-08  0.00000000e+00  1.70416667e-08  1.80000000e+00 
 1.70436667e-08  0.00000000e+00  1.70436667e-08  1.80000000e+00 
 1.70456667e-08  0.00000000e+00  1.70456667e-08  1.80000000e+00 
 1.70476667e-08  0.00000000e+00  1.70476667e-08  1.80000000e+00 
 1.70496667e-08  0.00000000e+00  1.70496667e-08  1.80000000e+00 
 1.70516667e-08  0.00000000e+00  1.70516667e-08  1.80000000e+00 
 1.70536667e-08  0.00000000e+00  1.70536667e-08  1.80000000e+00 
 1.70556667e-08  0.00000000e+00  1.70556667e-08  1.80000000e+00 
 1.70576667e-08  0.00000000e+00  1.70576667e-08  1.80000000e+00 
 1.70596667e-08  0.00000000e+00  1.70596667e-08  1.80000000e+00 
 1.70616667e-08  0.00000000e+00  1.70616667e-08  1.80000000e+00 
 1.70636667e-08  0.00000000e+00  1.70636667e-08  1.80000000e+00 
 1.70656667e-08  0.00000000e+00  1.70656667e-08  1.80000000e+00 
 1.70676667e-08  0.00000000e+00  1.70676667e-08  1.80000000e+00 
 1.70696667e-08  0.00000000e+00  1.70696667e-08  1.80000000e+00 
 1.70716667e-08  0.00000000e+00  1.70716667e-08  1.80000000e+00 
 1.70736667e-08  0.00000000e+00  1.70736667e-08  1.80000000e+00 
 1.70756667e-08  0.00000000e+00  1.70756667e-08  1.80000000e+00 
 1.70776667e-08  0.00000000e+00  1.70776667e-08  1.80000000e+00 
 1.70796667e-08  0.00000000e+00  1.70796667e-08  1.80000000e+00 
 1.70816667e-08  0.00000000e+00  1.70816667e-08  1.80000000e+00 
 1.70836667e-08  0.00000000e+00  1.70836667e-08  1.80000000e+00 
 1.70856667e-08  0.00000000e+00  1.70856667e-08  1.80000000e+00 
 1.70876667e-08  0.00000000e+00  1.70876667e-08  1.80000000e+00 
 1.70896667e-08  0.00000000e+00  1.70896667e-08  1.80000000e+00 
 1.70916667e-08  0.00000000e+00  1.70916667e-08  1.80000000e+00 
 1.70936667e-08  0.00000000e+00  1.70936667e-08  1.80000000e+00 
 1.70956667e-08  0.00000000e+00  1.70956667e-08  1.80000000e+00 
 1.70976667e-08  0.00000000e+00  1.70976667e-08  1.80000000e+00 
 1.70996667e-08  0.00000000e+00  1.70996667e-08  1.80000000e+00 
 1.71016667e-08  0.00000000e+00  1.71016667e-08  1.80000000e+00 
 1.71036667e-08  0.00000000e+00  1.71036667e-08  1.80000000e+00 
 1.71056667e-08  0.00000000e+00  1.71056667e-08  1.80000000e+00 
 1.71076667e-08  0.00000000e+00  1.71076667e-08  1.80000000e+00 
 1.71096667e-08  0.00000000e+00  1.71096667e-08  1.80000000e+00 
 1.71116667e-08  0.00000000e+00  1.71116667e-08  1.80000000e+00 
 1.71136667e-08  0.00000000e+00  1.71136667e-08  1.80000000e+00 
 1.71156667e-08  0.00000000e+00  1.71156667e-08  1.80000000e+00 
 1.71176667e-08  0.00000000e+00  1.71176667e-08  1.80000000e+00 
 1.71196667e-08  0.00000000e+00  1.71196667e-08  1.80000000e+00 
 1.71216667e-08  0.00000000e+00  1.71216667e-08  1.80000000e+00 
 1.71236667e-08  0.00000000e+00  1.71236667e-08  1.80000000e+00 
 1.71256667e-08  0.00000000e+00  1.71256667e-08  1.80000000e+00 
 1.71276667e-08  0.00000000e+00  1.71276667e-08  1.80000000e+00 
 1.71296667e-08  0.00000000e+00  1.71296667e-08  1.80000000e+00 
 1.71316667e-08  0.00000000e+00  1.71316667e-08  1.80000000e+00 
 1.71336667e-08  0.00000000e+00  1.71336667e-08  1.80000000e+00 
 1.71356667e-08  0.00000000e+00  1.71356667e-08  1.80000000e+00 
 1.71376667e-08  0.00000000e+00  1.71376667e-08  1.80000000e+00 
 1.71396667e-08  0.00000000e+00  1.71396667e-08  1.80000000e+00 
 1.71416667e-08  0.00000000e+00  1.71416667e-08  1.80000000e+00 
 1.71436667e-08  0.00000000e+00  1.71436667e-08  1.80000000e+00 
 1.71456667e-08  0.00000000e+00  1.71456667e-08  1.80000000e+00 
 1.71476667e-08  0.00000000e+00  1.71476667e-08  1.80000000e+00 
 1.71496667e-08  0.00000000e+00  1.71496667e-08  1.80000000e+00 
 1.71516667e-08  0.00000000e+00  1.71516667e-08  1.80000000e+00 
 1.71536667e-08  0.00000000e+00  1.71536667e-08  1.80000000e+00 
 1.71556667e-08  0.00000000e+00  1.71556667e-08  1.80000000e+00 
 1.71576667e-08  0.00000000e+00  1.71576667e-08  1.80000000e+00 
 1.71596667e-08  0.00000000e+00  1.71596667e-08  1.80000000e+00 
 1.71616667e-08  0.00000000e+00  1.71616667e-08  1.80000000e+00 
 1.71636667e-08  0.00000000e+00  1.71636667e-08  1.80000000e+00 
 1.71656667e-08  0.00000000e+00  1.71656667e-08  1.80000000e+00 
 1.71676667e-08  0.00000000e+00  1.71676667e-08  1.80000000e+00 
 1.71696667e-08  0.00000000e+00  1.71696667e-08  1.80000000e+00 
 1.71716667e-08  0.00000000e+00  1.71716667e-08  1.80000000e+00 
 1.71736667e-08  0.00000000e+00  1.71736667e-08  1.80000000e+00 
 1.71756667e-08  0.00000000e+00  1.71756667e-08  1.80000000e+00 
 1.71776667e-08  0.00000000e+00  1.71776667e-08  1.80000000e+00 
 1.71796667e-08  0.00000000e+00  1.71796667e-08  1.80000000e+00 
 1.71816667e-08  0.00000000e+00  1.71816667e-08  1.80000000e+00 
 1.71836667e-08  0.00000000e+00  1.71836667e-08  1.80000000e+00 
 1.71856667e-08  0.00000000e+00  1.71856667e-08  1.80000000e+00 
 1.71876667e-08  0.00000000e+00  1.71876667e-08  1.80000000e+00 
 1.71896667e-08  0.00000000e+00  1.71896667e-08  1.80000000e+00 
 1.71916667e-08  0.00000000e+00  1.71916667e-08  1.80000000e+00 
 1.71936667e-08  0.00000000e+00  1.71936667e-08  1.80000000e+00 
 1.71956667e-08  0.00000000e+00  1.71956667e-08  1.80000000e+00 
 1.71976667e-08  0.00000000e+00  1.71976667e-08  1.80000000e+00 
 1.71996667e-08  0.00000000e+00  1.71996667e-08  1.80000000e+00 
 1.72016667e-08  0.00000000e+00  1.72016667e-08  1.80000000e+00 
 1.72036667e-08  0.00000000e+00  1.72036667e-08  1.80000000e+00 
 1.72056667e-08  0.00000000e+00  1.72056667e-08  1.80000000e+00 
 1.72076667e-08  0.00000000e+00  1.72076667e-08  1.80000000e+00 
 1.72096667e-08  0.00000000e+00  1.72096667e-08  1.80000000e+00 
 1.72116667e-08  0.00000000e+00  1.72116667e-08  1.80000000e+00 
 1.72136667e-08  0.00000000e+00  1.72136667e-08  1.80000000e+00 
 1.72156667e-08  0.00000000e+00  1.72156667e-08  1.80000000e+00 
 1.72176667e-08  0.00000000e+00  1.72176667e-08  1.80000000e+00 
 1.72196667e-08  0.00000000e+00  1.72196667e-08  1.80000000e+00 
 1.72216667e-08  0.00000000e+00  1.72216667e-08  1.80000000e+00 
 1.72236667e-08  0.00000000e+00  1.72236667e-08  1.80000000e+00 
 1.72256667e-08  0.00000000e+00  1.72256667e-08  1.80000000e+00 
 1.72276667e-08  0.00000000e+00  1.72276667e-08  1.80000000e+00 
 1.72296667e-08  0.00000000e+00  1.72296667e-08  1.80000000e+00 
 1.72316667e-08  0.00000000e+00  1.72316667e-08  1.80000000e+00 
 1.72336667e-08  0.00000000e+00  1.72336667e-08  1.80000000e+00 
 1.72356667e-08  0.00000000e+00  1.72356667e-08  1.80000000e+00 
 1.72376667e-08  0.00000000e+00  1.72376667e-08  1.80000000e+00 
 1.72396667e-08  0.00000000e+00  1.72396667e-08  1.80000000e+00 
 1.72416667e-08  0.00000000e+00  1.72416667e-08  1.80000000e+00 
 1.72436667e-08  0.00000000e+00  1.72436667e-08  1.80000000e+00 
 1.72456667e-08  0.00000000e+00  1.72456667e-08  1.80000000e+00 
 1.72476667e-08  0.00000000e+00  1.72476667e-08  1.80000000e+00 
 1.72496667e-08  0.00000000e+00  1.72496667e-08  1.80000000e+00 
 1.72516667e-08  0.00000000e+00  1.72516667e-08  1.80000000e+00 
 1.72536667e-08  0.00000000e+00  1.72536667e-08  1.80000000e+00 
 1.72556667e-08  0.00000000e+00  1.72556667e-08  1.80000000e+00 
 1.72576667e-08  0.00000000e+00  1.72576667e-08  1.80000000e+00 
 1.72596667e-08  0.00000000e+00  1.72596667e-08  1.80000000e+00 
 1.72616667e-08  0.00000000e+00  1.72616667e-08  1.80000000e+00 
 1.72636667e-08  0.00000000e+00  1.72636667e-08  1.80000000e+00 
 1.72656667e-08  0.00000000e+00  1.72656667e-08  1.80000000e+00 
 1.72676667e-08  0.00000000e+00  1.72676667e-08  1.80000000e+00 
 1.72696667e-08  0.00000000e+00  1.72696667e-08  1.80000000e+00 
 1.72716667e-08  0.00000000e+00  1.72716667e-08  1.80000000e+00 
 1.72736667e-08  0.00000000e+00  1.72736667e-08  1.80000000e+00 
 1.72756667e-08  0.00000000e+00  1.72756667e-08  1.80000000e+00 
 1.72776667e-08  0.00000000e+00  1.72776667e-08  1.80000000e+00 
 1.72796667e-08  0.00000000e+00  1.72796667e-08  1.80000000e+00 
 1.72816667e-08  0.00000000e+00  1.72816667e-08  1.80000000e+00 
 1.72836667e-08  0.00000000e+00  1.72836667e-08  1.80000000e+00 
 1.72856667e-08  0.00000000e+00  1.72856667e-08  1.80000000e+00 
 1.72876667e-08  0.00000000e+00  1.72876667e-08  1.80000000e+00 
 1.72896667e-08  0.00000000e+00  1.72896667e-08  1.80000000e+00 
 1.72916667e-08  0.00000000e+00  1.72916667e-08  1.80000000e+00 
 1.72936667e-08  0.00000000e+00  1.72936667e-08  1.80000000e+00 
 1.72956667e-08  0.00000000e+00  1.72956667e-08  1.80000000e+00 
 1.72976667e-08  0.00000000e+00  1.72976667e-08  1.80000000e+00 
 1.72996667e-08  0.00000000e+00  1.72996667e-08  1.80000000e+00 
 1.73016667e-08  0.00000000e+00  1.73016667e-08  1.80000000e+00 
 1.73036667e-08  0.00000000e+00  1.73036667e-08  1.80000000e+00 
 1.73056667e-08  0.00000000e+00  1.73056667e-08  1.80000000e+00 
 1.73076667e-08  0.00000000e+00  1.73076667e-08  1.80000000e+00 
 1.73096667e-08  0.00000000e+00  1.73096667e-08  1.80000000e+00 
 1.73116667e-08  0.00000000e+00  1.73116667e-08  1.80000000e+00 
 1.73136667e-08  0.00000000e+00  1.73136667e-08  1.80000000e+00 
 1.73156667e-08  0.00000000e+00  1.73156667e-08  1.80000000e+00 
 1.73176667e-08  0.00000000e+00  1.73176667e-08  1.80000000e+00 
 1.73196667e-08  0.00000000e+00  1.73196667e-08  1.80000000e+00 
 1.73216667e-08  0.00000000e+00  1.73216667e-08  1.80000000e+00 
 1.73236667e-08  0.00000000e+00  1.73236667e-08  1.80000000e+00 
 1.73256667e-08  0.00000000e+00  1.73256667e-08  1.80000000e+00 
 1.73276667e-08  0.00000000e+00  1.73276667e-08  1.80000000e+00 
 1.73296667e-08  0.00000000e+00  1.73296667e-08  1.80000000e+00 
 1.73316667e-08  0.00000000e+00  1.73316667e-08  1.80000000e+00 
 1.73336667e-08  0.00000000e+00  1.73336667e-08  1.80000000e+00 
 1.73356667e-08  0.00000000e+00  1.73356667e-08  1.80000000e+00 
 1.73376667e-08  0.00000000e+00  1.73376667e-08  1.80000000e+00 
 1.73396667e-08  0.00000000e+00  1.73396667e-08  1.80000000e+00 
 1.73416667e-08  0.00000000e+00  1.73416667e-08  1.80000000e+00 
 1.73436667e-08  0.00000000e+00  1.73436667e-08  1.80000000e+00 
 1.73456667e-08  0.00000000e+00  1.73456667e-08  1.80000000e+00 
 1.73476667e-08  0.00000000e+00  1.73476667e-08  1.80000000e+00 
 1.73496667e-08  0.00000000e+00  1.73496667e-08  1.80000000e+00 
 1.73516667e-08  0.00000000e+00  1.73516667e-08  1.80000000e+00 
 1.73536667e-08  0.00000000e+00  1.73536667e-08  1.80000000e+00 
 1.73556667e-08  0.00000000e+00  1.73556667e-08  1.80000000e+00 
 1.73576667e-08  0.00000000e+00  1.73576667e-08  1.80000000e+00 
 1.73596667e-08  0.00000000e+00  1.73596667e-08  1.80000000e+00 
 1.73616667e-08  0.00000000e+00  1.73616667e-08  1.80000000e+00 
 1.73636667e-08  0.00000000e+00  1.73636667e-08  1.80000000e+00 
 1.73656667e-08  0.00000000e+00  1.73656667e-08  1.80000000e+00 
 1.73676667e-08  0.00000000e+00  1.73676667e-08  1.80000000e+00 
 1.73696667e-08  0.00000000e+00  1.73696667e-08  1.80000000e+00 
 1.73716667e-08  0.00000000e+00  1.73716667e-08  1.80000000e+00 
 1.73736667e-08  0.00000000e+00  1.73736667e-08  1.80000000e+00 
 1.73756667e-08  0.00000000e+00  1.73756667e-08  1.80000000e+00 
 1.73776667e-08  0.00000000e+00  1.73776667e-08  1.80000000e+00 
 1.73796667e-08  0.00000000e+00  1.73796667e-08  1.80000000e+00 
 1.73816667e-08  0.00000000e+00  1.73816667e-08  1.80000000e+00 
 1.73836667e-08  0.00000000e+00  1.73836667e-08  1.80000000e+00 
 1.73856667e-08  0.00000000e+00  1.73856667e-08  1.80000000e+00 
 1.73876667e-08  0.00000000e+00  1.73876667e-08  1.80000000e+00 
 1.73896667e-08  0.00000000e+00  1.73896667e-08  1.80000000e+00 
 1.73916667e-08  0.00000000e+00  1.73916667e-08  1.80000000e+00 
 1.73936667e-08  0.00000000e+00  1.73936667e-08  1.80000000e+00 
 1.73956667e-08  0.00000000e+00  1.73956667e-08  1.80000000e+00 
 1.73976667e-08  0.00000000e+00  1.73976667e-08  1.80000000e+00 
 1.73996667e-08  0.00000000e+00  1.73996667e-08  1.80000000e+00 
 1.74016667e-08  0.00000000e+00  1.74016667e-08  1.80000000e+00 
 1.74036667e-08  0.00000000e+00  1.74036667e-08  1.80000000e+00 
 1.74056667e-08  0.00000000e+00  1.74056667e-08  1.80000000e+00 
 1.74076667e-08  0.00000000e+00  1.74076667e-08  1.80000000e+00 
 1.74096667e-08  0.00000000e+00  1.74096667e-08  1.80000000e+00 
 1.74116667e-08  0.00000000e+00  1.74116667e-08  1.80000000e+00 
 1.74136667e-08  0.00000000e+00  1.74136667e-08  1.80000000e+00 
 1.74156667e-08  0.00000000e+00  1.74156667e-08  1.80000000e+00 
 1.74176667e-08  0.00000000e+00  1.74176667e-08  1.80000000e+00 
 1.74196667e-08  0.00000000e+00  1.74196667e-08  1.80000000e+00 
 1.74216667e-08  0.00000000e+00  1.74216667e-08  1.80000000e+00 
 1.74236667e-08  0.00000000e+00  1.74236667e-08  1.80000000e+00 
 1.74256667e-08  0.00000000e+00  1.74256667e-08  1.80000000e+00 
 1.74276667e-08  0.00000000e+00  1.74276667e-08  1.80000000e+00 
 1.74296667e-08  0.00000000e+00  1.74296667e-08  1.80000000e+00 
 1.74316667e-08  0.00000000e+00  1.74316667e-08  1.80000000e+00 
 1.74336667e-08  0.00000000e+00  1.74336667e-08  1.80000000e+00 
 1.74356667e-08  0.00000000e+00  1.74356667e-08  1.80000000e+00 
 1.74376667e-08  0.00000000e+00  1.74376667e-08  1.80000000e+00 
 1.74396667e-08  0.00000000e+00  1.74396667e-08  1.80000000e+00 
 1.74416667e-08  0.00000000e+00  1.74416667e-08  1.80000000e+00 
 1.74436667e-08  0.00000000e+00  1.74436667e-08  1.80000000e+00 
 1.74456667e-08  0.00000000e+00  1.74456667e-08  1.80000000e+00 
 1.74476667e-08  0.00000000e+00  1.74476667e-08  1.80000000e+00 
 1.74496667e-08  0.00000000e+00  1.74496667e-08  1.80000000e+00 
 1.74516667e-08  0.00000000e+00  1.74516667e-08  1.80000000e+00 
 1.74536667e-08  0.00000000e+00  1.74536667e-08  1.80000000e+00 
 1.74556667e-08  0.00000000e+00  1.74556667e-08  1.80000000e+00 
 1.74576667e-08  0.00000000e+00  1.74576667e-08  1.80000000e+00 
 1.74596667e-08  0.00000000e+00  1.74596667e-08  1.80000000e+00 
 1.74616667e-08  0.00000000e+00  1.74616667e-08  1.80000000e+00 
 1.74636667e-08  0.00000000e+00  1.74636667e-08  1.80000000e+00 
 1.74656667e-08  0.00000000e+00  1.74656667e-08  1.80000000e+00 
 1.74676667e-08  0.00000000e+00  1.74676667e-08  1.80000000e+00 
 1.74696667e-08  0.00000000e+00  1.74696667e-08  1.80000000e+00 
 1.74716667e-08  0.00000000e+00  1.74716667e-08  1.80000000e+00 
 1.74736667e-08  0.00000000e+00  1.74736667e-08  1.80000000e+00 
 1.74756667e-08  0.00000000e+00  1.74756667e-08  1.80000000e+00 
 1.74776667e-08  0.00000000e+00  1.74776667e-08  1.80000000e+00 
 1.74796667e-08  0.00000000e+00  1.74796667e-08  1.80000000e+00 
 1.74816667e-08  0.00000000e+00  1.74816667e-08  1.80000000e+00 
 1.74836667e-08  0.00000000e+00  1.74836667e-08  1.80000000e+00 
 1.74856667e-08  0.00000000e+00  1.74856667e-08  1.80000000e+00 
 1.74876667e-08  0.00000000e+00  1.74876667e-08  1.80000000e+00 
 1.74896667e-08  0.00000000e+00  1.74896667e-08  1.80000000e+00 
 1.74916667e-08  0.00000000e+00  1.74916667e-08  1.80000000e+00 
 1.74936667e-08  0.00000000e+00  1.74936667e-08  1.80000000e+00 
 1.74956667e-08  0.00000000e+00  1.74956667e-08  1.80000000e+00 
 1.74976667e-08  0.00000000e+00  1.74976667e-08  1.80000000e+00 
 1.74996667e-08  0.00000000e+00  1.74996667e-08  1.80000000e+00 
 1.75016667e-08  0.00000000e+00  1.75016667e-08  1.80000000e+00 
 1.75036667e-08  0.00000000e+00  1.75036667e-08  1.80000000e+00 
 1.75056667e-08  0.00000000e+00  1.75056667e-08  1.80000000e+00 
 1.75076667e-08  0.00000000e+00  1.75076667e-08  1.80000000e+00 
 1.75096667e-08  0.00000000e+00  1.75096667e-08  1.80000000e+00 
 1.75116667e-08  0.00000000e+00  1.75116667e-08  1.80000000e+00 
 1.75136667e-08  0.00000000e+00  1.75136667e-08  1.80000000e+00 
 1.75156667e-08  0.00000000e+00  1.75156667e-08  1.80000000e+00 
 1.75176667e-08  0.00000000e+00  1.75176667e-08  1.80000000e+00 
 1.75196667e-08  0.00000000e+00  1.75196667e-08  1.80000000e+00 
 1.75216667e-08  0.00000000e+00  1.75216667e-08  1.80000000e+00 
 1.75236667e-08  0.00000000e+00  1.75236667e-08  1.80000000e+00 
 1.75256667e-08  0.00000000e+00  1.75256667e-08  1.80000000e+00 
 1.75276667e-08  0.00000000e+00  1.75276667e-08  1.80000000e+00 
 1.75296667e-08  0.00000000e+00  1.75296667e-08  1.80000000e+00 
 1.75316667e-08  0.00000000e+00  1.75316667e-08  1.80000000e+00 
 1.75336667e-08  0.00000000e+00  1.75336667e-08  1.80000000e+00 
 1.75356667e-08  0.00000000e+00  1.75356667e-08  1.80000000e+00 
 1.75376667e-08  0.00000000e+00  1.75376667e-08  1.80000000e+00 
 1.75396667e-08  0.00000000e+00  1.75396667e-08  1.80000000e+00 
 1.75416667e-08  0.00000000e+00  1.75416667e-08  1.80000000e+00 
 1.75436667e-08  0.00000000e+00  1.75436667e-08  1.80000000e+00 
 1.75456667e-08  0.00000000e+00  1.75456667e-08  1.80000000e+00 
 1.75476667e-08  0.00000000e+00  1.75476667e-08  1.80000000e+00 
 1.75496667e-08  0.00000000e+00  1.75496667e-08  1.80000000e+00 
 1.75516667e-08  0.00000000e+00  1.75516667e-08  1.80000000e+00 
 1.75536667e-08  0.00000000e+00  1.75536667e-08  1.80000000e+00 
 1.75556667e-08  0.00000000e+00  1.75556667e-08  1.80000000e+00 
 1.75576667e-08  0.00000000e+00  1.75576667e-08  1.80000000e+00 
 1.75596667e-08  0.00000000e+00  1.75596667e-08  1.80000000e+00 
 1.75616667e-08  0.00000000e+00  1.75616667e-08  1.80000000e+00 
 1.75636667e-08  0.00000000e+00  1.75636667e-08  1.80000000e+00 
 1.75656667e-08  0.00000000e+00  1.75656667e-08  1.80000000e+00 
 1.75676667e-08  0.00000000e+00  1.75676667e-08  1.80000000e+00 
 1.75696667e-08  0.00000000e+00  1.75696667e-08  1.80000000e+00 
 1.75716667e-08  0.00000000e+00  1.75716667e-08  1.80000000e+00 
 1.75736667e-08  0.00000000e+00  1.75736667e-08  1.80000000e+00 
 1.75756667e-08  0.00000000e+00  1.75756667e-08  1.80000000e+00 
 1.75776667e-08  0.00000000e+00  1.75776667e-08  1.80000000e+00 
 1.75796667e-08  0.00000000e+00  1.75796667e-08  1.80000000e+00 
 1.75816667e-08  0.00000000e+00  1.75816667e-08  1.80000000e+00 
 1.75836667e-08  0.00000000e+00  1.75836667e-08  1.80000000e+00 
 1.75856667e-08  0.00000000e+00  1.75856667e-08  1.80000000e+00 
 1.75876667e-08  0.00000000e+00  1.75876667e-08  1.80000000e+00 
 1.75896667e-08  0.00000000e+00  1.75896667e-08  1.80000000e+00 
 1.75916667e-08  0.00000000e+00  1.75916667e-08  1.80000000e+00 
 1.75936667e-08  0.00000000e+00  1.75936667e-08  1.80000000e+00 
 1.75956667e-08  0.00000000e+00  1.75956667e-08  1.80000000e+00 
 1.75976667e-08  0.00000000e+00  1.75976667e-08  1.80000000e+00 
 1.75996667e-08  0.00000000e+00  1.75996667e-08  1.80000000e+00 
 1.76016667e-08  0.00000000e+00  1.76016667e-08  1.80000000e+00 
 1.76036667e-08  0.00000000e+00  1.76036667e-08  1.80000000e+00 
 1.76056667e-08  0.00000000e+00  1.76056667e-08  1.80000000e+00 
 1.76076667e-08  0.00000000e+00  1.76076667e-08  1.80000000e+00 
 1.76096667e-08  0.00000000e+00  1.76096667e-08  1.80000000e+00 
 1.76116667e-08  0.00000000e+00  1.76116667e-08  1.80000000e+00 
 1.76136667e-08  0.00000000e+00  1.76136667e-08  1.80000000e+00 
 1.76156667e-08  0.00000000e+00  1.76156667e-08  1.80000000e+00 
 1.76176667e-08  0.00000000e+00  1.76176667e-08  1.80000000e+00 
 1.76196667e-08  0.00000000e+00  1.76196667e-08  1.80000000e+00 
 1.76216667e-08  0.00000000e+00  1.76216667e-08  1.80000000e+00 
 1.76236667e-08  0.00000000e+00  1.76236667e-08  1.80000000e+00 
 1.76256667e-08  0.00000000e+00  1.76256667e-08  1.80000000e+00 
 1.76276667e-08  0.00000000e+00  1.76276667e-08  1.80000000e+00 
 1.76296667e-08  0.00000000e+00  1.76296667e-08  1.80000000e+00 
 1.76316667e-08  0.00000000e+00  1.76316667e-08  1.80000000e+00 
 1.76336667e-08  0.00000000e+00  1.76336667e-08  1.80000000e+00 
 1.76356667e-08  0.00000000e+00  1.76356667e-08  1.80000000e+00 
 1.76376667e-08  0.00000000e+00  1.76376667e-08  1.80000000e+00 
 1.76396667e-08  0.00000000e+00  1.76396667e-08  1.80000000e+00 
 1.76416667e-08  0.00000000e+00  1.76416667e-08  1.80000000e+00 
 1.76436667e-08  0.00000000e+00  1.76436667e-08  1.80000000e+00 
 1.76456667e-08  0.00000000e+00  1.76456667e-08  1.80000000e+00 
 1.76476667e-08  0.00000000e+00  1.76476667e-08  1.80000000e+00 
 1.76496667e-08  0.00000000e+00  1.76496667e-08  1.80000000e+00 
 1.76516667e-08  0.00000000e+00  1.76516667e-08  1.80000000e+00 
 1.76536667e-08  0.00000000e+00  1.76536667e-08  1.80000000e+00 
 1.76556667e-08  0.00000000e+00  1.76556667e-08  1.80000000e+00 
 1.76576667e-08  0.00000000e+00  1.76576667e-08  1.80000000e+00 
 1.76596667e-08  0.00000000e+00  1.76596667e-08  1.80000000e+00 
 1.76616667e-08  0.00000000e+00  1.76616667e-08  1.80000000e+00 
 1.76636667e-08  0.00000000e+00  1.76636667e-08  1.80000000e+00 
 1.76656667e-08  0.00000000e+00  1.76656667e-08  1.80000000e+00 
 1.76676667e-08  0.00000000e+00  1.76676667e-08  1.80000000e+00 
 1.76696667e-08  0.00000000e+00  1.76696667e-08  1.80000000e+00 
 1.76716667e-08  0.00000000e+00  1.76716667e-08  1.80000000e+00 
 1.76736667e-08  0.00000000e+00  1.76736667e-08  1.80000000e+00 
 1.76756667e-08  0.00000000e+00  1.76756667e-08  1.80000000e+00 
 1.76776667e-08  0.00000000e+00  1.76776667e-08  1.80000000e+00 
 1.76796667e-08  0.00000000e+00  1.76796667e-08  1.80000000e+00 
 1.76816667e-08  0.00000000e+00  1.76816667e-08  1.80000000e+00 
 1.76836667e-08  0.00000000e+00  1.76836667e-08  1.80000000e+00 
 1.76856667e-08  0.00000000e+00  1.76856667e-08  1.80000000e+00 
 1.76876667e-08  0.00000000e+00  1.76876667e-08  1.80000000e+00 
 1.76896667e-08  0.00000000e+00  1.76896667e-08  1.80000000e+00 
 1.76916667e-08  0.00000000e+00  1.76916667e-08  1.80000000e+00 
 1.76936667e-08  0.00000000e+00  1.76936667e-08  1.80000000e+00 
 1.76956667e-08  0.00000000e+00  1.76956667e-08  1.80000000e+00 
 1.76976667e-08  0.00000000e+00  1.76976667e-08  1.80000000e+00 
 1.76996667e-08  0.00000000e+00  1.76996667e-08  1.80000000e+00 
 1.77016667e-08  0.00000000e+00  1.77016667e-08  1.80000000e+00 
 1.77036667e-08  0.00000000e+00  1.77036667e-08  1.80000000e+00 
 1.77056667e-08  0.00000000e+00  1.77056667e-08  1.80000000e+00 
 1.77076667e-08  0.00000000e+00  1.77076667e-08  1.80000000e+00 
 1.77096667e-08  0.00000000e+00  1.77096667e-08  1.80000000e+00 
 1.77116667e-08  0.00000000e+00  1.77116667e-08  1.80000000e+00 
 1.77136667e-08  0.00000000e+00  1.77136667e-08  1.80000000e+00 
 1.77156667e-08  0.00000000e+00  1.77156667e-08  1.80000000e+00 
 1.77176667e-08  0.00000000e+00  1.77176667e-08  1.80000000e+00 
 1.77196667e-08  0.00000000e+00  1.77196667e-08  1.80000000e+00 
 1.77216667e-08  0.00000000e+00  1.77216667e-08  1.80000000e+00 
 1.77236667e-08  0.00000000e+00  1.77236667e-08  1.80000000e+00 
 1.77256667e-08  0.00000000e+00  1.77256667e-08  1.80000000e+00 
 1.77276667e-08  0.00000000e+00  1.77276667e-08  1.80000000e+00 
 1.77296667e-08  0.00000000e+00  1.77296667e-08  1.80000000e+00 
 1.77316667e-08  0.00000000e+00  1.77316667e-08  1.80000000e+00 
 1.77336667e-08  0.00000000e+00  1.77336667e-08  1.80000000e+00 
 1.77356667e-08  0.00000000e+00  1.77356667e-08  1.80000000e+00 
 1.77376667e-08  0.00000000e+00  1.77376667e-08  1.80000000e+00 
 1.77396667e-08  0.00000000e+00  1.77396667e-08  1.80000000e+00 
 1.77416667e-08  0.00000000e+00  1.77416667e-08  1.80000000e+00 
 1.77436667e-08  0.00000000e+00  1.77436667e-08  1.80000000e+00 
 1.77456667e-08  0.00000000e+00  1.77456667e-08  1.80000000e+00 
 1.77476667e-08  0.00000000e+00  1.77476667e-08  1.80000000e+00 
 1.77496667e-08  0.00000000e+00  1.77496667e-08  1.80000000e+00 
 1.77516667e-08  0.00000000e+00  1.77516667e-08  1.80000000e+00 
 1.77536667e-08  0.00000000e+00  1.77536667e-08  1.80000000e+00 
 1.77556667e-08  0.00000000e+00  1.77556667e-08  1.80000000e+00 
 1.77576667e-08  0.00000000e+00  1.77576667e-08  1.80000000e+00 
 1.77596667e-08  0.00000000e+00  1.77596667e-08  1.80000000e+00 
 1.77616667e-08  0.00000000e+00  1.77616667e-08  1.80000000e+00 
 1.77636667e-08  0.00000000e+00  1.77636667e-08  1.80000000e+00 
 1.77656667e-08  0.00000000e+00  1.77656667e-08  1.80000000e+00 
 1.77676667e-08  0.00000000e+00  1.77676667e-08  1.80000000e+00 
 1.77696667e-08  0.00000000e+00  1.77696667e-08  1.80000000e+00 
 1.77716667e-08  0.00000000e+00  1.77716667e-08  1.80000000e+00 
 1.77736667e-08  0.00000000e+00  1.77736667e-08  1.80000000e+00 
 1.77756667e-08  0.00000000e+00  1.77756667e-08  1.80000000e+00 
 1.77776667e-08  0.00000000e+00  1.77776667e-08  1.80000000e+00 
 1.77796667e-08  0.00000000e+00  1.77796667e-08  1.80000000e+00 
 1.77816667e-08  0.00000000e+00  1.77816667e-08  1.80000000e+00 
 1.77836667e-08  0.00000000e+00  1.77836667e-08  1.80000000e+00 
 1.77856667e-08  0.00000000e+00  1.77856667e-08  1.80000000e+00 
 1.77876667e-08  0.00000000e+00  1.77876667e-08  1.80000000e+00 
 1.77896667e-08  0.00000000e+00  1.77896667e-08  1.80000000e+00 
 1.77916667e-08  0.00000000e+00  1.77916667e-08  1.80000000e+00 
 1.77936667e-08  0.00000000e+00  1.77936667e-08  1.80000000e+00 
 1.77956667e-08  0.00000000e+00  1.77956667e-08  1.80000000e+00 
 1.77976667e-08  0.00000000e+00  1.77976667e-08  1.80000000e+00 
 1.77996667e-08  0.00000000e+00  1.77996667e-08  1.80000000e+00 
 1.78016667e-08  0.00000000e+00  1.78016667e-08  1.80000000e+00 
 1.78036667e-08  0.00000000e+00  1.78036667e-08  1.80000000e+00 
 1.78056667e-08  0.00000000e+00  1.78056667e-08  1.80000000e+00 
 1.78076667e-08  0.00000000e+00  1.78076667e-08  1.80000000e+00 
 1.78096667e-08  0.00000000e+00  1.78096667e-08  1.80000000e+00 
 1.78116667e-08  0.00000000e+00  1.78116667e-08  1.80000000e+00 
 1.78136667e-08  0.00000000e+00  1.78136667e-08  1.80000000e+00 
 1.78156667e-08  0.00000000e+00  1.78156667e-08  1.80000000e+00 
 1.78176667e-08  0.00000000e+00  1.78176667e-08  1.80000000e+00 
 1.78196667e-08  0.00000000e+00  1.78196667e-08  1.80000000e+00 
 1.78216667e-08  0.00000000e+00  1.78216667e-08  1.80000000e+00 
 1.78236667e-08  0.00000000e+00  1.78236667e-08  1.80000000e+00 
 1.78256667e-08  0.00000000e+00  1.78256667e-08  1.80000000e+00 
 1.78276667e-08  0.00000000e+00  1.78276667e-08  1.80000000e+00 
 1.78296667e-08  0.00000000e+00  1.78296667e-08  1.80000000e+00 
 1.78316667e-08  0.00000000e+00  1.78316667e-08  1.80000000e+00 
 1.78336667e-08  0.00000000e+00  1.78336667e-08  1.80000000e+00 
 1.78356667e-08  0.00000000e+00  1.78356667e-08  1.80000000e+00 
 1.78376667e-08  0.00000000e+00  1.78376667e-08  1.80000000e+00 
 1.78396667e-08  0.00000000e+00  1.78396667e-08  1.80000000e+00 
 1.78416667e-08  0.00000000e+00  1.78416667e-08  1.80000000e+00 
 1.78436667e-08  0.00000000e+00  1.78436667e-08  1.80000000e+00 
 1.78456667e-08  0.00000000e+00  1.78456667e-08  1.80000000e+00 
 1.78476667e-08  0.00000000e+00  1.78476667e-08  1.80000000e+00 
 1.78496667e-08  0.00000000e+00  1.78496667e-08  1.80000000e+00 
 1.78516667e-08  0.00000000e+00  1.78516667e-08  1.80000000e+00 
 1.78536667e-08  0.00000000e+00  1.78536667e-08  1.80000000e+00 
 1.78556667e-08  0.00000000e+00  1.78556667e-08  1.80000000e+00 
 1.78576667e-08  0.00000000e+00  1.78576667e-08  1.80000000e+00 
 1.78596667e-08  0.00000000e+00  1.78596667e-08  1.80000000e+00 
 1.78616667e-08  0.00000000e+00  1.78616667e-08  1.80000000e+00 
 1.78636667e-08  0.00000000e+00  1.78636667e-08  1.80000000e+00 
 1.78656667e-08  0.00000000e+00  1.78656667e-08  1.80000000e+00 
 1.78676667e-08  0.00000000e+00  1.78676667e-08  1.80000000e+00 
 1.78696667e-08  0.00000000e+00  1.78696667e-08  1.80000000e+00 
 1.78716667e-08  0.00000000e+00  1.78716667e-08  1.80000000e+00 
 1.78736667e-08  0.00000000e+00  1.78736667e-08  1.80000000e+00 
 1.78756667e-08  0.00000000e+00  1.78756667e-08  1.80000000e+00 
 1.78776667e-08  0.00000000e+00  1.78776667e-08  1.80000000e+00 
 1.78796667e-08  0.00000000e+00  1.78796667e-08  1.80000000e+00 
 1.78816667e-08  0.00000000e+00  1.78816667e-08  1.80000000e+00 
 1.78836667e-08  0.00000000e+00  1.78836667e-08  1.80000000e+00 
 1.78856667e-08  0.00000000e+00  1.78856667e-08  1.80000000e+00 
 1.78876667e-08  0.00000000e+00  1.78876667e-08  1.80000000e+00 
 1.78896667e-08  0.00000000e+00  1.78896667e-08  1.80000000e+00 
 1.78916667e-08  0.00000000e+00  1.78916667e-08  1.80000000e+00 
 1.78936667e-08  0.00000000e+00  1.78936667e-08  1.80000000e+00 
 1.78956667e-08  0.00000000e+00  1.78956667e-08  1.80000000e+00 
 1.78976667e-08  0.00000000e+00  1.78976667e-08  1.80000000e+00 
 1.78996667e-08  0.00000000e+00  1.78996667e-08  1.80000000e+00 
 1.79016667e-08  0.00000000e+00  1.79016667e-08  1.80000000e+00 
 1.79036667e-08  0.00000000e+00  1.79036667e-08  1.80000000e+00 
 1.79056667e-08  0.00000000e+00  1.79056667e-08  1.80000000e+00 
 1.79076667e-08  0.00000000e+00  1.79076667e-08  1.80000000e+00 
 1.79096667e-08  0.00000000e+00  1.79096667e-08  1.80000000e+00 
 1.79116667e-08  0.00000000e+00  1.79116667e-08  1.80000000e+00 
 1.79136667e-08  0.00000000e+00  1.79136667e-08  1.80000000e+00 
 1.79156667e-08  0.00000000e+00  1.79156667e-08  1.80000000e+00 
 1.79176667e-08  0.00000000e+00  1.79176667e-08  1.80000000e+00 
 1.79196667e-08  0.00000000e+00  1.79196667e-08  1.80000000e+00 
 1.79216667e-08  0.00000000e+00  1.79216667e-08  1.80000000e+00 
 1.79236667e-08  0.00000000e+00  1.79236667e-08  1.80000000e+00 
 1.79256667e-08  0.00000000e+00  1.79256667e-08  1.80000000e+00 
 1.79276667e-08  0.00000000e+00  1.79276667e-08  1.80000000e+00 
 1.79296667e-08  0.00000000e+00  1.79296667e-08  1.80000000e+00 
 1.79316667e-08  0.00000000e+00  1.79316667e-08  1.80000000e+00 
 1.79336667e-08  0.00000000e+00  1.79336667e-08  1.80000000e+00 
 1.79356667e-08  0.00000000e+00  1.79356667e-08  1.80000000e+00 
 1.79376667e-08  0.00000000e+00  1.79376667e-08  1.80000000e+00 
 1.79396667e-08  0.00000000e+00  1.79396667e-08  1.80000000e+00 
 1.79416667e-08  0.00000000e+00  1.79416667e-08  1.80000000e+00 
 1.79436667e-08  0.00000000e+00  1.79436667e-08  1.80000000e+00 
 1.79456667e-08  0.00000000e+00  1.79456667e-08  1.80000000e+00 
 1.79476667e-08  0.00000000e+00  1.79476667e-08  1.80000000e+00 
 1.79496667e-08  0.00000000e+00  1.79496667e-08  1.80000000e+00 
 1.79516667e-08  0.00000000e+00  1.79516667e-08  1.80000000e+00 
 1.79536667e-08  0.00000000e+00  1.79536667e-08  1.80000000e+00 
 1.79556667e-08  0.00000000e+00  1.79556667e-08  1.80000000e+00 
 1.79576667e-08  0.00000000e+00  1.79576667e-08  1.80000000e+00 
 1.79596667e-08  0.00000000e+00  1.79596667e-08  1.80000000e+00 
 1.79616667e-08  0.00000000e+00  1.79616667e-08  1.80000000e+00 
 1.79636667e-08  0.00000000e+00  1.79636667e-08  1.80000000e+00 
 1.79656667e-08  0.00000000e+00  1.79656667e-08  1.80000000e+00 
 1.79676667e-08  0.00000000e+00  1.79676667e-08  1.80000000e+00 
 1.79696667e-08  0.00000000e+00  1.79696667e-08  1.80000000e+00 
 1.79716667e-08  0.00000000e+00  1.79716667e-08  1.80000000e+00 
 1.79736667e-08  0.00000000e+00  1.79736667e-08  1.80000000e+00 
 1.79756667e-08  0.00000000e+00  1.79756667e-08  1.80000000e+00 
 1.79776667e-08  0.00000000e+00  1.79776667e-08  1.80000000e+00 
 1.79796667e-08  0.00000000e+00  1.79796667e-08  1.80000000e+00 
 1.79816667e-08  0.00000000e+00  1.79816667e-08  1.80000000e+00 
 1.79836667e-08  0.00000000e+00  1.79836667e-08  1.80000000e+00 
 1.79856667e-08  0.00000000e+00  1.79856667e-08  1.80000000e+00 
 1.79876667e-08  0.00000000e+00  1.79876667e-08  1.80000000e+00 
 1.79896667e-08  0.00000000e+00  1.79896667e-08  1.80000000e+00 
 1.79916667e-08  0.00000000e+00  1.79916667e-08  1.80000000e+00 
 1.79936667e-08  0.00000000e+00  1.79936667e-08  1.80000000e+00 
 1.79956667e-08  0.00000000e+00  1.79956667e-08  1.80000000e+00 
 1.79976667e-08  0.00000000e+00  1.79976667e-08  1.80000000e+00 
 1.79996667e-08  0.00000000e+00  1.79996667e-08  1.80000000e+00 
 1.80000000e-08  0.00000000e+00  1.80000000e-08  1.80000000e+00 
