 0.00000000e+00  0.00000000e+00  0.00000000e+00  1.80000000e+00  0.00000000e+00  2.38922723e-09 
 5.00000000e-14  0.00000000e+00  5.00000000e-14  1.80000000e+00  5.00000000e-14  2.38922723e-09 
 1.00000000e-13  0.00000000e+00  1.00000000e-13  1.80000000e+00  1.00000000e-13  2.38922723e-09 
 2.00000000e-13  0.00000000e+00  2.00000000e-13  1.80000000e+00  2.00000000e-13  2.38922723e-09 
 4.00000000e-13  0.00000000e+00  4.00000000e-13  1.80000000e+00  4.00000000e-13  2.38922723e-09 
 8.00000000e-13  0.00000000e+00  8.00000000e-13  1.80000000e+00  8.00000000e-13  2.38922723e-09 
 1.60000000e-12  0.00000000e+00  1.60000000e-12  1.80000000e+00  1.60000000e-12  2.38922723e-09 
 3.20000000e-12  0.00000000e+00  3.20000000e-12  1.80000000e+00  3.20000000e-12  2.38922723e-09 
 6.40000000e-12  0.00000000e+00  6.40000000e-12  1.80000000e+00  6.40000000e-12  2.38922723e-09 
 1.14000000e-11  0.00000000e+00  1.14000000e-11  1.80000000e+00  1.14000000e-11  2.38922723e-09 
 1.64000000e-11  0.00000000e+00  1.64000000e-11  1.80000000e+00  1.64000000e-11  2.38922723e-09 
 2.14000000e-11  0.00000000e+00  2.14000000e-11  1.80000000e+00  2.14000000e-11  2.38922723e-09 
 2.64000000e-11  0.00000000e+00  2.64000000e-11  1.80000000e+00  2.64000000e-11  2.38922723e-09 
 3.14000000e-11  0.00000000e+00  3.14000000e-11  1.80000000e+00  3.14000000e-11  2.38922723e-09 
 3.64000000e-11  0.00000000e+00  3.64000000e-11  1.80000000e+00  3.64000000e-11  2.38922723e-09 
 4.14000000e-11  0.00000000e+00  4.14000000e-11  1.80000000e+00  4.14000000e-11  2.38922723e-09 
 4.64000000e-11  0.00000000e+00  4.64000000e-11  1.80000000e+00  4.64000000e-11  2.38922723e-09 
 5.14000000e-11  0.00000000e+00  5.14000000e-11  1.80000000e+00  5.14000000e-11  2.38922723e-09 
 5.64000000e-11  0.00000000e+00  5.64000000e-11  1.80000000e+00  5.64000000e-11  2.38922723e-09 
 6.14000000e-11  0.00000000e+00  6.14000000e-11  1.80000000e+00  6.14000000e-11  2.38922723e-09 
 6.64000000e-11  0.00000000e+00  6.64000000e-11  1.80000000e+00  6.64000000e-11  2.38922723e-09 
 7.14000000e-11  0.00000000e+00  7.14000000e-11  1.80000000e+00  7.14000000e-11  2.38922723e-09 
 7.64000000e-11  0.00000000e+00  7.64000000e-11  1.80000000e+00  7.64000000e-11  2.38922723e-09 
 8.14000000e-11  0.00000000e+00  8.14000000e-11  1.80000000e+00  8.14000000e-11  2.38922723e-09 
 8.64000000e-11  0.00000000e+00  8.64000000e-11  1.80000000e+00  8.64000000e-11  2.38922723e-09 
 9.14000000e-11  0.00000000e+00  9.14000000e-11  1.80000000e+00  9.14000000e-11  2.38922723e-09 
 9.64000000e-11  0.00000000e+00  9.64000000e-11  1.80000000e+00  9.64000000e-11  2.38922723e-09 
 1.01400000e-10  0.00000000e+00  1.01400000e-10  1.80000000e+00  1.01400000e-10  2.38922723e-09 
 1.06400000e-10  0.00000000e+00  1.06400000e-10  1.80000000e+00  1.06400000e-10  2.38922723e-09 
 1.11400000e-10  0.00000000e+00  1.11400000e-10  1.80000000e+00  1.11400000e-10  2.38922723e-09 
 1.16400000e-10  0.00000000e+00  1.16400000e-10  1.80000000e+00  1.16400000e-10  2.38922723e-09 
 1.21400000e-10  0.00000000e+00  1.21400000e-10  1.80000000e+00  1.21400000e-10  2.38922723e-09 
 1.26400000e-10  0.00000000e+00  1.26400000e-10  1.80000000e+00  1.26400000e-10  2.38922723e-09 
 1.31400000e-10  0.00000000e+00  1.31400000e-10  1.80000000e+00  1.31400000e-10  2.38922723e-09 
 1.36400000e-10  0.00000000e+00  1.36400000e-10  1.80000000e+00  1.36400000e-10  2.38922723e-09 
 1.41400000e-10  0.00000000e+00  1.41400000e-10  1.80000000e+00  1.41400000e-10  2.38922723e-09 
 1.46400000e-10  0.00000000e+00  1.46400000e-10  1.80000000e+00  1.46400000e-10  2.38922723e-09 
 1.51400000e-10  0.00000000e+00  1.51400000e-10  1.80000000e+00  1.51400000e-10  2.38922723e-09 
 1.56400000e-10  0.00000000e+00  1.56400000e-10  1.80000000e+00  1.56400000e-10  2.38922723e-09 
 1.61400000e-10  0.00000000e+00  1.61400000e-10  1.80000000e+00  1.61400000e-10  2.38922723e-09 
 1.66400000e-10  0.00000000e+00  1.66400000e-10  1.80000000e+00  1.66400000e-10  2.38922723e-09 
 1.71400000e-10  0.00000000e+00  1.71400000e-10  1.80000000e+00  1.71400000e-10  2.38922723e-09 
 1.76400000e-10  0.00000000e+00  1.76400000e-10  1.80000000e+00  1.76400000e-10  2.38922723e-09 
 1.81400000e-10  0.00000000e+00  1.81400000e-10  1.80000000e+00  1.81400000e-10  2.38922723e-09 
 1.86400000e-10  0.00000000e+00  1.86400000e-10  1.80000000e+00  1.86400000e-10  2.38922723e-09 
 1.91400000e-10  0.00000000e+00  1.91400000e-10  1.80000000e+00  1.91400000e-10  2.38922723e-09 
 1.96400000e-10  0.00000000e+00  1.96400000e-10  1.80000000e+00  1.96400000e-10  2.38922723e-09 
 2.01400000e-10  0.00000000e+00  2.01400000e-10  1.80000000e+00  2.01400000e-10  2.38922723e-09 
 2.06400000e-10  0.00000000e+00  2.06400000e-10  1.80000000e+00  2.06400000e-10  2.38922723e-09 
 2.11400000e-10  0.00000000e+00  2.11400000e-10  1.80000000e+00  2.11400000e-10  2.38922723e-09 
 2.16400000e-10  0.00000000e+00  2.16400000e-10  1.80000000e+00  2.16400000e-10  2.38922723e-09 
 2.21400000e-10  0.00000000e+00  2.21400000e-10  1.80000000e+00  2.21400000e-10  2.38922723e-09 
 2.26400000e-10  0.00000000e+00  2.26400000e-10  1.80000000e+00  2.26400000e-10  2.38922723e-09 
 2.31400000e-10  0.00000000e+00  2.31400000e-10  1.80000000e+00  2.31400000e-10  2.38922723e-09 
 2.36400000e-10  0.00000000e+00  2.36400000e-10  1.80000000e+00  2.36400000e-10  2.38922723e-09 
 2.41400000e-10  0.00000000e+00  2.41400000e-10  1.80000000e+00  2.41400000e-10  2.38922723e-09 
 2.46400000e-10  0.00000000e+00  2.46400000e-10  1.80000000e+00  2.46400000e-10  2.38922723e-09 
 2.51400000e-10  0.00000000e+00  2.51400000e-10  1.80000000e+00  2.51400000e-10  2.38922723e-09 
 2.56400000e-10  0.00000000e+00  2.56400000e-10  1.80000000e+00  2.56400000e-10  2.38922723e-09 
 2.61400000e-10  0.00000000e+00  2.61400000e-10  1.80000000e+00  2.61400000e-10  2.38922723e-09 
 2.66400000e-10  0.00000000e+00  2.66400000e-10  1.80000000e+00  2.66400000e-10  2.38922723e-09 
 2.71400000e-10  0.00000000e+00  2.71400000e-10  1.80000000e+00  2.71400000e-10  2.38922723e-09 
 2.76400000e-10  0.00000000e+00  2.76400000e-10  1.80000000e+00  2.76400000e-10  2.38922723e-09 
 2.81400000e-10  0.00000000e+00  2.81400000e-10  1.80000000e+00  2.81400000e-10  2.38922723e-09 
 2.86400000e-10  0.00000000e+00  2.86400000e-10  1.80000000e+00  2.86400000e-10  2.38922723e-09 
 2.91400000e-10  0.00000000e+00  2.91400000e-10  1.80000000e+00  2.91400000e-10  2.38922723e-09 
 2.96400000e-10  0.00000000e+00  2.96400000e-10  1.80000000e+00  2.96400000e-10  2.38922723e-09 
 3.01400000e-10  0.00000000e+00  3.01400000e-10  1.80000000e+00  3.01400000e-10  2.38922723e-09 
 3.06400000e-10  0.00000000e+00  3.06400000e-10  1.80000000e+00  3.06400000e-10  2.38922723e-09 
 3.11400000e-10  0.00000000e+00  3.11400000e-10  1.80000000e+00  3.11400000e-10  2.38922723e-09 
 3.16400000e-10  0.00000000e+00  3.16400000e-10  1.80000000e+00  3.16400000e-10  2.38922723e-09 
 3.21400000e-10  0.00000000e+00  3.21400000e-10  1.80000000e+00  3.21400000e-10  2.38922723e-09 
 3.26400000e-10  0.00000000e+00  3.26400000e-10  1.80000000e+00  3.26400000e-10  2.38922723e-09 
 3.31400000e-10  0.00000000e+00  3.31400000e-10  1.80000000e+00  3.31400000e-10  2.38922723e-09 
 3.36400000e-10  0.00000000e+00  3.36400000e-10  1.80000000e+00  3.36400000e-10  2.38922723e-09 
 3.41400000e-10  0.00000000e+00  3.41400000e-10  1.80000000e+00  3.41400000e-10  2.38922723e-09 
 3.46400000e-10  0.00000000e+00  3.46400000e-10  1.80000000e+00  3.46400000e-10  2.38922723e-09 
 3.51400000e-10  0.00000000e+00  3.51400000e-10  1.80000000e+00  3.51400000e-10  2.38922723e-09 
 3.56400000e-10  0.00000000e+00  3.56400000e-10  1.80000000e+00  3.56400000e-10  2.38922723e-09 
 3.61400000e-10  0.00000000e+00  3.61400000e-10  1.80000000e+00  3.61400000e-10  2.38922723e-09 
 3.66400000e-10  0.00000000e+00  3.66400000e-10  1.80000000e+00  3.66400000e-10  2.38922723e-09 
 3.71400000e-10  0.00000000e+00  3.71400000e-10  1.80000000e+00  3.71400000e-10  2.38922723e-09 
 3.76400000e-10  0.00000000e+00  3.76400000e-10  1.80000000e+00  3.76400000e-10  2.38922723e-09 
 3.81400000e-10  0.00000000e+00  3.81400000e-10  1.80000000e+00  3.81400000e-10  2.38922723e-09 
 3.86400000e-10  0.00000000e+00  3.86400000e-10  1.80000000e+00  3.86400000e-10  2.38922723e-09 
 3.91400000e-10  0.00000000e+00  3.91400000e-10  1.80000000e+00  3.91400000e-10  2.38922723e-09 
 3.96400000e-10  0.00000000e+00  3.96400000e-10  1.80000000e+00  3.96400000e-10  2.38922723e-09 
 4.01400000e-10  0.00000000e+00  4.01400000e-10  1.80000000e+00  4.01400000e-10  2.38922723e-09 
 4.06400000e-10  0.00000000e+00  4.06400000e-10  1.80000000e+00  4.06400000e-10  2.38922723e-09 
 4.11400000e-10  0.00000000e+00  4.11400000e-10  1.80000000e+00  4.11400000e-10  2.38922723e-09 
 4.16400000e-10  0.00000000e+00  4.16400000e-10  1.80000000e+00  4.16400000e-10  2.38922723e-09 
 4.21400000e-10  0.00000000e+00  4.21400000e-10  1.80000000e+00  4.21400000e-10  2.38922723e-09 
 4.26400000e-10  0.00000000e+00  4.26400000e-10  1.80000000e+00  4.26400000e-10  2.38922723e-09 
 4.31400000e-10  0.00000000e+00  4.31400000e-10  1.80000000e+00  4.31400000e-10  2.38922723e-09 
 4.36400000e-10  0.00000000e+00  4.36400000e-10  1.80000000e+00  4.36400000e-10  2.38922723e-09 
 4.41400000e-10  0.00000000e+00  4.41400000e-10  1.80000000e+00  4.41400000e-10  2.38922723e-09 
 4.46400000e-10  0.00000000e+00  4.46400000e-10  1.80000000e+00  4.46400000e-10  2.38922723e-09 
 4.51400000e-10  0.00000000e+00  4.51400000e-10  1.80000000e+00  4.51400000e-10  2.38922723e-09 
 4.56400000e-10  0.00000000e+00  4.56400000e-10  1.80000000e+00  4.56400000e-10  2.38922723e-09 
 4.61400000e-10  0.00000000e+00  4.61400000e-10  1.80000000e+00  4.61400000e-10  2.38922723e-09 
 4.66400000e-10  0.00000000e+00  4.66400000e-10  1.80000000e+00  4.66400000e-10  2.38922723e-09 
 4.71400000e-10  0.00000000e+00  4.71400000e-10  1.80000000e+00  4.71400000e-10  2.38922723e-09 
 4.76400000e-10  0.00000000e+00  4.76400000e-10  1.80000000e+00  4.76400000e-10  2.38922723e-09 
 4.81400000e-10  0.00000000e+00  4.81400000e-10  1.80000000e+00  4.81400000e-10  2.38922723e-09 
 4.86400000e-10  0.00000000e+00  4.86400000e-10  1.80000000e+00  4.86400000e-10  2.38922723e-09 
 4.91400000e-10  0.00000000e+00  4.91400000e-10  1.80000000e+00  4.91400000e-10  2.38922723e-09 
 4.96400000e-10  0.00000000e+00  4.96400000e-10  1.80000000e+00  4.96400000e-10  2.38922723e-09 
 5.01400000e-10  0.00000000e+00  5.01400000e-10  1.80000000e+00  5.01400000e-10  2.38922723e-09 
 5.06400000e-10  0.00000000e+00  5.06400000e-10  1.80000000e+00  5.06400000e-10  2.38922723e-09 
 5.11400000e-10  0.00000000e+00  5.11400000e-10  1.80000000e+00  5.11400000e-10  2.38922723e-09 
 5.16400000e-10  0.00000000e+00  5.16400000e-10  1.80000000e+00  5.16400000e-10  2.38922723e-09 
 5.21400000e-10  0.00000000e+00  5.21400000e-10  1.80000000e+00  5.21400000e-10  2.38922723e-09 
 5.26400000e-10  0.00000000e+00  5.26400000e-10  1.80000000e+00  5.26400000e-10  2.38922723e-09 
 5.31400000e-10  0.00000000e+00  5.31400000e-10  1.80000000e+00  5.31400000e-10  2.38922723e-09 
 5.36400000e-10  0.00000000e+00  5.36400000e-10  1.80000000e+00  5.36400000e-10  2.38922723e-09 
 5.41400000e-10  0.00000000e+00  5.41400000e-10  1.80000000e+00  5.41400000e-10  2.38922723e-09 
 5.46400000e-10  0.00000000e+00  5.46400000e-10  1.80000000e+00  5.46400000e-10  2.38922723e-09 
 5.51400000e-10  0.00000000e+00  5.51400000e-10  1.80000000e+00  5.51400000e-10  2.38922723e-09 
 5.56400000e-10  0.00000000e+00  5.56400000e-10  1.80000000e+00  5.56400000e-10  2.38922723e-09 
 5.61400000e-10  0.00000000e+00  5.61400000e-10  1.80000000e+00  5.61400000e-10  2.38922723e-09 
 5.66400000e-10  0.00000000e+00  5.66400000e-10  1.80000000e+00  5.66400000e-10  2.38922723e-09 
 5.71400000e-10  0.00000000e+00  5.71400000e-10  1.80000000e+00  5.71400000e-10  2.38922723e-09 
 5.76400000e-10  0.00000000e+00  5.76400000e-10  1.80000000e+00  5.76400000e-10  2.38922723e-09 
 5.81400000e-10  0.00000000e+00  5.81400000e-10  1.80000000e+00  5.81400000e-10  2.38922723e-09 
 5.86400000e-10  0.00000000e+00  5.86400000e-10  1.80000000e+00  5.86400000e-10  2.38922723e-09 
 5.91400000e-10  0.00000000e+00  5.91400000e-10  1.80000000e+00  5.91400000e-10  2.38922723e-09 
 5.96400000e-10  0.00000000e+00  5.96400000e-10  1.80000000e+00  5.96400000e-10  2.38922723e-09 
 6.01400000e-10  0.00000000e+00  6.01400000e-10  1.80000000e+00  6.01400000e-10  2.38922723e-09 
 6.06400000e-10  0.00000000e+00  6.06400000e-10  1.80000000e+00  6.06400000e-10  2.38922723e-09 
 6.11400000e-10  0.00000000e+00  6.11400000e-10  1.80000000e+00  6.11400000e-10  2.38922723e-09 
 6.16400000e-10  0.00000000e+00  6.16400000e-10  1.80000000e+00  6.16400000e-10  2.38922723e-09 
 6.21400000e-10  0.00000000e+00  6.21400000e-10  1.80000000e+00  6.21400000e-10  2.38922723e-09 
 6.26400000e-10  0.00000000e+00  6.26400000e-10  1.80000000e+00  6.26400000e-10  2.38922723e-09 
 6.31400000e-10  0.00000000e+00  6.31400000e-10  1.80000000e+00  6.31400000e-10  2.38922723e-09 
 6.36400000e-10  0.00000000e+00  6.36400000e-10  1.80000000e+00  6.36400000e-10  2.38922723e-09 
 6.41400000e-10  0.00000000e+00  6.41400000e-10  1.80000000e+00  6.41400000e-10  2.38922723e-09 
 6.46400000e-10  0.00000000e+00  6.46400000e-10  1.80000000e+00  6.46400000e-10  2.38922723e-09 
 6.51400000e-10  0.00000000e+00  6.51400000e-10  1.80000000e+00  6.51400000e-10  2.38922723e-09 
 6.56400000e-10  0.00000000e+00  6.56400000e-10  1.80000000e+00  6.56400000e-10  2.38922723e-09 
 6.61400000e-10  0.00000000e+00  6.61400000e-10  1.80000000e+00  6.61400000e-10  2.38922723e-09 
 6.66400000e-10  0.00000000e+00  6.66400000e-10  1.80000000e+00  6.66400000e-10  2.38922723e-09 
 6.71400000e-10  0.00000000e+00  6.71400000e-10  1.80000000e+00  6.71400000e-10  2.38922723e-09 
 6.76400000e-10  0.00000000e+00  6.76400000e-10  1.80000000e+00  6.76400000e-10  2.38922723e-09 
 6.81400000e-10  0.00000000e+00  6.81400000e-10  1.80000000e+00  6.81400000e-10  2.38922723e-09 
 6.86400000e-10  0.00000000e+00  6.86400000e-10  1.80000000e+00  6.86400000e-10  2.38922723e-09 
 6.91400000e-10  0.00000000e+00  6.91400000e-10  1.80000000e+00  6.91400000e-10  2.38922723e-09 
 6.96400000e-10  0.00000000e+00  6.96400000e-10  1.80000000e+00  6.96400000e-10  2.38922723e-09 
 7.01400000e-10  0.00000000e+00  7.01400000e-10  1.80000000e+00  7.01400000e-10  2.38922723e-09 
 7.06400000e-10  0.00000000e+00  7.06400000e-10  1.80000000e+00  7.06400000e-10  2.38922723e-09 
 7.11400000e-10  0.00000000e+00  7.11400000e-10  1.80000000e+00  7.11400000e-10  2.38922723e-09 
 7.16400000e-10  0.00000000e+00  7.16400000e-10  1.80000000e+00  7.16400000e-10  2.38922723e-09 
 7.21400000e-10  0.00000000e+00  7.21400000e-10  1.80000000e+00  7.21400000e-10  2.38922723e-09 
 7.26400000e-10  0.00000000e+00  7.26400000e-10  1.80000000e+00  7.26400000e-10  2.38922723e-09 
 7.31400000e-10  0.00000000e+00  7.31400000e-10  1.80000000e+00  7.31400000e-10  2.38922723e-09 
 7.36400000e-10  0.00000000e+00  7.36400000e-10  1.80000000e+00  7.36400000e-10  2.38922723e-09 
 7.41400000e-10  0.00000000e+00  7.41400000e-10  1.80000000e+00  7.41400000e-10  2.38922723e-09 
 7.46400000e-10  0.00000000e+00  7.46400000e-10  1.80000000e+00  7.46400000e-10  2.38922723e-09 
 7.51400000e-10  0.00000000e+00  7.51400000e-10  1.80000000e+00  7.51400000e-10  2.38922723e-09 
 7.56400000e-10  0.00000000e+00  7.56400000e-10  1.80000000e+00  7.56400000e-10  2.38922723e-09 
 7.61400000e-10  0.00000000e+00  7.61400000e-10  1.80000000e+00  7.61400000e-10  2.38922723e-09 
 7.66400000e-10  0.00000000e+00  7.66400000e-10  1.80000000e+00  7.66400000e-10  2.38922723e-09 
 7.71400000e-10  0.00000000e+00  7.71400000e-10  1.80000000e+00  7.71400000e-10  2.38922723e-09 
 7.76400000e-10  0.00000000e+00  7.76400000e-10  1.80000000e+00  7.76400000e-10  2.38922723e-09 
 7.81400000e-10  0.00000000e+00  7.81400000e-10  1.80000000e+00  7.81400000e-10  2.38922723e-09 
 7.86400000e-10  0.00000000e+00  7.86400000e-10  1.80000000e+00  7.86400000e-10  2.38922723e-09 
 7.91400000e-10  0.00000000e+00  7.91400000e-10  1.80000000e+00  7.91400000e-10  2.38922723e-09 
 7.96400000e-10  0.00000000e+00  7.96400000e-10  1.80000000e+00  7.96400000e-10  2.38922723e-09 
 8.01400000e-10  0.00000000e+00  8.01400000e-10  1.80000000e+00  8.01400000e-10  2.38922723e-09 
 8.06400000e-10  0.00000000e+00  8.06400000e-10  1.80000000e+00  8.06400000e-10  2.38922723e-09 
 8.11400000e-10  0.00000000e+00  8.11400000e-10  1.80000000e+00  8.11400000e-10  2.38922723e-09 
 8.16400000e-10  0.00000000e+00  8.16400000e-10  1.80000000e+00  8.16400000e-10  2.38922723e-09 
 8.21400000e-10  0.00000000e+00  8.21400000e-10  1.80000000e+00  8.21400000e-10  2.38922723e-09 
 8.26400000e-10  0.00000000e+00  8.26400000e-10  1.80000000e+00  8.26400000e-10  2.38922723e-09 
 8.31400000e-10  0.00000000e+00  8.31400000e-10  1.80000000e+00  8.31400000e-10  2.38922723e-09 
 8.36400000e-10  0.00000000e+00  8.36400000e-10  1.80000000e+00  8.36400000e-10  2.38922723e-09 
 8.41400000e-10  0.00000000e+00  8.41400000e-10  1.80000000e+00  8.41400000e-10  2.38922723e-09 
 8.46400000e-10  0.00000000e+00  8.46400000e-10  1.80000000e+00  8.46400000e-10  2.38922723e-09 
 8.51400000e-10  0.00000000e+00  8.51400000e-10  1.80000000e+00  8.51400000e-10  2.38922723e-09 
 8.56400000e-10  0.00000000e+00  8.56400000e-10  1.80000000e+00  8.56400000e-10  2.38922723e-09 
 8.61400000e-10  0.00000000e+00  8.61400000e-10  1.80000000e+00  8.61400000e-10  2.38922723e-09 
 8.66400000e-10  0.00000000e+00  8.66400000e-10  1.80000000e+00  8.66400000e-10  2.38922723e-09 
 8.71400000e-10  0.00000000e+00  8.71400000e-10  1.80000000e+00  8.71400000e-10  2.38922723e-09 
 8.76400000e-10  0.00000000e+00  8.76400000e-10  1.80000000e+00  8.76400000e-10  2.38922723e-09 
 8.81400000e-10  0.00000000e+00  8.81400000e-10  1.80000000e+00  8.81400000e-10  2.38922723e-09 
 8.86400000e-10  0.00000000e+00  8.86400000e-10  1.80000000e+00  8.86400000e-10  2.38922723e-09 
 8.91400000e-10  0.00000000e+00  8.91400000e-10  1.80000000e+00  8.91400000e-10  2.38922723e-09 
 8.96400000e-10  0.00000000e+00  8.96400000e-10  1.80000000e+00  8.96400000e-10  2.38922723e-09 
 9.01400000e-10  0.00000000e+00  9.01400000e-10  1.80000000e+00  9.01400000e-10  2.38922723e-09 
 9.06400000e-10  0.00000000e+00  9.06400000e-10  1.80000000e+00  9.06400000e-10  2.38922723e-09 
 9.11400000e-10  0.00000000e+00  9.11400000e-10  1.80000000e+00  9.11400000e-10  2.38922723e-09 
 9.16400000e-10  0.00000000e+00  9.16400000e-10  1.80000000e+00  9.16400000e-10  2.38922723e-09 
 9.21400000e-10  0.00000000e+00  9.21400000e-10  1.80000000e+00  9.21400000e-10  2.38922723e-09 
 9.26400000e-10  0.00000000e+00  9.26400000e-10  1.80000000e+00  9.26400000e-10  2.38922723e-09 
 9.31400000e-10  0.00000000e+00  9.31400000e-10  1.80000000e+00  9.31400000e-10  2.38922723e-09 
 9.36400000e-10  0.00000000e+00  9.36400000e-10  1.80000000e+00  9.36400000e-10  2.38922723e-09 
 9.41400000e-10  0.00000000e+00  9.41400000e-10  1.80000000e+00  9.41400000e-10  2.38922723e-09 
 9.46400000e-10  0.00000000e+00  9.46400000e-10  1.80000000e+00  9.46400000e-10  2.38922723e-09 
 9.51400000e-10  0.00000000e+00  9.51400000e-10  1.80000000e+00  9.51400000e-10  2.38922723e-09 
 9.56400000e-10  0.00000000e+00  9.56400000e-10  1.80000000e+00  9.56400000e-10  2.38922723e-09 
 9.61400000e-10  0.00000000e+00  9.61400000e-10  1.80000000e+00  9.61400000e-10  2.38922723e-09 
 9.66400000e-10  0.00000000e+00  9.66400000e-10  1.80000000e+00  9.66400000e-10  2.38922723e-09 
 9.71400000e-10  0.00000000e+00  9.71400000e-10  1.80000000e+00  9.71400000e-10  2.38922723e-09 
 9.76400000e-10  0.00000000e+00  9.76400000e-10  1.80000000e+00  9.76400000e-10  2.38922723e-09 
 9.81400000e-10  0.00000000e+00  9.81400000e-10  1.80000000e+00  9.81400000e-10  2.38922723e-09 
 9.86400000e-10  0.00000000e+00  9.86400000e-10  1.80000000e+00  9.86400000e-10  2.38922723e-09 
 9.91400000e-10  0.00000000e+00  9.91400000e-10  1.80000000e+00  9.91400000e-10  2.38922723e-09 
 9.96400000e-10  0.00000000e+00  9.96400000e-10  1.80000000e+00  9.96400000e-10  2.38922723e-09 
 1.00140000e-09  0.00000000e+00  1.00140000e-09  1.80000000e+00  1.00140000e-09  2.38922723e-09 
 1.00640000e-09  0.00000000e+00  1.00640000e-09  1.80000000e+00  1.00640000e-09  2.38922723e-09 
 1.01140000e-09  0.00000000e+00  1.01140000e-09  1.80000000e+00  1.01140000e-09  2.38922723e-09 
 1.01640000e-09  0.00000000e+00  1.01640000e-09  1.80000000e+00  1.01640000e-09  2.38922723e-09 
 1.02140000e-09  0.00000000e+00  1.02140000e-09  1.80000000e+00  1.02140000e-09  2.38922723e-09 
 1.02640000e-09  0.00000000e+00  1.02640000e-09  1.80000000e+00  1.02640000e-09  2.38922723e-09 
 1.03140000e-09  0.00000000e+00  1.03140000e-09  1.80000000e+00  1.03140000e-09  2.38922723e-09 
 1.03640000e-09  0.00000000e+00  1.03640000e-09  1.80000000e+00  1.03640000e-09  2.38922723e-09 
 1.04140000e-09  0.00000000e+00  1.04140000e-09  1.80000000e+00  1.04140000e-09  2.38922723e-09 
 1.04640000e-09  0.00000000e+00  1.04640000e-09  1.80000000e+00  1.04640000e-09  2.38922723e-09 
 1.05140000e-09  0.00000000e+00  1.05140000e-09  1.80000000e+00  1.05140000e-09  2.38922723e-09 
 1.05640000e-09  0.00000000e+00  1.05640000e-09  1.80000000e+00  1.05640000e-09  2.38922723e-09 
 1.06140000e-09  0.00000000e+00  1.06140000e-09  1.80000000e+00  1.06140000e-09  2.38922723e-09 
 1.06640000e-09  0.00000000e+00  1.06640000e-09  1.80000000e+00  1.06640000e-09  2.38922723e-09 
 1.07140000e-09  0.00000000e+00  1.07140000e-09  1.80000000e+00  1.07140000e-09  2.38922723e-09 
 1.07640000e-09  0.00000000e+00  1.07640000e-09  1.80000000e+00  1.07640000e-09  2.38922723e-09 
 1.08140000e-09  0.00000000e+00  1.08140000e-09  1.80000000e+00  1.08140000e-09  2.38922723e-09 
 1.08640000e-09  0.00000000e+00  1.08640000e-09  1.80000000e+00  1.08640000e-09  2.38922723e-09 
 1.09140000e-09  0.00000000e+00  1.09140000e-09  1.80000000e+00  1.09140000e-09  2.38922723e-09 
 1.09640000e-09  0.00000000e+00  1.09640000e-09  1.80000000e+00  1.09640000e-09  2.38922723e-09 
 1.10140000e-09  0.00000000e+00  1.10140000e-09  1.80000000e+00  1.10140000e-09  2.38922723e-09 
 1.10640000e-09  0.00000000e+00  1.10640000e-09  1.80000000e+00  1.10640000e-09  2.38922723e-09 
 1.11140000e-09  0.00000000e+00  1.11140000e-09  1.80000000e+00  1.11140000e-09  2.38922723e-09 
 1.11640000e-09  0.00000000e+00  1.11640000e-09  1.80000000e+00  1.11640000e-09  2.38922723e-09 
 1.12140000e-09  0.00000000e+00  1.12140000e-09  1.80000000e+00  1.12140000e-09  2.38922723e-09 
 1.12640000e-09  0.00000000e+00  1.12640000e-09  1.80000000e+00  1.12640000e-09  2.38922723e-09 
 1.13140000e-09  0.00000000e+00  1.13140000e-09  1.80000000e+00  1.13140000e-09  2.38922723e-09 
 1.13640000e-09  0.00000000e+00  1.13640000e-09  1.80000000e+00  1.13640000e-09  2.38922723e-09 
 1.14140000e-09  0.00000000e+00  1.14140000e-09  1.80000000e+00  1.14140000e-09  2.38922723e-09 
 1.14640000e-09  0.00000000e+00  1.14640000e-09  1.80000000e+00  1.14640000e-09  2.38922723e-09 
 1.15140000e-09  0.00000000e+00  1.15140000e-09  1.80000000e+00  1.15140000e-09  2.38922723e-09 
 1.15640000e-09  0.00000000e+00  1.15640000e-09  1.80000000e+00  1.15640000e-09  2.38922723e-09 
 1.16140000e-09  0.00000000e+00  1.16140000e-09  1.80000000e+00  1.16140000e-09  2.38922723e-09 
 1.16640000e-09  0.00000000e+00  1.16640000e-09  1.80000000e+00  1.16640000e-09  2.38922723e-09 
 1.17140000e-09  0.00000000e+00  1.17140000e-09  1.80000000e+00  1.17140000e-09  2.38922723e-09 
 1.17640000e-09  0.00000000e+00  1.17640000e-09  1.80000000e+00  1.17640000e-09  2.38922723e-09 
 1.18140000e-09  0.00000000e+00  1.18140000e-09  1.80000000e+00  1.18140000e-09  2.38922723e-09 
 1.18640000e-09  0.00000000e+00  1.18640000e-09  1.80000000e+00  1.18640000e-09  2.38922723e-09 
 1.19140000e-09  0.00000000e+00  1.19140000e-09  1.80000000e+00  1.19140000e-09  2.38922723e-09 
 1.19640000e-09  0.00000000e+00  1.19640000e-09  1.80000000e+00  1.19640000e-09  2.38922723e-09 
 1.20140000e-09  0.00000000e+00  1.20140000e-09  1.80000000e+00  1.20140000e-09  2.38922723e-09 
 1.20640000e-09  0.00000000e+00  1.20640000e-09  1.80000000e+00  1.20640000e-09  2.38922723e-09 
 1.21140000e-09  0.00000000e+00  1.21140000e-09  1.80000000e+00  1.21140000e-09  2.38922723e-09 
 1.21640000e-09  0.00000000e+00  1.21640000e-09  1.80000000e+00  1.21640000e-09  2.38922723e-09 
 1.22140000e-09  0.00000000e+00  1.22140000e-09  1.80000000e+00  1.22140000e-09  2.38922723e-09 
 1.22640000e-09  0.00000000e+00  1.22640000e-09  1.80000000e+00  1.22640000e-09  2.38922723e-09 
 1.23140000e-09  0.00000000e+00  1.23140000e-09  1.80000000e+00  1.23140000e-09  2.38922723e-09 
 1.23640000e-09  0.00000000e+00  1.23640000e-09  1.80000000e+00  1.23640000e-09  2.38922723e-09 
 1.24140000e-09  0.00000000e+00  1.24140000e-09  1.80000000e+00  1.24140000e-09  2.38922723e-09 
 1.24640000e-09  0.00000000e+00  1.24640000e-09  1.80000000e+00  1.24640000e-09  2.38922723e-09 
 1.25140000e-09  0.00000000e+00  1.25140000e-09  1.80000000e+00  1.25140000e-09  2.38922723e-09 
 1.25640000e-09  0.00000000e+00  1.25640000e-09  1.80000000e+00  1.25640000e-09  2.38922723e-09 
 1.26140000e-09  0.00000000e+00  1.26140000e-09  1.80000000e+00  1.26140000e-09  2.38922723e-09 
 1.26640000e-09  0.00000000e+00  1.26640000e-09  1.80000000e+00  1.26640000e-09  2.38922723e-09 
 1.27140000e-09  0.00000000e+00  1.27140000e-09  1.80000000e+00  1.27140000e-09  2.38922723e-09 
 1.27640000e-09  0.00000000e+00  1.27640000e-09  1.80000000e+00  1.27640000e-09  2.38922723e-09 
 1.28140000e-09  0.00000000e+00  1.28140000e-09  1.80000000e+00  1.28140000e-09  2.38922723e-09 
 1.28640000e-09  0.00000000e+00  1.28640000e-09  1.80000000e+00  1.28640000e-09  2.38922723e-09 
 1.29140000e-09  0.00000000e+00  1.29140000e-09  1.80000000e+00  1.29140000e-09  2.38922723e-09 
 1.29640000e-09  0.00000000e+00  1.29640000e-09  1.80000000e+00  1.29640000e-09  2.38922723e-09 
 1.30140000e-09  0.00000000e+00  1.30140000e-09  1.80000000e+00  1.30140000e-09  2.38922723e-09 
 1.30640000e-09  0.00000000e+00  1.30640000e-09  1.80000000e+00  1.30640000e-09  2.38922723e-09 
 1.31140000e-09  0.00000000e+00  1.31140000e-09  1.80000000e+00  1.31140000e-09  2.38922723e-09 
 1.31640000e-09  0.00000000e+00  1.31640000e-09  1.80000000e+00  1.31640000e-09  2.38922723e-09 
 1.32140000e-09  0.00000000e+00  1.32140000e-09  1.80000000e+00  1.32140000e-09  2.38922723e-09 
 1.32640000e-09  0.00000000e+00  1.32640000e-09  1.80000000e+00  1.32640000e-09  2.38922723e-09 
 1.33140000e-09  0.00000000e+00  1.33140000e-09  1.80000000e+00  1.33140000e-09  2.38922723e-09 
 1.33640000e-09  0.00000000e+00  1.33640000e-09  1.80000000e+00  1.33640000e-09  2.38922723e-09 
 1.34140000e-09  0.00000000e+00  1.34140000e-09  1.80000000e+00  1.34140000e-09  2.38922723e-09 
 1.34640000e-09  0.00000000e+00  1.34640000e-09  1.80000000e+00  1.34640000e-09  2.38922723e-09 
 1.35140000e-09  0.00000000e+00  1.35140000e-09  1.80000000e+00  1.35140000e-09  2.38922723e-09 
 1.35640000e-09  0.00000000e+00  1.35640000e-09  1.80000000e+00  1.35640000e-09  2.38922723e-09 
 1.36140000e-09  0.00000000e+00  1.36140000e-09  1.80000000e+00  1.36140000e-09  2.38922723e-09 
 1.36640000e-09  0.00000000e+00  1.36640000e-09  1.80000000e+00  1.36640000e-09  2.38922723e-09 
 1.37140000e-09  0.00000000e+00  1.37140000e-09  1.80000000e+00  1.37140000e-09  2.38922723e-09 
 1.37640000e-09  0.00000000e+00  1.37640000e-09  1.80000000e+00  1.37640000e-09  2.38922723e-09 
 1.38140000e-09  0.00000000e+00  1.38140000e-09  1.80000000e+00  1.38140000e-09  2.38922723e-09 
 1.38640000e-09  0.00000000e+00  1.38640000e-09  1.80000000e+00  1.38640000e-09  2.38922723e-09 
 1.39140000e-09  0.00000000e+00  1.39140000e-09  1.80000000e+00  1.39140000e-09  2.38922723e-09 
 1.39640000e-09  0.00000000e+00  1.39640000e-09  1.80000000e+00  1.39640000e-09  2.38922723e-09 
 1.40140000e-09  0.00000000e+00  1.40140000e-09  1.80000000e+00  1.40140000e-09  2.38922723e-09 
 1.40640000e-09  0.00000000e+00  1.40640000e-09  1.80000000e+00  1.40640000e-09  2.38922723e-09 
 1.41140000e-09  0.00000000e+00  1.41140000e-09  1.80000000e+00  1.41140000e-09  2.38922723e-09 
 1.41640000e-09  0.00000000e+00  1.41640000e-09  1.80000000e+00  1.41640000e-09  2.38922723e-09 
 1.42140000e-09  0.00000000e+00  1.42140000e-09  1.80000000e+00  1.42140000e-09  2.38922723e-09 
 1.42640000e-09  0.00000000e+00  1.42640000e-09  1.80000000e+00  1.42640000e-09  2.38922723e-09 
 1.43140000e-09  0.00000000e+00  1.43140000e-09  1.80000000e+00  1.43140000e-09  2.38922723e-09 
 1.43640000e-09  0.00000000e+00  1.43640000e-09  1.80000000e+00  1.43640000e-09  2.38922723e-09 
 1.44140000e-09  0.00000000e+00  1.44140000e-09  1.80000000e+00  1.44140000e-09  2.38922723e-09 
 1.44640000e-09  0.00000000e+00  1.44640000e-09  1.80000000e+00  1.44640000e-09  2.38922723e-09 
 1.45140000e-09  0.00000000e+00  1.45140000e-09  1.80000000e+00  1.45140000e-09  2.38922723e-09 
 1.45640000e-09  0.00000000e+00  1.45640000e-09  1.80000000e+00  1.45640000e-09  2.38922723e-09 
 1.46140000e-09  0.00000000e+00  1.46140000e-09  1.80000000e+00  1.46140000e-09  2.38922723e-09 
 1.46640000e-09  0.00000000e+00  1.46640000e-09  1.80000000e+00  1.46640000e-09  2.38922723e-09 
 1.47140000e-09  0.00000000e+00  1.47140000e-09  1.80000000e+00  1.47140000e-09  2.38922723e-09 
 1.47640000e-09  0.00000000e+00  1.47640000e-09  1.80000000e+00  1.47640000e-09  2.38922723e-09 
 1.48140000e-09  0.00000000e+00  1.48140000e-09  1.80000000e+00  1.48140000e-09  2.38922723e-09 
 1.48640000e-09  0.00000000e+00  1.48640000e-09  1.80000000e+00  1.48640000e-09  2.38922723e-09 
 1.49140000e-09  0.00000000e+00  1.49140000e-09  1.80000000e+00  1.49140000e-09  2.38922723e-09 
 1.49640000e-09  0.00000000e+00  1.49640000e-09  1.80000000e+00  1.49640000e-09  2.38922723e-09 
 1.50140000e-09  0.00000000e+00  1.50140000e-09  1.80000000e+00  1.50140000e-09  2.38922723e-09 
 1.50640000e-09  0.00000000e+00  1.50640000e-09  1.80000000e+00  1.50640000e-09  2.38922723e-09 
 1.51140000e-09  0.00000000e+00  1.51140000e-09  1.80000000e+00  1.51140000e-09  2.38922723e-09 
 1.51640000e-09  0.00000000e+00  1.51640000e-09  1.80000000e+00  1.51640000e-09  2.38922723e-09 
 1.52140000e-09  0.00000000e+00  1.52140000e-09  1.80000000e+00  1.52140000e-09  2.38922723e-09 
 1.52640000e-09  0.00000000e+00  1.52640000e-09  1.80000000e+00  1.52640000e-09  2.38922723e-09 
 1.53140000e-09  0.00000000e+00  1.53140000e-09  1.80000000e+00  1.53140000e-09  2.38922723e-09 
 1.53640000e-09  0.00000000e+00  1.53640000e-09  1.80000000e+00  1.53640000e-09  2.38922723e-09 
 1.54140000e-09  0.00000000e+00  1.54140000e-09  1.80000000e+00  1.54140000e-09  2.38922723e-09 
 1.54640000e-09  0.00000000e+00  1.54640000e-09  1.80000000e+00  1.54640000e-09  2.38922723e-09 
 1.55140000e-09  0.00000000e+00  1.55140000e-09  1.80000000e+00  1.55140000e-09  2.38922723e-09 
 1.55640000e-09  0.00000000e+00  1.55640000e-09  1.80000000e+00  1.55640000e-09  2.38922723e-09 
 1.56140000e-09  0.00000000e+00  1.56140000e-09  1.80000000e+00  1.56140000e-09  2.38922723e-09 
 1.56640000e-09  0.00000000e+00  1.56640000e-09  1.80000000e+00  1.56640000e-09  2.38922723e-09 
 1.57140000e-09  0.00000000e+00  1.57140000e-09  1.80000000e+00  1.57140000e-09  2.38922723e-09 
 1.57640000e-09  0.00000000e+00  1.57640000e-09  1.80000000e+00  1.57640000e-09  2.38922723e-09 
 1.58140000e-09  0.00000000e+00  1.58140000e-09  1.80000000e+00  1.58140000e-09  2.38922723e-09 
 1.58640000e-09  0.00000000e+00  1.58640000e-09  1.80000000e+00  1.58640000e-09  2.38922723e-09 
 1.59140000e-09  0.00000000e+00  1.59140000e-09  1.80000000e+00  1.59140000e-09  2.38922723e-09 
 1.59640000e-09  0.00000000e+00  1.59640000e-09  1.80000000e+00  1.59640000e-09  2.38922723e-09 
 1.60140000e-09  0.00000000e+00  1.60140000e-09  1.80000000e+00  1.60140000e-09  2.38922723e-09 
 1.60640000e-09  0.00000000e+00  1.60640000e-09  1.80000000e+00  1.60640000e-09  2.38922723e-09 
 1.61140000e-09  0.00000000e+00  1.61140000e-09  1.80000000e+00  1.61140000e-09  2.38922723e-09 
 1.61640000e-09  0.00000000e+00  1.61640000e-09  1.80000000e+00  1.61640000e-09  2.38922723e-09 
 1.62140000e-09  0.00000000e+00  1.62140000e-09  1.80000000e+00  1.62140000e-09  2.38922723e-09 
 1.62640000e-09  0.00000000e+00  1.62640000e-09  1.80000000e+00  1.62640000e-09  2.38922723e-09 
 1.63140000e-09  0.00000000e+00  1.63140000e-09  1.80000000e+00  1.63140000e-09  2.38922723e-09 
 1.63640000e-09  0.00000000e+00  1.63640000e-09  1.80000000e+00  1.63640000e-09  2.38922723e-09 
 1.64140000e-09  0.00000000e+00  1.64140000e-09  1.80000000e+00  1.64140000e-09  2.38922723e-09 
 1.64640000e-09  0.00000000e+00  1.64640000e-09  1.80000000e+00  1.64640000e-09  2.38922723e-09 
 1.65140000e-09  0.00000000e+00  1.65140000e-09  1.80000000e+00  1.65140000e-09  2.38922723e-09 
 1.65640000e-09  0.00000000e+00  1.65640000e-09  1.80000000e+00  1.65640000e-09  2.38922723e-09 
 1.66140000e-09  0.00000000e+00  1.66140000e-09  1.80000000e+00  1.66140000e-09  2.38922723e-09 
 1.66640000e-09  0.00000000e+00  1.66640000e-09  1.80000000e+00  1.66640000e-09  2.38922723e-09 
 1.67140000e-09  0.00000000e+00  1.67140000e-09  1.80000000e+00  1.67140000e-09  2.38922723e-09 
 1.67640000e-09  0.00000000e+00  1.67640000e-09  1.80000000e+00  1.67640000e-09  2.38922723e-09 
 1.68140000e-09  0.00000000e+00  1.68140000e-09  1.80000000e+00  1.68140000e-09  2.38922723e-09 
 1.68640000e-09  0.00000000e+00  1.68640000e-09  1.80000000e+00  1.68640000e-09  2.38922723e-09 
 1.69140000e-09  0.00000000e+00  1.69140000e-09  1.80000000e+00  1.69140000e-09  2.38922723e-09 
 1.69640000e-09  0.00000000e+00  1.69640000e-09  1.80000000e+00  1.69640000e-09  2.38922723e-09 
 1.70140000e-09  0.00000000e+00  1.70140000e-09  1.80000000e+00  1.70140000e-09  2.38922723e-09 
 1.70640000e-09  0.00000000e+00  1.70640000e-09  1.80000000e+00  1.70640000e-09  2.38922723e-09 
 1.71140000e-09  0.00000000e+00  1.71140000e-09  1.80000000e+00  1.71140000e-09  2.38922723e-09 
 1.71640000e-09  0.00000000e+00  1.71640000e-09  1.80000000e+00  1.71640000e-09  2.38922723e-09 
 1.72140000e-09  0.00000000e+00  1.72140000e-09  1.80000000e+00  1.72140000e-09  2.38922723e-09 
 1.72640000e-09  0.00000000e+00  1.72640000e-09  1.80000000e+00  1.72640000e-09  2.38922723e-09 
 1.73140000e-09  0.00000000e+00  1.73140000e-09  1.80000000e+00  1.73140000e-09  2.38922723e-09 
 1.73640000e-09  0.00000000e+00  1.73640000e-09  1.80000000e+00  1.73640000e-09  2.38922723e-09 
 1.74140000e-09  0.00000000e+00  1.74140000e-09  1.80000000e+00  1.74140000e-09  2.38922723e-09 
 1.74640000e-09  0.00000000e+00  1.74640000e-09  1.80000000e+00  1.74640000e-09  2.38922723e-09 
 1.75140000e-09  0.00000000e+00  1.75140000e-09  1.80000000e+00  1.75140000e-09  2.38922723e-09 
 1.75640000e-09  0.00000000e+00  1.75640000e-09  1.80000000e+00  1.75640000e-09  2.38922723e-09 
 1.76140000e-09  0.00000000e+00  1.76140000e-09  1.80000000e+00  1.76140000e-09  2.38922723e-09 
 1.76640000e-09  0.00000000e+00  1.76640000e-09  1.80000000e+00  1.76640000e-09  2.38922723e-09 
 1.77140000e-09  0.00000000e+00  1.77140000e-09  1.80000000e+00  1.77140000e-09  2.38922723e-09 
 1.77640000e-09  0.00000000e+00  1.77640000e-09  1.80000000e+00  1.77640000e-09  2.38922723e-09 
 1.78140000e-09  0.00000000e+00  1.78140000e-09  1.80000000e+00  1.78140000e-09  2.38922723e-09 
 1.78640000e-09  0.00000000e+00  1.78640000e-09  1.80000000e+00  1.78640000e-09  2.38922723e-09 
 1.79140000e-09  0.00000000e+00  1.79140000e-09  1.80000000e+00  1.79140000e-09  2.38922723e-09 
 1.79640000e-09  0.00000000e+00  1.79640000e-09  1.80000000e+00  1.79640000e-09  2.38922723e-09 
 1.80140000e-09  0.00000000e+00  1.80140000e-09  1.80000000e+00  1.80140000e-09  2.38922723e-09 
 1.80640000e-09  0.00000000e+00  1.80640000e-09  1.80000000e+00  1.80640000e-09  2.38922723e-09 
 1.81140000e-09  0.00000000e+00  1.81140000e-09  1.80000000e+00  1.81140000e-09  2.38922723e-09 
 1.81640000e-09  0.00000000e+00  1.81640000e-09  1.80000000e+00  1.81640000e-09  2.38922723e-09 
 1.82140000e-09  0.00000000e+00  1.82140000e-09  1.80000000e+00  1.82140000e-09  2.38922723e-09 
 1.82640000e-09  0.00000000e+00  1.82640000e-09  1.80000000e+00  1.82640000e-09  2.38922723e-09 
 1.83140000e-09  0.00000000e+00  1.83140000e-09  1.80000000e+00  1.83140000e-09  2.38922723e-09 
 1.83640000e-09  0.00000000e+00  1.83640000e-09  1.80000000e+00  1.83640000e-09  2.38922723e-09 
 1.84140000e-09  0.00000000e+00  1.84140000e-09  1.80000000e+00  1.84140000e-09  2.38922723e-09 
 1.84640000e-09  0.00000000e+00  1.84640000e-09  1.80000000e+00  1.84640000e-09  2.38922723e-09 
 1.85140000e-09  0.00000000e+00  1.85140000e-09  1.80000000e+00  1.85140000e-09  2.38922723e-09 
 1.85640000e-09  0.00000000e+00  1.85640000e-09  1.80000000e+00  1.85640000e-09  2.38922723e-09 
 1.86140000e-09  0.00000000e+00  1.86140000e-09  1.80000000e+00  1.86140000e-09  2.38922723e-09 
 1.86640000e-09  0.00000000e+00  1.86640000e-09  1.80000000e+00  1.86640000e-09  2.38922723e-09 
 1.87140000e-09  0.00000000e+00  1.87140000e-09  1.80000000e+00  1.87140000e-09  2.38922723e-09 
 1.87640000e-09  0.00000000e+00  1.87640000e-09  1.80000000e+00  1.87640000e-09  2.38922723e-09 
 1.88140000e-09  0.00000000e+00  1.88140000e-09  1.80000000e+00  1.88140000e-09  2.38922723e-09 
 1.88640000e-09  0.00000000e+00  1.88640000e-09  1.80000000e+00  1.88640000e-09  2.38922723e-09 
 1.89140000e-09  0.00000000e+00  1.89140000e-09  1.80000000e+00  1.89140000e-09  2.38922723e-09 
 1.89640000e-09  0.00000000e+00  1.89640000e-09  1.80000000e+00  1.89640000e-09  2.38922723e-09 
 1.90140000e-09  0.00000000e+00  1.90140000e-09  1.80000000e+00  1.90140000e-09  2.38922723e-09 
 1.90640000e-09  0.00000000e+00  1.90640000e-09  1.80000000e+00  1.90640000e-09  2.38922723e-09 
 1.91140000e-09  0.00000000e+00  1.91140000e-09  1.80000000e+00  1.91140000e-09  2.38922723e-09 
 1.91640000e-09  0.00000000e+00  1.91640000e-09  1.80000000e+00  1.91640000e-09  2.38922723e-09 
 1.92140000e-09  0.00000000e+00  1.92140000e-09  1.80000000e+00  1.92140000e-09  2.38922723e-09 
 1.92640000e-09  0.00000000e+00  1.92640000e-09  1.80000000e+00  1.92640000e-09  2.38922723e-09 
 1.93140000e-09  0.00000000e+00  1.93140000e-09  1.80000000e+00  1.93140000e-09  2.38922723e-09 
 1.93640000e-09  0.00000000e+00  1.93640000e-09  1.80000000e+00  1.93640000e-09  2.38922723e-09 
 1.94140000e-09  0.00000000e+00  1.94140000e-09  1.80000000e+00  1.94140000e-09  2.38922723e-09 
 1.94640000e-09  0.00000000e+00  1.94640000e-09  1.80000000e+00  1.94640000e-09  2.38922723e-09 
 1.95140000e-09  0.00000000e+00  1.95140000e-09  1.80000000e+00  1.95140000e-09  2.38922723e-09 
 1.95640000e-09  0.00000000e+00  1.95640000e-09  1.80000000e+00  1.95640000e-09  2.38922723e-09 
 1.96140000e-09  0.00000000e+00  1.96140000e-09  1.80000000e+00  1.96140000e-09  2.38922723e-09 
 1.96640000e-09  0.00000000e+00  1.96640000e-09  1.80000000e+00  1.96640000e-09  2.38922723e-09 
 1.97140000e-09  0.00000000e+00  1.97140000e-09  1.80000000e+00  1.97140000e-09  2.38922723e-09 
 1.97640000e-09  0.00000000e+00  1.97640000e-09  1.80000000e+00  1.97640000e-09  2.38922723e-09 
 1.98140000e-09  0.00000000e+00  1.98140000e-09  1.80000000e+00  1.98140000e-09  2.38922723e-09 
 1.98640000e-09  0.00000000e+00  1.98640000e-09  1.80000000e+00  1.98640000e-09  2.38922723e-09 
 1.99140000e-09  0.00000000e+00  1.99140000e-09  1.80000000e+00  1.99140000e-09  2.38922723e-09 
 1.99640000e-09  0.00000000e+00  1.99640000e-09  1.80000000e+00  1.99640000e-09  2.38922723e-09 
 2.00000000e-09  0.00000000e+00  2.00000000e-09  1.80000000e+00  2.00000000e-09  2.38922723e-09 
 2.00050000e-09  1.80000000e-02  2.00050000e-09  1.80000000e+00  2.00050000e-09  2.38922723e-09 
 2.00150000e-09  5.40000000e-02  2.00150000e-09  1.80000000e+00  2.00150000e-09  2.38922723e-09 
 2.00350000e-09  1.26000000e-01  2.00350000e-09  1.80000000e+00  2.00350000e-09  2.38922723e-09 
 2.00750000e-09  2.70000000e-01  2.00750000e-09  1.80000000e+00  2.00750000e-09  2.38922723e-09 
 2.01250000e-09  4.50000000e-01  2.01250000e-09  1.80000000e+00  2.01250000e-09  2.38922723e-09 
 2.01750000e-09  6.30000000e-01  2.01750000e-09  1.80000000e+00  2.01750000e-09  2.39589513e-09 
 2.02250000e-09  8.10000000e-01  2.02250000e-09  1.80000000e+00  2.02250000e-09  2.44256612e-09 
 2.02750000e-09  9.90000000e-01  2.02750000e-09  1.80000000e+00  2.02750000e-09  1.08184618e-01 
 2.03250000e-09  1.17000000e+00  2.03250000e-09  1.80000000e+00  2.03250000e-09  3.46405805e-01 
 2.03750000e-09  1.35000000e+00  2.03750000e-09  1.80000000e+00  2.03750000e-09  6.08099201e-01 
 2.04250000e-09  1.53000000e+00  2.04250000e-09  1.80000000e+00  2.04250000e-09  8.59833796e-01 
 2.04750000e-09  1.71000000e+00  2.04750000e-09  1.80000000e+00  2.04750000e-09  1.08236331e+00 
 2.05000000e-09  1.80000000e+00  2.05000000e-09  1.80000000e+00  2.05000000e-09  1.17984313e+00 
 2.05050000e-09  1.80000000e+00  2.05050000e-09  1.80000000e+00  2.05050000e-09  1.19794605e+00 
 2.05150000e-09  1.80000000e+00  2.05150000e-09  1.80000000e+00  2.05150000e-09  1.23335156e+00 
 2.05350000e-09  1.80000000e+00  2.05350000e-09  1.80000000e+00  2.05350000e-09  1.29939638e+00 
 2.05750000e-09  1.80000000e+00  2.05750000e-09  1.80000000e+00  2.05750000e-09  1.41317188e+00 
 2.06250000e-09  1.80000000e+00  2.06250000e-09  1.80000000e+00  2.06250000e-09  1.52412160e+00 
 2.06750000e-09  1.80000000e+00  2.06750000e-09  1.80000000e+00  2.06750000e-09  1.60578412e+00 
 2.07250000e-09  1.80000000e+00  2.07250000e-09  1.80000000e+00  2.07250000e-09  1.66456466e+00 
 2.07750000e-09  1.80000000e+00  2.07750000e-09  1.80000000e+00  2.07750000e-09  1.70620815e+00 
 2.08250000e-09  1.80000000e+00  2.08250000e-09  1.80000000e+00  2.08250000e-09  1.73536940e+00 
 2.08750000e-09  1.80000000e+00  2.08750000e-09  1.80000000e+00  2.08750000e-09  1.75560792e+00 
 2.09250000e-09  1.80000000e+00  2.09250000e-09  1.80000000e+00  2.09250000e-09  1.76957676e+00 
 2.09750000e-09  1.80000000e+00  2.09750000e-09  1.80000000e+00  2.09750000e-09  1.77918184e+00 
 2.10250000e-09  1.80000000e+00  2.10250000e-09  1.80000000e+00  2.10250000e-09  1.78576934e+00 
 2.10750000e-09  1.80000000e+00  2.10750000e-09  1.80000000e+00  2.10750000e-09  1.79027930e+00 
 2.11250000e-09  1.80000000e+00  2.11250000e-09  1.80000000e+00  2.11250000e-09  1.79336321e+00 
 2.11750000e-09  1.80000000e+00  2.11750000e-09  1.80000000e+00  2.11750000e-09  1.79547026e+00 
 2.12250000e-09  1.80000000e+00  2.12250000e-09  1.80000000e+00  2.12250000e-09  1.79690906e+00 
 2.12750000e-09  1.80000000e+00  2.12750000e-09  1.80000000e+00  2.12750000e-09  1.79789118e+00 
 2.13250000e-09  1.80000000e+00  2.13250000e-09  1.80000000e+00  2.13250000e-09  1.79856139e+00 
 2.13750000e-09  1.80000000e+00  2.13750000e-09  1.80000000e+00  2.13750000e-09  1.79901867e+00 
 2.14250000e-09  1.80000000e+00  2.14250000e-09  1.80000000e+00  2.14250000e-09  1.79933063e+00 
 2.14750000e-09  1.80000000e+00  2.14750000e-09  1.80000000e+00  2.14750000e-09  1.79954343e+00 
 2.15250000e-09  1.80000000e+00  2.15250000e-09  1.80000000e+00  2.15250000e-09  1.79968859e+00 
 2.15750000e-09  1.80000000e+00  2.15750000e-09  1.80000000e+00  2.15750000e-09  1.79978760e+00 
 2.16250000e-09  1.80000000e+00  2.16250000e-09  1.80000000e+00  2.16250000e-09  1.79985513e+00 
 2.16750000e-09  1.80000000e+00  2.16750000e-09  1.80000000e+00  2.16750000e-09  1.79990119e+00 
 2.17250000e-09  1.80000000e+00  2.17250000e-09  1.80000000e+00  2.17250000e-09  1.79993261e+00 
 2.17750000e-09  1.80000000e+00  2.17750000e-09  1.80000000e+00  2.17750000e-09  1.79995404e+00 
 2.18250000e-09  1.80000000e+00  2.18250000e-09  1.80000000e+00  2.18250000e-09  1.79996865e+00 
 2.18750000e-09  1.80000000e+00  2.18750000e-09  1.80000000e+00  2.18750000e-09  1.79997862e+00 
 2.19250000e-09  1.80000000e+00  2.19250000e-09  1.80000000e+00  2.19250000e-09  1.79998542e+00 
 2.19750000e-09  1.80000000e+00  2.19750000e-09  1.80000000e+00  2.19750000e-09  1.79999005e+00 
 2.20250000e-09  1.80000000e+00  2.20250000e-09  1.80000000e+00  2.20250000e-09  1.79999321e+00 
 2.20750000e-09  1.80000000e+00  2.20750000e-09  1.80000000e+00  2.20750000e-09  1.79999537e+00 
 2.21250000e-09  1.80000000e+00  2.21250000e-09  1.80000000e+00  2.21250000e-09  1.79999684e+00 
 2.21750000e-09  1.80000000e+00  2.21750000e-09  1.80000000e+00  2.21750000e-09  1.79999785e+00 
 2.22250000e-09  1.80000000e+00  2.22250000e-09  1.80000000e+00  2.22250000e-09  1.79999853e+00 
 2.22750000e-09  1.80000000e+00  2.22750000e-09  1.80000000e+00  2.22750000e-09  1.79999900e+00 
 2.23250000e-09  1.80000000e+00  2.23250000e-09  1.80000000e+00  2.23250000e-09  1.79999931e+00 
 2.23750000e-09  1.80000000e+00  2.23750000e-09  1.80000000e+00  2.23750000e-09  1.79999953e+00 
 2.24250000e-09  1.80000000e+00  2.24250000e-09  1.80000000e+00  2.24250000e-09  1.79999968e+00 
 2.24750000e-09  1.80000000e+00  2.24750000e-09  1.80000000e+00  2.24750000e-09  1.79999978e+00 
 2.25250000e-09  1.80000000e+00  2.25250000e-09  1.80000000e+00  2.25250000e-09  1.79999985e+00 
 2.25750000e-09  1.80000000e+00  2.25750000e-09  1.80000000e+00  2.25750000e-09  1.79999990e+00 
 2.26250000e-09  1.80000000e+00  2.26250000e-09  1.80000000e+00  2.26250000e-09  1.79999993e+00 
 2.26750000e-09  1.80000000e+00  2.26750000e-09  1.80000000e+00  2.26750000e-09  1.79999995e+00 
 2.27250000e-09  1.80000000e+00  2.27250000e-09  1.80000000e+00  2.27250000e-09  1.79999997e+00 
 2.27750000e-09  1.80000000e+00  2.27750000e-09  1.80000000e+00  2.27750000e-09  1.79999998e+00 
 2.28250000e-09  1.80000000e+00  2.28250000e-09  1.80000000e+00  2.28250000e-09  1.79999998e+00 
 2.28750000e-09  1.80000000e+00  2.28750000e-09  1.80000000e+00  2.28750000e-09  1.79999999e+00 
 2.29250000e-09  1.80000000e+00  2.29250000e-09  1.80000000e+00  2.29250000e-09  1.79999999e+00 
 2.29750000e-09  1.80000000e+00  2.29750000e-09  1.80000000e+00  2.29750000e-09  1.79999999e+00 
 2.30250000e-09  1.80000000e+00  2.30250000e-09  1.80000000e+00  2.30250000e-09  1.79999999e+00 
 2.30750000e-09  1.80000000e+00  2.30750000e-09  1.80000000e+00  2.30750000e-09  1.80000000e+00 
 2.31250000e-09  1.80000000e+00  2.31250000e-09  1.80000000e+00  2.31250000e-09  1.80000000e+00 
 2.31750000e-09  1.80000000e+00  2.31750000e-09  1.80000000e+00  2.31750000e-09  1.80000000e+00 
 2.32250000e-09  1.80000000e+00  2.32250000e-09  1.80000000e+00  2.32250000e-09  1.80000000e+00 
 2.32750000e-09  1.80000000e+00  2.32750000e-09  1.80000000e+00  2.32750000e-09  1.80000000e+00 
 2.33250000e-09  1.80000000e+00  2.33250000e-09  1.80000000e+00  2.33250000e-09  1.80000000e+00 
 2.33750000e-09  1.80000000e+00  2.33750000e-09  1.80000000e+00  2.33750000e-09  1.80000000e+00 
 2.34250000e-09  1.80000000e+00  2.34250000e-09  1.80000000e+00  2.34250000e-09  1.80000000e+00 
 2.34750000e-09  1.80000000e+00  2.34750000e-09  1.80000000e+00  2.34750000e-09  1.80000000e+00 
 2.35250000e-09  1.80000000e+00  2.35250000e-09  1.80000000e+00  2.35250000e-09  1.80000000e+00 
 2.35750000e-09  1.80000000e+00  2.35750000e-09  1.80000000e+00  2.35750000e-09  1.80000000e+00 
 2.36250000e-09  1.80000000e+00  2.36250000e-09  1.80000000e+00  2.36250000e-09  1.80000000e+00 
 2.36750000e-09  1.80000000e+00  2.36750000e-09  1.80000000e+00  2.36750000e-09  1.80000000e+00 
 2.37250000e-09  1.80000000e+00  2.37250000e-09  1.80000000e+00  2.37250000e-09  1.80000000e+00 
 2.37750000e-09  1.80000000e+00  2.37750000e-09  1.80000000e+00  2.37750000e-09  1.80000000e+00 
 2.38250000e-09  1.80000000e+00  2.38250000e-09  1.80000000e+00  2.38250000e-09  1.80000000e+00 
 2.38750000e-09  1.80000000e+00  2.38750000e-09  1.80000000e+00  2.38750000e-09  1.80000000e+00 
 2.39250000e-09  1.80000000e+00  2.39250000e-09  1.80000000e+00  2.39250000e-09  1.80000000e+00 
 2.39750000e-09  1.80000000e+00  2.39750000e-09  1.80000000e+00  2.39750000e-09  1.80000000e+00 
 2.40250000e-09  1.80000000e+00  2.40250000e-09  1.80000000e+00  2.40250000e-09  1.80000000e+00 
 2.40750000e-09  1.80000000e+00  2.40750000e-09  1.80000000e+00  2.40750000e-09  1.80000000e+00 
 2.41250000e-09  1.80000000e+00  2.41250000e-09  1.80000000e+00  2.41250000e-09  1.80000000e+00 
 2.41750000e-09  1.80000000e+00  2.41750000e-09  1.80000000e+00  2.41750000e-09  1.80000000e+00 
 2.42250000e-09  1.80000000e+00  2.42250000e-09  1.80000000e+00  2.42250000e-09  1.80000000e+00 
 2.42750000e-09  1.80000000e+00  2.42750000e-09  1.80000000e+00  2.42750000e-09  1.80000000e+00 
 2.43250000e-09  1.80000000e+00  2.43250000e-09  1.80000000e+00  2.43250000e-09  1.80000000e+00 
 2.43750000e-09  1.80000000e+00  2.43750000e-09  1.80000000e+00  2.43750000e-09  1.80000000e+00 
 2.44250000e-09  1.80000000e+00  2.44250000e-09  1.80000000e+00  2.44250000e-09  1.80000000e+00 
 2.44750000e-09  1.80000000e+00  2.44750000e-09  1.80000000e+00  2.44750000e-09  1.80000000e+00 
 2.45250000e-09  1.80000000e+00  2.45250000e-09  1.80000000e+00  2.45250000e-09  1.80000000e+00 
 2.45750000e-09  1.80000000e+00  2.45750000e-09  1.80000000e+00  2.45750000e-09  1.80000000e+00 
 2.46250000e-09  1.80000000e+00  2.46250000e-09  1.80000000e+00  2.46250000e-09  1.80000000e+00 
 2.46750000e-09  1.80000000e+00  2.46750000e-09  1.80000000e+00  2.46750000e-09  1.80000000e+00 
 2.47250000e-09  1.80000000e+00  2.47250000e-09  1.80000000e+00  2.47250000e-09  1.80000000e+00 
 2.47750000e-09  1.80000000e+00  2.47750000e-09  1.80000000e+00  2.47750000e-09  1.80000000e+00 
 2.48250000e-09  1.80000000e+00  2.48250000e-09  1.80000000e+00  2.48250000e-09  1.80000000e+00 
 2.48750000e-09  1.80000000e+00  2.48750000e-09  1.80000000e+00  2.48750000e-09  1.80000000e+00 
 2.49250000e-09  1.80000000e+00  2.49250000e-09  1.80000000e+00  2.49250000e-09  1.80000000e+00 
 2.49750000e-09  1.80000000e+00  2.49750000e-09  1.80000000e+00  2.49750000e-09  1.80000000e+00 
 2.50250000e-09  1.80000000e+00  2.50250000e-09  1.80000000e+00  2.50250000e-09  1.80000000e+00 
 2.50750000e-09  1.80000000e+00  2.50750000e-09  1.80000000e+00  2.50750000e-09  1.80000000e+00 
 2.51250000e-09  1.80000000e+00  2.51250000e-09  1.80000000e+00  2.51250000e-09  1.80000000e+00 
 2.51750000e-09  1.80000000e+00  2.51750000e-09  1.80000000e+00  2.51750000e-09  1.80000000e+00 
 2.52250000e-09  1.80000000e+00  2.52250000e-09  1.80000000e+00  2.52250000e-09  1.80000000e+00 
 2.52750000e-09  1.80000000e+00  2.52750000e-09  1.80000000e+00  2.52750000e-09  1.80000000e+00 
 2.53250000e-09  1.80000000e+00  2.53250000e-09  1.80000000e+00  2.53250000e-09  1.80000000e+00 
 2.53750000e-09  1.80000000e+00  2.53750000e-09  1.80000000e+00  2.53750000e-09  1.80000000e+00 
 2.54250000e-09  1.80000000e+00  2.54250000e-09  1.80000000e+00  2.54250000e-09  1.80000000e+00 
 2.54750000e-09  1.80000000e+00  2.54750000e-09  1.80000000e+00  2.54750000e-09  1.80000000e+00 
 2.55250000e-09  1.80000000e+00  2.55250000e-09  1.80000000e+00  2.55250000e-09  1.80000000e+00 
 2.55750000e-09  1.80000000e+00  2.55750000e-09  1.80000000e+00  2.55750000e-09  1.80000000e+00 
 2.56250000e-09  1.80000000e+00  2.56250000e-09  1.80000000e+00  2.56250000e-09  1.80000000e+00 
 2.56750000e-09  1.80000000e+00  2.56750000e-09  1.80000000e+00  2.56750000e-09  1.80000000e+00 
 2.57250000e-09  1.80000000e+00  2.57250000e-09  1.80000000e+00  2.57250000e-09  1.80000000e+00 
 2.57750000e-09  1.80000000e+00  2.57750000e-09  1.80000000e+00  2.57750000e-09  1.80000000e+00 
 2.58250000e-09  1.80000000e+00  2.58250000e-09  1.80000000e+00  2.58250000e-09  1.80000000e+00 
 2.58750000e-09  1.80000000e+00  2.58750000e-09  1.80000000e+00  2.58750000e-09  1.80000000e+00 
 2.59250000e-09  1.80000000e+00  2.59250000e-09  1.80000000e+00  2.59250000e-09  1.80000000e+00 
 2.59750000e-09  1.80000000e+00  2.59750000e-09  1.80000000e+00  2.59750000e-09  1.80000000e+00 
 2.60250000e-09  1.80000000e+00  2.60250000e-09  1.80000000e+00  2.60250000e-09  1.80000000e+00 
 2.60750000e-09  1.80000000e+00  2.60750000e-09  1.80000000e+00  2.60750000e-09  1.80000000e+00 
 2.61250000e-09  1.80000000e+00  2.61250000e-09  1.80000000e+00  2.61250000e-09  1.80000000e+00 
 2.61750000e-09  1.80000000e+00  2.61750000e-09  1.80000000e+00  2.61750000e-09  1.80000000e+00 
 2.62250000e-09  1.80000000e+00  2.62250000e-09  1.80000000e+00  2.62250000e-09  1.80000000e+00 
 2.62750000e-09  1.80000000e+00  2.62750000e-09  1.80000000e+00  2.62750000e-09  1.80000000e+00 
 2.63250000e-09  1.80000000e+00  2.63250000e-09  1.80000000e+00  2.63250000e-09  1.80000000e+00 
 2.63750000e-09  1.80000000e+00  2.63750000e-09  1.80000000e+00  2.63750000e-09  1.80000000e+00 
 2.64250000e-09  1.80000000e+00  2.64250000e-09  1.80000000e+00  2.64250000e-09  1.80000000e+00 
 2.64750000e-09  1.80000000e+00  2.64750000e-09  1.80000000e+00  2.64750000e-09  1.80000000e+00 
 2.65250000e-09  1.80000000e+00  2.65250000e-09  1.80000000e+00  2.65250000e-09  1.80000000e+00 
 2.65750000e-09  1.80000000e+00  2.65750000e-09  1.80000000e+00  2.65750000e-09  1.80000000e+00 
 2.66250000e-09  1.80000000e+00  2.66250000e-09  1.80000000e+00  2.66250000e-09  1.80000000e+00 
 2.66750000e-09  1.80000000e+00  2.66750000e-09  1.80000000e+00  2.66750000e-09  1.80000000e+00 
 2.67250000e-09  1.80000000e+00  2.67250000e-09  1.80000000e+00  2.67250000e-09  1.80000000e+00 
 2.67750000e-09  1.80000000e+00  2.67750000e-09  1.80000000e+00  2.67750000e-09  1.80000000e+00 
 2.68250000e-09  1.80000000e+00  2.68250000e-09  1.80000000e+00  2.68250000e-09  1.80000000e+00 
 2.68750000e-09  1.80000000e+00  2.68750000e-09  1.80000000e+00  2.68750000e-09  1.80000000e+00 
 2.69250000e-09  1.80000000e+00  2.69250000e-09  1.80000000e+00  2.69250000e-09  1.80000000e+00 
 2.69750000e-09  1.80000000e+00  2.69750000e-09  1.80000000e+00  2.69750000e-09  1.80000000e+00 
 2.70250000e-09  1.80000000e+00  2.70250000e-09  1.80000000e+00  2.70250000e-09  1.80000000e+00 
 2.70750000e-09  1.80000000e+00  2.70750000e-09  1.80000000e+00  2.70750000e-09  1.80000000e+00 
 2.71250000e-09  1.80000000e+00  2.71250000e-09  1.80000000e+00  2.71250000e-09  1.80000000e+00 
 2.71750000e-09  1.80000000e+00  2.71750000e-09  1.80000000e+00  2.71750000e-09  1.80000000e+00 
 2.72250000e-09  1.80000000e+00  2.72250000e-09  1.80000000e+00  2.72250000e-09  1.80000000e+00 
 2.72750000e-09  1.80000000e+00  2.72750000e-09  1.80000000e+00  2.72750000e-09  1.80000000e+00 
 2.73250000e-09  1.80000000e+00  2.73250000e-09  1.80000000e+00  2.73250000e-09  1.80000000e+00 
 2.73750000e-09  1.80000000e+00  2.73750000e-09  1.80000000e+00  2.73750000e-09  1.80000000e+00 
 2.74250000e-09  1.80000000e+00  2.74250000e-09  1.80000000e+00  2.74250000e-09  1.80000000e+00 
 2.74750000e-09  1.80000000e+00  2.74750000e-09  1.80000000e+00  2.74750000e-09  1.80000000e+00 
 2.75250000e-09  1.80000000e+00  2.75250000e-09  1.80000000e+00  2.75250000e-09  1.80000000e+00 
 2.75750000e-09  1.80000000e+00  2.75750000e-09  1.80000000e+00  2.75750000e-09  1.80000000e+00 
 2.76250000e-09  1.80000000e+00  2.76250000e-09  1.80000000e+00  2.76250000e-09  1.80000000e+00 
 2.76750000e-09  1.80000000e+00  2.76750000e-09  1.80000000e+00  2.76750000e-09  1.80000000e+00 
 2.77250000e-09  1.80000000e+00  2.77250000e-09  1.80000000e+00  2.77250000e-09  1.80000000e+00 
 2.77750000e-09  1.80000000e+00  2.77750000e-09  1.80000000e+00  2.77750000e-09  1.80000000e+00 
 2.78250000e-09  1.80000000e+00  2.78250000e-09  1.80000000e+00  2.78250000e-09  1.80000000e+00 
 2.78750000e-09  1.80000000e+00  2.78750000e-09  1.80000000e+00  2.78750000e-09  1.80000000e+00 
 2.79250000e-09  1.80000000e+00  2.79250000e-09  1.80000000e+00  2.79250000e-09  1.80000000e+00 
 2.79750000e-09  1.80000000e+00  2.79750000e-09  1.80000000e+00  2.79750000e-09  1.80000000e+00 
 2.80250000e-09  1.80000000e+00  2.80250000e-09  1.80000000e+00  2.80250000e-09  1.80000000e+00 
 2.80750000e-09  1.80000000e+00  2.80750000e-09  1.80000000e+00  2.80750000e-09  1.80000000e+00 
 2.81250000e-09  1.80000000e+00  2.81250000e-09  1.80000000e+00  2.81250000e-09  1.80000000e+00 
 2.81750000e-09  1.80000000e+00  2.81750000e-09  1.80000000e+00  2.81750000e-09  1.80000000e+00 
 2.82250000e-09  1.80000000e+00  2.82250000e-09  1.80000000e+00  2.82250000e-09  1.80000000e+00 
 2.82750000e-09  1.80000000e+00  2.82750000e-09  1.80000000e+00  2.82750000e-09  1.80000000e+00 
 2.83250000e-09  1.80000000e+00  2.83250000e-09  1.80000000e+00  2.83250000e-09  1.80000000e+00 
 2.83750000e-09  1.80000000e+00  2.83750000e-09  1.80000000e+00  2.83750000e-09  1.80000000e+00 
 2.84250000e-09  1.80000000e+00  2.84250000e-09  1.80000000e+00  2.84250000e-09  1.80000000e+00 
 2.84750000e-09  1.80000000e+00  2.84750000e-09  1.80000000e+00  2.84750000e-09  1.80000000e+00 
 2.85250000e-09  1.80000000e+00  2.85250000e-09  1.80000000e+00  2.85250000e-09  1.80000000e+00 
 2.85750000e-09  1.80000000e+00  2.85750000e-09  1.80000000e+00  2.85750000e-09  1.80000000e+00 
 2.86250000e-09  1.80000000e+00  2.86250000e-09  1.80000000e+00  2.86250000e-09  1.80000000e+00 
 2.86750000e-09  1.80000000e+00  2.86750000e-09  1.80000000e+00  2.86750000e-09  1.80000000e+00 
 2.87250000e-09  1.80000000e+00  2.87250000e-09  1.80000000e+00  2.87250000e-09  1.80000000e+00 
 2.87750000e-09  1.80000000e+00  2.87750000e-09  1.80000000e+00  2.87750000e-09  1.80000000e+00 
 2.88250000e-09  1.80000000e+00  2.88250000e-09  1.80000000e+00  2.88250000e-09  1.80000000e+00 
 2.88750000e-09  1.80000000e+00  2.88750000e-09  1.80000000e+00  2.88750000e-09  1.80000000e+00 
 2.89250000e-09  1.80000000e+00  2.89250000e-09  1.80000000e+00  2.89250000e-09  1.80000000e+00 
 2.89750000e-09  1.80000000e+00  2.89750000e-09  1.80000000e+00  2.89750000e-09  1.80000000e+00 
 2.90250000e-09  1.80000000e+00  2.90250000e-09  1.80000000e+00  2.90250000e-09  1.80000000e+00 
 2.90750000e-09  1.80000000e+00  2.90750000e-09  1.80000000e+00  2.90750000e-09  1.80000000e+00 
 2.91250000e-09  1.80000000e+00  2.91250000e-09  1.80000000e+00  2.91250000e-09  1.80000000e+00 
 2.91750000e-09  1.80000000e+00  2.91750000e-09  1.80000000e+00  2.91750000e-09  1.80000000e+00 
 2.92250000e-09  1.80000000e+00  2.92250000e-09  1.80000000e+00  2.92250000e-09  1.80000000e+00 
 2.92750000e-09  1.80000000e+00  2.92750000e-09  1.80000000e+00  2.92750000e-09  1.80000000e+00 
 2.93250000e-09  1.80000000e+00  2.93250000e-09  1.80000000e+00  2.93250000e-09  1.80000000e+00 
 2.93750000e-09  1.80000000e+00  2.93750000e-09  1.80000000e+00  2.93750000e-09  1.80000000e+00 
 2.94250000e-09  1.80000000e+00  2.94250000e-09  1.80000000e+00  2.94250000e-09  1.80000000e+00 
 2.94750000e-09  1.80000000e+00  2.94750000e-09  1.80000000e+00  2.94750000e-09  1.80000000e+00 
 2.95250000e-09  1.80000000e+00  2.95250000e-09  1.80000000e+00  2.95250000e-09  1.80000000e+00 
 2.95750000e-09  1.80000000e+00  2.95750000e-09  1.80000000e+00  2.95750000e-09  1.80000000e+00 
 2.96250000e-09  1.80000000e+00  2.96250000e-09  1.80000000e+00  2.96250000e-09  1.80000000e+00 
 2.96750000e-09  1.80000000e+00  2.96750000e-09  1.80000000e+00  2.96750000e-09  1.80000000e+00 
 2.97250000e-09  1.80000000e+00  2.97250000e-09  1.80000000e+00  2.97250000e-09  1.80000000e+00 
 2.97750000e-09  1.80000000e+00  2.97750000e-09  1.80000000e+00  2.97750000e-09  1.80000000e+00 
 2.98250000e-09  1.80000000e+00  2.98250000e-09  1.80000000e+00  2.98250000e-09  1.80000000e+00 
 2.98750000e-09  1.80000000e+00  2.98750000e-09  1.80000000e+00  2.98750000e-09  1.80000000e+00 
 2.99250000e-09  1.80000000e+00  2.99250000e-09  1.80000000e+00  2.99250000e-09  1.80000000e+00 
 2.99750000e-09  1.80000000e+00  2.99750000e-09  1.80000000e+00  2.99750000e-09  1.80000000e+00 
 3.00250000e-09  1.80000000e+00  3.00250000e-09  1.80000000e+00  3.00250000e-09  1.80000000e+00 
 3.00750000e-09  1.80000000e+00  3.00750000e-09  1.80000000e+00  3.00750000e-09  1.80000000e+00 
 3.01250000e-09  1.80000000e+00  3.01250000e-09  1.80000000e+00  3.01250000e-09  1.80000000e+00 
 3.01750000e-09  1.80000000e+00  3.01750000e-09  1.80000000e+00  3.01750000e-09  1.80000000e+00 
 3.02250000e-09  1.80000000e+00  3.02250000e-09  1.80000000e+00  3.02250000e-09  1.80000000e+00 
 3.02750000e-09  1.80000000e+00  3.02750000e-09  1.80000000e+00  3.02750000e-09  1.80000000e+00 
 3.03250000e-09  1.80000000e+00  3.03250000e-09  1.80000000e+00  3.03250000e-09  1.80000000e+00 
 3.03750000e-09  1.80000000e+00  3.03750000e-09  1.80000000e+00  3.03750000e-09  1.80000000e+00 
 3.04250000e-09  1.80000000e+00  3.04250000e-09  1.80000000e+00  3.04250000e-09  1.80000000e+00 
 3.04750000e-09  1.80000000e+00  3.04750000e-09  1.80000000e+00  3.04750000e-09  1.80000000e+00 
 3.05250000e-09  1.80000000e+00  3.05250000e-09  1.80000000e+00  3.05250000e-09  1.80000000e+00 
 3.05750000e-09  1.80000000e+00  3.05750000e-09  1.80000000e+00  3.05750000e-09  1.80000000e+00 
 3.06250000e-09  1.80000000e+00  3.06250000e-09  1.80000000e+00  3.06250000e-09  1.80000000e+00 
 3.06750000e-09  1.80000000e+00  3.06750000e-09  1.80000000e+00  3.06750000e-09  1.80000000e+00 
 3.07250000e-09  1.80000000e+00  3.07250000e-09  1.80000000e+00  3.07250000e-09  1.80000000e+00 
 3.07750000e-09  1.80000000e+00  3.07750000e-09  1.80000000e+00  3.07750000e-09  1.80000000e+00 
 3.08250000e-09  1.80000000e+00  3.08250000e-09  1.80000000e+00  3.08250000e-09  1.80000000e+00 
 3.08750000e-09  1.80000000e+00  3.08750000e-09  1.80000000e+00  3.08750000e-09  1.80000000e+00 
 3.09250000e-09  1.80000000e+00  3.09250000e-09  1.80000000e+00  3.09250000e-09  1.80000000e+00 
 3.09750000e-09  1.80000000e+00  3.09750000e-09  1.80000000e+00  3.09750000e-09  1.80000000e+00 
 3.10250000e-09  1.80000000e+00  3.10250000e-09  1.80000000e+00  3.10250000e-09  1.80000000e+00 
 3.10750000e-09  1.80000000e+00  3.10750000e-09  1.80000000e+00  3.10750000e-09  1.80000000e+00 
 3.11250000e-09  1.80000000e+00  3.11250000e-09  1.80000000e+00  3.11250000e-09  1.80000000e+00 
 3.11750000e-09  1.80000000e+00  3.11750000e-09  1.80000000e+00  3.11750000e-09  1.80000000e+00 
 3.12250000e-09  1.80000000e+00  3.12250000e-09  1.80000000e+00  3.12250000e-09  1.80000000e+00 
 3.12750000e-09  1.80000000e+00  3.12750000e-09  1.80000000e+00  3.12750000e-09  1.80000000e+00 
 3.13250000e-09  1.80000000e+00  3.13250000e-09  1.80000000e+00  3.13250000e-09  1.80000000e+00 
 3.13750000e-09  1.80000000e+00  3.13750000e-09  1.80000000e+00  3.13750000e-09  1.80000000e+00 
 3.14250000e-09  1.80000000e+00  3.14250000e-09  1.80000000e+00  3.14250000e-09  1.80000000e+00 
 3.14750000e-09  1.80000000e+00  3.14750000e-09  1.80000000e+00  3.14750000e-09  1.80000000e+00 
 3.15250000e-09  1.80000000e+00  3.15250000e-09  1.80000000e+00  3.15250000e-09  1.80000000e+00 
 3.15750000e-09  1.80000000e+00  3.15750000e-09  1.80000000e+00  3.15750000e-09  1.80000000e+00 
 3.16250000e-09  1.80000000e+00  3.16250000e-09  1.80000000e+00  3.16250000e-09  1.80000000e+00 
 3.16750000e-09  1.80000000e+00  3.16750000e-09  1.80000000e+00  3.16750000e-09  1.80000000e+00 
 3.17250000e-09  1.80000000e+00  3.17250000e-09  1.80000000e+00  3.17250000e-09  1.80000000e+00 
 3.17750000e-09  1.80000000e+00  3.17750000e-09  1.80000000e+00  3.17750000e-09  1.80000000e+00 
 3.18250000e-09  1.80000000e+00  3.18250000e-09  1.80000000e+00  3.18250000e-09  1.80000000e+00 
 3.18750000e-09  1.80000000e+00  3.18750000e-09  1.80000000e+00  3.18750000e-09  1.80000000e+00 
 3.19250000e-09  1.80000000e+00  3.19250000e-09  1.80000000e+00  3.19250000e-09  1.80000000e+00 
 3.19750000e-09  1.80000000e+00  3.19750000e-09  1.80000000e+00  3.19750000e-09  1.80000000e+00 
 3.20250000e-09  1.80000000e+00  3.20250000e-09  1.80000000e+00  3.20250000e-09  1.80000000e+00 
 3.20750000e-09  1.80000000e+00  3.20750000e-09  1.80000000e+00  3.20750000e-09  1.80000000e+00 
 3.21250000e-09  1.80000000e+00  3.21250000e-09  1.80000000e+00  3.21250000e-09  1.80000000e+00 
 3.21750000e-09  1.80000000e+00  3.21750000e-09  1.80000000e+00  3.21750000e-09  1.80000000e+00 
 3.22250000e-09  1.80000000e+00  3.22250000e-09  1.80000000e+00  3.22250000e-09  1.80000000e+00 
 3.22750000e-09  1.80000000e+00  3.22750000e-09  1.80000000e+00  3.22750000e-09  1.80000000e+00 
 3.23250000e-09  1.80000000e+00  3.23250000e-09  1.80000000e+00  3.23250000e-09  1.80000000e+00 
 3.23750000e-09  1.80000000e+00  3.23750000e-09  1.80000000e+00  3.23750000e-09  1.80000000e+00 
 3.24250000e-09  1.80000000e+00  3.24250000e-09  1.80000000e+00  3.24250000e-09  1.80000000e+00 
 3.24750000e-09  1.80000000e+00  3.24750000e-09  1.80000000e+00  3.24750000e-09  1.80000000e+00 
 3.25250000e-09  1.80000000e+00  3.25250000e-09  1.80000000e+00  3.25250000e-09  1.80000000e+00 
 3.25750000e-09  1.80000000e+00  3.25750000e-09  1.80000000e+00  3.25750000e-09  1.80000000e+00 
 3.26250000e-09  1.80000000e+00  3.26250000e-09  1.80000000e+00  3.26250000e-09  1.80000000e+00 
 3.26750000e-09  1.80000000e+00  3.26750000e-09  1.80000000e+00  3.26750000e-09  1.80000000e+00 
 3.27250000e-09  1.80000000e+00  3.27250000e-09  1.80000000e+00  3.27250000e-09  1.80000000e+00 
 3.27750000e-09  1.80000000e+00  3.27750000e-09  1.80000000e+00  3.27750000e-09  1.80000000e+00 
 3.28250000e-09  1.80000000e+00  3.28250000e-09  1.80000000e+00  3.28250000e-09  1.80000000e+00 
 3.28750000e-09  1.80000000e+00  3.28750000e-09  1.80000000e+00  3.28750000e-09  1.80000000e+00 
 3.29250000e-09  1.80000000e+00  3.29250000e-09  1.80000000e+00  3.29250000e-09  1.80000000e+00 
 3.29750000e-09  1.80000000e+00  3.29750000e-09  1.80000000e+00  3.29750000e-09  1.80000000e+00 
 3.30250000e-09  1.80000000e+00  3.30250000e-09  1.80000000e+00  3.30250000e-09  1.80000000e+00 
 3.30750000e-09  1.80000000e+00  3.30750000e-09  1.80000000e+00  3.30750000e-09  1.80000000e+00 
 3.31250000e-09  1.80000000e+00  3.31250000e-09  1.80000000e+00  3.31250000e-09  1.80000000e+00 
 3.31750000e-09  1.80000000e+00  3.31750000e-09  1.80000000e+00  3.31750000e-09  1.80000000e+00 
 3.32250000e-09  1.80000000e+00  3.32250000e-09  1.80000000e+00  3.32250000e-09  1.80000000e+00 
 3.32750000e-09  1.80000000e+00  3.32750000e-09  1.80000000e+00  3.32750000e-09  1.80000000e+00 
 3.33250000e-09  1.80000000e+00  3.33250000e-09  1.80000000e+00  3.33250000e-09  1.80000000e+00 
 3.33750000e-09  1.80000000e+00  3.33750000e-09  1.80000000e+00  3.33750000e-09  1.80000000e+00 
 3.34250000e-09  1.80000000e+00  3.34250000e-09  1.80000000e+00  3.34250000e-09  1.80000000e+00 
 3.34750000e-09  1.80000000e+00  3.34750000e-09  1.80000000e+00  3.34750000e-09  1.80000000e+00 
 3.35250000e-09  1.80000000e+00  3.35250000e-09  1.80000000e+00  3.35250000e-09  1.80000000e+00 
 3.35750000e-09  1.80000000e+00  3.35750000e-09  1.80000000e+00  3.35750000e-09  1.80000000e+00 
 3.36250000e-09  1.80000000e+00  3.36250000e-09  1.80000000e+00  3.36250000e-09  1.80000000e+00 
 3.36750000e-09  1.80000000e+00  3.36750000e-09  1.80000000e+00  3.36750000e-09  1.80000000e+00 
 3.37250000e-09  1.80000000e+00  3.37250000e-09  1.80000000e+00  3.37250000e-09  1.80000000e+00 
 3.37750000e-09  1.80000000e+00  3.37750000e-09  1.80000000e+00  3.37750000e-09  1.80000000e+00 
 3.38250000e-09  1.80000000e+00  3.38250000e-09  1.80000000e+00  3.38250000e-09  1.80000000e+00 
 3.38750000e-09  1.80000000e+00  3.38750000e-09  1.80000000e+00  3.38750000e-09  1.80000000e+00 
 3.39250000e-09  1.80000000e+00  3.39250000e-09  1.80000000e+00  3.39250000e-09  1.80000000e+00 
 3.39750000e-09  1.80000000e+00  3.39750000e-09  1.80000000e+00  3.39750000e-09  1.80000000e+00 
 3.40250000e-09  1.80000000e+00  3.40250000e-09  1.80000000e+00  3.40250000e-09  1.80000000e+00 
 3.40750000e-09  1.80000000e+00  3.40750000e-09  1.80000000e+00  3.40750000e-09  1.80000000e+00 
 3.41250000e-09  1.80000000e+00  3.41250000e-09  1.80000000e+00  3.41250000e-09  1.80000000e+00 
 3.41750000e-09  1.80000000e+00  3.41750000e-09  1.80000000e+00  3.41750000e-09  1.80000000e+00 
 3.42250000e-09  1.80000000e+00  3.42250000e-09  1.80000000e+00  3.42250000e-09  1.80000000e+00 
 3.42750000e-09  1.80000000e+00  3.42750000e-09  1.80000000e+00  3.42750000e-09  1.80000000e+00 
 3.43250000e-09  1.80000000e+00  3.43250000e-09  1.80000000e+00  3.43250000e-09  1.80000000e+00 
 3.43750000e-09  1.80000000e+00  3.43750000e-09  1.80000000e+00  3.43750000e-09  1.80000000e+00 
 3.44250000e-09  1.80000000e+00  3.44250000e-09  1.80000000e+00  3.44250000e-09  1.80000000e+00 
 3.44750000e-09  1.80000000e+00  3.44750000e-09  1.80000000e+00  3.44750000e-09  1.80000000e+00 
 3.45250000e-09  1.80000000e+00  3.45250000e-09  1.80000000e+00  3.45250000e-09  1.80000000e+00 
 3.45750000e-09  1.80000000e+00  3.45750000e-09  1.80000000e+00  3.45750000e-09  1.80000000e+00 
 3.46250000e-09  1.80000000e+00  3.46250000e-09  1.80000000e+00  3.46250000e-09  1.80000000e+00 
 3.46750000e-09  1.80000000e+00  3.46750000e-09  1.80000000e+00  3.46750000e-09  1.80000000e+00 
 3.47250000e-09  1.80000000e+00  3.47250000e-09  1.80000000e+00  3.47250000e-09  1.80000000e+00 
 3.47750000e-09  1.80000000e+00  3.47750000e-09  1.80000000e+00  3.47750000e-09  1.80000000e+00 
 3.48250000e-09  1.80000000e+00  3.48250000e-09  1.80000000e+00  3.48250000e-09  1.80000000e+00 
 3.48750000e-09  1.80000000e+00  3.48750000e-09  1.80000000e+00  3.48750000e-09  1.80000000e+00 
 3.49250000e-09  1.80000000e+00  3.49250000e-09  1.80000000e+00  3.49250000e-09  1.80000000e+00 
 3.49750000e-09  1.80000000e+00  3.49750000e-09  1.80000000e+00  3.49750000e-09  1.80000000e+00 
 3.50250000e-09  1.80000000e+00  3.50250000e-09  1.80000000e+00  3.50250000e-09  1.80000000e+00 
 3.50750000e-09  1.80000000e+00  3.50750000e-09  1.80000000e+00  3.50750000e-09  1.80000000e+00 
 3.51250000e-09  1.80000000e+00  3.51250000e-09  1.80000000e+00  3.51250000e-09  1.80000000e+00 
 3.51750000e-09  1.80000000e+00  3.51750000e-09  1.80000000e+00  3.51750000e-09  1.80000000e+00 
 3.52250000e-09  1.80000000e+00  3.52250000e-09  1.80000000e+00  3.52250000e-09  1.80000000e+00 
 3.52750000e-09  1.80000000e+00  3.52750000e-09  1.80000000e+00  3.52750000e-09  1.80000000e+00 
 3.53250000e-09  1.80000000e+00  3.53250000e-09  1.80000000e+00  3.53250000e-09  1.80000000e+00 
 3.53750000e-09  1.80000000e+00  3.53750000e-09  1.80000000e+00  3.53750000e-09  1.80000000e+00 
 3.54250000e-09  1.80000000e+00  3.54250000e-09  1.80000000e+00  3.54250000e-09  1.80000000e+00 
 3.54750000e-09  1.80000000e+00  3.54750000e-09  1.80000000e+00  3.54750000e-09  1.80000000e+00 
 3.55250000e-09  1.80000000e+00  3.55250000e-09  1.80000000e+00  3.55250000e-09  1.80000000e+00 
 3.55750000e-09  1.80000000e+00  3.55750000e-09  1.80000000e+00  3.55750000e-09  1.80000000e+00 
 3.56250000e-09  1.80000000e+00  3.56250000e-09  1.80000000e+00  3.56250000e-09  1.80000000e+00 
 3.56750000e-09  1.80000000e+00  3.56750000e-09  1.80000000e+00  3.56750000e-09  1.80000000e+00 
 3.57250000e-09  1.80000000e+00  3.57250000e-09  1.80000000e+00  3.57250000e-09  1.80000000e+00 
 3.57750000e-09  1.80000000e+00  3.57750000e-09  1.80000000e+00  3.57750000e-09  1.80000000e+00 
 3.58250000e-09  1.80000000e+00  3.58250000e-09  1.80000000e+00  3.58250000e-09  1.80000000e+00 
 3.58750000e-09  1.80000000e+00  3.58750000e-09  1.80000000e+00  3.58750000e-09  1.80000000e+00 
 3.59250000e-09  1.80000000e+00  3.59250000e-09  1.80000000e+00  3.59250000e-09  1.80000000e+00 
 3.59750000e-09  1.80000000e+00  3.59750000e-09  1.80000000e+00  3.59750000e-09  1.80000000e+00 
 3.60250000e-09  1.80000000e+00  3.60250000e-09  1.80000000e+00  3.60250000e-09  1.80000000e+00 
 3.60750000e-09  1.80000000e+00  3.60750000e-09  1.80000000e+00  3.60750000e-09  1.80000000e+00 
 3.61250000e-09  1.80000000e+00  3.61250000e-09  1.80000000e+00  3.61250000e-09  1.80000000e+00 
 3.61750000e-09  1.80000000e+00  3.61750000e-09  1.80000000e+00  3.61750000e-09  1.80000000e+00 
 3.62250000e-09  1.80000000e+00  3.62250000e-09  1.80000000e+00  3.62250000e-09  1.80000000e+00 
 3.62750000e-09  1.80000000e+00  3.62750000e-09  1.80000000e+00  3.62750000e-09  1.80000000e+00 
 3.63250000e-09  1.80000000e+00  3.63250000e-09  1.80000000e+00  3.63250000e-09  1.80000000e+00 
 3.63750000e-09  1.80000000e+00  3.63750000e-09  1.80000000e+00  3.63750000e-09  1.80000000e+00 
 3.64250000e-09  1.80000000e+00  3.64250000e-09  1.80000000e+00  3.64250000e-09  1.80000000e+00 
 3.64750000e-09  1.80000000e+00  3.64750000e-09  1.80000000e+00  3.64750000e-09  1.80000000e+00 
 3.65250000e-09  1.80000000e+00  3.65250000e-09  1.80000000e+00  3.65250000e-09  1.80000000e+00 
 3.65750000e-09  1.80000000e+00  3.65750000e-09  1.80000000e+00  3.65750000e-09  1.80000000e+00 
 3.66250000e-09  1.80000000e+00  3.66250000e-09  1.80000000e+00  3.66250000e-09  1.80000000e+00 
 3.66750000e-09  1.80000000e+00  3.66750000e-09  1.80000000e+00  3.66750000e-09  1.80000000e+00 
 3.67250000e-09  1.80000000e+00  3.67250000e-09  1.80000000e+00  3.67250000e-09  1.80000000e+00 
 3.67750000e-09  1.80000000e+00  3.67750000e-09  1.80000000e+00  3.67750000e-09  1.80000000e+00 
 3.68250000e-09  1.80000000e+00  3.68250000e-09  1.80000000e+00  3.68250000e-09  1.80000000e+00 
 3.68750000e-09  1.80000000e+00  3.68750000e-09  1.80000000e+00  3.68750000e-09  1.80000000e+00 
 3.69250000e-09  1.80000000e+00  3.69250000e-09  1.80000000e+00  3.69250000e-09  1.80000000e+00 
 3.69750000e-09  1.80000000e+00  3.69750000e-09  1.80000000e+00  3.69750000e-09  1.80000000e+00 
 3.70250000e-09  1.80000000e+00  3.70250000e-09  1.80000000e+00  3.70250000e-09  1.80000000e+00 
 3.70750000e-09  1.80000000e+00  3.70750000e-09  1.80000000e+00  3.70750000e-09  1.80000000e+00 
 3.71250000e-09  1.80000000e+00  3.71250000e-09  1.80000000e+00  3.71250000e-09  1.80000000e+00 
 3.71750000e-09  1.80000000e+00  3.71750000e-09  1.80000000e+00  3.71750000e-09  1.80000000e+00 
 3.72250000e-09  1.80000000e+00  3.72250000e-09  1.80000000e+00  3.72250000e-09  1.80000000e+00 
 3.72750000e-09  1.80000000e+00  3.72750000e-09  1.80000000e+00  3.72750000e-09  1.80000000e+00 
 3.73250000e-09  1.80000000e+00  3.73250000e-09  1.80000000e+00  3.73250000e-09  1.80000000e+00 
 3.73750000e-09  1.80000000e+00  3.73750000e-09  1.80000000e+00  3.73750000e-09  1.80000000e+00 
 3.74250000e-09  1.80000000e+00  3.74250000e-09  1.80000000e+00  3.74250000e-09  1.80000000e+00 
 3.74750000e-09  1.80000000e+00  3.74750000e-09  1.80000000e+00  3.74750000e-09  1.80000000e+00 
 3.75250000e-09  1.80000000e+00  3.75250000e-09  1.80000000e+00  3.75250000e-09  1.80000000e+00 
 3.75750000e-09  1.80000000e+00  3.75750000e-09  1.80000000e+00  3.75750000e-09  1.80000000e+00 
 3.76250000e-09  1.80000000e+00  3.76250000e-09  1.80000000e+00  3.76250000e-09  1.80000000e+00 
 3.76750000e-09  1.80000000e+00  3.76750000e-09  1.80000000e+00  3.76750000e-09  1.80000000e+00 
 3.77250000e-09  1.80000000e+00  3.77250000e-09  1.80000000e+00  3.77250000e-09  1.80000000e+00 
 3.77750000e-09  1.80000000e+00  3.77750000e-09  1.80000000e+00  3.77750000e-09  1.80000000e+00 
 3.78250000e-09  1.80000000e+00  3.78250000e-09  1.80000000e+00  3.78250000e-09  1.80000000e+00 
 3.78750000e-09  1.80000000e+00  3.78750000e-09  1.80000000e+00  3.78750000e-09  1.80000000e+00 
 3.79250000e-09  1.80000000e+00  3.79250000e-09  1.80000000e+00  3.79250000e-09  1.80000000e+00 
 3.79750000e-09  1.80000000e+00  3.79750000e-09  1.80000000e+00  3.79750000e-09  1.80000000e+00 
 3.80250000e-09  1.80000000e+00  3.80250000e-09  1.80000000e+00  3.80250000e-09  1.80000000e+00 
 3.80750000e-09  1.80000000e+00  3.80750000e-09  1.80000000e+00  3.80750000e-09  1.80000000e+00 
 3.81250000e-09  1.80000000e+00  3.81250000e-09  1.80000000e+00  3.81250000e-09  1.80000000e+00 
 3.81750000e-09  1.80000000e+00  3.81750000e-09  1.80000000e+00  3.81750000e-09  1.80000000e+00 
 3.82250000e-09  1.80000000e+00  3.82250000e-09  1.80000000e+00  3.82250000e-09  1.80000000e+00 
 3.82750000e-09  1.80000000e+00  3.82750000e-09  1.80000000e+00  3.82750000e-09  1.80000000e+00 
 3.83250000e-09  1.80000000e+00  3.83250000e-09  1.80000000e+00  3.83250000e-09  1.80000000e+00 
 3.83750000e-09  1.80000000e+00  3.83750000e-09  1.80000000e+00  3.83750000e-09  1.80000000e+00 
 3.84250000e-09  1.80000000e+00  3.84250000e-09  1.80000000e+00  3.84250000e-09  1.80000000e+00 
 3.84750000e-09  1.80000000e+00  3.84750000e-09  1.80000000e+00  3.84750000e-09  1.80000000e+00 
 3.85250000e-09  1.80000000e+00  3.85250000e-09  1.80000000e+00  3.85250000e-09  1.80000000e+00 
 3.85750000e-09  1.80000000e+00  3.85750000e-09  1.80000000e+00  3.85750000e-09  1.80000000e+00 
 3.86250000e-09  1.80000000e+00  3.86250000e-09  1.80000000e+00  3.86250000e-09  1.80000000e+00 
 3.86750000e-09  1.80000000e+00  3.86750000e-09  1.80000000e+00  3.86750000e-09  1.80000000e+00 
 3.87250000e-09  1.80000000e+00  3.87250000e-09  1.80000000e+00  3.87250000e-09  1.80000000e+00 
 3.87750000e-09  1.80000000e+00  3.87750000e-09  1.80000000e+00  3.87750000e-09  1.80000000e+00 
 3.88250000e-09  1.80000000e+00  3.88250000e-09  1.80000000e+00  3.88250000e-09  1.80000000e+00 
 3.88750000e-09  1.80000000e+00  3.88750000e-09  1.80000000e+00  3.88750000e-09  1.80000000e+00 
 3.89250000e-09  1.80000000e+00  3.89250000e-09  1.80000000e+00  3.89250000e-09  1.80000000e+00 
 3.89750000e-09  1.80000000e+00  3.89750000e-09  1.80000000e+00  3.89750000e-09  1.80000000e+00 
 3.90250000e-09  1.80000000e+00  3.90250000e-09  1.80000000e+00  3.90250000e-09  1.80000000e+00 
 3.90750000e-09  1.80000000e+00  3.90750000e-09  1.80000000e+00  3.90750000e-09  1.80000000e+00 
 3.91250000e-09  1.80000000e+00  3.91250000e-09  1.80000000e+00  3.91250000e-09  1.80000000e+00 
 3.91750000e-09  1.80000000e+00  3.91750000e-09  1.80000000e+00  3.91750000e-09  1.80000000e+00 
 3.92250000e-09  1.80000000e+00  3.92250000e-09  1.80000000e+00  3.92250000e-09  1.80000000e+00 
 3.92750000e-09  1.80000000e+00  3.92750000e-09  1.80000000e+00  3.92750000e-09  1.80000000e+00 
 3.93250000e-09  1.80000000e+00  3.93250000e-09  1.80000000e+00  3.93250000e-09  1.80000000e+00 
 3.93750000e-09  1.80000000e+00  3.93750000e-09  1.80000000e+00  3.93750000e-09  1.80000000e+00 
 3.94250000e-09  1.80000000e+00  3.94250000e-09  1.80000000e+00  3.94250000e-09  1.80000000e+00 
 3.94750000e-09  1.80000000e+00  3.94750000e-09  1.80000000e+00  3.94750000e-09  1.80000000e+00 
 3.95250000e-09  1.80000000e+00  3.95250000e-09  1.80000000e+00  3.95250000e-09  1.80000000e+00 
 3.95750000e-09  1.80000000e+00  3.95750000e-09  1.80000000e+00  3.95750000e-09  1.80000000e+00 
 3.96250000e-09  1.80000000e+00  3.96250000e-09  1.80000000e+00  3.96250000e-09  1.80000000e+00 
 3.96750000e-09  1.80000000e+00  3.96750000e-09  1.80000000e+00  3.96750000e-09  1.80000000e+00 
 3.97250000e-09  1.80000000e+00  3.97250000e-09  1.80000000e+00  3.97250000e-09  1.80000000e+00 
 3.97750000e-09  1.80000000e+00  3.97750000e-09  1.80000000e+00  3.97750000e-09  1.80000000e+00 
 3.98250000e-09  1.80000000e+00  3.98250000e-09  1.80000000e+00  3.98250000e-09  1.80000000e+00 
 3.98750000e-09  1.80000000e+00  3.98750000e-09  1.80000000e+00  3.98750000e-09  1.80000000e+00 
 3.99250000e-09  1.80000000e+00  3.99250000e-09  1.80000000e+00  3.99250000e-09  1.80000000e+00 
 3.99750000e-09  1.80000000e+00  3.99750000e-09  1.80000000e+00  3.99750000e-09  1.80000000e+00 
 4.00250000e-09  1.80000000e+00  4.00250000e-09  1.80000000e+00  4.00250000e-09  1.80000000e+00 
 4.00750000e-09  1.80000000e+00  4.00750000e-09  1.80000000e+00  4.00750000e-09  1.80000000e+00 
 4.01250000e-09  1.80000000e+00  4.01250000e-09  1.80000000e+00  4.01250000e-09  1.80000000e+00 
 4.01750000e-09  1.80000000e+00  4.01750000e-09  1.80000000e+00  4.01750000e-09  1.80000000e+00 
 4.02250000e-09  1.80000000e+00  4.02250000e-09  1.80000000e+00  4.02250000e-09  1.80000000e+00 
 4.02750000e-09  1.80000000e+00  4.02750000e-09  1.80000000e+00  4.02750000e-09  1.80000000e+00 
 4.03250000e-09  1.80000000e+00  4.03250000e-09  1.80000000e+00  4.03250000e-09  1.80000000e+00 
 4.03750000e-09  1.80000000e+00  4.03750000e-09  1.80000000e+00  4.03750000e-09  1.80000000e+00 
 4.04250000e-09  1.80000000e+00  4.04250000e-09  1.80000000e+00  4.04250000e-09  1.80000000e+00 
 4.04750000e-09  1.80000000e+00  4.04750000e-09  1.80000000e+00  4.04750000e-09  1.80000000e+00 
 4.05250000e-09  1.80000000e+00  4.05250000e-09  1.80000000e+00  4.05250000e-09  1.80000000e+00 
 4.05750000e-09  1.80000000e+00  4.05750000e-09  1.80000000e+00  4.05750000e-09  1.80000000e+00 
 4.06250000e-09  1.80000000e+00  4.06250000e-09  1.80000000e+00  4.06250000e-09  1.80000000e+00 
 4.06750000e-09  1.80000000e+00  4.06750000e-09  1.80000000e+00  4.06750000e-09  1.80000000e+00 
 4.07250000e-09  1.80000000e+00  4.07250000e-09  1.80000000e+00  4.07250000e-09  1.80000000e+00 
 4.07750000e-09  1.80000000e+00  4.07750000e-09  1.80000000e+00  4.07750000e-09  1.80000000e+00 
 4.08250000e-09  1.80000000e+00  4.08250000e-09  1.80000000e+00  4.08250000e-09  1.80000000e+00 
 4.08750000e-09  1.80000000e+00  4.08750000e-09  1.80000000e+00  4.08750000e-09  1.80000000e+00 
 4.09250000e-09  1.80000000e+00  4.09250000e-09  1.80000000e+00  4.09250000e-09  1.80000000e+00 
 4.09750000e-09  1.80000000e+00  4.09750000e-09  1.80000000e+00  4.09750000e-09  1.80000000e+00 
 4.10250000e-09  1.80000000e+00  4.10250000e-09  1.80000000e+00  4.10250000e-09  1.80000000e+00 
 4.10750000e-09  1.80000000e+00  4.10750000e-09  1.80000000e+00  4.10750000e-09  1.80000000e+00 
 4.11250000e-09  1.80000000e+00  4.11250000e-09  1.80000000e+00  4.11250000e-09  1.80000000e+00 
 4.11750000e-09  1.80000000e+00  4.11750000e-09  1.80000000e+00  4.11750000e-09  1.80000000e+00 
 4.12250000e-09  1.80000000e+00  4.12250000e-09  1.80000000e+00  4.12250000e-09  1.80000000e+00 
 4.12750000e-09  1.80000000e+00  4.12750000e-09  1.80000000e+00  4.12750000e-09  1.80000000e+00 
 4.13250000e-09  1.80000000e+00  4.13250000e-09  1.80000000e+00  4.13250000e-09  1.80000000e+00 
 4.13750000e-09  1.80000000e+00  4.13750000e-09  1.80000000e+00  4.13750000e-09  1.80000000e+00 
 4.14250000e-09  1.80000000e+00  4.14250000e-09  1.80000000e+00  4.14250000e-09  1.80000000e+00 
 4.14750000e-09  1.80000000e+00  4.14750000e-09  1.80000000e+00  4.14750000e-09  1.80000000e+00 
 4.15250000e-09  1.80000000e+00  4.15250000e-09  1.80000000e+00  4.15250000e-09  1.80000000e+00 
 4.15750000e-09  1.80000000e+00  4.15750000e-09  1.80000000e+00  4.15750000e-09  1.80000000e+00 
 4.16250000e-09  1.80000000e+00  4.16250000e-09  1.80000000e+00  4.16250000e-09  1.80000000e+00 
 4.16750000e-09  1.80000000e+00  4.16750000e-09  1.80000000e+00  4.16750000e-09  1.80000000e+00 
 4.17250000e-09  1.80000000e+00  4.17250000e-09  1.80000000e+00  4.17250000e-09  1.80000000e+00 
 4.17750000e-09  1.80000000e+00  4.17750000e-09  1.80000000e+00  4.17750000e-09  1.80000000e+00 
 4.18250000e-09  1.80000000e+00  4.18250000e-09  1.80000000e+00  4.18250000e-09  1.80000000e+00 
 4.18750000e-09  1.80000000e+00  4.18750000e-09  1.80000000e+00  4.18750000e-09  1.80000000e+00 
 4.19250000e-09  1.80000000e+00  4.19250000e-09  1.80000000e+00  4.19250000e-09  1.80000000e+00 
 4.19750000e-09  1.80000000e+00  4.19750000e-09  1.80000000e+00  4.19750000e-09  1.80000000e+00 
 4.20250000e-09  1.80000000e+00  4.20250000e-09  1.80000000e+00  4.20250000e-09  1.80000000e+00 
 4.20750000e-09  1.80000000e+00  4.20750000e-09  1.80000000e+00  4.20750000e-09  1.80000000e+00 
 4.21250000e-09  1.80000000e+00  4.21250000e-09  1.80000000e+00  4.21250000e-09  1.80000000e+00 
 4.21750000e-09  1.80000000e+00  4.21750000e-09  1.80000000e+00  4.21750000e-09  1.80000000e+00 
 4.22250000e-09  1.80000000e+00  4.22250000e-09  1.80000000e+00  4.22250000e-09  1.80000000e+00 
 4.22750000e-09  1.80000000e+00  4.22750000e-09  1.80000000e+00  4.22750000e-09  1.80000000e+00 
 4.23250000e-09  1.80000000e+00  4.23250000e-09  1.80000000e+00  4.23250000e-09  1.80000000e+00 
 4.23750000e-09  1.80000000e+00  4.23750000e-09  1.80000000e+00  4.23750000e-09  1.80000000e+00 
 4.24250000e-09  1.80000000e+00  4.24250000e-09  1.80000000e+00  4.24250000e-09  1.80000000e+00 
 4.24750000e-09  1.80000000e+00  4.24750000e-09  1.80000000e+00  4.24750000e-09  1.80000000e+00 
 4.25250000e-09  1.80000000e+00  4.25250000e-09  1.80000000e+00  4.25250000e-09  1.80000000e+00 
 4.25750000e-09  1.80000000e+00  4.25750000e-09  1.80000000e+00  4.25750000e-09  1.80000000e+00 
 4.26250000e-09  1.80000000e+00  4.26250000e-09  1.80000000e+00  4.26250000e-09  1.80000000e+00 
 4.26750000e-09  1.80000000e+00  4.26750000e-09  1.80000000e+00  4.26750000e-09  1.80000000e+00 
 4.27250000e-09  1.80000000e+00  4.27250000e-09  1.80000000e+00  4.27250000e-09  1.80000000e+00 
 4.27750000e-09  1.80000000e+00  4.27750000e-09  1.80000000e+00  4.27750000e-09  1.80000000e+00 
 4.28250000e-09  1.80000000e+00  4.28250000e-09  1.80000000e+00  4.28250000e-09  1.80000000e+00 
 4.28750000e-09  1.80000000e+00  4.28750000e-09  1.80000000e+00  4.28750000e-09  1.80000000e+00 
 4.29250000e-09  1.80000000e+00  4.29250000e-09  1.80000000e+00  4.29250000e-09  1.80000000e+00 
 4.29750000e-09  1.80000000e+00  4.29750000e-09  1.80000000e+00  4.29750000e-09  1.80000000e+00 
 4.30250000e-09  1.80000000e+00  4.30250000e-09  1.80000000e+00  4.30250000e-09  1.80000000e+00 
 4.30750000e-09  1.80000000e+00  4.30750000e-09  1.80000000e+00  4.30750000e-09  1.80000000e+00 
 4.31250000e-09  1.80000000e+00  4.31250000e-09  1.80000000e+00  4.31250000e-09  1.80000000e+00 
 4.31750000e-09  1.80000000e+00  4.31750000e-09  1.80000000e+00  4.31750000e-09  1.80000000e+00 
 4.32250000e-09  1.80000000e+00  4.32250000e-09  1.80000000e+00  4.32250000e-09  1.80000000e+00 
 4.32750000e-09  1.80000000e+00  4.32750000e-09  1.80000000e+00  4.32750000e-09  1.80000000e+00 
 4.33250000e-09  1.80000000e+00  4.33250000e-09  1.80000000e+00  4.33250000e-09  1.80000000e+00 
 4.33750000e-09  1.80000000e+00  4.33750000e-09  1.80000000e+00  4.33750000e-09  1.80000000e+00 
 4.34250000e-09  1.80000000e+00  4.34250000e-09  1.80000000e+00  4.34250000e-09  1.80000000e+00 
 4.34750000e-09  1.80000000e+00  4.34750000e-09  1.80000000e+00  4.34750000e-09  1.80000000e+00 
 4.35250000e-09  1.80000000e+00  4.35250000e-09  1.80000000e+00  4.35250000e-09  1.80000000e+00 
 4.35750000e-09  1.80000000e+00  4.35750000e-09  1.80000000e+00  4.35750000e-09  1.80000000e+00 
 4.36250000e-09  1.80000000e+00  4.36250000e-09  1.80000000e+00  4.36250000e-09  1.80000000e+00 
 4.36750000e-09  1.80000000e+00  4.36750000e-09  1.80000000e+00  4.36750000e-09  1.80000000e+00 
 4.37250000e-09  1.80000000e+00  4.37250000e-09  1.80000000e+00  4.37250000e-09  1.80000000e+00 
 4.37750000e-09  1.80000000e+00  4.37750000e-09  1.80000000e+00  4.37750000e-09  1.80000000e+00 
 4.38250000e-09  1.80000000e+00  4.38250000e-09  1.80000000e+00  4.38250000e-09  1.80000000e+00 
 4.38750000e-09  1.80000000e+00  4.38750000e-09  1.80000000e+00  4.38750000e-09  1.80000000e+00 
 4.39250000e-09  1.80000000e+00  4.39250000e-09  1.80000000e+00  4.39250000e-09  1.80000000e+00 
 4.39750000e-09  1.80000000e+00  4.39750000e-09  1.80000000e+00  4.39750000e-09  1.80000000e+00 
 4.40250000e-09  1.80000000e+00  4.40250000e-09  1.80000000e+00  4.40250000e-09  1.80000000e+00 
 4.40750000e-09  1.80000000e+00  4.40750000e-09  1.80000000e+00  4.40750000e-09  1.80000000e+00 
 4.41250000e-09  1.80000000e+00  4.41250000e-09  1.80000000e+00  4.41250000e-09  1.80000000e+00 
 4.41750000e-09  1.80000000e+00  4.41750000e-09  1.80000000e+00  4.41750000e-09  1.80000000e+00 
 4.42250000e-09  1.80000000e+00  4.42250000e-09  1.80000000e+00  4.42250000e-09  1.80000000e+00 
 4.42750000e-09  1.80000000e+00  4.42750000e-09  1.80000000e+00  4.42750000e-09  1.80000000e+00 
 4.43250000e-09  1.80000000e+00  4.43250000e-09  1.80000000e+00  4.43250000e-09  1.80000000e+00 
 4.43750000e-09  1.80000000e+00  4.43750000e-09  1.80000000e+00  4.43750000e-09  1.80000000e+00 
 4.44250000e-09  1.80000000e+00  4.44250000e-09  1.80000000e+00  4.44250000e-09  1.80000000e+00 
 4.44750000e-09  1.80000000e+00  4.44750000e-09  1.80000000e+00  4.44750000e-09  1.80000000e+00 
 4.45250000e-09  1.80000000e+00  4.45250000e-09  1.80000000e+00  4.45250000e-09  1.80000000e+00 
 4.45750000e-09  1.80000000e+00  4.45750000e-09  1.80000000e+00  4.45750000e-09  1.80000000e+00 
 4.46250000e-09  1.80000000e+00  4.46250000e-09  1.80000000e+00  4.46250000e-09  1.80000000e+00 
 4.46750000e-09  1.80000000e+00  4.46750000e-09  1.80000000e+00  4.46750000e-09  1.80000000e+00 
 4.47250000e-09  1.80000000e+00  4.47250000e-09  1.80000000e+00  4.47250000e-09  1.80000000e+00 
 4.47750000e-09  1.80000000e+00  4.47750000e-09  1.80000000e+00  4.47750000e-09  1.80000000e+00 
 4.48250000e-09  1.80000000e+00  4.48250000e-09  1.80000000e+00  4.48250000e-09  1.80000000e+00 
 4.48750000e-09  1.80000000e+00  4.48750000e-09  1.80000000e+00  4.48750000e-09  1.80000000e+00 
 4.49250000e-09  1.80000000e+00  4.49250000e-09  1.80000000e+00  4.49250000e-09  1.80000000e+00 
 4.49750000e-09  1.80000000e+00  4.49750000e-09  1.80000000e+00  4.49750000e-09  1.80000000e+00 
 4.50250000e-09  1.80000000e+00  4.50250000e-09  1.80000000e+00  4.50250000e-09  1.80000000e+00 
 4.50750000e-09  1.80000000e+00  4.50750000e-09  1.80000000e+00  4.50750000e-09  1.80000000e+00 
 4.51250000e-09  1.80000000e+00  4.51250000e-09  1.80000000e+00  4.51250000e-09  1.80000000e+00 
 4.51750000e-09  1.80000000e+00  4.51750000e-09  1.80000000e+00  4.51750000e-09  1.80000000e+00 
 4.52250000e-09  1.80000000e+00  4.52250000e-09  1.80000000e+00  4.52250000e-09  1.80000000e+00 
 4.52750000e-09  1.80000000e+00  4.52750000e-09  1.80000000e+00  4.52750000e-09  1.80000000e+00 
 4.53250000e-09  1.80000000e+00  4.53250000e-09  1.80000000e+00  4.53250000e-09  1.80000000e+00 
 4.53750000e-09  1.80000000e+00  4.53750000e-09  1.80000000e+00  4.53750000e-09  1.80000000e+00 
 4.54250000e-09  1.80000000e+00  4.54250000e-09  1.80000000e+00  4.54250000e-09  1.80000000e+00 
 4.54750000e-09  1.80000000e+00  4.54750000e-09  1.80000000e+00  4.54750000e-09  1.80000000e+00 
 4.55250000e-09  1.80000000e+00  4.55250000e-09  1.80000000e+00  4.55250000e-09  1.80000000e+00 
 4.55750000e-09  1.80000000e+00  4.55750000e-09  1.80000000e+00  4.55750000e-09  1.80000000e+00 
 4.56250000e-09  1.80000000e+00  4.56250000e-09  1.80000000e+00  4.56250000e-09  1.80000000e+00 
 4.56750000e-09  1.80000000e+00  4.56750000e-09  1.80000000e+00  4.56750000e-09  1.80000000e+00 
 4.57250000e-09  1.80000000e+00  4.57250000e-09  1.80000000e+00  4.57250000e-09  1.80000000e+00 
 4.57750000e-09  1.80000000e+00  4.57750000e-09  1.80000000e+00  4.57750000e-09  1.80000000e+00 
 4.58250000e-09  1.80000000e+00  4.58250000e-09  1.80000000e+00  4.58250000e-09  1.80000000e+00 
 4.58750000e-09  1.80000000e+00  4.58750000e-09  1.80000000e+00  4.58750000e-09  1.80000000e+00 
 4.59250000e-09  1.80000000e+00  4.59250000e-09  1.80000000e+00  4.59250000e-09  1.80000000e+00 
 4.59750000e-09  1.80000000e+00  4.59750000e-09  1.80000000e+00  4.59750000e-09  1.80000000e+00 
 4.60250000e-09  1.80000000e+00  4.60250000e-09  1.80000000e+00  4.60250000e-09  1.80000000e+00 
 4.60750000e-09  1.80000000e+00  4.60750000e-09  1.80000000e+00  4.60750000e-09  1.80000000e+00 
 4.61250000e-09  1.80000000e+00  4.61250000e-09  1.80000000e+00  4.61250000e-09  1.80000000e+00 
 4.61750000e-09  1.80000000e+00  4.61750000e-09  1.80000000e+00  4.61750000e-09  1.80000000e+00 
 4.62250000e-09  1.80000000e+00  4.62250000e-09  1.80000000e+00  4.62250000e-09  1.80000000e+00 
 4.62750000e-09  1.80000000e+00  4.62750000e-09  1.80000000e+00  4.62750000e-09  1.80000000e+00 
 4.63250000e-09  1.80000000e+00  4.63250000e-09  1.80000000e+00  4.63250000e-09  1.80000000e+00 
 4.63750000e-09  1.80000000e+00  4.63750000e-09  1.80000000e+00  4.63750000e-09  1.80000000e+00 
 4.64250000e-09  1.80000000e+00  4.64250000e-09  1.80000000e+00  4.64250000e-09  1.80000000e+00 
 4.64750000e-09  1.80000000e+00  4.64750000e-09  1.80000000e+00  4.64750000e-09  1.80000000e+00 
 4.65250000e-09  1.80000000e+00  4.65250000e-09  1.80000000e+00  4.65250000e-09  1.80000000e+00 
 4.65750000e-09  1.80000000e+00  4.65750000e-09  1.80000000e+00  4.65750000e-09  1.80000000e+00 
 4.66250000e-09  1.80000000e+00  4.66250000e-09  1.80000000e+00  4.66250000e-09  1.80000000e+00 
 4.66750000e-09  1.80000000e+00  4.66750000e-09  1.80000000e+00  4.66750000e-09  1.80000000e+00 
 4.67250000e-09  1.80000000e+00  4.67250000e-09  1.80000000e+00  4.67250000e-09  1.80000000e+00 
 4.67750000e-09  1.80000000e+00  4.67750000e-09  1.80000000e+00  4.67750000e-09  1.80000000e+00 
 4.68250000e-09  1.80000000e+00  4.68250000e-09  1.80000000e+00  4.68250000e-09  1.80000000e+00 
 4.68750000e-09  1.80000000e+00  4.68750000e-09  1.80000000e+00  4.68750000e-09  1.80000000e+00 
 4.69250000e-09  1.80000000e+00  4.69250000e-09  1.80000000e+00  4.69250000e-09  1.80000000e+00 
 4.69750000e-09  1.80000000e+00  4.69750000e-09  1.80000000e+00  4.69750000e-09  1.80000000e+00 
 4.70250000e-09  1.80000000e+00  4.70250000e-09  1.80000000e+00  4.70250000e-09  1.80000000e+00 
 4.70750000e-09  1.80000000e+00  4.70750000e-09  1.80000000e+00  4.70750000e-09  1.80000000e+00 
 4.71250000e-09  1.80000000e+00  4.71250000e-09  1.80000000e+00  4.71250000e-09  1.80000000e+00 
 4.71750000e-09  1.80000000e+00  4.71750000e-09  1.80000000e+00  4.71750000e-09  1.80000000e+00 
 4.72250000e-09  1.80000000e+00  4.72250000e-09  1.80000000e+00  4.72250000e-09  1.80000000e+00 
 4.72750000e-09  1.80000000e+00  4.72750000e-09  1.80000000e+00  4.72750000e-09  1.80000000e+00 
 4.73250000e-09  1.80000000e+00  4.73250000e-09  1.80000000e+00  4.73250000e-09  1.80000000e+00 
 4.73750000e-09  1.80000000e+00  4.73750000e-09  1.80000000e+00  4.73750000e-09  1.80000000e+00 
 4.74250000e-09  1.80000000e+00  4.74250000e-09  1.80000000e+00  4.74250000e-09  1.80000000e+00 
 4.74750000e-09  1.80000000e+00  4.74750000e-09  1.80000000e+00  4.74750000e-09  1.80000000e+00 
 4.75250000e-09  1.80000000e+00  4.75250000e-09  1.80000000e+00  4.75250000e-09  1.80000000e+00 
 4.75750000e-09  1.80000000e+00  4.75750000e-09  1.80000000e+00  4.75750000e-09  1.80000000e+00 
 4.76250000e-09  1.80000000e+00  4.76250000e-09  1.80000000e+00  4.76250000e-09  1.80000000e+00 
 4.76750000e-09  1.80000000e+00  4.76750000e-09  1.80000000e+00  4.76750000e-09  1.80000000e+00 
 4.77250000e-09  1.80000000e+00  4.77250000e-09  1.80000000e+00  4.77250000e-09  1.80000000e+00 
 4.77750000e-09  1.80000000e+00  4.77750000e-09  1.80000000e+00  4.77750000e-09  1.80000000e+00 
 4.78250000e-09  1.80000000e+00  4.78250000e-09  1.80000000e+00  4.78250000e-09  1.80000000e+00 
 4.78750000e-09  1.80000000e+00  4.78750000e-09  1.80000000e+00  4.78750000e-09  1.80000000e+00 
 4.79250000e-09  1.80000000e+00  4.79250000e-09  1.80000000e+00  4.79250000e-09  1.80000000e+00 
 4.79750000e-09  1.80000000e+00  4.79750000e-09  1.80000000e+00  4.79750000e-09  1.80000000e+00 
 4.80250000e-09  1.80000000e+00  4.80250000e-09  1.80000000e+00  4.80250000e-09  1.80000000e+00 
 4.80750000e-09  1.80000000e+00  4.80750000e-09  1.80000000e+00  4.80750000e-09  1.80000000e+00 
 4.81250000e-09  1.80000000e+00  4.81250000e-09  1.80000000e+00  4.81250000e-09  1.80000000e+00 
 4.81750000e-09  1.80000000e+00  4.81750000e-09  1.80000000e+00  4.81750000e-09  1.80000000e+00 
 4.82250000e-09  1.80000000e+00  4.82250000e-09  1.80000000e+00  4.82250000e-09  1.80000000e+00 
 4.82750000e-09  1.80000000e+00  4.82750000e-09  1.80000000e+00  4.82750000e-09  1.80000000e+00 
 4.83250000e-09  1.80000000e+00  4.83250000e-09  1.80000000e+00  4.83250000e-09  1.80000000e+00 
 4.83750000e-09  1.80000000e+00  4.83750000e-09  1.80000000e+00  4.83750000e-09  1.80000000e+00 
 4.84250000e-09  1.80000000e+00  4.84250000e-09  1.80000000e+00  4.84250000e-09  1.80000000e+00 
 4.84750000e-09  1.80000000e+00  4.84750000e-09  1.80000000e+00  4.84750000e-09  1.80000000e+00 
 4.85250000e-09  1.80000000e+00  4.85250000e-09  1.80000000e+00  4.85250000e-09  1.80000000e+00 
 4.85750000e-09  1.80000000e+00  4.85750000e-09  1.80000000e+00  4.85750000e-09  1.80000000e+00 
 4.86250000e-09  1.80000000e+00  4.86250000e-09  1.80000000e+00  4.86250000e-09  1.80000000e+00 
 4.86750000e-09  1.80000000e+00  4.86750000e-09  1.80000000e+00  4.86750000e-09  1.80000000e+00 
 4.87250000e-09  1.80000000e+00  4.87250000e-09  1.80000000e+00  4.87250000e-09  1.80000000e+00 
 4.87750000e-09  1.80000000e+00  4.87750000e-09  1.80000000e+00  4.87750000e-09  1.80000000e+00 
 4.88250000e-09  1.80000000e+00  4.88250000e-09  1.80000000e+00  4.88250000e-09  1.80000000e+00 
 4.88750000e-09  1.80000000e+00  4.88750000e-09  1.80000000e+00  4.88750000e-09  1.80000000e+00 
 4.89250000e-09  1.80000000e+00  4.89250000e-09  1.80000000e+00  4.89250000e-09  1.80000000e+00 
 4.89750000e-09  1.80000000e+00  4.89750000e-09  1.80000000e+00  4.89750000e-09  1.80000000e+00 
 4.90250000e-09  1.80000000e+00  4.90250000e-09  1.80000000e+00  4.90250000e-09  1.80000000e+00 
 4.90750000e-09  1.80000000e+00  4.90750000e-09  1.80000000e+00  4.90750000e-09  1.80000000e+00 
 4.91250000e-09  1.80000000e+00  4.91250000e-09  1.80000000e+00  4.91250000e-09  1.80000000e+00 
 4.91750000e-09  1.80000000e+00  4.91750000e-09  1.80000000e+00  4.91750000e-09  1.80000000e+00 
 4.92250000e-09  1.80000000e+00  4.92250000e-09  1.80000000e+00  4.92250000e-09  1.80000000e+00 
 4.92750000e-09  1.80000000e+00  4.92750000e-09  1.80000000e+00  4.92750000e-09  1.80000000e+00 
 4.93250000e-09  1.80000000e+00  4.93250000e-09  1.80000000e+00  4.93250000e-09  1.80000000e+00 
 4.93750000e-09  1.80000000e+00  4.93750000e-09  1.80000000e+00  4.93750000e-09  1.80000000e+00 
 4.94250000e-09  1.80000000e+00  4.94250000e-09  1.80000000e+00  4.94250000e-09  1.80000000e+00 
 4.94750000e-09  1.80000000e+00  4.94750000e-09  1.80000000e+00  4.94750000e-09  1.80000000e+00 
 4.95250000e-09  1.80000000e+00  4.95250000e-09  1.80000000e+00  4.95250000e-09  1.80000000e+00 
 4.95750000e-09  1.80000000e+00  4.95750000e-09  1.80000000e+00  4.95750000e-09  1.80000000e+00 
 4.96250000e-09  1.80000000e+00  4.96250000e-09  1.80000000e+00  4.96250000e-09  1.80000000e+00 
 4.96750000e-09  1.80000000e+00  4.96750000e-09  1.80000000e+00  4.96750000e-09  1.80000000e+00 
 4.97250000e-09  1.80000000e+00  4.97250000e-09  1.80000000e+00  4.97250000e-09  1.80000000e+00 
 4.97750000e-09  1.80000000e+00  4.97750000e-09  1.80000000e+00  4.97750000e-09  1.80000000e+00 
 4.98250000e-09  1.80000000e+00  4.98250000e-09  1.80000000e+00  4.98250000e-09  1.80000000e+00 
 4.98750000e-09  1.80000000e+00  4.98750000e-09  1.80000000e+00  4.98750000e-09  1.80000000e+00 
 4.99250000e-09  1.80000000e+00  4.99250000e-09  1.80000000e+00  4.99250000e-09  1.80000000e+00 
 4.99750000e-09  1.80000000e+00  4.99750000e-09  1.80000000e+00  4.99750000e-09  1.80000000e+00 
 5.00000000e-09  1.80000000e+00  5.00000000e-09  1.80000000e+00  5.00000000e-09  1.80000000e+00 
 5.00050000e-09  1.80000000e+00  5.00050000e-09  1.78200000e+00  5.00050000e-09  1.80000000e+00 
 5.00150000e-09  1.80000000e+00  5.00150000e-09  1.74600000e+00  5.00150000e-09  1.80000000e+00 
 5.00350000e-09  1.80000000e+00  5.00350000e-09  1.67400000e+00  5.00350000e-09  1.80000000e+00 
 5.00750000e-09  1.80000000e+00  5.00750000e-09  1.53000000e+00  5.00750000e-09  1.80000000e+00 
 5.01250000e-09  1.80000000e+00  5.01250000e-09  1.35000000e+00  5.01250000e-09  1.80000000e+00 
 5.01750000e-09  1.80000000e+00  5.01750000e-09  1.17000000e+00  5.01750000e-09  1.80000000e+00 
 5.02250000e-09  1.80000000e+00  5.02250000e-09  9.90000000e-01  5.02250000e-09  1.80000000e+00 
 5.02750000e-09  1.80000000e+00  5.02750000e-09  8.10000000e-01  5.02750000e-09  1.80000000e+00 
 5.03250000e-09  1.80000000e+00  5.03250000e-09  6.30000000e-01  5.03250000e-09  1.80000000e+00 
 5.03750000e-09  1.80000000e+00  5.03750000e-09  4.50000000e-01  5.03750000e-09  1.80000000e+00 
 5.04250000e-09  1.80000000e+00  5.04250000e-09  2.70000000e-01  5.04250000e-09  1.80000000e+00 
 5.04750000e-09  1.80000000e+00  5.04750000e-09  9.00000000e-02  5.04750000e-09  1.80000000e+00 
 5.05000000e-09  1.80000000e+00  5.05000000e-09  0.00000000e+00  5.05000000e-09  1.80000000e+00 
 5.05050000e-09  1.80000000e+00  5.05050000e-09  0.00000000e+00  5.05050000e-09  1.80000000e+00 
 5.05150000e-09  1.80000000e+00  5.05150000e-09  0.00000000e+00  5.05150000e-09  1.80000000e+00 
 5.05350000e-09  1.80000000e+00  5.05350000e-09  0.00000000e+00  5.05350000e-09  1.80000000e+00 
 5.05750000e-09  1.80000000e+00  5.05750000e-09  0.00000000e+00  5.05750000e-09  1.80000000e+00 
 5.06250000e-09  1.80000000e+00  5.06250000e-09  0.00000000e+00  5.06250000e-09  1.80000000e+00 
 5.06750000e-09  1.80000000e+00  5.06750000e-09  0.00000000e+00  5.06750000e-09  1.80000000e+00 
 5.07250000e-09  1.80000000e+00  5.07250000e-09  0.00000000e+00  5.07250000e-09  1.80000000e+00 
 5.07750000e-09  1.80000000e+00  5.07750000e-09  0.00000000e+00  5.07750000e-09  1.80000000e+00 
 5.08250000e-09  1.80000000e+00  5.08250000e-09  0.00000000e+00  5.08250000e-09  1.80000000e+00 
 5.08750000e-09  1.80000000e+00  5.08750000e-09  0.00000000e+00  5.08750000e-09  1.80000000e+00 
 5.09250000e-09  1.80000000e+00  5.09250000e-09  0.00000000e+00  5.09250000e-09  1.80000000e+00 
 5.09750000e-09  1.80000000e+00  5.09750000e-09  0.00000000e+00  5.09750000e-09  1.80000000e+00 
 5.10250000e-09  1.80000000e+00  5.10250000e-09  0.00000000e+00  5.10250000e-09  1.80000000e+00 
 5.10750000e-09  1.80000000e+00  5.10750000e-09  0.00000000e+00  5.10750000e-09  1.80000000e+00 
 5.11250000e-09  1.80000000e+00  5.11250000e-09  0.00000000e+00  5.11250000e-09  1.80000000e+00 
 5.11750000e-09  1.80000000e+00  5.11750000e-09  0.00000000e+00  5.11750000e-09  1.80000000e+00 
 5.12250000e-09  1.80000000e+00  5.12250000e-09  0.00000000e+00  5.12250000e-09  1.80000000e+00 
 5.12750000e-09  1.80000000e+00  5.12750000e-09  0.00000000e+00  5.12750000e-09  1.80000000e+00 
 5.13250000e-09  1.80000000e+00  5.13250000e-09  0.00000000e+00  5.13250000e-09  1.80000000e+00 
 5.13750000e-09  1.80000000e+00  5.13750000e-09  0.00000000e+00  5.13750000e-09  1.80000000e+00 
 5.14250000e-09  1.80000000e+00  5.14250000e-09  0.00000000e+00  5.14250000e-09  1.80000000e+00 
 5.14750000e-09  1.80000000e+00  5.14750000e-09  0.00000000e+00  5.14750000e-09  1.80000000e+00 
 5.15250000e-09  1.80000000e+00  5.15250000e-09  0.00000000e+00  5.15250000e-09  1.80000000e+00 
 5.15750000e-09  1.80000000e+00  5.15750000e-09  0.00000000e+00  5.15750000e-09  1.80000000e+00 
 5.16250000e-09  1.80000000e+00  5.16250000e-09  0.00000000e+00  5.16250000e-09  1.80000000e+00 
 5.16750000e-09  1.80000000e+00  5.16750000e-09  0.00000000e+00  5.16750000e-09  1.80000000e+00 
 5.17250000e-09  1.80000000e+00  5.17250000e-09  0.00000000e+00  5.17250000e-09  1.80000000e+00 
 5.17750000e-09  1.80000000e+00  5.17750000e-09  0.00000000e+00  5.17750000e-09  1.80000000e+00 
 5.18250000e-09  1.80000000e+00  5.18250000e-09  0.00000000e+00  5.18250000e-09  1.80000000e+00 
 5.18750000e-09  1.80000000e+00  5.18750000e-09  0.00000000e+00  5.18750000e-09  1.80000000e+00 
 5.19250000e-09  1.80000000e+00  5.19250000e-09  0.00000000e+00  5.19250000e-09  1.80000000e+00 
 5.19750000e-09  1.80000000e+00  5.19750000e-09  0.00000000e+00  5.19750000e-09  1.80000000e+00 
 5.20250000e-09  1.80000000e+00  5.20250000e-09  0.00000000e+00  5.20250000e-09  1.80000000e+00 
 5.20750000e-09  1.80000000e+00  5.20750000e-09  0.00000000e+00  5.20750000e-09  1.80000000e+00 
 5.21250000e-09  1.80000000e+00  5.21250000e-09  0.00000000e+00  5.21250000e-09  1.80000000e+00 
 5.21750000e-09  1.80000000e+00  5.21750000e-09  0.00000000e+00  5.21750000e-09  1.80000000e+00 
 5.22250000e-09  1.80000000e+00  5.22250000e-09  0.00000000e+00  5.22250000e-09  1.80000000e+00 
 5.22750000e-09  1.80000000e+00  5.22750000e-09  0.00000000e+00  5.22750000e-09  1.80000000e+00 
 5.23250000e-09  1.80000000e+00  5.23250000e-09  0.00000000e+00  5.23250000e-09  1.80000000e+00 
 5.23750000e-09  1.80000000e+00  5.23750000e-09  0.00000000e+00  5.23750000e-09  1.80000000e+00 
 5.24250000e-09  1.80000000e+00  5.24250000e-09  0.00000000e+00  5.24250000e-09  1.80000000e+00 
 5.24750000e-09  1.80000000e+00  5.24750000e-09  0.00000000e+00  5.24750000e-09  1.80000000e+00 
 5.25250000e-09  1.80000000e+00  5.25250000e-09  0.00000000e+00  5.25250000e-09  1.80000000e+00 
 5.25750000e-09  1.80000000e+00  5.25750000e-09  0.00000000e+00  5.25750000e-09  1.80000000e+00 
 5.26250000e-09  1.80000000e+00  5.26250000e-09  0.00000000e+00  5.26250000e-09  1.80000000e+00 
 5.26750000e-09  1.80000000e+00  5.26750000e-09  0.00000000e+00  5.26750000e-09  1.80000000e+00 
 5.27250000e-09  1.80000000e+00  5.27250000e-09  0.00000000e+00  5.27250000e-09  1.80000000e+00 
 5.27750000e-09  1.80000000e+00  5.27750000e-09  0.00000000e+00  5.27750000e-09  1.80000000e+00 
 5.28250000e-09  1.80000000e+00  5.28250000e-09  0.00000000e+00  5.28250000e-09  1.80000000e+00 
 5.28750000e-09  1.80000000e+00  5.28750000e-09  0.00000000e+00  5.28750000e-09  1.80000000e+00 
 5.29250000e-09  1.80000000e+00  5.29250000e-09  0.00000000e+00  5.29250000e-09  1.80000000e+00 
 5.29750000e-09  1.80000000e+00  5.29750000e-09  0.00000000e+00  5.29750000e-09  1.80000000e+00 
 5.30250000e-09  1.80000000e+00  5.30250000e-09  0.00000000e+00  5.30250000e-09  1.80000000e+00 
 5.30750000e-09  1.80000000e+00  5.30750000e-09  0.00000000e+00  5.30750000e-09  1.80000000e+00 
 5.31250000e-09  1.80000000e+00  5.31250000e-09  0.00000000e+00  5.31250000e-09  1.80000000e+00 
 5.31750000e-09  1.80000000e+00  5.31750000e-09  0.00000000e+00  5.31750000e-09  1.80000000e+00 
 5.32250000e-09  1.80000000e+00  5.32250000e-09  0.00000000e+00  5.32250000e-09  1.80000000e+00 
 5.32750000e-09  1.80000000e+00  5.32750000e-09  0.00000000e+00  5.32750000e-09  1.80000000e+00 
 5.33250000e-09  1.80000000e+00  5.33250000e-09  0.00000000e+00  5.33250000e-09  1.80000000e+00 
 5.33750000e-09  1.80000000e+00  5.33750000e-09  0.00000000e+00  5.33750000e-09  1.80000000e+00 
 5.34250000e-09  1.80000000e+00  5.34250000e-09  0.00000000e+00  5.34250000e-09  1.80000000e+00 
 5.34750000e-09  1.80000000e+00  5.34750000e-09  0.00000000e+00  5.34750000e-09  1.80000000e+00 
 5.35250000e-09  1.80000000e+00  5.35250000e-09  0.00000000e+00  5.35250000e-09  1.80000000e+00 
 5.35750000e-09  1.80000000e+00  5.35750000e-09  0.00000000e+00  5.35750000e-09  1.80000000e+00 
 5.36250000e-09  1.80000000e+00  5.36250000e-09  0.00000000e+00  5.36250000e-09  1.80000000e+00 
 5.36750000e-09  1.80000000e+00  5.36750000e-09  0.00000000e+00  5.36750000e-09  1.80000000e+00 
 5.37250000e-09  1.80000000e+00  5.37250000e-09  0.00000000e+00  5.37250000e-09  1.80000000e+00 
 5.37750000e-09  1.80000000e+00  5.37750000e-09  0.00000000e+00  5.37750000e-09  1.80000000e+00 
 5.38250000e-09  1.80000000e+00  5.38250000e-09  0.00000000e+00  5.38250000e-09  1.80000000e+00 
 5.38750000e-09  1.80000000e+00  5.38750000e-09  0.00000000e+00  5.38750000e-09  1.80000000e+00 
 5.39250000e-09  1.80000000e+00  5.39250000e-09  0.00000000e+00  5.39250000e-09  1.80000000e+00 
 5.39750000e-09  1.80000000e+00  5.39750000e-09  0.00000000e+00  5.39750000e-09  1.80000000e+00 
 5.40250000e-09  1.80000000e+00  5.40250000e-09  0.00000000e+00  5.40250000e-09  1.80000000e+00 
 5.40750000e-09  1.80000000e+00  5.40750000e-09  0.00000000e+00  5.40750000e-09  1.80000000e+00 
 5.41250000e-09  1.80000000e+00  5.41250000e-09  0.00000000e+00  5.41250000e-09  1.80000000e+00 
 5.41750000e-09  1.80000000e+00  5.41750000e-09  0.00000000e+00  5.41750000e-09  1.80000000e+00 
 5.42250000e-09  1.80000000e+00  5.42250000e-09  0.00000000e+00  5.42250000e-09  1.80000000e+00 
 5.42750000e-09  1.80000000e+00  5.42750000e-09  0.00000000e+00  5.42750000e-09  1.80000000e+00 
 5.43250000e-09  1.80000000e+00  5.43250000e-09  0.00000000e+00  5.43250000e-09  1.80000000e+00 
 5.43750000e-09  1.80000000e+00  5.43750000e-09  0.00000000e+00  5.43750000e-09  1.80000000e+00 
 5.44250000e-09  1.80000000e+00  5.44250000e-09  0.00000000e+00  5.44250000e-09  1.80000000e+00 
 5.44750000e-09  1.80000000e+00  5.44750000e-09  0.00000000e+00  5.44750000e-09  1.80000000e+00 
 5.45250000e-09  1.80000000e+00  5.45250000e-09  0.00000000e+00  5.45250000e-09  1.80000000e+00 
 5.45750000e-09  1.80000000e+00  5.45750000e-09  0.00000000e+00  5.45750000e-09  1.80000000e+00 
 5.46250000e-09  1.80000000e+00  5.46250000e-09  0.00000000e+00  5.46250000e-09  1.80000000e+00 
 5.46750000e-09  1.80000000e+00  5.46750000e-09  0.00000000e+00  5.46750000e-09  1.80000000e+00 
 5.47250000e-09  1.80000000e+00  5.47250000e-09  0.00000000e+00  5.47250000e-09  1.80000000e+00 
 5.47750000e-09  1.80000000e+00  5.47750000e-09  0.00000000e+00  5.47750000e-09  1.80000000e+00 
 5.48250000e-09  1.80000000e+00  5.48250000e-09  0.00000000e+00  5.48250000e-09  1.80000000e+00 
 5.48750000e-09  1.80000000e+00  5.48750000e-09  0.00000000e+00  5.48750000e-09  1.80000000e+00 
 5.49250000e-09  1.80000000e+00  5.49250000e-09  0.00000000e+00  5.49250000e-09  1.80000000e+00 
 5.49750000e-09  1.80000000e+00  5.49750000e-09  0.00000000e+00  5.49750000e-09  1.80000000e+00 
 5.50250000e-09  1.80000000e+00  5.50250000e-09  0.00000000e+00  5.50250000e-09  1.80000000e+00 
 5.50750000e-09  1.80000000e+00  5.50750000e-09  0.00000000e+00  5.50750000e-09  1.80000000e+00 
 5.51250000e-09  1.80000000e+00  5.51250000e-09  0.00000000e+00  5.51250000e-09  1.80000000e+00 
 5.51750000e-09  1.80000000e+00  5.51750000e-09  0.00000000e+00  5.51750000e-09  1.80000000e+00 
 5.52250000e-09  1.80000000e+00  5.52250000e-09  0.00000000e+00  5.52250000e-09  1.80000000e+00 
 5.52750000e-09  1.80000000e+00  5.52750000e-09  0.00000000e+00  5.52750000e-09  1.80000000e+00 
 5.53250000e-09  1.80000000e+00  5.53250000e-09  0.00000000e+00  5.53250000e-09  1.80000000e+00 
 5.53750000e-09  1.80000000e+00  5.53750000e-09  0.00000000e+00  5.53750000e-09  1.80000000e+00 
 5.54250000e-09  1.80000000e+00  5.54250000e-09  0.00000000e+00  5.54250000e-09  1.80000000e+00 
 5.54750000e-09  1.80000000e+00  5.54750000e-09  0.00000000e+00  5.54750000e-09  1.80000000e+00 
 5.55250000e-09  1.80000000e+00  5.55250000e-09  0.00000000e+00  5.55250000e-09  1.80000000e+00 
 5.55750000e-09  1.80000000e+00  5.55750000e-09  0.00000000e+00  5.55750000e-09  1.80000000e+00 
 5.56250000e-09  1.80000000e+00  5.56250000e-09  0.00000000e+00  5.56250000e-09  1.80000000e+00 
 5.56750000e-09  1.80000000e+00  5.56750000e-09  0.00000000e+00  5.56750000e-09  1.80000000e+00 
 5.57250000e-09  1.80000000e+00  5.57250000e-09  0.00000000e+00  5.57250000e-09  1.80000000e+00 
 5.57750000e-09  1.80000000e+00  5.57750000e-09  0.00000000e+00  5.57750000e-09  1.80000000e+00 
 5.58250000e-09  1.80000000e+00  5.58250000e-09  0.00000000e+00  5.58250000e-09  1.80000000e+00 
 5.58750000e-09  1.80000000e+00  5.58750000e-09  0.00000000e+00  5.58750000e-09  1.80000000e+00 
 5.59250000e-09  1.80000000e+00  5.59250000e-09  0.00000000e+00  5.59250000e-09  1.80000000e+00 
 5.59750000e-09  1.80000000e+00  5.59750000e-09  0.00000000e+00  5.59750000e-09  1.80000000e+00 
 5.60250000e-09  1.80000000e+00  5.60250000e-09  0.00000000e+00  5.60250000e-09  1.80000000e+00 
 5.60750000e-09  1.80000000e+00  5.60750000e-09  0.00000000e+00  5.60750000e-09  1.80000000e+00 
 5.61250000e-09  1.80000000e+00  5.61250000e-09  0.00000000e+00  5.61250000e-09  1.80000000e+00 
 5.61750000e-09  1.80000000e+00  5.61750000e-09  0.00000000e+00  5.61750000e-09  1.80000000e+00 
 5.62250000e-09  1.80000000e+00  5.62250000e-09  0.00000000e+00  5.62250000e-09  1.80000000e+00 
 5.62750000e-09  1.80000000e+00  5.62750000e-09  0.00000000e+00  5.62750000e-09  1.80000000e+00 
 5.63250000e-09  1.80000000e+00  5.63250000e-09  0.00000000e+00  5.63250000e-09  1.80000000e+00 
 5.63750000e-09  1.80000000e+00  5.63750000e-09  0.00000000e+00  5.63750000e-09  1.80000000e+00 
 5.64250000e-09  1.80000000e+00  5.64250000e-09  0.00000000e+00  5.64250000e-09  1.80000000e+00 
 5.64750000e-09  1.80000000e+00  5.64750000e-09  0.00000000e+00  5.64750000e-09  1.80000000e+00 
 5.65250000e-09  1.80000000e+00  5.65250000e-09  0.00000000e+00  5.65250000e-09  1.80000000e+00 
 5.65750000e-09  1.80000000e+00  5.65750000e-09  0.00000000e+00  5.65750000e-09  1.80000000e+00 
 5.66250000e-09  1.80000000e+00  5.66250000e-09  0.00000000e+00  5.66250000e-09  1.80000000e+00 
 5.66750000e-09  1.80000000e+00  5.66750000e-09  0.00000000e+00  5.66750000e-09  1.80000000e+00 
 5.67250000e-09  1.80000000e+00  5.67250000e-09  0.00000000e+00  5.67250000e-09  1.80000000e+00 
 5.67750000e-09  1.80000000e+00  5.67750000e-09  0.00000000e+00  5.67750000e-09  1.80000000e+00 
 5.68250000e-09  1.80000000e+00  5.68250000e-09  0.00000000e+00  5.68250000e-09  1.80000000e+00 
 5.68750000e-09  1.80000000e+00  5.68750000e-09  0.00000000e+00  5.68750000e-09  1.80000000e+00 
 5.69250000e-09  1.80000000e+00  5.69250000e-09  0.00000000e+00  5.69250000e-09  1.80000000e+00 
 5.69750000e-09  1.80000000e+00  5.69750000e-09  0.00000000e+00  5.69750000e-09  1.80000000e+00 
 5.70250000e-09  1.80000000e+00  5.70250000e-09  0.00000000e+00  5.70250000e-09  1.80000000e+00 
 5.70750000e-09  1.80000000e+00  5.70750000e-09  0.00000000e+00  5.70750000e-09  1.80000000e+00 
 5.71250000e-09  1.80000000e+00  5.71250000e-09  0.00000000e+00  5.71250000e-09  1.80000000e+00 
 5.71750000e-09  1.80000000e+00  5.71750000e-09  0.00000000e+00  5.71750000e-09  1.80000000e+00 
 5.72250000e-09  1.80000000e+00  5.72250000e-09  0.00000000e+00  5.72250000e-09  1.80000000e+00 
 5.72750000e-09  1.80000000e+00  5.72750000e-09  0.00000000e+00  5.72750000e-09  1.80000000e+00 
 5.73250000e-09  1.80000000e+00  5.73250000e-09  0.00000000e+00  5.73250000e-09  1.80000000e+00 
 5.73750000e-09  1.80000000e+00  5.73750000e-09  0.00000000e+00  5.73750000e-09  1.80000000e+00 
 5.74250000e-09  1.80000000e+00  5.74250000e-09  0.00000000e+00  5.74250000e-09  1.80000000e+00 
 5.74750000e-09  1.80000000e+00  5.74750000e-09  0.00000000e+00  5.74750000e-09  1.80000000e+00 
 5.75250000e-09  1.80000000e+00  5.75250000e-09  0.00000000e+00  5.75250000e-09  1.80000000e+00 
 5.75750000e-09  1.80000000e+00  5.75750000e-09  0.00000000e+00  5.75750000e-09  1.80000000e+00 
 5.76250000e-09  1.80000000e+00  5.76250000e-09  0.00000000e+00  5.76250000e-09  1.80000000e+00 
 5.76750000e-09  1.80000000e+00  5.76750000e-09  0.00000000e+00  5.76750000e-09  1.80000000e+00 
 5.77250000e-09  1.80000000e+00  5.77250000e-09  0.00000000e+00  5.77250000e-09  1.80000000e+00 
 5.77750000e-09  1.80000000e+00  5.77750000e-09  0.00000000e+00  5.77750000e-09  1.80000000e+00 
 5.78250000e-09  1.80000000e+00  5.78250000e-09  0.00000000e+00  5.78250000e-09  1.80000000e+00 
 5.78750000e-09  1.80000000e+00  5.78750000e-09  0.00000000e+00  5.78750000e-09  1.80000000e+00 
 5.79250000e-09  1.80000000e+00  5.79250000e-09  0.00000000e+00  5.79250000e-09  1.80000000e+00 
 5.79750000e-09  1.80000000e+00  5.79750000e-09  0.00000000e+00  5.79750000e-09  1.80000000e+00 
 5.80250000e-09  1.80000000e+00  5.80250000e-09  0.00000000e+00  5.80250000e-09  1.80000000e+00 
 5.80750000e-09  1.80000000e+00  5.80750000e-09  0.00000000e+00  5.80750000e-09  1.80000000e+00 
 5.81250000e-09  1.80000000e+00  5.81250000e-09  0.00000000e+00  5.81250000e-09  1.80000000e+00 
 5.81750000e-09  1.80000000e+00  5.81750000e-09  0.00000000e+00  5.81750000e-09  1.80000000e+00 
 5.82250000e-09  1.80000000e+00  5.82250000e-09  0.00000000e+00  5.82250000e-09  1.80000000e+00 
 5.82750000e-09  1.80000000e+00  5.82750000e-09  0.00000000e+00  5.82750000e-09  1.80000000e+00 
 5.83250000e-09  1.80000000e+00  5.83250000e-09  0.00000000e+00  5.83250000e-09  1.80000000e+00 
 5.83750000e-09  1.80000000e+00  5.83750000e-09  0.00000000e+00  5.83750000e-09  1.80000000e+00 
 5.84250000e-09  1.80000000e+00  5.84250000e-09  0.00000000e+00  5.84250000e-09  1.80000000e+00 
 5.84750000e-09  1.80000000e+00  5.84750000e-09  0.00000000e+00  5.84750000e-09  1.80000000e+00 
 5.85250000e-09  1.80000000e+00  5.85250000e-09  0.00000000e+00  5.85250000e-09  1.80000000e+00 
 5.85750000e-09  1.80000000e+00  5.85750000e-09  0.00000000e+00  5.85750000e-09  1.80000000e+00 
 5.86250000e-09  1.80000000e+00  5.86250000e-09  0.00000000e+00  5.86250000e-09  1.80000000e+00 
 5.86750000e-09  1.80000000e+00  5.86750000e-09  0.00000000e+00  5.86750000e-09  1.80000000e+00 
 5.87250000e-09  1.80000000e+00  5.87250000e-09  0.00000000e+00  5.87250000e-09  1.80000000e+00 
 5.87750000e-09  1.80000000e+00  5.87750000e-09  0.00000000e+00  5.87750000e-09  1.80000000e+00 
 5.88250000e-09  1.80000000e+00  5.88250000e-09  0.00000000e+00  5.88250000e-09  1.80000000e+00 
 5.88750000e-09  1.80000000e+00  5.88750000e-09  0.00000000e+00  5.88750000e-09  1.80000000e+00 
 5.89250000e-09  1.80000000e+00  5.89250000e-09  0.00000000e+00  5.89250000e-09  1.80000000e+00 
 5.89750000e-09  1.80000000e+00  5.89750000e-09  0.00000000e+00  5.89750000e-09  1.80000000e+00 
 5.90250000e-09  1.80000000e+00  5.90250000e-09  0.00000000e+00  5.90250000e-09  1.80000000e+00 
 5.90750000e-09  1.80000000e+00  5.90750000e-09  0.00000000e+00  5.90750000e-09  1.80000000e+00 
 5.91250000e-09  1.80000000e+00  5.91250000e-09  0.00000000e+00  5.91250000e-09  1.80000000e+00 
 5.91750000e-09  1.80000000e+00  5.91750000e-09  0.00000000e+00  5.91750000e-09  1.80000000e+00 
 5.92250000e-09  1.80000000e+00  5.92250000e-09  0.00000000e+00  5.92250000e-09  1.80000000e+00 
 5.92750000e-09  1.80000000e+00  5.92750000e-09  0.00000000e+00  5.92750000e-09  1.80000000e+00 
 5.93250000e-09  1.80000000e+00  5.93250000e-09  0.00000000e+00  5.93250000e-09  1.80000000e+00 
 5.93750000e-09  1.80000000e+00  5.93750000e-09  0.00000000e+00  5.93750000e-09  1.80000000e+00 
 5.94250000e-09  1.80000000e+00  5.94250000e-09  0.00000000e+00  5.94250000e-09  1.80000000e+00 
 5.94750000e-09  1.80000000e+00  5.94750000e-09  0.00000000e+00  5.94750000e-09  1.80000000e+00 
 5.95250000e-09  1.80000000e+00  5.95250000e-09  0.00000000e+00  5.95250000e-09  1.80000000e+00 
 5.95750000e-09  1.80000000e+00  5.95750000e-09  0.00000000e+00  5.95750000e-09  1.80000000e+00 
 5.96250000e-09  1.80000000e+00  5.96250000e-09  0.00000000e+00  5.96250000e-09  1.80000000e+00 
 5.96750000e-09  1.80000000e+00  5.96750000e-09  0.00000000e+00  5.96750000e-09  1.80000000e+00 
 5.97250000e-09  1.80000000e+00  5.97250000e-09  0.00000000e+00  5.97250000e-09  1.80000000e+00 
 5.97750000e-09  1.80000000e+00  5.97750000e-09  0.00000000e+00  5.97750000e-09  1.80000000e+00 
 5.98250000e-09  1.80000000e+00  5.98250000e-09  0.00000000e+00  5.98250000e-09  1.80000000e+00 
 5.98750000e-09  1.80000000e+00  5.98750000e-09  0.00000000e+00  5.98750000e-09  1.80000000e+00 
 5.99250000e-09  1.80000000e+00  5.99250000e-09  0.00000000e+00  5.99250000e-09  1.80000000e+00 
 5.99750000e-09  1.80000000e+00  5.99750000e-09  0.00000000e+00  5.99750000e-09  1.80000000e+00 
 6.00250000e-09  1.80000000e+00  6.00250000e-09  0.00000000e+00  6.00250000e-09  1.80000000e+00 
 6.00750000e-09  1.80000000e+00  6.00750000e-09  0.00000000e+00  6.00750000e-09  1.80000000e+00 
 6.01250000e-09  1.80000000e+00  6.01250000e-09  0.00000000e+00  6.01250000e-09  1.80000000e+00 
 6.01750000e-09  1.80000000e+00  6.01750000e-09  0.00000000e+00  6.01750000e-09  1.80000000e+00 
 6.02250000e-09  1.80000000e+00  6.02250000e-09  0.00000000e+00  6.02250000e-09  1.80000000e+00 
 6.02750000e-09  1.80000000e+00  6.02750000e-09  0.00000000e+00  6.02750000e-09  1.80000000e+00 
 6.03250000e-09  1.80000000e+00  6.03250000e-09  0.00000000e+00  6.03250000e-09  1.80000000e+00 
 6.03750000e-09  1.80000000e+00  6.03750000e-09  0.00000000e+00  6.03750000e-09  1.80000000e+00 
 6.04250000e-09  1.80000000e+00  6.04250000e-09  0.00000000e+00  6.04250000e-09  1.80000000e+00 
 6.04750000e-09  1.80000000e+00  6.04750000e-09  0.00000000e+00  6.04750000e-09  1.80000000e+00 
 6.05250000e-09  1.80000000e+00  6.05250000e-09  0.00000000e+00  6.05250000e-09  1.80000000e+00 
 6.05750000e-09  1.80000000e+00  6.05750000e-09  0.00000000e+00  6.05750000e-09  1.80000000e+00 
 6.06250000e-09  1.80000000e+00  6.06250000e-09  0.00000000e+00  6.06250000e-09  1.80000000e+00 
 6.06750000e-09  1.80000000e+00  6.06750000e-09  0.00000000e+00  6.06750000e-09  1.80000000e+00 
 6.07250000e-09  1.80000000e+00  6.07250000e-09  0.00000000e+00  6.07250000e-09  1.80000000e+00 
 6.07750000e-09  1.80000000e+00  6.07750000e-09  0.00000000e+00  6.07750000e-09  1.80000000e+00 
 6.08250000e-09  1.80000000e+00  6.08250000e-09  0.00000000e+00  6.08250000e-09  1.80000000e+00 
 6.08750000e-09  1.80000000e+00  6.08750000e-09  0.00000000e+00  6.08750000e-09  1.80000000e+00 
 6.09250000e-09  1.80000000e+00  6.09250000e-09  0.00000000e+00  6.09250000e-09  1.80000000e+00 
 6.09750000e-09  1.80000000e+00  6.09750000e-09  0.00000000e+00  6.09750000e-09  1.80000000e+00 
 6.10250000e-09  1.80000000e+00  6.10250000e-09  0.00000000e+00  6.10250000e-09  1.80000000e+00 
 6.10750000e-09  1.80000000e+00  6.10750000e-09  0.00000000e+00  6.10750000e-09  1.80000000e+00 
 6.11250000e-09  1.80000000e+00  6.11250000e-09  0.00000000e+00  6.11250000e-09  1.80000000e+00 
 6.11750000e-09  1.80000000e+00  6.11750000e-09  0.00000000e+00  6.11750000e-09  1.80000000e+00 
 6.12250000e-09  1.80000000e+00  6.12250000e-09  0.00000000e+00  6.12250000e-09  1.80000000e+00 
 6.12750000e-09  1.80000000e+00  6.12750000e-09  0.00000000e+00  6.12750000e-09  1.80000000e+00 
 6.13250000e-09  1.80000000e+00  6.13250000e-09  0.00000000e+00  6.13250000e-09  1.80000000e+00 
 6.13750000e-09  1.80000000e+00  6.13750000e-09  0.00000000e+00  6.13750000e-09  1.80000000e+00 
 6.14250000e-09  1.80000000e+00  6.14250000e-09  0.00000000e+00  6.14250000e-09  1.80000000e+00 
 6.14750000e-09  1.80000000e+00  6.14750000e-09  0.00000000e+00  6.14750000e-09  1.80000000e+00 
 6.15250000e-09  1.80000000e+00  6.15250000e-09  0.00000000e+00  6.15250000e-09  1.80000000e+00 
 6.15750000e-09  1.80000000e+00  6.15750000e-09  0.00000000e+00  6.15750000e-09  1.80000000e+00 
 6.16250000e-09  1.80000000e+00  6.16250000e-09  0.00000000e+00  6.16250000e-09  1.80000000e+00 
 6.16750000e-09  1.80000000e+00  6.16750000e-09  0.00000000e+00  6.16750000e-09  1.80000000e+00 
 6.17250000e-09  1.80000000e+00  6.17250000e-09  0.00000000e+00  6.17250000e-09  1.80000000e+00 
 6.17750000e-09  1.80000000e+00  6.17750000e-09  0.00000000e+00  6.17750000e-09  1.80000000e+00 
 6.18250000e-09  1.80000000e+00  6.18250000e-09  0.00000000e+00  6.18250000e-09  1.80000000e+00 
 6.18750000e-09  1.80000000e+00  6.18750000e-09  0.00000000e+00  6.18750000e-09  1.80000000e+00 
 6.19250000e-09  1.80000000e+00  6.19250000e-09  0.00000000e+00  6.19250000e-09  1.80000000e+00 
 6.19750000e-09  1.80000000e+00  6.19750000e-09  0.00000000e+00  6.19750000e-09  1.80000000e+00 
 6.20250000e-09  1.80000000e+00  6.20250000e-09  0.00000000e+00  6.20250000e-09  1.80000000e+00 
 6.20750000e-09  1.80000000e+00  6.20750000e-09  0.00000000e+00  6.20750000e-09  1.80000000e+00 
 6.21250000e-09  1.80000000e+00  6.21250000e-09  0.00000000e+00  6.21250000e-09  1.80000000e+00 
 6.21750000e-09  1.80000000e+00  6.21750000e-09  0.00000000e+00  6.21750000e-09  1.80000000e+00 
 6.22250000e-09  1.80000000e+00  6.22250000e-09  0.00000000e+00  6.22250000e-09  1.80000000e+00 
 6.22750000e-09  1.80000000e+00  6.22750000e-09  0.00000000e+00  6.22750000e-09  1.80000000e+00 
 6.23250000e-09  1.80000000e+00  6.23250000e-09  0.00000000e+00  6.23250000e-09  1.80000000e+00 
 6.23750000e-09  1.80000000e+00  6.23750000e-09  0.00000000e+00  6.23750000e-09  1.80000000e+00 
 6.24250000e-09  1.80000000e+00  6.24250000e-09  0.00000000e+00  6.24250000e-09  1.80000000e+00 
 6.24750000e-09  1.80000000e+00  6.24750000e-09  0.00000000e+00  6.24750000e-09  1.80000000e+00 
 6.25250000e-09  1.80000000e+00  6.25250000e-09  0.00000000e+00  6.25250000e-09  1.80000000e+00 
 6.25750000e-09  1.80000000e+00  6.25750000e-09  0.00000000e+00  6.25750000e-09  1.80000000e+00 
 6.26250000e-09  1.80000000e+00  6.26250000e-09  0.00000000e+00  6.26250000e-09  1.80000000e+00 
 6.26750000e-09  1.80000000e+00  6.26750000e-09  0.00000000e+00  6.26750000e-09  1.80000000e+00 
 6.27250000e-09  1.80000000e+00  6.27250000e-09  0.00000000e+00  6.27250000e-09  1.80000000e+00 
 6.27750000e-09  1.80000000e+00  6.27750000e-09  0.00000000e+00  6.27750000e-09  1.80000000e+00 
 6.28250000e-09  1.80000000e+00  6.28250000e-09  0.00000000e+00  6.28250000e-09  1.80000000e+00 
 6.28750000e-09  1.80000000e+00  6.28750000e-09  0.00000000e+00  6.28750000e-09  1.80000000e+00 
 6.29250000e-09  1.80000000e+00  6.29250000e-09  0.00000000e+00  6.29250000e-09  1.80000000e+00 
 6.29750000e-09  1.80000000e+00  6.29750000e-09  0.00000000e+00  6.29750000e-09  1.80000000e+00 
 6.30250000e-09  1.80000000e+00  6.30250000e-09  0.00000000e+00  6.30250000e-09  1.80000000e+00 
 6.30750000e-09  1.80000000e+00  6.30750000e-09  0.00000000e+00  6.30750000e-09  1.80000000e+00 
 6.31250000e-09  1.80000000e+00  6.31250000e-09  0.00000000e+00  6.31250000e-09  1.80000000e+00 
 6.31750000e-09  1.80000000e+00  6.31750000e-09  0.00000000e+00  6.31750000e-09  1.80000000e+00 
 6.32250000e-09  1.80000000e+00  6.32250000e-09  0.00000000e+00  6.32250000e-09  1.80000000e+00 
 6.32750000e-09  1.80000000e+00  6.32750000e-09  0.00000000e+00  6.32750000e-09  1.80000000e+00 
 6.33250000e-09  1.80000000e+00  6.33250000e-09  0.00000000e+00  6.33250000e-09  1.80000000e+00 
 6.33750000e-09  1.80000000e+00  6.33750000e-09  0.00000000e+00  6.33750000e-09  1.80000000e+00 
 6.34250000e-09  1.80000000e+00  6.34250000e-09  0.00000000e+00  6.34250000e-09  1.80000000e+00 
 6.34750000e-09  1.80000000e+00  6.34750000e-09  0.00000000e+00  6.34750000e-09  1.80000000e+00 
 6.35250000e-09  1.80000000e+00  6.35250000e-09  0.00000000e+00  6.35250000e-09  1.80000000e+00 
 6.35750000e-09  1.80000000e+00  6.35750000e-09  0.00000000e+00  6.35750000e-09  1.80000000e+00 
 6.36250000e-09  1.80000000e+00  6.36250000e-09  0.00000000e+00  6.36250000e-09  1.80000000e+00 
 6.36750000e-09  1.80000000e+00  6.36750000e-09  0.00000000e+00  6.36750000e-09  1.80000000e+00 
 6.37250000e-09  1.80000000e+00  6.37250000e-09  0.00000000e+00  6.37250000e-09  1.80000000e+00 
 6.37750000e-09  1.80000000e+00  6.37750000e-09  0.00000000e+00  6.37750000e-09  1.80000000e+00 
 6.38250000e-09  1.80000000e+00  6.38250000e-09  0.00000000e+00  6.38250000e-09  1.80000000e+00 
 6.38750000e-09  1.80000000e+00  6.38750000e-09  0.00000000e+00  6.38750000e-09  1.80000000e+00 
 6.39250000e-09  1.80000000e+00  6.39250000e-09  0.00000000e+00  6.39250000e-09  1.80000000e+00 
 6.39750000e-09  1.80000000e+00  6.39750000e-09  0.00000000e+00  6.39750000e-09  1.80000000e+00 
 6.40250000e-09  1.80000000e+00  6.40250000e-09  0.00000000e+00  6.40250000e-09  1.80000000e+00 
 6.40750000e-09  1.80000000e+00  6.40750000e-09  0.00000000e+00  6.40750000e-09  1.80000000e+00 
 6.41250000e-09  1.80000000e+00  6.41250000e-09  0.00000000e+00  6.41250000e-09  1.80000000e+00 
 6.41750000e-09  1.80000000e+00  6.41750000e-09  0.00000000e+00  6.41750000e-09  1.80000000e+00 
 6.42250000e-09  1.80000000e+00  6.42250000e-09  0.00000000e+00  6.42250000e-09  1.80000000e+00 
 6.42750000e-09  1.80000000e+00  6.42750000e-09  0.00000000e+00  6.42750000e-09  1.80000000e+00 
 6.43250000e-09  1.80000000e+00  6.43250000e-09  0.00000000e+00  6.43250000e-09  1.80000000e+00 
 6.43750000e-09  1.80000000e+00  6.43750000e-09  0.00000000e+00  6.43750000e-09  1.80000000e+00 
 6.44250000e-09  1.80000000e+00  6.44250000e-09  0.00000000e+00  6.44250000e-09  1.80000000e+00 
 6.44750000e-09  1.80000000e+00  6.44750000e-09  0.00000000e+00  6.44750000e-09  1.80000000e+00 
 6.45250000e-09  1.80000000e+00  6.45250000e-09  0.00000000e+00  6.45250000e-09  1.80000000e+00 
 6.45750000e-09  1.80000000e+00  6.45750000e-09  0.00000000e+00  6.45750000e-09  1.80000000e+00 
 6.46250000e-09  1.80000000e+00  6.46250000e-09  0.00000000e+00  6.46250000e-09  1.80000000e+00 
 6.46750000e-09  1.80000000e+00  6.46750000e-09  0.00000000e+00  6.46750000e-09  1.80000000e+00 
 6.47250000e-09  1.80000000e+00  6.47250000e-09  0.00000000e+00  6.47250000e-09  1.80000000e+00 
 6.47750000e-09  1.80000000e+00  6.47750000e-09  0.00000000e+00  6.47750000e-09  1.80000000e+00 
 6.48250000e-09  1.80000000e+00  6.48250000e-09  0.00000000e+00  6.48250000e-09  1.80000000e+00 
 6.48750000e-09  1.80000000e+00  6.48750000e-09  0.00000000e+00  6.48750000e-09  1.80000000e+00 
 6.49250000e-09  1.80000000e+00  6.49250000e-09  0.00000000e+00  6.49250000e-09  1.80000000e+00 
 6.49750000e-09  1.80000000e+00  6.49750000e-09  0.00000000e+00  6.49750000e-09  1.80000000e+00 
 6.50250000e-09  1.80000000e+00  6.50250000e-09  0.00000000e+00  6.50250000e-09  1.80000000e+00 
 6.50750000e-09  1.80000000e+00  6.50750000e-09  0.00000000e+00  6.50750000e-09  1.80000000e+00 
 6.51250000e-09  1.80000000e+00  6.51250000e-09  0.00000000e+00  6.51250000e-09  1.80000000e+00 
 6.51750000e-09  1.80000000e+00  6.51750000e-09  0.00000000e+00  6.51750000e-09  1.80000000e+00 
 6.52250000e-09  1.80000000e+00  6.52250000e-09  0.00000000e+00  6.52250000e-09  1.80000000e+00 
 6.52750000e-09  1.80000000e+00  6.52750000e-09  0.00000000e+00  6.52750000e-09  1.80000000e+00 
 6.53250000e-09  1.80000000e+00  6.53250000e-09  0.00000000e+00  6.53250000e-09  1.80000000e+00 
 6.53750000e-09  1.80000000e+00  6.53750000e-09  0.00000000e+00  6.53750000e-09  1.80000000e+00 
 6.54250000e-09  1.80000000e+00  6.54250000e-09  0.00000000e+00  6.54250000e-09  1.80000000e+00 
 6.54750000e-09  1.80000000e+00  6.54750000e-09  0.00000000e+00  6.54750000e-09  1.80000000e+00 
 6.55250000e-09  1.80000000e+00  6.55250000e-09  0.00000000e+00  6.55250000e-09  1.80000000e+00 
 6.55750000e-09  1.80000000e+00  6.55750000e-09  0.00000000e+00  6.55750000e-09  1.80000000e+00 
 6.56250000e-09  1.80000000e+00  6.56250000e-09  0.00000000e+00  6.56250000e-09  1.80000000e+00 
 6.56750000e-09  1.80000000e+00  6.56750000e-09  0.00000000e+00  6.56750000e-09  1.80000000e+00 
 6.57250000e-09  1.80000000e+00  6.57250000e-09  0.00000000e+00  6.57250000e-09  1.80000000e+00 
 6.57750000e-09  1.80000000e+00  6.57750000e-09  0.00000000e+00  6.57750000e-09  1.80000000e+00 
 6.58250000e-09  1.80000000e+00  6.58250000e-09  0.00000000e+00  6.58250000e-09  1.80000000e+00 
 6.58750000e-09  1.80000000e+00  6.58750000e-09  0.00000000e+00  6.58750000e-09  1.80000000e+00 
 6.59250000e-09  1.80000000e+00  6.59250000e-09  0.00000000e+00  6.59250000e-09  1.80000000e+00 
 6.59750000e-09  1.80000000e+00  6.59750000e-09  0.00000000e+00  6.59750000e-09  1.80000000e+00 
 6.60250000e-09  1.80000000e+00  6.60250000e-09  0.00000000e+00  6.60250000e-09  1.80000000e+00 
 6.60750000e-09  1.80000000e+00  6.60750000e-09  0.00000000e+00  6.60750000e-09  1.80000000e+00 
 6.61250000e-09  1.80000000e+00  6.61250000e-09  0.00000000e+00  6.61250000e-09  1.80000000e+00 
 6.61750000e-09  1.80000000e+00  6.61750000e-09  0.00000000e+00  6.61750000e-09  1.80000000e+00 
 6.62250000e-09  1.80000000e+00  6.62250000e-09  0.00000000e+00  6.62250000e-09  1.80000000e+00 
 6.62750000e-09  1.80000000e+00  6.62750000e-09  0.00000000e+00  6.62750000e-09  1.80000000e+00 
 6.63250000e-09  1.80000000e+00  6.63250000e-09  0.00000000e+00  6.63250000e-09  1.80000000e+00 
 6.63750000e-09  1.80000000e+00  6.63750000e-09  0.00000000e+00  6.63750000e-09  1.80000000e+00 
 6.64250000e-09  1.80000000e+00  6.64250000e-09  0.00000000e+00  6.64250000e-09  1.80000000e+00 
 6.64750000e-09  1.80000000e+00  6.64750000e-09  0.00000000e+00  6.64750000e-09  1.80000000e+00 
 6.65250000e-09  1.80000000e+00  6.65250000e-09  0.00000000e+00  6.65250000e-09  1.80000000e+00 
 6.65750000e-09  1.80000000e+00  6.65750000e-09  0.00000000e+00  6.65750000e-09  1.80000000e+00 
 6.66250000e-09  1.80000000e+00  6.66250000e-09  0.00000000e+00  6.66250000e-09  1.80000000e+00 
 6.66750000e-09  1.80000000e+00  6.66750000e-09  0.00000000e+00  6.66750000e-09  1.80000000e+00 
 6.67250000e-09  1.80000000e+00  6.67250000e-09  0.00000000e+00  6.67250000e-09  1.80000000e+00 
 6.67750000e-09  1.80000000e+00  6.67750000e-09  0.00000000e+00  6.67750000e-09  1.80000000e+00 
 6.68250000e-09  1.80000000e+00  6.68250000e-09  0.00000000e+00  6.68250000e-09  1.80000000e+00 
 6.68750000e-09  1.80000000e+00  6.68750000e-09  0.00000000e+00  6.68750000e-09  1.80000000e+00 
 6.69250000e-09  1.80000000e+00  6.69250000e-09  0.00000000e+00  6.69250000e-09  1.80000000e+00 
 6.69750000e-09  1.80000000e+00  6.69750000e-09  0.00000000e+00  6.69750000e-09  1.80000000e+00 
 6.70250000e-09  1.80000000e+00  6.70250000e-09  0.00000000e+00  6.70250000e-09  1.80000000e+00 
 6.70750000e-09  1.80000000e+00  6.70750000e-09  0.00000000e+00  6.70750000e-09  1.80000000e+00 
 6.71250000e-09  1.80000000e+00  6.71250000e-09  0.00000000e+00  6.71250000e-09  1.80000000e+00 
 6.71750000e-09  1.80000000e+00  6.71750000e-09  0.00000000e+00  6.71750000e-09  1.80000000e+00 
 6.72250000e-09  1.80000000e+00  6.72250000e-09  0.00000000e+00  6.72250000e-09  1.80000000e+00 
 6.72750000e-09  1.80000000e+00  6.72750000e-09  0.00000000e+00  6.72750000e-09  1.80000000e+00 
 6.73250000e-09  1.80000000e+00  6.73250000e-09  0.00000000e+00  6.73250000e-09  1.80000000e+00 
 6.73750000e-09  1.80000000e+00  6.73750000e-09  0.00000000e+00  6.73750000e-09  1.80000000e+00 
 6.74250000e-09  1.80000000e+00  6.74250000e-09  0.00000000e+00  6.74250000e-09  1.80000000e+00 
 6.74750000e-09  1.80000000e+00  6.74750000e-09  0.00000000e+00  6.74750000e-09  1.80000000e+00 
 6.75250000e-09  1.80000000e+00  6.75250000e-09  0.00000000e+00  6.75250000e-09  1.80000000e+00 
 6.75750000e-09  1.80000000e+00  6.75750000e-09  0.00000000e+00  6.75750000e-09  1.80000000e+00 
 6.76250000e-09  1.80000000e+00  6.76250000e-09  0.00000000e+00  6.76250000e-09  1.80000000e+00 
 6.76750000e-09  1.80000000e+00  6.76750000e-09  0.00000000e+00  6.76750000e-09  1.80000000e+00 
 6.77250000e-09  1.80000000e+00  6.77250000e-09  0.00000000e+00  6.77250000e-09  1.80000000e+00 
 6.77750000e-09  1.80000000e+00  6.77750000e-09  0.00000000e+00  6.77750000e-09  1.80000000e+00 
 6.78250000e-09  1.80000000e+00  6.78250000e-09  0.00000000e+00  6.78250000e-09  1.80000000e+00 
 6.78750000e-09  1.80000000e+00  6.78750000e-09  0.00000000e+00  6.78750000e-09  1.80000000e+00 
 6.79250000e-09  1.80000000e+00  6.79250000e-09  0.00000000e+00  6.79250000e-09  1.80000000e+00 
 6.79750000e-09  1.80000000e+00  6.79750000e-09  0.00000000e+00  6.79750000e-09  1.80000000e+00 
 6.80250000e-09  1.80000000e+00  6.80250000e-09  0.00000000e+00  6.80250000e-09  1.80000000e+00 
 6.80750000e-09  1.80000000e+00  6.80750000e-09  0.00000000e+00  6.80750000e-09  1.80000000e+00 
 6.81250000e-09  1.80000000e+00  6.81250000e-09  0.00000000e+00  6.81250000e-09  1.80000000e+00 
 6.81750000e-09  1.80000000e+00  6.81750000e-09  0.00000000e+00  6.81750000e-09  1.80000000e+00 
 6.82250000e-09  1.80000000e+00  6.82250000e-09  0.00000000e+00  6.82250000e-09  1.80000000e+00 
 6.82750000e-09  1.80000000e+00  6.82750000e-09  0.00000000e+00  6.82750000e-09  1.80000000e+00 
 6.83250000e-09  1.80000000e+00  6.83250000e-09  0.00000000e+00  6.83250000e-09  1.80000000e+00 
 6.83750000e-09  1.80000000e+00  6.83750000e-09  0.00000000e+00  6.83750000e-09  1.80000000e+00 
 6.84250000e-09  1.80000000e+00  6.84250000e-09  0.00000000e+00  6.84250000e-09  1.80000000e+00 
 6.84750000e-09  1.80000000e+00  6.84750000e-09  0.00000000e+00  6.84750000e-09  1.80000000e+00 
 6.85250000e-09  1.80000000e+00  6.85250000e-09  0.00000000e+00  6.85250000e-09  1.80000000e+00 
 6.85750000e-09  1.80000000e+00  6.85750000e-09  0.00000000e+00  6.85750000e-09  1.80000000e+00 
 6.86250000e-09  1.80000000e+00  6.86250000e-09  0.00000000e+00  6.86250000e-09  1.80000000e+00 
 6.86750000e-09  1.80000000e+00  6.86750000e-09  0.00000000e+00  6.86750000e-09  1.80000000e+00 
 6.87250000e-09  1.80000000e+00  6.87250000e-09  0.00000000e+00  6.87250000e-09  1.80000000e+00 
 6.87750000e-09  1.80000000e+00  6.87750000e-09  0.00000000e+00  6.87750000e-09  1.80000000e+00 
 6.88250000e-09  1.80000000e+00  6.88250000e-09  0.00000000e+00  6.88250000e-09  1.80000000e+00 
 6.88750000e-09  1.80000000e+00  6.88750000e-09  0.00000000e+00  6.88750000e-09  1.80000000e+00 
 6.89250000e-09  1.80000000e+00  6.89250000e-09  0.00000000e+00  6.89250000e-09  1.80000000e+00 
 6.89750000e-09  1.80000000e+00  6.89750000e-09  0.00000000e+00  6.89750000e-09  1.80000000e+00 
 6.90250000e-09  1.80000000e+00  6.90250000e-09  0.00000000e+00  6.90250000e-09  1.80000000e+00 
 6.90750000e-09  1.80000000e+00  6.90750000e-09  0.00000000e+00  6.90750000e-09  1.80000000e+00 
 6.91250000e-09  1.80000000e+00  6.91250000e-09  0.00000000e+00  6.91250000e-09  1.80000000e+00 
 6.91750000e-09  1.80000000e+00  6.91750000e-09  0.00000000e+00  6.91750000e-09  1.80000000e+00 
 6.92250000e-09  1.80000000e+00  6.92250000e-09  0.00000000e+00  6.92250000e-09  1.80000000e+00 
 6.92750000e-09  1.80000000e+00  6.92750000e-09  0.00000000e+00  6.92750000e-09  1.80000000e+00 
 6.93250000e-09  1.80000000e+00  6.93250000e-09  0.00000000e+00  6.93250000e-09  1.80000000e+00 
 6.93750000e-09  1.80000000e+00  6.93750000e-09  0.00000000e+00  6.93750000e-09  1.80000000e+00 
 6.94250000e-09  1.80000000e+00  6.94250000e-09  0.00000000e+00  6.94250000e-09  1.80000000e+00 
 6.94750000e-09  1.80000000e+00  6.94750000e-09  0.00000000e+00  6.94750000e-09  1.80000000e+00 
 6.95250000e-09  1.80000000e+00  6.95250000e-09  0.00000000e+00  6.95250000e-09  1.80000000e+00 
 6.95750000e-09  1.80000000e+00  6.95750000e-09  0.00000000e+00  6.95750000e-09  1.80000000e+00 
 6.96250000e-09  1.80000000e+00  6.96250000e-09  0.00000000e+00  6.96250000e-09  1.80000000e+00 
 6.96750000e-09  1.80000000e+00  6.96750000e-09  0.00000000e+00  6.96750000e-09  1.80000000e+00 
 6.97250000e-09  1.80000000e+00  6.97250000e-09  0.00000000e+00  6.97250000e-09  1.80000000e+00 
 6.97750000e-09  1.80000000e+00  6.97750000e-09  0.00000000e+00  6.97750000e-09  1.80000000e+00 
 6.98250000e-09  1.80000000e+00  6.98250000e-09  0.00000000e+00  6.98250000e-09  1.80000000e+00 
 6.98750000e-09  1.80000000e+00  6.98750000e-09  0.00000000e+00  6.98750000e-09  1.80000000e+00 
 6.99250000e-09  1.80000000e+00  6.99250000e-09  0.00000000e+00  6.99250000e-09  1.80000000e+00 
 6.99750000e-09  1.80000000e+00  6.99750000e-09  0.00000000e+00  6.99750000e-09  1.80000000e+00 
 7.00250000e-09  1.80000000e+00  7.00250000e-09  0.00000000e+00  7.00250000e-09  1.80000000e+00 
 7.00750000e-09  1.80000000e+00  7.00750000e-09  0.00000000e+00  7.00750000e-09  1.80000000e+00 
 7.01250000e-09  1.80000000e+00  7.01250000e-09  0.00000000e+00  7.01250000e-09  1.80000000e+00 
 7.01750000e-09  1.80000000e+00  7.01750000e-09  0.00000000e+00  7.01750000e-09  1.80000000e+00 
 7.02250000e-09  1.80000000e+00  7.02250000e-09  0.00000000e+00  7.02250000e-09  1.80000000e+00 
 7.02750000e-09  1.80000000e+00  7.02750000e-09  0.00000000e+00  7.02750000e-09  1.80000000e+00 
 7.03250000e-09  1.80000000e+00  7.03250000e-09  0.00000000e+00  7.03250000e-09  1.80000000e+00 
 7.03750000e-09  1.80000000e+00  7.03750000e-09  0.00000000e+00  7.03750000e-09  1.80000000e+00 
 7.04250000e-09  1.80000000e+00  7.04250000e-09  0.00000000e+00  7.04250000e-09  1.80000000e+00 
 7.04750000e-09  1.80000000e+00  7.04750000e-09  0.00000000e+00  7.04750000e-09  1.80000000e+00 
 7.05250000e-09  1.80000000e+00  7.05250000e-09  0.00000000e+00  7.05250000e-09  1.80000000e+00 
 7.05750000e-09  1.80000000e+00  7.05750000e-09  0.00000000e+00  7.05750000e-09  1.80000000e+00 
 7.06250000e-09  1.80000000e+00  7.06250000e-09  0.00000000e+00  7.06250000e-09  1.80000000e+00 
 7.06750000e-09  1.80000000e+00  7.06750000e-09  0.00000000e+00  7.06750000e-09  1.80000000e+00 
 7.07250000e-09  1.80000000e+00  7.07250000e-09  0.00000000e+00  7.07250000e-09  1.80000000e+00 
 7.07750000e-09  1.80000000e+00  7.07750000e-09  0.00000000e+00  7.07750000e-09  1.80000000e+00 
 7.08250000e-09  1.80000000e+00  7.08250000e-09  0.00000000e+00  7.08250000e-09  1.80000000e+00 
 7.08750000e-09  1.80000000e+00  7.08750000e-09  0.00000000e+00  7.08750000e-09  1.80000000e+00 
 7.09250000e-09  1.80000000e+00  7.09250000e-09  0.00000000e+00  7.09250000e-09  1.80000000e+00 
 7.09750000e-09  1.80000000e+00  7.09750000e-09  0.00000000e+00  7.09750000e-09  1.80000000e+00 
 7.10250000e-09  1.80000000e+00  7.10250000e-09  0.00000000e+00  7.10250000e-09  1.80000000e+00 
 7.10750000e-09  1.80000000e+00  7.10750000e-09  0.00000000e+00  7.10750000e-09  1.80000000e+00 
 7.11250000e-09  1.80000000e+00  7.11250000e-09  0.00000000e+00  7.11250000e-09  1.80000000e+00 
 7.11750000e-09  1.80000000e+00  7.11750000e-09  0.00000000e+00  7.11750000e-09  1.80000000e+00 
 7.12250000e-09  1.80000000e+00  7.12250000e-09  0.00000000e+00  7.12250000e-09  1.80000000e+00 
 7.12750000e-09  1.80000000e+00  7.12750000e-09  0.00000000e+00  7.12750000e-09  1.80000000e+00 
 7.13250000e-09  1.80000000e+00  7.13250000e-09  0.00000000e+00  7.13250000e-09  1.80000000e+00 
 7.13750000e-09  1.80000000e+00  7.13750000e-09  0.00000000e+00  7.13750000e-09  1.80000000e+00 
 7.14250000e-09  1.80000000e+00  7.14250000e-09  0.00000000e+00  7.14250000e-09  1.80000000e+00 
 7.14750000e-09  1.80000000e+00  7.14750000e-09  0.00000000e+00  7.14750000e-09  1.80000000e+00 
 7.15250000e-09  1.80000000e+00  7.15250000e-09  0.00000000e+00  7.15250000e-09  1.80000000e+00 
 7.15750000e-09  1.80000000e+00  7.15750000e-09  0.00000000e+00  7.15750000e-09  1.80000000e+00 
 7.16250000e-09  1.80000000e+00  7.16250000e-09  0.00000000e+00  7.16250000e-09  1.80000000e+00 
 7.16750000e-09  1.80000000e+00  7.16750000e-09  0.00000000e+00  7.16750000e-09  1.80000000e+00 
 7.17250000e-09  1.80000000e+00  7.17250000e-09  0.00000000e+00  7.17250000e-09  1.80000000e+00 
 7.17750000e-09  1.80000000e+00  7.17750000e-09  0.00000000e+00  7.17750000e-09  1.80000000e+00 
 7.18250000e-09  1.80000000e+00  7.18250000e-09  0.00000000e+00  7.18250000e-09  1.80000000e+00 
 7.18750000e-09  1.80000000e+00  7.18750000e-09  0.00000000e+00  7.18750000e-09  1.80000000e+00 
 7.19250000e-09  1.80000000e+00  7.19250000e-09  0.00000000e+00  7.19250000e-09  1.80000000e+00 
 7.19750000e-09  1.80000000e+00  7.19750000e-09  0.00000000e+00  7.19750000e-09  1.80000000e+00 
 7.20250000e-09  1.80000000e+00  7.20250000e-09  0.00000000e+00  7.20250000e-09  1.80000000e+00 
 7.20750000e-09  1.80000000e+00  7.20750000e-09  0.00000000e+00  7.20750000e-09  1.80000000e+00 
 7.21250000e-09  1.80000000e+00  7.21250000e-09  0.00000000e+00  7.21250000e-09  1.80000000e+00 
 7.21750000e-09  1.80000000e+00  7.21750000e-09  0.00000000e+00  7.21750000e-09  1.80000000e+00 
 7.22250000e-09  1.80000000e+00  7.22250000e-09  0.00000000e+00  7.22250000e-09  1.80000000e+00 
 7.22750000e-09  1.80000000e+00  7.22750000e-09  0.00000000e+00  7.22750000e-09  1.80000000e+00 
 7.23250000e-09  1.80000000e+00  7.23250000e-09  0.00000000e+00  7.23250000e-09  1.80000000e+00 
 7.23750000e-09  1.80000000e+00  7.23750000e-09  0.00000000e+00  7.23750000e-09  1.80000000e+00 
 7.24250000e-09  1.80000000e+00  7.24250000e-09  0.00000000e+00  7.24250000e-09  1.80000000e+00 
 7.24750000e-09  1.80000000e+00  7.24750000e-09  0.00000000e+00  7.24750000e-09  1.80000000e+00 
 7.25250000e-09  1.80000000e+00  7.25250000e-09  0.00000000e+00  7.25250000e-09  1.80000000e+00 
 7.25750000e-09  1.80000000e+00  7.25750000e-09  0.00000000e+00  7.25750000e-09  1.80000000e+00 
 7.26250000e-09  1.80000000e+00  7.26250000e-09  0.00000000e+00  7.26250000e-09  1.80000000e+00 
 7.26750000e-09  1.80000000e+00  7.26750000e-09  0.00000000e+00  7.26750000e-09  1.80000000e+00 
 7.27250000e-09  1.80000000e+00  7.27250000e-09  0.00000000e+00  7.27250000e-09  1.80000000e+00 
 7.27750000e-09  1.80000000e+00  7.27750000e-09  0.00000000e+00  7.27750000e-09  1.80000000e+00 
 7.28250000e-09  1.80000000e+00  7.28250000e-09  0.00000000e+00  7.28250000e-09  1.80000000e+00 
 7.28750000e-09  1.80000000e+00  7.28750000e-09  0.00000000e+00  7.28750000e-09  1.80000000e+00 
 7.29250000e-09  1.80000000e+00  7.29250000e-09  0.00000000e+00  7.29250000e-09  1.80000000e+00 
 7.29750000e-09  1.80000000e+00  7.29750000e-09  0.00000000e+00  7.29750000e-09  1.80000000e+00 
 7.30250000e-09  1.80000000e+00  7.30250000e-09  0.00000000e+00  7.30250000e-09  1.80000000e+00 
 7.30750000e-09  1.80000000e+00  7.30750000e-09  0.00000000e+00  7.30750000e-09  1.80000000e+00 
 7.31250000e-09  1.80000000e+00  7.31250000e-09  0.00000000e+00  7.31250000e-09  1.80000000e+00 
 7.31750000e-09  1.80000000e+00  7.31750000e-09  0.00000000e+00  7.31750000e-09  1.80000000e+00 
 7.32250000e-09  1.80000000e+00  7.32250000e-09  0.00000000e+00  7.32250000e-09  1.80000000e+00 
 7.32750000e-09  1.80000000e+00  7.32750000e-09  0.00000000e+00  7.32750000e-09  1.80000000e+00 
 7.33250000e-09  1.80000000e+00  7.33250000e-09  0.00000000e+00  7.33250000e-09  1.80000000e+00 
 7.33750000e-09  1.80000000e+00  7.33750000e-09  0.00000000e+00  7.33750000e-09  1.80000000e+00 
 7.34250000e-09  1.80000000e+00  7.34250000e-09  0.00000000e+00  7.34250000e-09  1.80000000e+00 
 7.34750000e-09  1.80000000e+00  7.34750000e-09  0.00000000e+00  7.34750000e-09  1.80000000e+00 
 7.35250000e-09  1.80000000e+00  7.35250000e-09  0.00000000e+00  7.35250000e-09  1.80000000e+00 
 7.35750000e-09  1.80000000e+00  7.35750000e-09  0.00000000e+00  7.35750000e-09  1.80000000e+00 
 7.36250000e-09  1.80000000e+00  7.36250000e-09  0.00000000e+00  7.36250000e-09  1.80000000e+00 
 7.36750000e-09  1.80000000e+00  7.36750000e-09  0.00000000e+00  7.36750000e-09  1.80000000e+00 
 7.37250000e-09  1.80000000e+00  7.37250000e-09  0.00000000e+00  7.37250000e-09  1.80000000e+00 
 7.37750000e-09  1.80000000e+00  7.37750000e-09  0.00000000e+00  7.37750000e-09  1.80000000e+00 
 7.38250000e-09  1.80000000e+00  7.38250000e-09  0.00000000e+00  7.38250000e-09  1.80000000e+00 
 7.38750000e-09  1.80000000e+00  7.38750000e-09  0.00000000e+00  7.38750000e-09  1.80000000e+00 
 7.39250000e-09  1.80000000e+00  7.39250000e-09  0.00000000e+00  7.39250000e-09  1.80000000e+00 
 7.39750000e-09  1.80000000e+00  7.39750000e-09  0.00000000e+00  7.39750000e-09  1.80000000e+00 
 7.40250000e-09  1.80000000e+00  7.40250000e-09  0.00000000e+00  7.40250000e-09  1.80000000e+00 
 7.40750000e-09  1.80000000e+00  7.40750000e-09  0.00000000e+00  7.40750000e-09  1.80000000e+00 
 7.41250000e-09  1.80000000e+00  7.41250000e-09  0.00000000e+00  7.41250000e-09  1.80000000e+00 
 7.41750000e-09  1.80000000e+00  7.41750000e-09  0.00000000e+00  7.41750000e-09  1.80000000e+00 
 7.42250000e-09  1.80000000e+00  7.42250000e-09  0.00000000e+00  7.42250000e-09  1.80000000e+00 
 7.42750000e-09  1.80000000e+00  7.42750000e-09  0.00000000e+00  7.42750000e-09  1.80000000e+00 
 7.43250000e-09  1.80000000e+00  7.43250000e-09  0.00000000e+00  7.43250000e-09  1.80000000e+00 
 7.43750000e-09  1.80000000e+00  7.43750000e-09  0.00000000e+00  7.43750000e-09  1.80000000e+00 
 7.44250000e-09  1.80000000e+00  7.44250000e-09  0.00000000e+00  7.44250000e-09  1.80000000e+00 
 7.44750000e-09  1.80000000e+00  7.44750000e-09  0.00000000e+00  7.44750000e-09  1.80000000e+00 
 7.45250000e-09  1.80000000e+00  7.45250000e-09  0.00000000e+00  7.45250000e-09  1.80000000e+00 
 7.45750000e-09  1.80000000e+00  7.45750000e-09  0.00000000e+00  7.45750000e-09  1.80000000e+00 
 7.46250000e-09  1.80000000e+00  7.46250000e-09  0.00000000e+00  7.46250000e-09  1.80000000e+00 
 7.46750000e-09  1.80000000e+00  7.46750000e-09  0.00000000e+00  7.46750000e-09  1.80000000e+00 
 7.47250000e-09  1.80000000e+00  7.47250000e-09  0.00000000e+00  7.47250000e-09  1.80000000e+00 
 7.47750000e-09  1.80000000e+00  7.47750000e-09  0.00000000e+00  7.47750000e-09  1.80000000e+00 
 7.48250000e-09  1.80000000e+00  7.48250000e-09  0.00000000e+00  7.48250000e-09  1.80000000e+00 
 7.48750000e-09  1.80000000e+00  7.48750000e-09  0.00000000e+00  7.48750000e-09  1.80000000e+00 
 7.49250000e-09  1.80000000e+00  7.49250000e-09  0.00000000e+00  7.49250000e-09  1.80000000e+00 
 7.49750000e-09  1.80000000e+00  7.49750000e-09  0.00000000e+00  7.49750000e-09  1.80000000e+00 
 7.50250000e-09  1.80000000e+00  7.50250000e-09  0.00000000e+00  7.50250000e-09  1.80000000e+00 
 7.50750000e-09  1.80000000e+00  7.50750000e-09  0.00000000e+00  7.50750000e-09  1.80000000e+00 
 7.51250000e-09  1.80000000e+00  7.51250000e-09  0.00000000e+00  7.51250000e-09  1.80000000e+00 
 7.51750000e-09  1.80000000e+00  7.51750000e-09  0.00000000e+00  7.51750000e-09  1.80000000e+00 
 7.52250000e-09  1.80000000e+00  7.52250000e-09  0.00000000e+00  7.52250000e-09  1.80000000e+00 
 7.52750000e-09  1.80000000e+00  7.52750000e-09  0.00000000e+00  7.52750000e-09  1.80000000e+00 
 7.53250000e-09  1.80000000e+00  7.53250000e-09  0.00000000e+00  7.53250000e-09  1.80000000e+00 
 7.53750000e-09  1.80000000e+00  7.53750000e-09  0.00000000e+00  7.53750000e-09  1.80000000e+00 
 7.54250000e-09  1.80000000e+00  7.54250000e-09  0.00000000e+00  7.54250000e-09  1.80000000e+00 
 7.54750000e-09  1.80000000e+00  7.54750000e-09  0.00000000e+00  7.54750000e-09  1.80000000e+00 
 7.55250000e-09  1.80000000e+00  7.55250000e-09  0.00000000e+00  7.55250000e-09  1.80000000e+00 
 7.55750000e-09  1.80000000e+00  7.55750000e-09  0.00000000e+00  7.55750000e-09  1.80000000e+00 
 7.56250000e-09  1.80000000e+00  7.56250000e-09  0.00000000e+00  7.56250000e-09  1.80000000e+00 
 7.56750000e-09  1.80000000e+00  7.56750000e-09  0.00000000e+00  7.56750000e-09  1.80000000e+00 
 7.57250000e-09  1.80000000e+00  7.57250000e-09  0.00000000e+00  7.57250000e-09  1.80000000e+00 
 7.57750000e-09  1.80000000e+00  7.57750000e-09  0.00000000e+00  7.57750000e-09  1.80000000e+00 
 7.58250000e-09  1.80000000e+00  7.58250000e-09  0.00000000e+00  7.58250000e-09  1.80000000e+00 
 7.58750000e-09  1.80000000e+00  7.58750000e-09  0.00000000e+00  7.58750000e-09  1.80000000e+00 
 7.59250000e-09  1.80000000e+00  7.59250000e-09  0.00000000e+00  7.59250000e-09  1.80000000e+00 
 7.59750000e-09  1.80000000e+00  7.59750000e-09  0.00000000e+00  7.59750000e-09  1.80000000e+00 
 7.60250000e-09  1.80000000e+00  7.60250000e-09  0.00000000e+00  7.60250000e-09  1.80000000e+00 
 7.60750000e-09  1.80000000e+00  7.60750000e-09  0.00000000e+00  7.60750000e-09  1.80000000e+00 
 7.61250000e-09  1.80000000e+00  7.61250000e-09  0.00000000e+00  7.61250000e-09  1.80000000e+00 
 7.61750000e-09  1.80000000e+00  7.61750000e-09  0.00000000e+00  7.61750000e-09  1.80000000e+00 
 7.62250000e-09  1.80000000e+00  7.62250000e-09  0.00000000e+00  7.62250000e-09  1.80000000e+00 
 7.62750000e-09  1.80000000e+00  7.62750000e-09  0.00000000e+00  7.62750000e-09  1.80000000e+00 
 7.63250000e-09  1.80000000e+00  7.63250000e-09  0.00000000e+00  7.63250000e-09  1.80000000e+00 
 7.63750000e-09  1.80000000e+00  7.63750000e-09  0.00000000e+00  7.63750000e-09  1.80000000e+00 
 7.64250000e-09  1.80000000e+00  7.64250000e-09  0.00000000e+00  7.64250000e-09  1.80000000e+00 
 7.64750000e-09  1.80000000e+00  7.64750000e-09  0.00000000e+00  7.64750000e-09  1.80000000e+00 
 7.65250000e-09  1.80000000e+00  7.65250000e-09  0.00000000e+00  7.65250000e-09  1.80000000e+00 
 7.65750000e-09  1.80000000e+00  7.65750000e-09  0.00000000e+00  7.65750000e-09  1.80000000e+00 
 7.66250000e-09  1.80000000e+00  7.66250000e-09  0.00000000e+00  7.66250000e-09  1.80000000e+00 
 7.66750000e-09  1.80000000e+00  7.66750000e-09  0.00000000e+00  7.66750000e-09  1.80000000e+00 
 7.67250000e-09  1.80000000e+00  7.67250000e-09  0.00000000e+00  7.67250000e-09  1.80000000e+00 
 7.67750000e-09  1.80000000e+00  7.67750000e-09  0.00000000e+00  7.67750000e-09  1.80000000e+00 
 7.68250000e-09  1.80000000e+00  7.68250000e-09  0.00000000e+00  7.68250000e-09  1.80000000e+00 
 7.68750000e-09  1.80000000e+00  7.68750000e-09  0.00000000e+00  7.68750000e-09  1.80000000e+00 
 7.69250000e-09  1.80000000e+00  7.69250000e-09  0.00000000e+00  7.69250000e-09  1.80000000e+00 
 7.69750000e-09  1.80000000e+00  7.69750000e-09  0.00000000e+00  7.69750000e-09  1.80000000e+00 
 7.70250000e-09  1.80000000e+00  7.70250000e-09  0.00000000e+00  7.70250000e-09  1.80000000e+00 
 7.70750000e-09  1.80000000e+00  7.70750000e-09  0.00000000e+00  7.70750000e-09  1.80000000e+00 
 7.71250000e-09  1.80000000e+00  7.71250000e-09  0.00000000e+00  7.71250000e-09  1.80000000e+00 
 7.71750000e-09  1.80000000e+00  7.71750000e-09  0.00000000e+00  7.71750000e-09  1.80000000e+00 
 7.72250000e-09  1.80000000e+00  7.72250000e-09  0.00000000e+00  7.72250000e-09  1.80000000e+00 
 7.72750000e-09  1.80000000e+00  7.72750000e-09  0.00000000e+00  7.72750000e-09  1.80000000e+00 
 7.73250000e-09  1.80000000e+00  7.73250000e-09  0.00000000e+00  7.73250000e-09  1.80000000e+00 
 7.73750000e-09  1.80000000e+00  7.73750000e-09  0.00000000e+00  7.73750000e-09  1.80000000e+00 
 7.74250000e-09  1.80000000e+00  7.74250000e-09  0.00000000e+00  7.74250000e-09  1.80000000e+00 
 7.74750000e-09  1.80000000e+00  7.74750000e-09  0.00000000e+00  7.74750000e-09  1.80000000e+00 
 7.75250000e-09  1.80000000e+00  7.75250000e-09  0.00000000e+00  7.75250000e-09  1.80000000e+00 
 7.75750000e-09  1.80000000e+00  7.75750000e-09  0.00000000e+00  7.75750000e-09  1.80000000e+00 
 7.76250000e-09  1.80000000e+00  7.76250000e-09  0.00000000e+00  7.76250000e-09  1.80000000e+00 
 7.76750000e-09  1.80000000e+00  7.76750000e-09  0.00000000e+00  7.76750000e-09  1.80000000e+00 
 7.77250000e-09  1.80000000e+00  7.77250000e-09  0.00000000e+00  7.77250000e-09  1.80000000e+00 
 7.77750000e-09  1.80000000e+00  7.77750000e-09  0.00000000e+00  7.77750000e-09  1.80000000e+00 
 7.78250000e-09  1.80000000e+00  7.78250000e-09  0.00000000e+00  7.78250000e-09  1.80000000e+00 
 7.78750000e-09  1.80000000e+00  7.78750000e-09  0.00000000e+00  7.78750000e-09  1.80000000e+00 
 7.79250000e-09  1.80000000e+00  7.79250000e-09  0.00000000e+00  7.79250000e-09  1.80000000e+00 
 7.79750000e-09  1.80000000e+00  7.79750000e-09  0.00000000e+00  7.79750000e-09  1.80000000e+00 
 7.80250000e-09  1.80000000e+00  7.80250000e-09  0.00000000e+00  7.80250000e-09  1.80000000e+00 
 7.80750000e-09  1.80000000e+00  7.80750000e-09  0.00000000e+00  7.80750000e-09  1.80000000e+00 
 7.81250000e-09  1.80000000e+00  7.81250000e-09  0.00000000e+00  7.81250000e-09  1.80000000e+00 
 7.81750000e-09  1.80000000e+00  7.81750000e-09  0.00000000e+00  7.81750000e-09  1.80000000e+00 
 7.82250000e-09  1.80000000e+00  7.82250000e-09  0.00000000e+00  7.82250000e-09  1.80000000e+00 
 7.82750000e-09  1.80000000e+00  7.82750000e-09  0.00000000e+00  7.82750000e-09  1.80000000e+00 
 7.83250000e-09  1.80000000e+00  7.83250000e-09  0.00000000e+00  7.83250000e-09  1.80000000e+00 
 7.83750000e-09  1.80000000e+00  7.83750000e-09  0.00000000e+00  7.83750000e-09  1.80000000e+00 
 7.84250000e-09  1.80000000e+00  7.84250000e-09  0.00000000e+00  7.84250000e-09  1.80000000e+00 
 7.84750000e-09  1.80000000e+00  7.84750000e-09  0.00000000e+00  7.84750000e-09  1.80000000e+00 
 7.85250000e-09  1.80000000e+00  7.85250000e-09  0.00000000e+00  7.85250000e-09  1.80000000e+00 
 7.85750000e-09  1.80000000e+00  7.85750000e-09  0.00000000e+00  7.85750000e-09  1.80000000e+00 
 7.86250000e-09  1.80000000e+00  7.86250000e-09  0.00000000e+00  7.86250000e-09  1.80000000e+00 
 7.86750000e-09  1.80000000e+00  7.86750000e-09  0.00000000e+00  7.86750000e-09  1.80000000e+00 
 7.87250000e-09  1.80000000e+00  7.87250000e-09  0.00000000e+00  7.87250000e-09  1.80000000e+00 
 7.87750000e-09  1.80000000e+00  7.87750000e-09  0.00000000e+00  7.87750000e-09  1.80000000e+00 
 7.88250000e-09  1.80000000e+00  7.88250000e-09  0.00000000e+00  7.88250000e-09  1.80000000e+00 
 7.88750000e-09  1.80000000e+00  7.88750000e-09  0.00000000e+00  7.88750000e-09  1.80000000e+00 
 7.89250000e-09  1.80000000e+00  7.89250000e-09  0.00000000e+00  7.89250000e-09  1.80000000e+00 
 7.89750000e-09  1.80000000e+00  7.89750000e-09  0.00000000e+00  7.89750000e-09  1.80000000e+00 
 7.90250000e-09  1.80000000e+00  7.90250000e-09  0.00000000e+00  7.90250000e-09  1.80000000e+00 
 7.90750000e-09  1.80000000e+00  7.90750000e-09  0.00000000e+00  7.90750000e-09  1.80000000e+00 
 7.91250000e-09  1.80000000e+00  7.91250000e-09  0.00000000e+00  7.91250000e-09  1.80000000e+00 
 7.91750000e-09  1.80000000e+00  7.91750000e-09  0.00000000e+00  7.91750000e-09  1.80000000e+00 
 7.92250000e-09  1.80000000e+00  7.92250000e-09  0.00000000e+00  7.92250000e-09  1.80000000e+00 
 7.92750000e-09  1.80000000e+00  7.92750000e-09  0.00000000e+00  7.92750000e-09  1.80000000e+00 
 7.93250000e-09  1.80000000e+00  7.93250000e-09  0.00000000e+00  7.93250000e-09  1.80000000e+00 
 7.93750000e-09  1.80000000e+00  7.93750000e-09  0.00000000e+00  7.93750000e-09  1.80000000e+00 
 7.94250000e-09  1.80000000e+00  7.94250000e-09  0.00000000e+00  7.94250000e-09  1.80000000e+00 
 7.94750000e-09  1.80000000e+00  7.94750000e-09  0.00000000e+00  7.94750000e-09  1.80000000e+00 
 7.95250000e-09  1.80000000e+00  7.95250000e-09  0.00000000e+00  7.95250000e-09  1.80000000e+00 
 7.95750000e-09  1.80000000e+00  7.95750000e-09  0.00000000e+00  7.95750000e-09  1.80000000e+00 
 7.96250000e-09  1.80000000e+00  7.96250000e-09  0.00000000e+00  7.96250000e-09  1.80000000e+00 
 7.96750000e-09  1.80000000e+00  7.96750000e-09  0.00000000e+00  7.96750000e-09  1.80000000e+00 
 7.97250000e-09  1.80000000e+00  7.97250000e-09  0.00000000e+00  7.97250000e-09  1.80000000e+00 
 7.97750000e-09  1.80000000e+00  7.97750000e-09  0.00000000e+00  7.97750000e-09  1.80000000e+00 
 7.98250000e-09  1.80000000e+00  7.98250000e-09  0.00000000e+00  7.98250000e-09  1.80000000e+00 
 7.98750000e-09  1.80000000e+00  7.98750000e-09  0.00000000e+00  7.98750000e-09  1.80000000e+00 
 7.99250000e-09  1.80000000e+00  7.99250000e-09  0.00000000e+00  7.99250000e-09  1.80000000e+00 
 7.99750000e-09  1.80000000e+00  7.99750000e-09  0.00000000e+00  7.99750000e-09  1.80000000e+00 
 8.00000000e-09  1.80000000e+00  8.00000000e-09  0.00000000e+00  8.00000000e-09  1.80000000e+00 
 8.00050000e-09  1.78200000e+00  8.00050000e-09  0.00000000e+00  8.00050000e-09  1.80000000e+00 
 8.00150000e-09  1.74600000e+00  8.00150000e-09  0.00000000e+00  8.00150000e-09  1.80000000e+00 
 8.00350000e-09  1.67400000e+00  8.00350000e-09  0.00000000e+00  8.00350000e-09  1.80000000e+00 
 8.00750000e-09  1.53000000e+00  8.00750000e-09  0.00000000e+00  8.00750000e-09  1.80000000e+00 
 8.01250000e-09  1.35000000e+00  8.01250000e-09  0.00000000e+00  8.01250000e-09  1.80000000e+00 
 8.01750000e-09  1.17000000e+00  8.01750000e-09  0.00000000e+00  8.01750000e-09  1.80000000e+00 
 8.02250000e-09  9.90000000e-01  8.02250000e-09  0.00000000e+00  8.02250000e-09  1.80000000e+00 
 8.02750000e-09  8.10000000e-01  8.02750000e-09  0.00000000e+00  8.02750000e-09  1.80000000e+00 
 8.03250000e-09  6.30000000e-01  8.03250000e-09  0.00000000e+00  8.03250000e-09  1.80000000e+00 
 8.03750000e-09  4.50000000e-01  8.03750000e-09  0.00000000e+00  8.03750000e-09  1.80000000e+00 
 8.04250000e-09  2.70000000e-01  8.04250000e-09  0.00000000e+00  8.04250000e-09  1.80000000e+00 
 8.04750000e-09  9.00000000e-02  8.04750000e-09  0.00000000e+00  8.04750000e-09  1.80000000e+00 
 8.05000000e-09  0.00000000e+00  8.05000000e-09  0.00000000e+00  8.05000000e-09  1.80000000e+00 
 8.05050000e-09  0.00000000e+00  8.05050000e-09  0.00000000e+00  8.05050000e-09  1.80000000e+00 
 8.05150000e-09  0.00000000e+00  8.05150000e-09  0.00000000e+00  8.05150000e-09  1.80000000e+00 
 8.05350000e-09  0.00000000e+00  8.05350000e-09  0.00000000e+00  8.05350000e-09  1.80000000e+00 
 8.05750000e-09  0.00000000e+00  8.05750000e-09  0.00000000e+00  8.05750000e-09  1.80000000e+00 
 8.06250000e-09  0.00000000e+00  8.06250000e-09  0.00000000e+00  8.06250000e-09  1.80000000e+00 
 8.06750000e-09  0.00000000e+00  8.06750000e-09  0.00000000e+00  8.06750000e-09  1.80000000e+00 
 8.07250000e-09  0.00000000e+00  8.07250000e-09  0.00000000e+00  8.07250000e-09  1.80000000e+00 
 8.07750000e-09  0.00000000e+00  8.07750000e-09  0.00000000e+00  8.07750000e-09  1.80000000e+00 
 8.08250000e-09  0.00000000e+00  8.08250000e-09  0.00000000e+00  8.08250000e-09  1.80000000e+00 
 8.08750000e-09  0.00000000e+00  8.08750000e-09  0.00000000e+00  8.08750000e-09  1.80000000e+00 
 8.09250000e-09  0.00000000e+00  8.09250000e-09  0.00000000e+00  8.09250000e-09  1.80000000e+00 
 8.09750000e-09  0.00000000e+00  8.09750000e-09  0.00000000e+00  8.09750000e-09  1.80000000e+00 
 8.10250000e-09  0.00000000e+00  8.10250000e-09  0.00000000e+00  8.10250000e-09  1.80000000e+00 
 8.10750000e-09  0.00000000e+00  8.10750000e-09  0.00000000e+00  8.10750000e-09  1.80000000e+00 
 8.11250000e-09  0.00000000e+00  8.11250000e-09  0.00000000e+00  8.11250000e-09  1.80000000e+00 
 8.11750000e-09  0.00000000e+00  8.11750000e-09  0.00000000e+00  8.11750000e-09  1.80000000e+00 
 8.12250000e-09  0.00000000e+00  8.12250000e-09  0.00000000e+00  8.12250000e-09  1.80000000e+00 
 8.12750000e-09  0.00000000e+00  8.12750000e-09  0.00000000e+00  8.12750000e-09  1.80000000e+00 
 8.13250000e-09  0.00000000e+00  8.13250000e-09  0.00000000e+00  8.13250000e-09  1.80000000e+00 
 8.13750000e-09  0.00000000e+00  8.13750000e-09  0.00000000e+00  8.13750000e-09  1.80000000e+00 
 8.14250000e-09  0.00000000e+00  8.14250000e-09  0.00000000e+00  8.14250000e-09  1.80000000e+00 
 8.14750000e-09  0.00000000e+00  8.14750000e-09  0.00000000e+00  8.14750000e-09  1.80000000e+00 
 8.15250000e-09  0.00000000e+00  8.15250000e-09  0.00000000e+00  8.15250000e-09  1.80000000e+00 
 8.15750000e-09  0.00000000e+00  8.15750000e-09  0.00000000e+00  8.15750000e-09  1.80000000e+00 
 8.16250000e-09  0.00000000e+00  8.16250000e-09  0.00000000e+00  8.16250000e-09  1.80000000e+00 
 8.16750000e-09  0.00000000e+00  8.16750000e-09  0.00000000e+00  8.16750000e-09  1.80000000e+00 
 8.17250000e-09  0.00000000e+00  8.17250000e-09  0.00000000e+00  8.17250000e-09  1.80000000e+00 
 8.17750000e-09  0.00000000e+00  8.17750000e-09  0.00000000e+00  8.17750000e-09  1.80000000e+00 
 8.18250000e-09  0.00000000e+00  8.18250000e-09  0.00000000e+00  8.18250000e-09  1.80000000e+00 
 8.18750000e-09  0.00000000e+00  8.18750000e-09  0.00000000e+00  8.18750000e-09  1.80000000e+00 
 8.19250000e-09  0.00000000e+00  8.19250000e-09  0.00000000e+00  8.19250000e-09  1.80000000e+00 
 8.19750000e-09  0.00000000e+00  8.19750000e-09  0.00000000e+00  8.19750000e-09  1.80000000e+00 
 8.20250000e-09  0.00000000e+00  8.20250000e-09  0.00000000e+00  8.20250000e-09  1.80000000e+00 
 8.20750000e-09  0.00000000e+00  8.20750000e-09  0.00000000e+00  8.20750000e-09  1.80000000e+00 
 8.21250000e-09  0.00000000e+00  8.21250000e-09  0.00000000e+00  8.21250000e-09  1.80000000e+00 
 8.21750000e-09  0.00000000e+00  8.21750000e-09  0.00000000e+00  8.21750000e-09  1.80000000e+00 
 8.22250000e-09  0.00000000e+00  8.22250000e-09  0.00000000e+00  8.22250000e-09  1.80000000e+00 
 8.22750000e-09  0.00000000e+00  8.22750000e-09  0.00000000e+00  8.22750000e-09  1.80000000e+00 
 8.23250000e-09  0.00000000e+00  8.23250000e-09  0.00000000e+00  8.23250000e-09  1.80000000e+00 
 8.23750000e-09  0.00000000e+00  8.23750000e-09  0.00000000e+00  8.23750000e-09  1.80000000e+00 
 8.24250000e-09  0.00000000e+00  8.24250000e-09  0.00000000e+00  8.24250000e-09  1.80000000e+00 
 8.24750000e-09  0.00000000e+00  8.24750000e-09  0.00000000e+00  8.24750000e-09  1.80000000e+00 
 8.25250000e-09  0.00000000e+00  8.25250000e-09  0.00000000e+00  8.25250000e-09  1.80000000e+00 
 8.25750000e-09  0.00000000e+00  8.25750000e-09  0.00000000e+00  8.25750000e-09  1.80000000e+00 
 8.26250000e-09  0.00000000e+00  8.26250000e-09  0.00000000e+00  8.26250000e-09  1.80000000e+00 
 8.26750000e-09  0.00000000e+00  8.26750000e-09  0.00000000e+00  8.26750000e-09  1.80000000e+00 
 8.27250000e-09  0.00000000e+00  8.27250000e-09  0.00000000e+00  8.27250000e-09  1.80000000e+00 
 8.27750000e-09  0.00000000e+00  8.27750000e-09  0.00000000e+00  8.27750000e-09  1.80000000e+00 
 8.28250000e-09  0.00000000e+00  8.28250000e-09  0.00000000e+00  8.28250000e-09  1.80000000e+00 
 8.28750000e-09  0.00000000e+00  8.28750000e-09  0.00000000e+00  8.28750000e-09  1.80000000e+00 
 8.29250000e-09  0.00000000e+00  8.29250000e-09  0.00000000e+00  8.29250000e-09  1.80000000e+00 
 8.29750000e-09  0.00000000e+00  8.29750000e-09  0.00000000e+00  8.29750000e-09  1.80000000e+00 
 8.30250000e-09  0.00000000e+00  8.30250000e-09  0.00000000e+00  8.30250000e-09  1.80000000e+00 
 8.30750000e-09  0.00000000e+00  8.30750000e-09  0.00000000e+00  8.30750000e-09  1.80000000e+00 
 8.31250000e-09  0.00000000e+00  8.31250000e-09  0.00000000e+00  8.31250000e-09  1.80000000e+00 
 8.31750000e-09  0.00000000e+00  8.31750000e-09  0.00000000e+00  8.31750000e-09  1.80000000e+00 
 8.32250000e-09  0.00000000e+00  8.32250000e-09  0.00000000e+00  8.32250000e-09  1.80000000e+00 
 8.32750000e-09  0.00000000e+00  8.32750000e-09  0.00000000e+00  8.32750000e-09  1.80000000e+00 
 8.33250000e-09  0.00000000e+00  8.33250000e-09  0.00000000e+00  8.33250000e-09  1.80000000e+00 
 8.33750000e-09  0.00000000e+00  8.33750000e-09  0.00000000e+00  8.33750000e-09  1.80000000e+00 
 8.34250000e-09  0.00000000e+00  8.34250000e-09  0.00000000e+00  8.34250000e-09  1.80000000e+00 
 8.34750000e-09  0.00000000e+00  8.34750000e-09  0.00000000e+00  8.34750000e-09  1.80000000e+00 
 8.35250000e-09  0.00000000e+00  8.35250000e-09  0.00000000e+00  8.35250000e-09  1.80000000e+00 
 8.35750000e-09  0.00000000e+00  8.35750000e-09  0.00000000e+00  8.35750000e-09  1.80000000e+00 
 8.36250000e-09  0.00000000e+00  8.36250000e-09  0.00000000e+00  8.36250000e-09  1.80000000e+00 
 8.36750000e-09  0.00000000e+00  8.36750000e-09  0.00000000e+00  8.36750000e-09  1.80000000e+00 
 8.37250000e-09  0.00000000e+00  8.37250000e-09  0.00000000e+00  8.37250000e-09  1.80000000e+00 
 8.37750000e-09  0.00000000e+00  8.37750000e-09  0.00000000e+00  8.37750000e-09  1.80000000e+00 
 8.38250000e-09  0.00000000e+00  8.38250000e-09  0.00000000e+00  8.38250000e-09  1.80000000e+00 
 8.38750000e-09  0.00000000e+00  8.38750000e-09  0.00000000e+00  8.38750000e-09  1.80000000e+00 
 8.39250000e-09  0.00000000e+00  8.39250000e-09  0.00000000e+00  8.39250000e-09  1.80000000e+00 
 8.39750000e-09  0.00000000e+00  8.39750000e-09  0.00000000e+00  8.39750000e-09  1.80000000e+00 
 8.40250000e-09  0.00000000e+00  8.40250000e-09  0.00000000e+00  8.40250000e-09  1.80000000e+00 
 8.40750000e-09  0.00000000e+00  8.40750000e-09  0.00000000e+00  8.40750000e-09  1.80000000e+00 
 8.41250000e-09  0.00000000e+00  8.41250000e-09  0.00000000e+00  8.41250000e-09  1.80000000e+00 
 8.41750000e-09  0.00000000e+00  8.41750000e-09  0.00000000e+00  8.41750000e-09  1.80000000e+00 
 8.42250000e-09  0.00000000e+00  8.42250000e-09  0.00000000e+00  8.42250000e-09  1.80000000e+00 
 8.42750000e-09  0.00000000e+00  8.42750000e-09  0.00000000e+00  8.42750000e-09  1.80000000e+00 
 8.43250000e-09  0.00000000e+00  8.43250000e-09  0.00000000e+00  8.43250000e-09  1.80000000e+00 
 8.43750000e-09  0.00000000e+00  8.43750000e-09  0.00000000e+00  8.43750000e-09  1.80000000e+00 
 8.44250000e-09  0.00000000e+00  8.44250000e-09  0.00000000e+00  8.44250000e-09  1.80000000e+00 
 8.44750000e-09  0.00000000e+00  8.44750000e-09  0.00000000e+00  8.44750000e-09  1.80000000e+00 
 8.45250000e-09  0.00000000e+00  8.45250000e-09  0.00000000e+00  8.45250000e-09  1.80000000e+00 
 8.45750000e-09  0.00000000e+00  8.45750000e-09  0.00000000e+00  8.45750000e-09  1.80000000e+00 
 8.46250000e-09  0.00000000e+00  8.46250000e-09  0.00000000e+00  8.46250000e-09  1.80000000e+00 
 8.46750000e-09  0.00000000e+00  8.46750000e-09  0.00000000e+00  8.46750000e-09  1.80000000e+00 
 8.47250000e-09  0.00000000e+00  8.47250000e-09  0.00000000e+00  8.47250000e-09  1.80000000e+00 
 8.47750000e-09  0.00000000e+00  8.47750000e-09  0.00000000e+00  8.47750000e-09  1.80000000e+00 
 8.48250000e-09  0.00000000e+00  8.48250000e-09  0.00000000e+00  8.48250000e-09  1.80000000e+00 
 8.48750000e-09  0.00000000e+00  8.48750000e-09  0.00000000e+00  8.48750000e-09  1.80000000e+00 
 8.49250000e-09  0.00000000e+00  8.49250000e-09  0.00000000e+00  8.49250000e-09  1.80000000e+00 
 8.49750000e-09  0.00000000e+00  8.49750000e-09  0.00000000e+00  8.49750000e-09  1.80000000e+00 
 8.50250000e-09  0.00000000e+00  8.50250000e-09  0.00000000e+00  8.50250000e-09  1.80000000e+00 
 8.50750000e-09  0.00000000e+00  8.50750000e-09  0.00000000e+00  8.50750000e-09  1.80000000e+00 
 8.51250000e-09  0.00000000e+00  8.51250000e-09  0.00000000e+00  8.51250000e-09  1.80000000e+00 
 8.51750000e-09  0.00000000e+00  8.51750000e-09  0.00000000e+00  8.51750000e-09  1.80000000e+00 
 8.52250000e-09  0.00000000e+00  8.52250000e-09  0.00000000e+00  8.52250000e-09  1.80000000e+00 
 8.52750000e-09  0.00000000e+00  8.52750000e-09  0.00000000e+00  8.52750000e-09  1.80000000e+00 
 8.53250000e-09  0.00000000e+00  8.53250000e-09  0.00000000e+00  8.53250000e-09  1.80000000e+00 
 8.53750000e-09  0.00000000e+00  8.53750000e-09  0.00000000e+00  8.53750000e-09  1.80000000e+00 
 8.54250000e-09  0.00000000e+00  8.54250000e-09  0.00000000e+00  8.54250000e-09  1.80000000e+00 
 8.54750000e-09  0.00000000e+00  8.54750000e-09  0.00000000e+00  8.54750000e-09  1.80000000e+00 
 8.55250000e-09  0.00000000e+00  8.55250000e-09  0.00000000e+00  8.55250000e-09  1.80000000e+00 
 8.55750000e-09  0.00000000e+00  8.55750000e-09  0.00000000e+00  8.55750000e-09  1.80000000e+00 
 8.56250000e-09  0.00000000e+00  8.56250000e-09  0.00000000e+00  8.56250000e-09  1.80000000e+00 
 8.56750000e-09  0.00000000e+00  8.56750000e-09  0.00000000e+00  8.56750000e-09  1.80000000e+00 
 8.57250000e-09  0.00000000e+00  8.57250000e-09  0.00000000e+00  8.57250000e-09  1.80000000e+00 
 8.57750000e-09  0.00000000e+00  8.57750000e-09  0.00000000e+00  8.57750000e-09  1.80000000e+00 
 8.58250000e-09  0.00000000e+00  8.58250000e-09  0.00000000e+00  8.58250000e-09  1.80000000e+00 
 8.58750000e-09  0.00000000e+00  8.58750000e-09  0.00000000e+00  8.58750000e-09  1.80000000e+00 
 8.59250000e-09  0.00000000e+00  8.59250000e-09  0.00000000e+00  8.59250000e-09  1.80000000e+00 
 8.59750000e-09  0.00000000e+00  8.59750000e-09  0.00000000e+00  8.59750000e-09  1.80000000e+00 
 8.60250000e-09  0.00000000e+00  8.60250000e-09  0.00000000e+00  8.60250000e-09  1.80000000e+00 
 8.60750000e-09  0.00000000e+00  8.60750000e-09  0.00000000e+00  8.60750000e-09  1.80000000e+00 
 8.61250000e-09  0.00000000e+00  8.61250000e-09  0.00000000e+00  8.61250000e-09  1.80000000e+00 
 8.61750000e-09  0.00000000e+00  8.61750000e-09  0.00000000e+00  8.61750000e-09  1.80000000e+00 
 8.62250000e-09  0.00000000e+00  8.62250000e-09  0.00000000e+00  8.62250000e-09  1.80000000e+00 
 8.62750000e-09  0.00000000e+00  8.62750000e-09  0.00000000e+00  8.62750000e-09  1.80000000e+00 
 8.63250000e-09  0.00000000e+00  8.63250000e-09  0.00000000e+00  8.63250000e-09  1.80000000e+00 
 8.63750000e-09  0.00000000e+00  8.63750000e-09  0.00000000e+00  8.63750000e-09  1.80000000e+00 
 8.64250000e-09  0.00000000e+00  8.64250000e-09  0.00000000e+00  8.64250000e-09  1.80000000e+00 
 8.64750000e-09  0.00000000e+00  8.64750000e-09  0.00000000e+00  8.64750000e-09  1.80000000e+00 
 8.65250000e-09  0.00000000e+00  8.65250000e-09  0.00000000e+00  8.65250000e-09  1.80000000e+00 
 8.65750000e-09  0.00000000e+00  8.65750000e-09  0.00000000e+00  8.65750000e-09  1.80000000e+00 
 8.66250000e-09  0.00000000e+00  8.66250000e-09  0.00000000e+00  8.66250000e-09  1.80000000e+00 
 8.66750000e-09  0.00000000e+00  8.66750000e-09  0.00000000e+00  8.66750000e-09  1.80000000e+00 
 8.67250000e-09  0.00000000e+00  8.67250000e-09  0.00000000e+00  8.67250000e-09  1.80000000e+00 
 8.67750000e-09  0.00000000e+00  8.67750000e-09  0.00000000e+00  8.67750000e-09  1.80000000e+00 
 8.68250000e-09  0.00000000e+00  8.68250000e-09  0.00000000e+00  8.68250000e-09  1.80000000e+00 
 8.68750000e-09  0.00000000e+00  8.68750000e-09  0.00000000e+00  8.68750000e-09  1.80000000e+00 
 8.69250000e-09  0.00000000e+00  8.69250000e-09  0.00000000e+00  8.69250000e-09  1.80000000e+00 
 8.69750000e-09  0.00000000e+00  8.69750000e-09  0.00000000e+00  8.69750000e-09  1.80000000e+00 
 8.70250000e-09  0.00000000e+00  8.70250000e-09  0.00000000e+00  8.70250000e-09  1.80000000e+00 
 8.70750000e-09  0.00000000e+00  8.70750000e-09  0.00000000e+00  8.70750000e-09  1.80000000e+00 
 8.71250000e-09  0.00000000e+00  8.71250000e-09  0.00000000e+00  8.71250000e-09  1.80000000e+00 
 8.71750000e-09  0.00000000e+00  8.71750000e-09  0.00000000e+00  8.71750000e-09  1.80000000e+00 
 8.72250000e-09  0.00000000e+00  8.72250000e-09  0.00000000e+00  8.72250000e-09  1.80000000e+00 
 8.72750000e-09  0.00000000e+00  8.72750000e-09  0.00000000e+00  8.72750000e-09  1.80000000e+00 
 8.73250000e-09  0.00000000e+00  8.73250000e-09  0.00000000e+00  8.73250000e-09  1.80000000e+00 
 8.73750000e-09  0.00000000e+00  8.73750000e-09  0.00000000e+00  8.73750000e-09  1.80000000e+00 
 8.74250000e-09  0.00000000e+00  8.74250000e-09  0.00000000e+00  8.74250000e-09  1.80000000e+00 
 8.74750000e-09  0.00000000e+00  8.74750000e-09  0.00000000e+00  8.74750000e-09  1.80000000e+00 
 8.75250000e-09  0.00000000e+00  8.75250000e-09  0.00000000e+00  8.75250000e-09  1.80000000e+00 
 8.75750000e-09  0.00000000e+00  8.75750000e-09  0.00000000e+00  8.75750000e-09  1.80000000e+00 
 8.76250000e-09  0.00000000e+00  8.76250000e-09  0.00000000e+00  8.76250000e-09  1.80000000e+00 
 8.76750000e-09  0.00000000e+00  8.76750000e-09  0.00000000e+00  8.76750000e-09  1.80000000e+00 
 8.77250000e-09  0.00000000e+00  8.77250000e-09  0.00000000e+00  8.77250000e-09  1.80000000e+00 
 8.77750000e-09  0.00000000e+00  8.77750000e-09  0.00000000e+00  8.77750000e-09  1.80000000e+00 
 8.78250000e-09  0.00000000e+00  8.78250000e-09  0.00000000e+00  8.78250000e-09  1.80000000e+00 
 8.78750000e-09  0.00000000e+00  8.78750000e-09  0.00000000e+00  8.78750000e-09  1.80000000e+00 
 8.79250000e-09  0.00000000e+00  8.79250000e-09  0.00000000e+00  8.79250000e-09  1.80000000e+00 
 8.79750000e-09  0.00000000e+00  8.79750000e-09  0.00000000e+00  8.79750000e-09  1.80000000e+00 
 8.80250000e-09  0.00000000e+00  8.80250000e-09  0.00000000e+00  8.80250000e-09  1.80000000e+00 
 8.80750000e-09  0.00000000e+00  8.80750000e-09  0.00000000e+00  8.80750000e-09  1.80000000e+00 
 8.81250000e-09  0.00000000e+00  8.81250000e-09  0.00000000e+00  8.81250000e-09  1.80000000e+00 
 8.81750000e-09  0.00000000e+00  8.81750000e-09  0.00000000e+00  8.81750000e-09  1.80000000e+00 
 8.82250000e-09  0.00000000e+00  8.82250000e-09  0.00000000e+00  8.82250000e-09  1.80000000e+00 
 8.82750000e-09  0.00000000e+00  8.82750000e-09  0.00000000e+00  8.82750000e-09  1.80000000e+00 
 8.83250000e-09  0.00000000e+00  8.83250000e-09  0.00000000e+00  8.83250000e-09  1.80000000e+00 
 8.83750000e-09  0.00000000e+00  8.83750000e-09  0.00000000e+00  8.83750000e-09  1.80000000e+00 
 8.84250000e-09  0.00000000e+00  8.84250000e-09  0.00000000e+00  8.84250000e-09  1.80000000e+00 
 8.84750000e-09  0.00000000e+00  8.84750000e-09  0.00000000e+00  8.84750000e-09  1.80000000e+00 
 8.85250000e-09  0.00000000e+00  8.85250000e-09  0.00000000e+00  8.85250000e-09  1.80000000e+00 
 8.85750000e-09  0.00000000e+00  8.85750000e-09  0.00000000e+00  8.85750000e-09  1.80000000e+00 
 8.86250000e-09  0.00000000e+00  8.86250000e-09  0.00000000e+00  8.86250000e-09  1.80000000e+00 
 8.86750000e-09  0.00000000e+00  8.86750000e-09  0.00000000e+00  8.86750000e-09  1.80000000e+00 
 8.87250000e-09  0.00000000e+00  8.87250000e-09  0.00000000e+00  8.87250000e-09  1.80000000e+00 
 8.87750000e-09  0.00000000e+00  8.87750000e-09  0.00000000e+00  8.87750000e-09  1.80000000e+00 
 8.88250000e-09  0.00000000e+00  8.88250000e-09  0.00000000e+00  8.88250000e-09  1.80000000e+00 
 8.88750000e-09  0.00000000e+00  8.88750000e-09  0.00000000e+00  8.88750000e-09  1.80000000e+00 
 8.89250000e-09  0.00000000e+00  8.89250000e-09  0.00000000e+00  8.89250000e-09  1.80000000e+00 
 8.89750000e-09  0.00000000e+00  8.89750000e-09  0.00000000e+00  8.89750000e-09  1.80000000e+00 
 8.90250000e-09  0.00000000e+00  8.90250000e-09  0.00000000e+00  8.90250000e-09  1.80000000e+00 
 8.90750000e-09  0.00000000e+00  8.90750000e-09  0.00000000e+00  8.90750000e-09  1.80000000e+00 
 8.91250000e-09  0.00000000e+00  8.91250000e-09  0.00000000e+00  8.91250000e-09  1.80000000e+00 
 8.91750000e-09  0.00000000e+00  8.91750000e-09  0.00000000e+00  8.91750000e-09  1.80000000e+00 
 8.92250000e-09  0.00000000e+00  8.92250000e-09  0.00000000e+00  8.92250000e-09  1.80000000e+00 
 8.92750000e-09  0.00000000e+00  8.92750000e-09  0.00000000e+00  8.92750000e-09  1.80000000e+00 
 8.93250000e-09  0.00000000e+00  8.93250000e-09  0.00000000e+00  8.93250000e-09  1.80000000e+00 
 8.93750000e-09  0.00000000e+00  8.93750000e-09  0.00000000e+00  8.93750000e-09  1.80000000e+00 
 8.94250000e-09  0.00000000e+00  8.94250000e-09  0.00000000e+00  8.94250000e-09  1.80000000e+00 
 8.94750000e-09  0.00000000e+00  8.94750000e-09  0.00000000e+00  8.94750000e-09  1.80000000e+00 
 8.95250000e-09  0.00000000e+00  8.95250000e-09  0.00000000e+00  8.95250000e-09  1.80000000e+00 
 8.95750000e-09  0.00000000e+00  8.95750000e-09  0.00000000e+00  8.95750000e-09  1.80000000e+00 
 8.96250000e-09  0.00000000e+00  8.96250000e-09  0.00000000e+00  8.96250000e-09  1.80000000e+00 
 8.96750000e-09  0.00000000e+00  8.96750000e-09  0.00000000e+00  8.96750000e-09  1.80000000e+00 
 8.97250000e-09  0.00000000e+00  8.97250000e-09  0.00000000e+00  8.97250000e-09  1.80000000e+00 
 8.97750000e-09  0.00000000e+00  8.97750000e-09  0.00000000e+00  8.97750000e-09  1.80000000e+00 
 8.98250000e-09  0.00000000e+00  8.98250000e-09  0.00000000e+00  8.98250000e-09  1.80000000e+00 
 8.98750000e-09  0.00000000e+00  8.98750000e-09  0.00000000e+00  8.98750000e-09  1.80000000e+00 
 8.99250000e-09  0.00000000e+00  8.99250000e-09  0.00000000e+00  8.99250000e-09  1.80000000e+00 
 8.99750000e-09  0.00000000e+00  8.99750000e-09  0.00000000e+00  8.99750000e-09  1.80000000e+00 
 9.00250000e-09  0.00000000e+00  9.00250000e-09  0.00000000e+00  9.00250000e-09  1.80000000e+00 
 9.00750000e-09  0.00000000e+00  9.00750000e-09  0.00000000e+00  9.00750000e-09  1.80000000e+00 
 9.01250000e-09  0.00000000e+00  9.01250000e-09  0.00000000e+00  9.01250000e-09  1.80000000e+00 
 9.01750000e-09  0.00000000e+00  9.01750000e-09  0.00000000e+00  9.01750000e-09  1.80000000e+00 
 9.02250000e-09  0.00000000e+00  9.02250000e-09  0.00000000e+00  9.02250000e-09  1.80000000e+00 
 9.02750000e-09  0.00000000e+00  9.02750000e-09  0.00000000e+00  9.02750000e-09  1.80000000e+00 
 9.03250000e-09  0.00000000e+00  9.03250000e-09  0.00000000e+00  9.03250000e-09  1.80000000e+00 
 9.03750000e-09  0.00000000e+00  9.03750000e-09  0.00000000e+00  9.03750000e-09  1.80000000e+00 
 9.04250000e-09  0.00000000e+00  9.04250000e-09  0.00000000e+00  9.04250000e-09  1.80000000e+00 
 9.04750000e-09  0.00000000e+00  9.04750000e-09  0.00000000e+00  9.04750000e-09  1.80000000e+00 
 9.05250000e-09  0.00000000e+00  9.05250000e-09  0.00000000e+00  9.05250000e-09  1.80000000e+00 
 9.05750000e-09  0.00000000e+00  9.05750000e-09  0.00000000e+00  9.05750000e-09  1.80000000e+00 
 9.06250000e-09  0.00000000e+00  9.06250000e-09  0.00000000e+00  9.06250000e-09  1.80000000e+00 
 9.06750000e-09  0.00000000e+00  9.06750000e-09  0.00000000e+00  9.06750000e-09  1.80000000e+00 
 9.07250000e-09  0.00000000e+00  9.07250000e-09  0.00000000e+00  9.07250000e-09  1.80000000e+00 
 9.07750000e-09  0.00000000e+00  9.07750000e-09  0.00000000e+00  9.07750000e-09  1.80000000e+00 
 9.08250000e-09  0.00000000e+00  9.08250000e-09  0.00000000e+00  9.08250000e-09  1.80000000e+00 
 9.08750000e-09  0.00000000e+00  9.08750000e-09  0.00000000e+00  9.08750000e-09  1.80000000e+00 
 9.09250000e-09  0.00000000e+00  9.09250000e-09  0.00000000e+00  9.09250000e-09  1.80000000e+00 
 9.09750000e-09  0.00000000e+00  9.09750000e-09  0.00000000e+00  9.09750000e-09  1.80000000e+00 
 9.10250000e-09  0.00000000e+00  9.10250000e-09  0.00000000e+00  9.10250000e-09  1.80000000e+00 
 9.10750000e-09  0.00000000e+00  9.10750000e-09  0.00000000e+00  9.10750000e-09  1.80000000e+00 
 9.11250000e-09  0.00000000e+00  9.11250000e-09  0.00000000e+00  9.11250000e-09  1.80000000e+00 
 9.11750000e-09  0.00000000e+00  9.11750000e-09  0.00000000e+00  9.11750000e-09  1.80000000e+00 
 9.12250000e-09  0.00000000e+00  9.12250000e-09  0.00000000e+00  9.12250000e-09  1.80000000e+00 
 9.12750000e-09  0.00000000e+00  9.12750000e-09  0.00000000e+00  9.12750000e-09  1.80000000e+00 
 9.13250000e-09  0.00000000e+00  9.13250000e-09  0.00000000e+00  9.13250000e-09  1.80000000e+00 
 9.13750000e-09  0.00000000e+00  9.13750000e-09  0.00000000e+00  9.13750000e-09  1.80000000e+00 
 9.14250000e-09  0.00000000e+00  9.14250000e-09  0.00000000e+00  9.14250000e-09  1.80000000e+00 
 9.14750000e-09  0.00000000e+00  9.14750000e-09  0.00000000e+00  9.14750000e-09  1.80000000e+00 
 9.15250000e-09  0.00000000e+00  9.15250000e-09  0.00000000e+00  9.15250000e-09  1.80000000e+00 
 9.15750000e-09  0.00000000e+00  9.15750000e-09  0.00000000e+00  9.15750000e-09  1.80000000e+00 
 9.16250000e-09  0.00000000e+00  9.16250000e-09  0.00000000e+00  9.16250000e-09  1.80000000e+00 
 9.16750000e-09  0.00000000e+00  9.16750000e-09  0.00000000e+00  9.16750000e-09  1.80000000e+00 
 9.17250000e-09  0.00000000e+00  9.17250000e-09  0.00000000e+00  9.17250000e-09  1.80000000e+00 
 9.17750000e-09  0.00000000e+00  9.17750000e-09  0.00000000e+00  9.17750000e-09  1.80000000e+00 
 9.18250000e-09  0.00000000e+00  9.18250000e-09  0.00000000e+00  9.18250000e-09  1.80000000e+00 
 9.18750000e-09  0.00000000e+00  9.18750000e-09  0.00000000e+00  9.18750000e-09  1.80000000e+00 
 9.19250000e-09  0.00000000e+00  9.19250000e-09  0.00000000e+00  9.19250000e-09  1.80000000e+00 
 9.19750000e-09  0.00000000e+00  9.19750000e-09  0.00000000e+00  9.19750000e-09  1.80000000e+00 
 9.20250000e-09  0.00000000e+00  9.20250000e-09  0.00000000e+00  9.20250000e-09  1.80000000e+00 
 9.20750000e-09  0.00000000e+00  9.20750000e-09  0.00000000e+00  9.20750000e-09  1.80000000e+00 
 9.21250000e-09  0.00000000e+00  9.21250000e-09  0.00000000e+00  9.21250000e-09  1.80000000e+00 
 9.21750000e-09  0.00000000e+00  9.21750000e-09  0.00000000e+00  9.21750000e-09  1.80000000e+00 
 9.22250000e-09  0.00000000e+00  9.22250000e-09  0.00000000e+00  9.22250000e-09  1.80000000e+00 
 9.22750000e-09  0.00000000e+00  9.22750000e-09  0.00000000e+00  9.22750000e-09  1.80000000e+00 
 9.23250000e-09  0.00000000e+00  9.23250000e-09  0.00000000e+00  9.23250000e-09  1.80000000e+00 
 9.23750000e-09  0.00000000e+00  9.23750000e-09  0.00000000e+00  9.23750000e-09  1.80000000e+00 
 9.24250000e-09  0.00000000e+00  9.24250000e-09  0.00000000e+00  9.24250000e-09  1.80000000e+00 
 9.24750000e-09  0.00000000e+00  9.24750000e-09  0.00000000e+00  9.24750000e-09  1.80000000e+00 
 9.25250000e-09  0.00000000e+00  9.25250000e-09  0.00000000e+00  9.25250000e-09  1.80000000e+00 
 9.25750000e-09  0.00000000e+00  9.25750000e-09  0.00000000e+00  9.25750000e-09  1.80000000e+00 
 9.26250000e-09  0.00000000e+00  9.26250000e-09  0.00000000e+00  9.26250000e-09  1.80000000e+00 
 9.26750000e-09  0.00000000e+00  9.26750000e-09  0.00000000e+00  9.26750000e-09  1.80000000e+00 
 9.27250000e-09  0.00000000e+00  9.27250000e-09  0.00000000e+00  9.27250000e-09  1.80000000e+00 
 9.27750000e-09  0.00000000e+00  9.27750000e-09  0.00000000e+00  9.27750000e-09  1.80000000e+00 
 9.28250000e-09  0.00000000e+00  9.28250000e-09  0.00000000e+00  9.28250000e-09  1.80000000e+00 
 9.28750000e-09  0.00000000e+00  9.28750000e-09  0.00000000e+00  9.28750000e-09  1.80000000e+00 
 9.29250000e-09  0.00000000e+00  9.29250000e-09  0.00000000e+00  9.29250000e-09  1.80000000e+00 
 9.29750000e-09  0.00000000e+00  9.29750000e-09  0.00000000e+00  9.29750000e-09  1.80000000e+00 
 9.30250000e-09  0.00000000e+00  9.30250000e-09  0.00000000e+00  9.30250000e-09  1.80000000e+00 
 9.30750000e-09  0.00000000e+00  9.30750000e-09  0.00000000e+00  9.30750000e-09  1.80000000e+00 
 9.31250000e-09  0.00000000e+00  9.31250000e-09  0.00000000e+00  9.31250000e-09  1.80000000e+00 
 9.31750000e-09  0.00000000e+00  9.31750000e-09  0.00000000e+00  9.31750000e-09  1.80000000e+00 
 9.32250000e-09  0.00000000e+00  9.32250000e-09  0.00000000e+00  9.32250000e-09  1.80000000e+00 
 9.32750000e-09  0.00000000e+00  9.32750000e-09  0.00000000e+00  9.32750000e-09  1.80000000e+00 
 9.33250000e-09  0.00000000e+00  9.33250000e-09  0.00000000e+00  9.33250000e-09  1.80000000e+00 
 9.33750000e-09  0.00000000e+00  9.33750000e-09  0.00000000e+00  9.33750000e-09  1.80000000e+00 
 9.34250000e-09  0.00000000e+00  9.34250000e-09  0.00000000e+00  9.34250000e-09  1.80000000e+00 
 9.34750000e-09  0.00000000e+00  9.34750000e-09  0.00000000e+00  9.34750000e-09  1.80000000e+00 
 9.35250000e-09  0.00000000e+00  9.35250000e-09  0.00000000e+00  9.35250000e-09  1.80000000e+00 
 9.35750000e-09  0.00000000e+00  9.35750000e-09  0.00000000e+00  9.35750000e-09  1.80000000e+00 
 9.36250000e-09  0.00000000e+00  9.36250000e-09  0.00000000e+00  9.36250000e-09  1.80000000e+00 
 9.36750000e-09  0.00000000e+00  9.36750000e-09  0.00000000e+00  9.36750000e-09  1.80000000e+00 
 9.37250000e-09  0.00000000e+00  9.37250000e-09  0.00000000e+00  9.37250000e-09  1.80000000e+00 
 9.37750000e-09  0.00000000e+00  9.37750000e-09  0.00000000e+00  9.37750000e-09  1.80000000e+00 
 9.38250000e-09  0.00000000e+00  9.38250000e-09  0.00000000e+00  9.38250000e-09  1.80000000e+00 
 9.38750000e-09  0.00000000e+00  9.38750000e-09  0.00000000e+00  9.38750000e-09  1.80000000e+00 
 9.39250000e-09  0.00000000e+00  9.39250000e-09  0.00000000e+00  9.39250000e-09  1.80000000e+00 
 9.39750000e-09  0.00000000e+00  9.39750000e-09  0.00000000e+00  9.39750000e-09  1.80000000e+00 
 9.40250000e-09  0.00000000e+00  9.40250000e-09  0.00000000e+00  9.40250000e-09  1.80000000e+00 
 9.40750000e-09  0.00000000e+00  9.40750000e-09  0.00000000e+00  9.40750000e-09  1.80000000e+00 
 9.41250000e-09  0.00000000e+00  9.41250000e-09  0.00000000e+00  9.41250000e-09  1.80000000e+00 
 9.41750000e-09  0.00000000e+00  9.41750000e-09  0.00000000e+00  9.41750000e-09  1.80000000e+00 
 9.42250000e-09  0.00000000e+00  9.42250000e-09  0.00000000e+00  9.42250000e-09  1.80000000e+00 
 9.42750000e-09  0.00000000e+00  9.42750000e-09  0.00000000e+00  9.42750000e-09  1.80000000e+00 
 9.43250000e-09  0.00000000e+00  9.43250000e-09  0.00000000e+00  9.43250000e-09  1.80000000e+00 
 9.43750000e-09  0.00000000e+00  9.43750000e-09  0.00000000e+00  9.43750000e-09  1.80000000e+00 
 9.44250000e-09  0.00000000e+00  9.44250000e-09  0.00000000e+00  9.44250000e-09  1.80000000e+00 
 9.44750000e-09  0.00000000e+00  9.44750000e-09  0.00000000e+00  9.44750000e-09  1.80000000e+00 
 9.45250000e-09  0.00000000e+00  9.45250000e-09  0.00000000e+00  9.45250000e-09  1.80000000e+00 
 9.45750000e-09  0.00000000e+00  9.45750000e-09  0.00000000e+00  9.45750000e-09  1.80000000e+00 
 9.46250000e-09  0.00000000e+00  9.46250000e-09  0.00000000e+00  9.46250000e-09  1.80000000e+00 
 9.46750000e-09  0.00000000e+00  9.46750000e-09  0.00000000e+00  9.46750000e-09  1.80000000e+00 
 9.47250000e-09  0.00000000e+00  9.47250000e-09  0.00000000e+00  9.47250000e-09  1.80000000e+00 
 9.47750000e-09  0.00000000e+00  9.47750000e-09  0.00000000e+00  9.47750000e-09  1.80000000e+00 
 9.48250000e-09  0.00000000e+00  9.48250000e-09  0.00000000e+00  9.48250000e-09  1.80000000e+00 
 9.48750000e-09  0.00000000e+00  9.48750000e-09  0.00000000e+00  9.48750000e-09  1.80000000e+00 
 9.49250000e-09  0.00000000e+00  9.49250000e-09  0.00000000e+00  9.49250000e-09  1.80000000e+00 
 9.49750000e-09  0.00000000e+00  9.49750000e-09  0.00000000e+00  9.49750000e-09  1.80000000e+00 
 9.50250000e-09  0.00000000e+00  9.50250000e-09  0.00000000e+00  9.50250000e-09  1.80000000e+00 
 9.50750000e-09  0.00000000e+00  9.50750000e-09  0.00000000e+00  9.50750000e-09  1.80000000e+00 
 9.51250000e-09  0.00000000e+00  9.51250000e-09  0.00000000e+00  9.51250000e-09  1.80000000e+00 
 9.51750000e-09  0.00000000e+00  9.51750000e-09  0.00000000e+00  9.51750000e-09  1.80000000e+00 
 9.52250000e-09  0.00000000e+00  9.52250000e-09  0.00000000e+00  9.52250000e-09  1.80000000e+00 
 9.52750000e-09  0.00000000e+00  9.52750000e-09  0.00000000e+00  9.52750000e-09  1.80000000e+00 
 9.53250000e-09  0.00000000e+00  9.53250000e-09  0.00000000e+00  9.53250000e-09  1.80000000e+00 
 9.53750000e-09  0.00000000e+00  9.53750000e-09  0.00000000e+00  9.53750000e-09  1.80000000e+00 
 9.54250000e-09  0.00000000e+00  9.54250000e-09  0.00000000e+00  9.54250000e-09  1.80000000e+00 
 9.54750000e-09  0.00000000e+00  9.54750000e-09  0.00000000e+00  9.54750000e-09  1.80000000e+00 
 9.55250000e-09  0.00000000e+00  9.55250000e-09  0.00000000e+00  9.55250000e-09  1.80000000e+00 
 9.55750000e-09  0.00000000e+00  9.55750000e-09  0.00000000e+00  9.55750000e-09  1.80000000e+00 
 9.56250000e-09  0.00000000e+00  9.56250000e-09  0.00000000e+00  9.56250000e-09  1.80000000e+00 
 9.56750000e-09  0.00000000e+00  9.56750000e-09  0.00000000e+00  9.56750000e-09  1.80000000e+00 
 9.57250000e-09  0.00000000e+00  9.57250000e-09  0.00000000e+00  9.57250000e-09  1.80000000e+00 
 9.57750000e-09  0.00000000e+00  9.57750000e-09  0.00000000e+00  9.57750000e-09  1.80000000e+00 
 9.58250000e-09  0.00000000e+00  9.58250000e-09  0.00000000e+00  9.58250000e-09  1.80000000e+00 
 9.58750000e-09  0.00000000e+00  9.58750000e-09  0.00000000e+00  9.58750000e-09  1.80000000e+00 
 9.59250000e-09  0.00000000e+00  9.59250000e-09  0.00000000e+00  9.59250000e-09  1.80000000e+00 
 9.59750000e-09  0.00000000e+00  9.59750000e-09  0.00000000e+00  9.59750000e-09  1.80000000e+00 
 9.60250000e-09  0.00000000e+00  9.60250000e-09  0.00000000e+00  9.60250000e-09  1.80000000e+00 
 9.60750000e-09  0.00000000e+00  9.60750000e-09  0.00000000e+00  9.60750000e-09  1.80000000e+00 
 9.61250000e-09  0.00000000e+00  9.61250000e-09  0.00000000e+00  9.61250000e-09  1.80000000e+00 
 9.61750000e-09  0.00000000e+00  9.61750000e-09  0.00000000e+00  9.61750000e-09  1.80000000e+00 
 9.62250000e-09  0.00000000e+00  9.62250000e-09  0.00000000e+00  9.62250000e-09  1.80000000e+00 
 9.62750000e-09  0.00000000e+00  9.62750000e-09  0.00000000e+00  9.62750000e-09  1.80000000e+00 
 9.63250000e-09  0.00000000e+00  9.63250000e-09  0.00000000e+00  9.63250000e-09  1.80000000e+00 
 9.63750000e-09  0.00000000e+00  9.63750000e-09  0.00000000e+00  9.63750000e-09  1.80000000e+00 
 9.64250000e-09  0.00000000e+00  9.64250000e-09  0.00000000e+00  9.64250000e-09  1.80000000e+00 
 9.64750000e-09  0.00000000e+00  9.64750000e-09  0.00000000e+00  9.64750000e-09  1.80000000e+00 
 9.65250000e-09  0.00000000e+00  9.65250000e-09  0.00000000e+00  9.65250000e-09  1.80000000e+00 
 9.65750000e-09  0.00000000e+00  9.65750000e-09  0.00000000e+00  9.65750000e-09  1.80000000e+00 
 9.66250000e-09  0.00000000e+00  9.66250000e-09  0.00000000e+00  9.66250000e-09  1.80000000e+00 
 9.66750000e-09  0.00000000e+00  9.66750000e-09  0.00000000e+00  9.66750000e-09  1.80000000e+00 
 9.67250000e-09  0.00000000e+00  9.67250000e-09  0.00000000e+00  9.67250000e-09  1.80000000e+00 
 9.67750000e-09  0.00000000e+00  9.67750000e-09  0.00000000e+00  9.67750000e-09  1.80000000e+00 
 9.68250000e-09  0.00000000e+00  9.68250000e-09  0.00000000e+00  9.68250000e-09  1.80000000e+00 
 9.68750000e-09  0.00000000e+00  9.68750000e-09  0.00000000e+00  9.68750000e-09  1.80000000e+00 
 9.69250000e-09  0.00000000e+00  9.69250000e-09  0.00000000e+00  9.69250000e-09  1.80000000e+00 
 9.69750000e-09  0.00000000e+00  9.69750000e-09  0.00000000e+00  9.69750000e-09  1.80000000e+00 
 9.70250000e-09  0.00000000e+00  9.70250000e-09  0.00000000e+00  9.70250000e-09  1.80000000e+00 
 9.70750000e-09  0.00000000e+00  9.70750000e-09  0.00000000e+00  9.70750000e-09  1.80000000e+00 
 9.71250000e-09  0.00000000e+00  9.71250000e-09  0.00000000e+00  9.71250000e-09  1.80000000e+00 
 9.71750000e-09  0.00000000e+00  9.71750000e-09  0.00000000e+00  9.71750000e-09  1.80000000e+00 
 9.72250000e-09  0.00000000e+00  9.72250000e-09  0.00000000e+00  9.72250000e-09  1.80000000e+00 
 9.72750000e-09  0.00000000e+00  9.72750000e-09  0.00000000e+00  9.72750000e-09  1.80000000e+00 
 9.73250000e-09  0.00000000e+00  9.73250000e-09  0.00000000e+00  9.73250000e-09  1.80000000e+00 
 9.73750000e-09  0.00000000e+00  9.73750000e-09  0.00000000e+00  9.73750000e-09  1.80000000e+00 
 9.74250000e-09  0.00000000e+00  9.74250000e-09  0.00000000e+00  9.74250000e-09  1.80000000e+00 
 9.74750000e-09  0.00000000e+00  9.74750000e-09  0.00000000e+00  9.74750000e-09  1.80000000e+00 
 9.75250000e-09  0.00000000e+00  9.75250000e-09  0.00000000e+00  9.75250000e-09  1.80000000e+00 
 9.75750000e-09  0.00000000e+00  9.75750000e-09  0.00000000e+00  9.75750000e-09  1.80000000e+00 
 9.76250000e-09  0.00000000e+00  9.76250000e-09  0.00000000e+00  9.76250000e-09  1.80000000e+00 
 9.76750000e-09  0.00000000e+00  9.76750000e-09  0.00000000e+00  9.76750000e-09  1.80000000e+00 
 9.77250000e-09  0.00000000e+00  9.77250000e-09  0.00000000e+00  9.77250000e-09  1.80000000e+00 
 9.77750000e-09  0.00000000e+00  9.77750000e-09  0.00000000e+00  9.77750000e-09  1.80000000e+00 
 9.78250000e-09  0.00000000e+00  9.78250000e-09  0.00000000e+00  9.78250000e-09  1.80000000e+00 
 9.78750000e-09  0.00000000e+00  9.78750000e-09  0.00000000e+00  9.78750000e-09  1.80000000e+00 
 9.79250000e-09  0.00000000e+00  9.79250000e-09  0.00000000e+00  9.79250000e-09  1.80000000e+00 
 9.79750000e-09  0.00000000e+00  9.79750000e-09  0.00000000e+00  9.79750000e-09  1.80000000e+00 
 9.80250000e-09  0.00000000e+00  9.80250000e-09  0.00000000e+00  9.80250000e-09  1.80000000e+00 
 9.80750000e-09  0.00000000e+00  9.80750000e-09  0.00000000e+00  9.80750000e-09  1.80000000e+00 
 9.81250000e-09  0.00000000e+00  9.81250000e-09  0.00000000e+00  9.81250000e-09  1.80000000e+00 
 9.81750000e-09  0.00000000e+00  9.81750000e-09  0.00000000e+00  9.81750000e-09  1.80000000e+00 
 9.82250000e-09  0.00000000e+00  9.82250000e-09  0.00000000e+00  9.82250000e-09  1.80000000e+00 
 9.82750000e-09  0.00000000e+00  9.82750000e-09  0.00000000e+00  9.82750000e-09  1.80000000e+00 
 9.83250000e-09  0.00000000e+00  9.83250000e-09  0.00000000e+00  9.83250000e-09  1.80000000e+00 
 9.83750000e-09  0.00000000e+00  9.83750000e-09  0.00000000e+00  9.83750000e-09  1.80000000e+00 
 9.84250000e-09  0.00000000e+00  9.84250000e-09  0.00000000e+00  9.84250000e-09  1.80000000e+00 
 9.84750000e-09  0.00000000e+00  9.84750000e-09  0.00000000e+00  9.84750000e-09  1.80000000e+00 
 9.85250000e-09  0.00000000e+00  9.85250000e-09  0.00000000e+00  9.85250000e-09  1.80000000e+00 
 9.85750000e-09  0.00000000e+00  9.85750000e-09  0.00000000e+00  9.85750000e-09  1.80000000e+00 
 9.86250000e-09  0.00000000e+00  9.86250000e-09  0.00000000e+00  9.86250000e-09  1.80000000e+00 
 9.86750000e-09  0.00000000e+00  9.86750000e-09  0.00000000e+00  9.86750000e-09  1.80000000e+00 
 9.87250000e-09  0.00000000e+00  9.87250000e-09  0.00000000e+00  9.87250000e-09  1.80000000e+00 
 9.87750000e-09  0.00000000e+00  9.87750000e-09  0.00000000e+00  9.87750000e-09  1.80000000e+00 
 9.88250000e-09  0.00000000e+00  9.88250000e-09  0.00000000e+00  9.88250000e-09  1.80000000e+00 
 9.88750000e-09  0.00000000e+00  9.88750000e-09  0.00000000e+00  9.88750000e-09  1.80000000e+00 
 9.89250000e-09  0.00000000e+00  9.89250000e-09  0.00000000e+00  9.89250000e-09  1.80000000e+00 
 9.89750000e-09  0.00000000e+00  9.89750000e-09  0.00000000e+00  9.89750000e-09  1.80000000e+00 
 9.90250000e-09  0.00000000e+00  9.90250000e-09  0.00000000e+00  9.90250000e-09  1.80000000e+00 
 9.90750000e-09  0.00000000e+00  9.90750000e-09  0.00000000e+00  9.90750000e-09  1.80000000e+00 
 9.91250000e-09  0.00000000e+00  9.91250000e-09  0.00000000e+00  9.91250000e-09  1.80000000e+00 
 9.91750000e-09  0.00000000e+00  9.91750000e-09  0.00000000e+00  9.91750000e-09  1.80000000e+00 
 9.92250000e-09  0.00000000e+00  9.92250000e-09  0.00000000e+00  9.92250000e-09  1.80000000e+00 
 9.92750000e-09  0.00000000e+00  9.92750000e-09  0.00000000e+00  9.92750000e-09  1.80000000e+00 
 9.93250000e-09  0.00000000e+00  9.93250000e-09  0.00000000e+00  9.93250000e-09  1.80000000e+00 
 9.93750000e-09  0.00000000e+00  9.93750000e-09  0.00000000e+00  9.93750000e-09  1.80000000e+00 
 9.94250000e-09  0.00000000e+00  9.94250000e-09  0.00000000e+00  9.94250000e-09  1.80000000e+00 
 9.94750000e-09  0.00000000e+00  9.94750000e-09  0.00000000e+00  9.94750000e-09  1.80000000e+00 
 9.95250000e-09  0.00000000e+00  9.95250000e-09  0.00000000e+00  9.95250000e-09  1.80000000e+00 
 9.95750000e-09  0.00000000e+00  9.95750000e-09  0.00000000e+00  9.95750000e-09  1.80000000e+00 
 9.96250000e-09  0.00000000e+00  9.96250000e-09  0.00000000e+00  9.96250000e-09  1.80000000e+00 
 9.96750000e-09  0.00000000e+00  9.96750000e-09  0.00000000e+00  9.96750000e-09  1.80000000e+00 
 9.97250000e-09  0.00000000e+00  9.97250000e-09  0.00000000e+00  9.97250000e-09  1.80000000e+00 
 9.97750000e-09  0.00000000e+00  9.97750000e-09  0.00000000e+00  9.97750000e-09  1.80000000e+00 
 9.98250000e-09  0.00000000e+00  9.98250000e-09  0.00000000e+00  9.98250000e-09  1.80000000e+00 
 9.98750000e-09  0.00000000e+00  9.98750000e-09  0.00000000e+00  9.98750000e-09  1.80000000e+00 
 9.99250000e-09  0.00000000e+00  9.99250000e-09  0.00000000e+00  9.99250000e-09  1.80000000e+00 
 9.99750000e-09  0.00000000e+00  9.99750000e-09  0.00000000e+00  9.99750000e-09  1.80000000e+00 
 1.00025000e-08  0.00000000e+00  1.00025000e-08  0.00000000e+00  1.00025000e-08  1.80000000e+00 
 1.00075000e-08  0.00000000e+00  1.00075000e-08  0.00000000e+00  1.00075000e-08  1.80000000e+00 
 1.00125000e-08  0.00000000e+00  1.00125000e-08  0.00000000e+00  1.00125000e-08  1.80000000e+00 
 1.00175000e-08  0.00000000e+00  1.00175000e-08  0.00000000e+00  1.00175000e-08  1.80000000e+00 
 1.00225000e-08  0.00000000e+00  1.00225000e-08  0.00000000e+00  1.00225000e-08  1.80000000e+00 
 1.00275000e-08  0.00000000e+00  1.00275000e-08  0.00000000e+00  1.00275000e-08  1.80000000e+00 
 1.00325000e-08  0.00000000e+00  1.00325000e-08  0.00000000e+00  1.00325000e-08  1.80000000e+00 
 1.00375000e-08  0.00000000e+00  1.00375000e-08  0.00000000e+00  1.00375000e-08  1.80000000e+00 
 1.00425000e-08  0.00000000e+00  1.00425000e-08  0.00000000e+00  1.00425000e-08  1.80000000e+00 
 1.00475000e-08  0.00000000e+00  1.00475000e-08  0.00000000e+00  1.00475000e-08  1.80000000e+00 
 1.00525000e-08  0.00000000e+00  1.00525000e-08  0.00000000e+00  1.00525000e-08  1.80000000e+00 
 1.00575000e-08  0.00000000e+00  1.00575000e-08  0.00000000e+00  1.00575000e-08  1.80000000e+00 
 1.00625000e-08  0.00000000e+00  1.00625000e-08  0.00000000e+00  1.00625000e-08  1.80000000e+00 
 1.00675000e-08  0.00000000e+00  1.00675000e-08  0.00000000e+00  1.00675000e-08  1.80000000e+00 
 1.00725000e-08  0.00000000e+00  1.00725000e-08  0.00000000e+00  1.00725000e-08  1.80000000e+00 
 1.00775000e-08  0.00000000e+00  1.00775000e-08  0.00000000e+00  1.00775000e-08  1.80000000e+00 
 1.00825000e-08  0.00000000e+00  1.00825000e-08  0.00000000e+00  1.00825000e-08  1.80000000e+00 
 1.00875000e-08  0.00000000e+00  1.00875000e-08  0.00000000e+00  1.00875000e-08  1.80000000e+00 
 1.00925000e-08  0.00000000e+00  1.00925000e-08  0.00000000e+00  1.00925000e-08  1.80000000e+00 
 1.00975000e-08  0.00000000e+00  1.00975000e-08  0.00000000e+00  1.00975000e-08  1.80000000e+00 
 1.01025000e-08  0.00000000e+00  1.01025000e-08  0.00000000e+00  1.01025000e-08  1.80000000e+00 
 1.01075000e-08  0.00000000e+00  1.01075000e-08  0.00000000e+00  1.01075000e-08  1.80000000e+00 
 1.01125000e-08  0.00000000e+00  1.01125000e-08  0.00000000e+00  1.01125000e-08  1.80000000e+00 
 1.01175000e-08  0.00000000e+00  1.01175000e-08  0.00000000e+00  1.01175000e-08  1.80000000e+00 
 1.01225000e-08  0.00000000e+00  1.01225000e-08  0.00000000e+00  1.01225000e-08  1.80000000e+00 
 1.01275000e-08  0.00000000e+00  1.01275000e-08  0.00000000e+00  1.01275000e-08  1.80000000e+00 
 1.01325000e-08  0.00000000e+00  1.01325000e-08  0.00000000e+00  1.01325000e-08  1.80000000e+00 
 1.01375000e-08  0.00000000e+00  1.01375000e-08  0.00000000e+00  1.01375000e-08  1.80000000e+00 
 1.01425000e-08  0.00000000e+00  1.01425000e-08  0.00000000e+00  1.01425000e-08  1.80000000e+00 
 1.01475000e-08  0.00000000e+00  1.01475000e-08  0.00000000e+00  1.01475000e-08  1.80000000e+00 
 1.01525000e-08  0.00000000e+00  1.01525000e-08  0.00000000e+00  1.01525000e-08  1.80000000e+00 
 1.01575000e-08  0.00000000e+00  1.01575000e-08  0.00000000e+00  1.01575000e-08  1.80000000e+00 
 1.01625000e-08  0.00000000e+00  1.01625000e-08  0.00000000e+00  1.01625000e-08  1.80000000e+00 
 1.01675000e-08  0.00000000e+00  1.01675000e-08  0.00000000e+00  1.01675000e-08  1.80000000e+00 
 1.01725000e-08  0.00000000e+00  1.01725000e-08  0.00000000e+00  1.01725000e-08  1.80000000e+00 
 1.01775000e-08  0.00000000e+00  1.01775000e-08  0.00000000e+00  1.01775000e-08  1.80000000e+00 
 1.01825000e-08  0.00000000e+00  1.01825000e-08  0.00000000e+00  1.01825000e-08  1.80000000e+00 
 1.01875000e-08  0.00000000e+00  1.01875000e-08  0.00000000e+00  1.01875000e-08  1.80000000e+00 
 1.01925000e-08  0.00000000e+00  1.01925000e-08  0.00000000e+00  1.01925000e-08  1.80000000e+00 
 1.01975000e-08  0.00000000e+00  1.01975000e-08  0.00000000e+00  1.01975000e-08  1.80000000e+00 
 1.02025000e-08  0.00000000e+00  1.02025000e-08  0.00000000e+00  1.02025000e-08  1.80000000e+00 
 1.02075000e-08  0.00000000e+00  1.02075000e-08  0.00000000e+00  1.02075000e-08  1.80000000e+00 
 1.02125000e-08  0.00000000e+00  1.02125000e-08  0.00000000e+00  1.02125000e-08  1.80000000e+00 
 1.02175000e-08  0.00000000e+00  1.02175000e-08  0.00000000e+00  1.02175000e-08  1.80000000e+00 
 1.02225000e-08  0.00000000e+00  1.02225000e-08  0.00000000e+00  1.02225000e-08  1.80000000e+00 
 1.02275000e-08  0.00000000e+00  1.02275000e-08  0.00000000e+00  1.02275000e-08  1.80000000e+00 
 1.02325000e-08  0.00000000e+00  1.02325000e-08  0.00000000e+00  1.02325000e-08  1.80000000e+00 
 1.02375000e-08  0.00000000e+00  1.02375000e-08  0.00000000e+00  1.02375000e-08  1.80000000e+00 
 1.02425000e-08  0.00000000e+00  1.02425000e-08  0.00000000e+00  1.02425000e-08  1.80000000e+00 
 1.02475000e-08  0.00000000e+00  1.02475000e-08  0.00000000e+00  1.02475000e-08  1.80000000e+00 
 1.02525000e-08  0.00000000e+00  1.02525000e-08  0.00000000e+00  1.02525000e-08  1.80000000e+00 
 1.02575000e-08  0.00000000e+00  1.02575000e-08  0.00000000e+00  1.02575000e-08  1.80000000e+00 
 1.02625000e-08  0.00000000e+00  1.02625000e-08  0.00000000e+00  1.02625000e-08  1.80000000e+00 
 1.02675000e-08  0.00000000e+00  1.02675000e-08  0.00000000e+00  1.02675000e-08  1.80000000e+00 
 1.02725000e-08  0.00000000e+00  1.02725000e-08  0.00000000e+00  1.02725000e-08  1.80000000e+00 
 1.02775000e-08  0.00000000e+00  1.02775000e-08  0.00000000e+00  1.02775000e-08  1.80000000e+00 
 1.02825000e-08  0.00000000e+00  1.02825000e-08  0.00000000e+00  1.02825000e-08  1.80000000e+00 
 1.02875000e-08  0.00000000e+00  1.02875000e-08  0.00000000e+00  1.02875000e-08  1.80000000e+00 
 1.02925000e-08  0.00000000e+00  1.02925000e-08  0.00000000e+00  1.02925000e-08  1.80000000e+00 
 1.02975000e-08  0.00000000e+00  1.02975000e-08  0.00000000e+00  1.02975000e-08  1.80000000e+00 
 1.03025000e-08  0.00000000e+00  1.03025000e-08  0.00000000e+00  1.03025000e-08  1.80000000e+00 
 1.03075000e-08  0.00000000e+00  1.03075000e-08  0.00000000e+00  1.03075000e-08  1.80000000e+00 
 1.03125000e-08  0.00000000e+00  1.03125000e-08  0.00000000e+00  1.03125000e-08  1.80000000e+00 
 1.03175000e-08  0.00000000e+00  1.03175000e-08  0.00000000e+00  1.03175000e-08  1.80000000e+00 
 1.03225000e-08  0.00000000e+00  1.03225000e-08  0.00000000e+00  1.03225000e-08  1.80000000e+00 
 1.03275000e-08  0.00000000e+00  1.03275000e-08  0.00000000e+00  1.03275000e-08  1.80000000e+00 
 1.03325000e-08  0.00000000e+00  1.03325000e-08  0.00000000e+00  1.03325000e-08  1.80000000e+00 
 1.03375000e-08  0.00000000e+00  1.03375000e-08  0.00000000e+00  1.03375000e-08  1.80000000e+00 
 1.03425000e-08  0.00000000e+00  1.03425000e-08  0.00000000e+00  1.03425000e-08  1.80000000e+00 
 1.03475000e-08  0.00000000e+00  1.03475000e-08  0.00000000e+00  1.03475000e-08  1.80000000e+00 
 1.03525000e-08  0.00000000e+00  1.03525000e-08  0.00000000e+00  1.03525000e-08  1.80000000e+00 
 1.03575000e-08  0.00000000e+00  1.03575000e-08  0.00000000e+00  1.03575000e-08  1.80000000e+00 
 1.03625000e-08  0.00000000e+00  1.03625000e-08  0.00000000e+00  1.03625000e-08  1.80000000e+00 
 1.03675000e-08  0.00000000e+00  1.03675000e-08  0.00000000e+00  1.03675000e-08  1.80000000e+00 
 1.03725000e-08  0.00000000e+00  1.03725000e-08  0.00000000e+00  1.03725000e-08  1.80000000e+00 
 1.03775000e-08  0.00000000e+00  1.03775000e-08  0.00000000e+00  1.03775000e-08  1.80000000e+00 
 1.03825000e-08  0.00000000e+00  1.03825000e-08  0.00000000e+00  1.03825000e-08  1.80000000e+00 
 1.03875000e-08  0.00000000e+00  1.03875000e-08  0.00000000e+00  1.03875000e-08  1.80000000e+00 
 1.03925000e-08  0.00000000e+00  1.03925000e-08  0.00000000e+00  1.03925000e-08  1.80000000e+00 
 1.03975000e-08  0.00000000e+00  1.03975000e-08  0.00000000e+00  1.03975000e-08  1.80000000e+00 
 1.04025000e-08  0.00000000e+00  1.04025000e-08  0.00000000e+00  1.04025000e-08  1.80000000e+00 
 1.04075000e-08  0.00000000e+00  1.04075000e-08  0.00000000e+00  1.04075000e-08  1.80000000e+00 
 1.04125000e-08  0.00000000e+00  1.04125000e-08  0.00000000e+00  1.04125000e-08  1.80000000e+00 
 1.04175000e-08  0.00000000e+00  1.04175000e-08  0.00000000e+00  1.04175000e-08  1.80000000e+00 
 1.04225000e-08  0.00000000e+00  1.04225000e-08  0.00000000e+00  1.04225000e-08  1.80000000e+00 
 1.04275000e-08  0.00000000e+00  1.04275000e-08  0.00000000e+00  1.04275000e-08  1.80000000e+00 
 1.04325000e-08  0.00000000e+00  1.04325000e-08  0.00000000e+00  1.04325000e-08  1.80000000e+00 
 1.04375000e-08  0.00000000e+00  1.04375000e-08  0.00000000e+00  1.04375000e-08  1.80000000e+00 
 1.04425000e-08  0.00000000e+00  1.04425000e-08  0.00000000e+00  1.04425000e-08  1.80000000e+00 
 1.04475000e-08  0.00000000e+00  1.04475000e-08  0.00000000e+00  1.04475000e-08  1.80000000e+00 
 1.04525000e-08  0.00000000e+00  1.04525000e-08  0.00000000e+00  1.04525000e-08  1.80000000e+00 
 1.04575000e-08  0.00000000e+00  1.04575000e-08  0.00000000e+00  1.04575000e-08  1.80000000e+00 
 1.04625000e-08  0.00000000e+00  1.04625000e-08  0.00000000e+00  1.04625000e-08  1.80000000e+00 
 1.04675000e-08  0.00000000e+00  1.04675000e-08  0.00000000e+00  1.04675000e-08  1.80000000e+00 
 1.04725000e-08  0.00000000e+00  1.04725000e-08  0.00000000e+00  1.04725000e-08  1.80000000e+00 
 1.04775000e-08  0.00000000e+00  1.04775000e-08  0.00000000e+00  1.04775000e-08  1.80000000e+00 
 1.04825000e-08  0.00000000e+00  1.04825000e-08  0.00000000e+00  1.04825000e-08  1.80000000e+00 
 1.04875000e-08  0.00000000e+00  1.04875000e-08  0.00000000e+00  1.04875000e-08  1.80000000e+00 
 1.04925000e-08  0.00000000e+00  1.04925000e-08  0.00000000e+00  1.04925000e-08  1.80000000e+00 
 1.04975000e-08  0.00000000e+00  1.04975000e-08  0.00000000e+00  1.04975000e-08  1.80000000e+00 
 1.05025000e-08  0.00000000e+00  1.05025000e-08  0.00000000e+00  1.05025000e-08  1.80000000e+00 
 1.05075000e-08  0.00000000e+00  1.05075000e-08  0.00000000e+00  1.05075000e-08  1.80000000e+00 
 1.05125000e-08  0.00000000e+00  1.05125000e-08  0.00000000e+00  1.05125000e-08  1.80000000e+00 
 1.05175000e-08  0.00000000e+00  1.05175000e-08  0.00000000e+00  1.05175000e-08  1.80000000e+00 
 1.05225000e-08  0.00000000e+00  1.05225000e-08  0.00000000e+00  1.05225000e-08  1.80000000e+00 
 1.05275000e-08  0.00000000e+00  1.05275000e-08  0.00000000e+00  1.05275000e-08  1.80000000e+00 
 1.05325000e-08  0.00000000e+00  1.05325000e-08  0.00000000e+00  1.05325000e-08  1.80000000e+00 
 1.05375000e-08  0.00000000e+00  1.05375000e-08  0.00000000e+00  1.05375000e-08  1.80000000e+00 
 1.05425000e-08  0.00000000e+00  1.05425000e-08  0.00000000e+00  1.05425000e-08  1.80000000e+00 
 1.05475000e-08  0.00000000e+00  1.05475000e-08  0.00000000e+00  1.05475000e-08  1.80000000e+00 
 1.05525000e-08  0.00000000e+00  1.05525000e-08  0.00000000e+00  1.05525000e-08  1.80000000e+00 
 1.05575000e-08  0.00000000e+00  1.05575000e-08  0.00000000e+00  1.05575000e-08  1.80000000e+00 
 1.05625000e-08  0.00000000e+00  1.05625000e-08  0.00000000e+00  1.05625000e-08  1.80000000e+00 
 1.05675000e-08  0.00000000e+00  1.05675000e-08  0.00000000e+00  1.05675000e-08  1.80000000e+00 
 1.05725000e-08  0.00000000e+00  1.05725000e-08  0.00000000e+00  1.05725000e-08  1.80000000e+00 
 1.05775000e-08  0.00000000e+00  1.05775000e-08  0.00000000e+00  1.05775000e-08  1.80000000e+00 
 1.05825000e-08  0.00000000e+00  1.05825000e-08  0.00000000e+00  1.05825000e-08  1.80000000e+00 
 1.05875000e-08  0.00000000e+00  1.05875000e-08  0.00000000e+00  1.05875000e-08  1.80000000e+00 
 1.05925000e-08  0.00000000e+00  1.05925000e-08  0.00000000e+00  1.05925000e-08  1.80000000e+00 
 1.05975000e-08  0.00000000e+00  1.05975000e-08  0.00000000e+00  1.05975000e-08  1.80000000e+00 
 1.06025000e-08  0.00000000e+00  1.06025000e-08  0.00000000e+00  1.06025000e-08  1.80000000e+00 
 1.06075000e-08  0.00000000e+00  1.06075000e-08  0.00000000e+00  1.06075000e-08  1.80000000e+00 
 1.06125000e-08  0.00000000e+00  1.06125000e-08  0.00000000e+00  1.06125000e-08  1.80000000e+00 
 1.06175000e-08  0.00000000e+00  1.06175000e-08  0.00000000e+00  1.06175000e-08  1.80000000e+00 
 1.06225000e-08  0.00000000e+00  1.06225000e-08  0.00000000e+00  1.06225000e-08  1.80000000e+00 
 1.06275000e-08  0.00000000e+00  1.06275000e-08  0.00000000e+00  1.06275000e-08  1.80000000e+00 
 1.06325000e-08  0.00000000e+00  1.06325000e-08  0.00000000e+00  1.06325000e-08  1.80000000e+00 
 1.06375000e-08  0.00000000e+00  1.06375000e-08  0.00000000e+00  1.06375000e-08  1.80000000e+00 
 1.06425000e-08  0.00000000e+00  1.06425000e-08  0.00000000e+00  1.06425000e-08  1.80000000e+00 
 1.06475000e-08  0.00000000e+00  1.06475000e-08  0.00000000e+00  1.06475000e-08  1.80000000e+00 
 1.06525000e-08  0.00000000e+00  1.06525000e-08  0.00000000e+00  1.06525000e-08  1.80000000e+00 
 1.06575000e-08  0.00000000e+00  1.06575000e-08  0.00000000e+00  1.06575000e-08  1.80000000e+00 
 1.06625000e-08  0.00000000e+00  1.06625000e-08  0.00000000e+00  1.06625000e-08  1.80000000e+00 
 1.06675000e-08  0.00000000e+00  1.06675000e-08  0.00000000e+00  1.06675000e-08  1.80000000e+00 
 1.06725000e-08  0.00000000e+00  1.06725000e-08  0.00000000e+00  1.06725000e-08  1.80000000e+00 
 1.06775000e-08  0.00000000e+00  1.06775000e-08  0.00000000e+00  1.06775000e-08  1.80000000e+00 
 1.06825000e-08  0.00000000e+00  1.06825000e-08  0.00000000e+00  1.06825000e-08  1.80000000e+00 
 1.06875000e-08  0.00000000e+00  1.06875000e-08  0.00000000e+00  1.06875000e-08  1.80000000e+00 
 1.06925000e-08  0.00000000e+00  1.06925000e-08  0.00000000e+00  1.06925000e-08  1.80000000e+00 
 1.06975000e-08  0.00000000e+00  1.06975000e-08  0.00000000e+00  1.06975000e-08  1.80000000e+00 
 1.07025000e-08  0.00000000e+00  1.07025000e-08  0.00000000e+00  1.07025000e-08  1.80000000e+00 
 1.07075000e-08  0.00000000e+00  1.07075000e-08  0.00000000e+00  1.07075000e-08  1.80000000e+00 
 1.07125000e-08  0.00000000e+00  1.07125000e-08  0.00000000e+00  1.07125000e-08  1.80000000e+00 
 1.07175000e-08  0.00000000e+00  1.07175000e-08  0.00000000e+00  1.07175000e-08  1.80000000e+00 
 1.07225000e-08  0.00000000e+00  1.07225000e-08  0.00000000e+00  1.07225000e-08  1.80000000e+00 
 1.07275000e-08  0.00000000e+00  1.07275000e-08  0.00000000e+00  1.07275000e-08  1.80000000e+00 
 1.07325000e-08  0.00000000e+00  1.07325000e-08  0.00000000e+00  1.07325000e-08  1.80000000e+00 
 1.07375000e-08  0.00000000e+00  1.07375000e-08  0.00000000e+00  1.07375000e-08  1.80000000e+00 
 1.07425000e-08  0.00000000e+00  1.07425000e-08  0.00000000e+00  1.07425000e-08  1.80000000e+00 
 1.07475000e-08  0.00000000e+00  1.07475000e-08  0.00000000e+00  1.07475000e-08  1.80000000e+00 
 1.07525000e-08  0.00000000e+00  1.07525000e-08  0.00000000e+00  1.07525000e-08  1.80000000e+00 
 1.07575000e-08  0.00000000e+00  1.07575000e-08  0.00000000e+00  1.07575000e-08  1.80000000e+00 
 1.07625000e-08  0.00000000e+00  1.07625000e-08  0.00000000e+00  1.07625000e-08  1.80000000e+00 
 1.07675000e-08  0.00000000e+00  1.07675000e-08  0.00000000e+00  1.07675000e-08  1.80000000e+00 
 1.07725000e-08  0.00000000e+00  1.07725000e-08  0.00000000e+00  1.07725000e-08  1.80000000e+00 
 1.07775000e-08  0.00000000e+00  1.07775000e-08  0.00000000e+00  1.07775000e-08  1.80000000e+00 
 1.07825000e-08  0.00000000e+00  1.07825000e-08  0.00000000e+00  1.07825000e-08  1.80000000e+00 
 1.07875000e-08  0.00000000e+00  1.07875000e-08  0.00000000e+00  1.07875000e-08  1.80000000e+00 
 1.07925000e-08  0.00000000e+00  1.07925000e-08  0.00000000e+00  1.07925000e-08  1.80000000e+00 
 1.07975000e-08  0.00000000e+00  1.07975000e-08  0.00000000e+00  1.07975000e-08  1.80000000e+00 
 1.08025000e-08  0.00000000e+00  1.08025000e-08  0.00000000e+00  1.08025000e-08  1.80000000e+00 
 1.08075000e-08  0.00000000e+00  1.08075000e-08  0.00000000e+00  1.08075000e-08  1.80000000e+00 
 1.08125000e-08  0.00000000e+00  1.08125000e-08  0.00000000e+00  1.08125000e-08  1.80000000e+00 
 1.08175000e-08  0.00000000e+00  1.08175000e-08  0.00000000e+00  1.08175000e-08  1.80000000e+00 
 1.08225000e-08  0.00000000e+00  1.08225000e-08  0.00000000e+00  1.08225000e-08  1.80000000e+00 
 1.08275000e-08  0.00000000e+00  1.08275000e-08  0.00000000e+00  1.08275000e-08  1.80000000e+00 
 1.08325000e-08  0.00000000e+00  1.08325000e-08  0.00000000e+00  1.08325000e-08  1.80000000e+00 
 1.08375000e-08  0.00000000e+00  1.08375000e-08  0.00000000e+00  1.08375000e-08  1.80000000e+00 
 1.08425000e-08  0.00000000e+00  1.08425000e-08  0.00000000e+00  1.08425000e-08  1.80000000e+00 
 1.08475000e-08  0.00000000e+00  1.08475000e-08  0.00000000e+00  1.08475000e-08  1.80000000e+00 
 1.08525000e-08  0.00000000e+00  1.08525000e-08  0.00000000e+00  1.08525000e-08  1.80000000e+00 
 1.08575000e-08  0.00000000e+00  1.08575000e-08  0.00000000e+00  1.08575000e-08  1.80000000e+00 
 1.08625000e-08  0.00000000e+00  1.08625000e-08  0.00000000e+00  1.08625000e-08  1.80000000e+00 
 1.08675000e-08  0.00000000e+00  1.08675000e-08  0.00000000e+00  1.08675000e-08  1.80000000e+00 
 1.08725000e-08  0.00000000e+00  1.08725000e-08  0.00000000e+00  1.08725000e-08  1.80000000e+00 
 1.08775000e-08  0.00000000e+00  1.08775000e-08  0.00000000e+00  1.08775000e-08  1.80000000e+00 
 1.08825000e-08  0.00000000e+00  1.08825000e-08  0.00000000e+00  1.08825000e-08  1.80000000e+00 
 1.08875000e-08  0.00000000e+00  1.08875000e-08  0.00000000e+00  1.08875000e-08  1.80000000e+00 
 1.08925000e-08  0.00000000e+00  1.08925000e-08  0.00000000e+00  1.08925000e-08  1.80000000e+00 
 1.08975000e-08  0.00000000e+00  1.08975000e-08  0.00000000e+00  1.08975000e-08  1.80000000e+00 
 1.09025000e-08  0.00000000e+00  1.09025000e-08  0.00000000e+00  1.09025000e-08  1.80000000e+00 
 1.09075000e-08  0.00000000e+00  1.09075000e-08  0.00000000e+00  1.09075000e-08  1.80000000e+00 
 1.09125000e-08  0.00000000e+00  1.09125000e-08  0.00000000e+00  1.09125000e-08  1.80000000e+00 
 1.09175000e-08  0.00000000e+00  1.09175000e-08  0.00000000e+00  1.09175000e-08  1.80000000e+00 
 1.09225000e-08  0.00000000e+00  1.09225000e-08  0.00000000e+00  1.09225000e-08  1.80000000e+00 
 1.09275000e-08  0.00000000e+00  1.09275000e-08  0.00000000e+00  1.09275000e-08  1.80000000e+00 
 1.09325000e-08  0.00000000e+00  1.09325000e-08  0.00000000e+00  1.09325000e-08  1.80000000e+00 
 1.09375000e-08  0.00000000e+00  1.09375000e-08  0.00000000e+00  1.09375000e-08  1.80000000e+00 
 1.09425000e-08  0.00000000e+00  1.09425000e-08  0.00000000e+00  1.09425000e-08  1.80000000e+00 
 1.09475000e-08  0.00000000e+00  1.09475000e-08  0.00000000e+00  1.09475000e-08  1.80000000e+00 
 1.09525000e-08  0.00000000e+00  1.09525000e-08  0.00000000e+00  1.09525000e-08  1.80000000e+00 
 1.09575000e-08  0.00000000e+00  1.09575000e-08  0.00000000e+00  1.09575000e-08  1.80000000e+00 
 1.09625000e-08  0.00000000e+00  1.09625000e-08  0.00000000e+00  1.09625000e-08  1.80000000e+00 
 1.09675000e-08  0.00000000e+00  1.09675000e-08  0.00000000e+00  1.09675000e-08  1.80000000e+00 
 1.09725000e-08  0.00000000e+00  1.09725000e-08  0.00000000e+00  1.09725000e-08  1.80000000e+00 
 1.09775000e-08  0.00000000e+00  1.09775000e-08  0.00000000e+00  1.09775000e-08  1.80000000e+00 
 1.09825000e-08  0.00000000e+00  1.09825000e-08  0.00000000e+00  1.09825000e-08  1.80000000e+00 
 1.09875000e-08  0.00000000e+00  1.09875000e-08  0.00000000e+00  1.09875000e-08  1.80000000e+00 
 1.09925000e-08  0.00000000e+00  1.09925000e-08  0.00000000e+00  1.09925000e-08  1.80000000e+00 
 1.09975000e-08  0.00000000e+00  1.09975000e-08  0.00000000e+00  1.09975000e-08  1.80000000e+00 
 1.10000000e-08  0.00000000e+00  1.10000000e-08  0.00000000e+00  1.10000000e-08  1.80000000e+00 
 1.10005000e-08  0.00000000e+00  1.10005000e-08  1.80000000e-02  1.10005000e-08  1.80000000e+00 
 1.10015000e-08  0.00000000e+00  1.10015000e-08  5.40000000e-02  1.10015000e-08  1.80000000e+00 
 1.10035000e-08  0.00000000e+00  1.10035000e-08  1.26000000e-01  1.10035000e-08  1.80000000e+00 
 1.10075000e-08  0.00000000e+00  1.10075000e-08  2.70000000e-01  1.10075000e-08  1.80000000e+00 
 1.10125000e-08  0.00000000e+00  1.10125000e-08  4.50000000e-01  1.10125000e-08  1.80000000e+00 
 1.10175000e-08  0.00000000e+00  1.10175000e-08  6.30000000e-01  1.10175000e-08  1.79799763e+00 
 1.10225000e-08  0.00000000e+00  1.10225000e-08  8.10000000e-01  1.10225000e-08  1.78856774e+00 
 1.10275000e-08  0.00000000e+00  1.10275000e-08  9.90000000e-01  1.10275000e-08  1.64232215e+00 
 1.10325000e-08  0.00000000e+00  1.10325000e-08  1.17000000e+00  1.10325000e-08  1.36902751e+00 
 1.10375000e-08  0.00000000e+00  1.10375000e-08  1.35000000e+00  1.10375000e-08  1.10574810e+00 
 1.10425000e-08  0.00000000e+00  1.10425000e-08  1.53000000e+00  1.10425000e-08  8.62210840e-01 
 1.10475000e-08  0.00000000e+00  1.10475000e-08  1.71000000e+00  1.10475000e-08  6.51530904e-01 
 1.10500000e-08  0.00000000e+00  1.10500000e-08  1.80000000e+00  1.10500000e-08  5.60622233e-01 
 1.10505000e-08  0.00000000e+00  1.10505000e-08  1.80000000e+00  1.10505000e-08  5.43844672e-01 
 1.10515000e-08  0.00000000e+00  1.10515000e-08  1.80000000e+00  1.10515000e-08  5.11080836e-01 
 1.10535000e-08  0.00000000e+00  1.10535000e-08  1.80000000e+00  1.10535000e-08  4.50226735e-01 
 1.10575000e-08  0.00000000e+00  1.10575000e-08  1.80000000e+00  1.10575000e-08  3.46167868e-01 
 1.10625000e-08  0.00000000e+00  1.10625000e-08  1.80000000e+00  1.10625000e-08  2.45610534e-01 
 1.10675000e-08  0.00000000e+00  1.10675000e-08  1.80000000e+00  1.10675000e-08  1.72183423e-01 
 1.10725000e-08  0.00000000e+00  1.10725000e-08  1.80000000e+00  1.10725000e-08  1.19683636e-01 
 1.10775000e-08  0.00000000e+00  1.10775000e-08  1.80000000e+00  1.10775000e-08  8.26983690e-02 
 1.10825000e-08  0.00000000e+00  1.10825000e-08  1.80000000e+00  1.10825000e-08  5.69068635e-02 
 1.10875000e-08  0.00000000e+00  1.10875000e-08  1.80000000e+00  1.10875000e-08  3.90475556e-02 
 1.10925000e-08  0.00000000e+00  1.10925000e-08  1.80000000e+00  1.10925000e-08  2.67406525e-02 
 1.10975000e-08  0.00000000e+00  1.10975000e-08  1.80000000e+00  1.10975000e-08  1.82880310e-02 
 1.11025000e-08  0.00000000e+00  1.11025000e-08  1.80000000e+00  1.11025000e-08  1.24957674e-02 
 1.11075000e-08  0.00000000e+00  1.11075000e-08  1.80000000e+00  1.11075000e-08  8.53269638e-03 
 1.11125000e-08  0.00000000e+00  1.11125000e-08  1.80000000e+00  1.11125000e-08  5.82402849e-03 
 1.11175000e-08  0.00000000e+00  1.11175000e-08  1.80000000e+00  1.11175000e-08  3.97405285e-03 
 1.11225000e-08  0.00000000e+00  1.11225000e-08  1.80000000e+00  1.11225000e-08  2.71117226e-03 
 1.11275000e-08  0.00000000e+00  1.11275000e-08  1.80000000e+00  1.11275000e-08  1.84936012e-03 
 1.11325000e-08  0.00000000e+00  1.11325000e-08  1.80000000e+00  1.11325000e-08  1.26137899e-03 
 1.11375000e-08  0.00000000e+00  1.11375000e-08  1.80000000e+00  1.11375000e-08  8.60284900e-04 
 1.11425000e-08  0.00000000e+00  1.11425000e-08  1.80000000e+00  1.11425000e-08  5.86705844e-04 
 1.11475000e-08  0.00000000e+00  1.11475000e-08  1.80000000e+00  1.11475000e-08  4.00116065e-04 
 1.11525000e-08  0.00000000e+00  1.11525000e-08  1.80000000e+00  1.11525000e-08  2.72862101e-04 
 1.11575000e-08  0.00000000e+00  1.11575000e-08  1.80000000e+00  1.11575000e-08  1.86078013e-04 
 1.11625000e-08  0.00000000e+00  1.11625000e-08  1.80000000e+00  1.11625000e-08  1.26894754e-04 
 1.11675000e-08  0.00000000e+00  1.11675000e-08  1.80000000e+00  1.11675000e-08  8.65347849e-05 
 1.11725000e-08  0.00000000e+00  1.11725000e-08  1.80000000e+00  1.11725000e-08  5.90116369e-05 
 1.11775000e-08  0.00000000e+00  1.11775000e-08  1.80000000e+00  1.11775000e-08  4.02425901e-05 
 1.11825000e-08  0.00000000e+00  1.11825000e-08  1.80000000e+00  1.11825000e-08  2.74433507e-05 
 1.11875000e-08  0.00000000e+00  1.11875000e-08  1.80000000e+00  1.11875000e-08  1.87151519e-05 
 1.11925000e-08  0.00000000e+00  1.11925000e-08  1.80000000e+00  1.11925000e-08  1.27631359e-05 
 1.11975000e-08  0.00000000e+00  1.11975000e-08  1.80000000e+00  1.11975000e-08  8.70428720e-06 
 1.12025000e-08  0.00000000e+00  1.12025000e-08  1.80000000e+00  1.12025000e-08  5.93644598e-06 
 1.12075000e-08  0.00000000e+00  1.12075000e-08  1.80000000e+00  1.12075000e-08  4.04897989e-06 
 1.12125000e-08  0.00000000e+00  1.12125000e-08  1.80000000e+00  1.12125000e-08  2.76186615e-06 
 1.12175000e-08  0.00000000e+00  1.12175000e-08  1.80000000e+00  1.12175000e-08  1.88414908e-06 
 1.12225000e-08  0.00000000e+00  1.12225000e-08  1.80000000e+00  1.12225000e-08  1.28561061e-06 
 1.12275000e-08  0.00000000e+00  1.12275000e-08  1.80000000e+00  1.12275000e-08  8.77451480e-07 
 1.12325000e-08  0.00000000e+00  1.12325000e-08  1.80000000e+00  1.12325000e-08  5.99117058e-07 
 1.12375000e-08  0.00000000e+00  1.12375000e-08  1.80000000e+00  1.12375000e-08  4.09313526e-07 
 1.12425000e-08  0.00000000e+00  1.12425000e-08  1.80000000e+00  1.12425000e-08  2.79881532e-07 
 1.12475000e-08  0.00000000e+00  1.12475000e-08  1.80000000e+00  1.12475000e-08  1.91618474e-07 
 1.12525000e-08  0.00000000e+00  1.12525000e-08  1.80000000e+00  1.12525000e-08  1.31429589e-07 
 1.12575000e-08  0.00000000e+00  1.12575000e-08  1.80000000e+00  1.12575000e-08  9.03852166e-08 
 1.12625000e-08  0.00000000e+00  1.12625000e-08  1.80000000e+00  1.12625000e-08  6.23959882e-08 
 1.12675000e-08  0.00000000e+00  1.12675000e-08  1.80000000e+00  1.12675000e-08  4.33094029e-08 
 1.12725000e-08  0.00000000e+00  1.12725000e-08  1.80000000e+00  1.12725000e-08  3.02937625e-08 
 1.12775000e-08  0.00000000e+00  1.12775000e-08  1.80000000e+00  1.12775000e-08  2.14180577e-08 
 1.12825000e-08  0.00000000e+00  1.12825000e-08  1.80000000e+00  1.12825000e-08  1.53654831e-08 
 1.12875000e-08  0.00000000e+00  1.12875000e-08  1.80000000e+00  1.12875000e-08  1.12380746e-08 
 1.12925000e-08  0.00000000e+00  1.12925000e-08  1.80000000e+00  1.12925000e-08  8.42348704e-09 
 1.12975000e-08  0.00000000e+00  1.12975000e-08  1.80000000e+00  1.12975000e-08  6.50414639e-09 
 1.13025000e-08  0.00000000e+00  1.13025000e-08  1.80000000e+00  1.13025000e-08  5.19529794e-09 
 1.13075000e-08  0.00000000e+00  1.13075000e-08  1.80000000e+00  1.13075000e-08  4.30276004e-09 
 1.13125000e-08  0.00000000e+00  1.13125000e-08  1.80000000e+00  1.13125000e-08  3.69411516e-09 
 1.13175000e-08  0.00000000e+00  1.13175000e-08  1.80000000e+00  1.13175000e-08  3.27906435e-09 
 1.13225000e-08  0.00000000e+00  1.13225000e-08  1.80000000e+00  1.13225000e-08  2.99603037e-09 
 1.13275000e-08  0.00000000e+00  1.13275000e-08  1.80000000e+00  1.13275000e-08  2.80302212e-09 
 1.13325000e-08  0.00000000e+00  1.13325000e-08  1.80000000e+00  1.13325000e-08  2.67140476e-09 
 1.13375000e-08  0.00000000e+00  1.13375000e-08  1.80000000e+00  1.13375000e-08  2.58165145e-09 
 1.13425000e-08  0.00000000e+00  1.13425000e-08  1.80000000e+00  1.13425000e-08  2.52044632e-09 
 1.13475000e-08  0.00000000e+00  1.13475000e-08  1.80000000e+00  1.13475000e-08  2.47870895e-09 
 1.13525000e-08  0.00000000e+00  1.13525000e-08  1.80000000e+00  1.13525000e-08  2.45024715e-09 
 1.13575000e-08  0.00000000e+00  1.13575000e-08  1.80000000e+00  1.13575000e-08  2.43083831e-09 
 1.13625000e-08  0.00000000e+00  1.13625000e-08  1.80000000e+00  1.13625000e-08  2.41760291e-09 
 1.13675000e-08  0.00000000e+00  1.13675000e-08  1.80000000e+00  1.13675000e-08  2.40857735e-09 
 1.13725000e-08  0.00000000e+00  1.13725000e-08  1.80000000e+00  1.13725000e-08  2.40242258e-09 
 1.13775000e-08  0.00000000e+00  1.13775000e-08  1.80000000e+00  1.13775000e-08  2.39822548e-09 
 1.13825000e-08  0.00000000e+00  1.13825000e-08  1.80000000e+00  1.13825000e-08  2.39536337e-09 
 1.13875000e-08  0.00000000e+00  1.13875000e-08  1.80000000e+00  1.13875000e-08  2.39341163e-09 
 1.13925000e-08  0.00000000e+00  1.13925000e-08  1.80000000e+00  1.13925000e-08  2.39208068e-09 
 1.13975000e-08  0.00000000e+00  1.13975000e-08  1.80000000e+00  1.13975000e-08  2.39117307e-09 
 1.14025000e-08  0.00000000e+00  1.14025000e-08  1.80000000e+00  1.14025000e-08  2.39055415e-09 
 1.14075000e-08  0.00000000e+00  1.14075000e-08  1.80000000e+00  1.14075000e-08  2.39013209e-09 
 1.14125000e-08  0.00000000e+00  1.14125000e-08  1.80000000e+00  1.14125000e-08  2.38984428e-09 
 1.14175000e-08  0.00000000e+00  1.14175000e-08  1.80000000e+00  1.14175000e-08  2.38964801e-09 
 1.14225000e-08  0.00000000e+00  1.14225000e-08  1.80000000e+00  1.14225000e-08  2.38951417e-09 
 1.14275000e-08  0.00000000e+00  1.14275000e-08  1.80000000e+00  1.14275000e-08  2.38942290e-09 
 1.14325000e-08  0.00000000e+00  1.14325000e-08  1.80000000e+00  1.14325000e-08  2.38936067e-09 
 1.14375000e-08  0.00000000e+00  1.14375000e-08  1.80000000e+00  1.14375000e-08  2.38931822e-09 
 1.14425000e-08  0.00000000e+00  1.14425000e-08  1.80000000e+00  1.14425000e-08  2.38928928e-09 
 1.14475000e-08  0.00000000e+00  1.14475000e-08  1.80000000e+00  1.14475000e-08  2.38926955e-09 
 1.14525000e-08  0.00000000e+00  1.14525000e-08  1.80000000e+00  1.14525000e-08  2.38925609e-09 
 1.14575000e-08  0.00000000e+00  1.14575000e-08  1.80000000e+00  1.14575000e-08  2.38924691e-09 
 1.14625000e-08  0.00000000e+00  1.14625000e-08  1.80000000e+00  1.14625000e-08  2.38924065e-09 
 1.14675000e-08  0.00000000e+00  1.14675000e-08  1.80000000e+00  1.14675000e-08  2.38923638e-09 
 1.14725000e-08  0.00000000e+00  1.14725000e-08  1.80000000e+00  1.14725000e-08  2.38923347e-09 
 1.14775000e-08  0.00000000e+00  1.14775000e-08  1.80000000e+00  1.14775000e-08  2.38923149e-09 
 1.14825000e-08  0.00000000e+00  1.14825000e-08  1.80000000e+00  1.14825000e-08  2.38923013e-09 
 1.14875000e-08  0.00000000e+00  1.14875000e-08  1.80000000e+00  1.14875000e-08  2.38922921e-09 
 1.14925000e-08  0.00000000e+00  1.14925000e-08  1.80000000e+00  1.14925000e-08  2.38922858e-09 
 1.14975000e-08  0.00000000e+00  1.14975000e-08  1.80000000e+00  1.14975000e-08  2.38922815e-09 
 1.15025000e-08  0.00000000e+00  1.15025000e-08  1.80000000e+00  1.15025000e-08  2.38922786e-09 
 1.15075000e-08  0.00000000e+00  1.15075000e-08  1.80000000e+00  1.15075000e-08  2.38922766e-09 
 1.15125000e-08  0.00000000e+00  1.15125000e-08  1.80000000e+00  1.15125000e-08  2.38922752e-09 
 1.15175000e-08  0.00000000e+00  1.15175000e-08  1.80000000e+00  1.15175000e-08  2.38922743e-09 
 1.15225000e-08  0.00000000e+00  1.15225000e-08  1.80000000e+00  1.15225000e-08  2.38922737e-09 
 1.15275000e-08  0.00000000e+00  1.15275000e-08  1.80000000e+00  1.15275000e-08  2.38922732e-09 
 1.15325000e-08  0.00000000e+00  1.15325000e-08  1.80000000e+00  1.15325000e-08  2.38922729e-09 
 1.15375000e-08  0.00000000e+00  1.15375000e-08  1.80000000e+00  1.15375000e-08  2.38922727e-09 
 1.15425000e-08  0.00000000e+00  1.15425000e-08  1.80000000e+00  1.15425000e-08  2.38922726e-09 
 1.15475000e-08  0.00000000e+00  1.15475000e-08  1.80000000e+00  1.15475000e-08  2.38922725e-09 
 1.15525000e-08  0.00000000e+00  1.15525000e-08  1.80000000e+00  1.15525000e-08  2.38922725e-09 
 1.15575000e-08  0.00000000e+00  1.15575000e-08  1.80000000e+00  1.15575000e-08  2.38922724e-09 
 1.15625000e-08  0.00000000e+00  1.15625000e-08  1.80000000e+00  1.15625000e-08  2.38922724e-09 
 1.15675000e-08  0.00000000e+00  1.15675000e-08  1.80000000e+00  1.15675000e-08  2.38922724e-09 
 1.15725000e-08  0.00000000e+00  1.15725000e-08  1.80000000e+00  1.15725000e-08  2.38922723e-09 
 1.15775000e-08  0.00000000e+00  1.15775000e-08  1.80000000e+00  1.15775000e-08  2.38922723e-09 
 1.15825000e-08  0.00000000e+00  1.15825000e-08  1.80000000e+00  1.15825000e-08  2.38922723e-09 
 1.15875000e-08  0.00000000e+00  1.15875000e-08  1.80000000e+00  1.15875000e-08  2.38922723e-09 
 1.15925000e-08  0.00000000e+00  1.15925000e-08  1.80000000e+00  1.15925000e-08  2.38922723e-09 
 1.15975000e-08  0.00000000e+00  1.15975000e-08  1.80000000e+00  1.15975000e-08  2.38922723e-09 
 1.16025000e-08  0.00000000e+00  1.16025000e-08  1.80000000e+00  1.16025000e-08  2.38922723e-09 
 1.16075000e-08  0.00000000e+00  1.16075000e-08  1.80000000e+00  1.16075000e-08  2.38922723e-09 
 1.16125000e-08  0.00000000e+00  1.16125000e-08  1.80000000e+00  1.16125000e-08  2.38922723e-09 
 1.16175000e-08  0.00000000e+00  1.16175000e-08  1.80000000e+00  1.16175000e-08  2.38922723e-09 
 1.16225000e-08  0.00000000e+00  1.16225000e-08  1.80000000e+00  1.16225000e-08  2.38922723e-09 
 1.16275000e-08  0.00000000e+00  1.16275000e-08  1.80000000e+00  1.16275000e-08  2.38922723e-09 
 1.16325000e-08  0.00000000e+00  1.16325000e-08  1.80000000e+00  1.16325000e-08  2.38922723e-09 
 1.16375000e-08  0.00000000e+00  1.16375000e-08  1.80000000e+00  1.16375000e-08  2.38922723e-09 
 1.16425000e-08  0.00000000e+00  1.16425000e-08  1.80000000e+00  1.16425000e-08  2.38922723e-09 
 1.16475000e-08  0.00000000e+00  1.16475000e-08  1.80000000e+00  1.16475000e-08  2.38922723e-09 
 1.16525000e-08  0.00000000e+00  1.16525000e-08  1.80000000e+00  1.16525000e-08  2.38922723e-09 
 1.16575000e-08  0.00000000e+00  1.16575000e-08  1.80000000e+00  1.16575000e-08  2.38922723e-09 
 1.16625000e-08  0.00000000e+00  1.16625000e-08  1.80000000e+00  1.16625000e-08  2.38922723e-09 
 1.16675000e-08  0.00000000e+00  1.16675000e-08  1.80000000e+00  1.16675000e-08  2.38922723e-09 
 1.16725000e-08  0.00000000e+00  1.16725000e-08  1.80000000e+00  1.16725000e-08  2.38922723e-09 
 1.16775000e-08  0.00000000e+00  1.16775000e-08  1.80000000e+00  1.16775000e-08  2.38922723e-09 
 1.16825000e-08  0.00000000e+00  1.16825000e-08  1.80000000e+00  1.16825000e-08  2.38922723e-09 
 1.16875000e-08  0.00000000e+00  1.16875000e-08  1.80000000e+00  1.16875000e-08  2.38922723e-09 
 1.16925000e-08  0.00000000e+00  1.16925000e-08  1.80000000e+00  1.16925000e-08  2.38922723e-09 
 1.16975000e-08  0.00000000e+00  1.16975000e-08  1.80000000e+00  1.16975000e-08  2.38922723e-09 
 1.17025000e-08  0.00000000e+00  1.17025000e-08  1.80000000e+00  1.17025000e-08  2.38922723e-09 
 1.17075000e-08  0.00000000e+00  1.17075000e-08  1.80000000e+00  1.17075000e-08  2.38922723e-09 
 1.17125000e-08  0.00000000e+00  1.17125000e-08  1.80000000e+00  1.17125000e-08  2.38922723e-09 
 1.17175000e-08  0.00000000e+00  1.17175000e-08  1.80000000e+00  1.17175000e-08  2.38922723e-09 
 1.17225000e-08  0.00000000e+00  1.17225000e-08  1.80000000e+00  1.17225000e-08  2.38922723e-09 
 1.17275000e-08  0.00000000e+00  1.17275000e-08  1.80000000e+00  1.17275000e-08  2.38922723e-09 
 1.17325000e-08  0.00000000e+00  1.17325000e-08  1.80000000e+00  1.17325000e-08  2.38922723e-09 
 1.17375000e-08  0.00000000e+00  1.17375000e-08  1.80000000e+00  1.17375000e-08  2.38922723e-09 
 1.17425000e-08  0.00000000e+00  1.17425000e-08  1.80000000e+00  1.17425000e-08  2.38922723e-09 
 1.17475000e-08  0.00000000e+00  1.17475000e-08  1.80000000e+00  1.17475000e-08  2.38922723e-09 
 1.17525000e-08  0.00000000e+00  1.17525000e-08  1.80000000e+00  1.17525000e-08  2.38922723e-09 
 1.17575000e-08  0.00000000e+00  1.17575000e-08  1.80000000e+00  1.17575000e-08  2.38922723e-09 
 1.17625000e-08  0.00000000e+00  1.17625000e-08  1.80000000e+00  1.17625000e-08  2.38922723e-09 
 1.17675000e-08  0.00000000e+00  1.17675000e-08  1.80000000e+00  1.17675000e-08  2.38922723e-09 
 1.17725000e-08  0.00000000e+00  1.17725000e-08  1.80000000e+00  1.17725000e-08  2.38922723e-09 
 1.17775000e-08  0.00000000e+00  1.17775000e-08  1.80000000e+00  1.17775000e-08  2.38922723e-09 
 1.17825000e-08  0.00000000e+00  1.17825000e-08  1.80000000e+00  1.17825000e-08  2.38922723e-09 
 1.17875000e-08  0.00000000e+00  1.17875000e-08  1.80000000e+00  1.17875000e-08  2.38922723e-09 
 1.17925000e-08  0.00000000e+00  1.17925000e-08  1.80000000e+00  1.17925000e-08  2.38922723e-09 
 1.17975000e-08  0.00000000e+00  1.17975000e-08  1.80000000e+00  1.17975000e-08  2.38922723e-09 
 1.18025000e-08  0.00000000e+00  1.18025000e-08  1.80000000e+00  1.18025000e-08  2.38922723e-09 
 1.18075000e-08  0.00000000e+00  1.18075000e-08  1.80000000e+00  1.18075000e-08  2.38922723e-09 
 1.18125000e-08  0.00000000e+00  1.18125000e-08  1.80000000e+00  1.18125000e-08  2.38922723e-09 
 1.18175000e-08  0.00000000e+00  1.18175000e-08  1.80000000e+00  1.18175000e-08  2.38922723e-09 
 1.18225000e-08  0.00000000e+00  1.18225000e-08  1.80000000e+00  1.18225000e-08  2.38922723e-09 
 1.18275000e-08  0.00000000e+00  1.18275000e-08  1.80000000e+00  1.18275000e-08  2.38922723e-09 
 1.18325000e-08  0.00000000e+00  1.18325000e-08  1.80000000e+00  1.18325000e-08  2.38922723e-09 
 1.18375000e-08  0.00000000e+00  1.18375000e-08  1.80000000e+00  1.18375000e-08  2.38922723e-09 
 1.18425000e-08  0.00000000e+00  1.18425000e-08  1.80000000e+00  1.18425000e-08  2.38922723e-09 
 1.18475000e-08  0.00000000e+00  1.18475000e-08  1.80000000e+00  1.18475000e-08  2.38922723e-09 
 1.18525000e-08  0.00000000e+00  1.18525000e-08  1.80000000e+00  1.18525000e-08  2.38922723e-09 
 1.18575000e-08  0.00000000e+00  1.18575000e-08  1.80000000e+00  1.18575000e-08  2.38922723e-09 
 1.18625000e-08  0.00000000e+00  1.18625000e-08  1.80000000e+00  1.18625000e-08  2.38922723e-09 
 1.18675000e-08  0.00000000e+00  1.18675000e-08  1.80000000e+00  1.18675000e-08  2.38922723e-09 
 1.18725000e-08  0.00000000e+00  1.18725000e-08  1.80000000e+00  1.18725000e-08  2.38922723e-09 
 1.18775000e-08  0.00000000e+00  1.18775000e-08  1.80000000e+00  1.18775000e-08  2.38922723e-09 
 1.18825000e-08  0.00000000e+00  1.18825000e-08  1.80000000e+00  1.18825000e-08  2.38922723e-09 
 1.18875000e-08  0.00000000e+00  1.18875000e-08  1.80000000e+00  1.18875000e-08  2.38922723e-09 
 1.18925000e-08  0.00000000e+00  1.18925000e-08  1.80000000e+00  1.18925000e-08  2.38922723e-09 
 1.18975000e-08  0.00000000e+00  1.18975000e-08  1.80000000e+00  1.18975000e-08  2.38922723e-09 
 1.19025000e-08  0.00000000e+00  1.19025000e-08  1.80000000e+00  1.19025000e-08  2.38922723e-09 
 1.19075000e-08  0.00000000e+00  1.19075000e-08  1.80000000e+00  1.19075000e-08  2.38922723e-09 
 1.19125000e-08  0.00000000e+00  1.19125000e-08  1.80000000e+00  1.19125000e-08  2.38922723e-09 
 1.19175000e-08  0.00000000e+00  1.19175000e-08  1.80000000e+00  1.19175000e-08  2.38922723e-09 
 1.19225000e-08  0.00000000e+00  1.19225000e-08  1.80000000e+00  1.19225000e-08  2.38922723e-09 
 1.19275000e-08  0.00000000e+00  1.19275000e-08  1.80000000e+00  1.19275000e-08  2.38922723e-09 
 1.19325000e-08  0.00000000e+00  1.19325000e-08  1.80000000e+00  1.19325000e-08  2.38922723e-09 
 1.19375000e-08  0.00000000e+00  1.19375000e-08  1.80000000e+00  1.19375000e-08  2.38922723e-09 
 1.19425000e-08  0.00000000e+00  1.19425000e-08  1.80000000e+00  1.19425000e-08  2.38922723e-09 
 1.19475000e-08  0.00000000e+00  1.19475000e-08  1.80000000e+00  1.19475000e-08  2.38922723e-09 
 1.19525000e-08  0.00000000e+00  1.19525000e-08  1.80000000e+00  1.19525000e-08  2.38922723e-09 
 1.19575000e-08  0.00000000e+00  1.19575000e-08  1.80000000e+00  1.19575000e-08  2.38922723e-09 
 1.19625000e-08  0.00000000e+00  1.19625000e-08  1.80000000e+00  1.19625000e-08  2.38922723e-09 
 1.19675000e-08  0.00000000e+00  1.19675000e-08  1.80000000e+00  1.19675000e-08  2.38922723e-09 
 1.19725000e-08  0.00000000e+00  1.19725000e-08  1.80000000e+00  1.19725000e-08  2.38922723e-09 
 1.19775000e-08  0.00000000e+00  1.19775000e-08  1.80000000e+00  1.19775000e-08  2.38922723e-09 
 1.19825000e-08  0.00000000e+00  1.19825000e-08  1.80000000e+00  1.19825000e-08  2.38922723e-09 
 1.19875000e-08  0.00000000e+00  1.19875000e-08  1.80000000e+00  1.19875000e-08  2.38922723e-09 
 1.19925000e-08  0.00000000e+00  1.19925000e-08  1.80000000e+00  1.19925000e-08  2.38922723e-09 
 1.19975000e-08  0.00000000e+00  1.19975000e-08  1.80000000e+00  1.19975000e-08  2.38922723e-09 
 1.20025000e-08  0.00000000e+00  1.20025000e-08  1.80000000e+00  1.20025000e-08  2.38922723e-09 
 1.20075000e-08  0.00000000e+00  1.20075000e-08  1.80000000e+00  1.20075000e-08  2.38922723e-09 
 1.20125000e-08  0.00000000e+00  1.20125000e-08  1.80000000e+00  1.20125000e-08  2.38922723e-09 
 1.20175000e-08  0.00000000e+00  1.20175000e-08  1.80000000e+00  1.20175000e-08  2.38922723e-09 
 1.20225000e-08  0.00000000e+00  1.20225000e-08  1.80000000e+00  1.20225000e-08  2.38922723e-09 
 1.20275000e-08  0.00000000e+00  1.20275000e-08  1.80000000e+00  1.20275000e-08  2.38922723e-09 
 1.20325000e-08  0.00000000e+00  1.20325000e-08  1.80000000e+00  1.20325000e-08  2.38922723e-09 
 1.20375000e-08  0.00000000e+00  1.20375000e-08  1.80000000e+00  1.20375000e-08  2.38922723e-09 
 1.20425000e-08  0.00000000e+00  1.20425000e-08  1.80000000e+00  1.20425000e-08  2.38922723e-09 
 1.20475000e-08  0.00000000e+00  1.20475000e-08  1.80000000e+00  1.20475000e-08  2.38922723e-09 
 1.20525000e-08  0.00000000e+00  1.20525000e-08  1.80000000e+00  1.20525000e-08  2.38922723e-09 
 1.20575000e-08  0.00000000e+00  1.20575000e-08  1.80000000e+00  1.20575000e-08  2.38922723e-09 
 1.20625000e-08  0.00000000e+00  1.20625000e-08  1.80000000e+00  1.20625000e-08  2.38922723e-09 
 1.20675000e-08  0.00000000e+00  1.20675000e-08  1.80000000e+00  1.20675000e-08  2.38922723e-09 
 1.20725000e-08  0.00000000e+00  1.20725000e-08  1.80000000e+00  1.20725000e-08  2.38922723e-09 
 1.20775000e-08  0.00000000e+00  1.20775000e-08  1.80000000e+00  1.20775000e-08  2.38922723e-09 
 1.20825000e-08  0.00000000e+00  1.20825000e-08  1.80000000e+00  1.20825000e-08  2.38922723e-09 
 1.20875000e-08  0.00000000e+00  1.20875000e-08  1.80000000e+00  1.20875000e-08  2.38922723e-09 
 1.20925000e-08  0.00000000e+00  1.20925000e-08  1.80000000e+00  1.20925000e-08  2.38922723e-09 
 1.20975000e-08  0.00000000e+00  1.20975000e-08  1.80000000e+00  1.20975000e-08  2.38922723e-09 
 1.21025000e-08  0.00000000e+00  1.21025000e-08  1.80000000e+00  1.21025000e-08  2.38922723e-09 
 1.21075000e-08  0.00000000e+00  1.21075000e-08  1.80000000e+00  1.21075000e-08  2.38922723e-09 
 1.21125000e-08  0.00000000e+00  1.21125000e-08  1.80000000e+00  1.21125000e-08  2.38922723e-09 
 1.21175000e-08  0.00000000e+00  1.21175000e-08  1.80000000e+00  1.21175000e-08  2.38922723e-09 
 1.21225000e-08  0.00000000e+00  1.21225000e-08  1.80000000e+00  1.21225000e-08  2.38922723e-09 
 1.21275000e-08  0.00000000e+00  1.21275000e-08  1.80000000e+00  1.21275000e-08  2.38922723e-09 
 1.21325000e-08  0.00000000e+00  1.21325000e-08  1.80000000e+00  1.21325000e-08  2.38922723e-09 
 1.21375000e-08  0.00000000e+00  1.21375000e-08  1.80000000e+00  1.21375000e-08  2.38922723e-09 
 1.21425000e-08  0.00000000e+00  1.21425000e-08  1.80000000e+00  1.21425000e-08  2.38922723e-09 
 1.21475000e-08  0.00000000e+00  1.21475000e-08  1.80000000e+00  1.21475000e-08  2.38922723e-09 
 1.21525000e-08  0.00000000e+00  1.21525000e-08  1.80000000e+00  1.21525000e-08  2.38922723e-09 
 1.21575000e-08  0.00000000e+00  1.21575000e-08  1.80000000e+00  1.21575000e-08  2.38922723e-09 
 1.21625000e-08  0.00000000e+00  1.21625000e-08  1.80000000e+00  1.21625000e-08  2.38922723e-09 
 1.21675000e-08  0.00000000e+00  1.21675000e-08  1.80000000e+00  1.21675000e-08  2.38922723e-09 
 1.21725000e-08  0.00000000e+00  1.21725000e-08  1.80000000e+00  1.21725000e-08  2.38922723e-09 
 1.21775000e-08  0.00000000e+00  1.21775000e-08  1.80000000e+00  1.21775000e-08  2.38922723e-09 
 1.21825000e-08  0.00000000e+00  1.21825000e-08  1.80000000e+00  1.21825000e-08  2.38922723e-09 
 1.21875000e-08  0.00000000e+00  1.21875000e-08  1.80000000e+00  1.21875000e-08  2.38922723e-09 
 1.21925000e-08  0.00000000e+00  1.21925000e-08  1.80000000e+00  1.21925000e-08  2.38922723e-09 
 1.21975000e-08  0.00000000e+00  1.21975000e-08  1.80000000e+00  1.21975000e-08  2.38922723e-09 
 1.22025000e-08  0.00000000e+00  1.22025000e-08  1.80000000e+00  1.22025000e-08  2.38922723e-09 
 1.22075000e-08  0.00000000e+00  1.22075000e-08  1.80000000e+00  1.22075000e-08  2.38922723e-09 
 1.22125000e-08  0.00000000e+00  1.22125000e-08  1.80000000e+00  1.22125000e-08  2.38922723e-09 
 1.22175000e-08  0.00000000e+00  1.22175000e-08  1.80000000e+00  1.22175000e-08  2.38922723e-09 
 1.22225000e-08  0.00000000e+00  1.22225000e-08  1.80000000e+00  1.22225000e-08  2.38922723e-09 
 1.22275000e-08  0.00000000e+00  1.22275000e-08  1.80000000e+00  1.22275000e-08  2.38922723e-09 
 1.22325000e-08  0.00000000e+00  1.22325000e-08  1.80000000e+00  1.22325000e-08  2.38922723e-09 
 1.22375000e-08  0.00000000e+00  1.22375000e-08  1.80000000e+00  1.22375000e-08  2.38922723e-09 
 1.22425000e-08  0.00000000e+00  1.22425000e-08  1.80000000e+00  1.22425000e-08  2.38922723e-09 
 1.22475000e-08  0.00000000e+00  1.22475000e-08  1.80000000e+00  1.22475000e-08  2.38922723e-09 
 1.22525000e-08  0.00000000e+00  1.22525000e-08  1.80000000e+00  1.22525000e-08  2.38922723e-09 
 1.22575000e-08  0.00000000e+00  1.22575000e-08  1.80000000e+00  1.22575000e-08  2.38922723e-09 
 1.22625000e-08  0.00000000e+00  1.22625000e-08  1.80000000e+00  1.22625000e-08  2.38922723e-09 
 1.22675000e-08  0.00000000e+00  1.22675000e-08  1.80000000e+00  1.22675000e-08  2.38922723e-09 
 1.22725000e-08  0.00000000e+00  1.22725000e-08  1.80000000e+00  1.22725000e-08  2.38922723e-09 
 1.22775000e-08  0.00000000e+00  1.22775000e-08  1.80000000e+00  1.22775000e-08  2.38922723e-09 
 1.22825000e-08  0.00000000e+00  1.22825000e-08  1.80000000e+00  1.22825000e-08  2.38922723e-09 
 1.22875000e-08  0.00000000e+00  1.22875000e-08  1.80000000e+00  1.22875000e-08  2.38922723e-09 
 1.22925000e-08  0.00000000e+00  1.22925000e-08  1.80000000e+00  1.22925000e-08  2.38922723e-09 
 1.22975000e-08  0.00000000e+00  1.22975000e-08  1.80000000e+00  1.22975000e-08  2.38922723e-09 
 1.23025000e-08  0.00000000e+00  1.23025000e-08  1.80000000e+00  1.23025000e-08  2.38922723e-09 
 1.23075000e-08  0.00000000e+00  1.23075000e-08  1.80000000e+00  1.23075000e-08  2.38922723e-09 
 1.23125000e-08  0.00000000e+00  1.23125000e-08  1.80000000e+00  1.23125000e-08  2.38922723e-09 
 1.23175000e-08  0.00000000e+00  1.23175000e-08  1.80000000e+00  1.23175000e-08  2.38922723e-09 
 1.23225000e-08  0.00000000e+00  1.23225000e-08  1.80000000e+00  1.23225000e-08  2.38922723e-09 
 1.23275000e-08  0.00000000e+00  1.23275000e-08  1.80000000e+00  1.23275000e-08  2.38922723e-09 
 1.23325000e-08  0.00000000e+00  1.23325000e-08  1.80000000e+00  1.23325000e-08  2.38922723e-09 
 1.23375000e-08  0.00000000e+00  1.23375000e-08  1.80000000e+00  1.23375000e-08  2.38922723e-09 
 1.23425000e-08  0.00000000e+00  1.23425000e-08  1.80000000e+00  1.23425000e-08  2.38922723e-09 
 1.23475000e-08  0.00000000e+00  1.23475000e-08  1.80000000e+00  1.23475000e-08  2.38922723e-09 
 1.23525000e-08  0.00000000e+00  1.23525000e-08  1.80000000e+00  1.23525000e-08  2.38922723e-09 
 1.23575000e-08  0.00000000e+00  1.23575000e-08  1.80000000e+00  1.23575000e-08  2.38922723e-09 
 1.23625000e-08  0.00000000e+00  1.23625000e-08  1.80000000e+00  1.23625000e-08  2.38922723e-09 
 1.23675000e-08  0.00000000e+00  1.23675000e-08  1.80000000e+00  1.23675000e-08  2.38922723e-09 
 1.23725000e-08  0.00000000e+00  1.23725000e-08  1.80000000e+00  1.23725000e-08  2.38922723e-09 
 1.23775000e-08  0.00000000e+00  1.23775000e-08  1.80000000e+00  1.23775000e-08  2.38922723e-09 
 1.23825000e-08  0.00000000e+00  1.23825000e-08  1.80000000e+00  1.23825000e-08  2.38922723e-09 
 1.23875000e-08  0.00000000e+00  1.23875000e-08  1.80000000e+00  1.23875000e-08  2.38922723e-09 
 1.23925000e-08  0.00000000e+00  1.23925000e-08  1.80000000e+00  1.23925000e-08  2.38922723e-09 
 1.23975000e-08  0.00000000e+00  1.23975000e-08  1.80000000e+00  1.23975000e-08  2.38922723e-09 
 1.24025000e-08  0.00000000e+00  1.24025000e-08  1.80000000e+00  1.24025000e-08  2.38922723e-09 
 1.24075000e-08  0.00000000e+00  1.24075000e-08  1.80000000e+00  1.24075000e-08  2.38922723e-09 
 1.24125000e-08  0.00000000e+00  1.24125000e-08  1.80000000e+00  1.24125000e-08  2.38922723e-09 
 1.24175000e-08  0.00000000e+00  1.24175000e-08  1.80000000e+00  1.24175000e-08  2.38922723e-09 
 1.24225000e-08  0.00000000e+00  1.24225000e-08  1.80000000e+00  1.24225000e-08  2.38922723e-09 
 1.24275000e-08  0.00000000e+00  1.24275000e-08  1.80000000e+00  1.24275000e-08  2.38922723e-09 
 1.24325000e-08  0.00000000e+00  1.24325000e-08  1.80000000e+00  1.24325000e-08  2.38922723e-09 
 1.24375000e-08  0.00000000e+00  1.24375000e-08  1.80000000e+00  1.24375000e-08  2.38922723e-09 
 1.24425000e-08  0.00000000e+00  1.24425000e-08  1.80000000e+00  1.24425000e-08  2.38922723e-09 
 1.24475000e-08  0.00000000e+00  1.24475000e-08  1.80000000e+00  1.24475000e-08  2.38922723e-09 
 1.24525000e-08  0.00000000e+00  1.24525000e-08  1.80000000e+00  1.24525000e-08  2.38922723e-09 
 1.24575000e-08  0.00000000e+00  1.24575000e-08  1.80000000e+00  1.24575000e-08  2.38922723e-09 
 1.24625000e-08  0.00000000e+00  1.24625000e-08  1.80000000e+00  1.24625000e-08  2.38922723e-09 
 1.24675000e-08  0.00000000e+00  1.24675000e-08  1.80000000e+00  1.24675000e-08  2.38922723e-09 
 1.24725000e-08  0.00000000e+00  1.24725000e-08  1.80000000e+00  1.24725000e-08  2.38922723e-09 
 1.24775000e-08  0.00000000e+00  1.24775000e-08  1.80000000e+00  1.24775000e-08  2.38922723e-09 
 1.24825000e-08  0.00000000e+00  1.24825000e-08  1.80000000e+00  1.24825000e-08  2.38922723e-09 
 1.24875000e-08  0.00000000e+00  1.24875000e-08  1.80000000e+00  1.24875000e-08  2.38922723e-09 
 1.24925000e-08  0.00000000e+00  1.24925000e-08  1.80000000e+00  1.24925000e-08  2.38922723e-09 
 1.24975000e-08  0.00000000e+00  1.24975000e-08  1.80000000e+00  1.24975000e-08  2.38922723e-09 
 1.25025000e-08  0.00000000e+00  1.25025000e-08  1.80000000e+00  1.25025000e-08  2.38922723e-09 
 1.25075000e-08  0.00000000e+00  1.25075000e-08  1.80000000e+00  1.25075000e-08  2.38922723e-09 
 1.25125000e-08  0.00000000e+00  1.25125000e-08  1.80000000e+00  1.25125000e-08  2.38922723e-09 
 1.25175000e-08  0.00000000e+00  1.25175000e-08  1.80000000e+00  1.25175000e-08  2.38922723e-09 
 1.25225000e-08  0.00000000e+00  1.25225000e-08  1.80000000e+00  1.25225000e-08  2.38922723e-09 
 1.25275000e-08  0.00000000e+00  1.25275000e-08  1.80000000e+00  1.25275000e-08  2.38922723e-09 
 1.25325000e-08  0.00000000e+00  1.25325000e-08  1.80000000e+00  1.25325000e-08  2.38922723e-09 
 1.25375000e-08  0.00000000e+00  1.25375000e-08  1.80000000e+00  1.25375000e-08  2.38922723e-09 
 1.25425000e-08  0.00000000e+00  1.25425000e-08  1.80000000e+00  1.25425000e-08  2.38922723e-09 
 1.25475000e-08  0.00000000e+00  1.25475000e-08  1.80000000e+00  1.25475000e-08  2.38922723e-09 
 1.25525000e-08  0.00000000e+00  1.25525000e-08  1.80000000e+00  1.25525000e-08  2.38922723e-09 
 1.25575000e-08  0.00000000e+00  1.25575000e-08  1.80000000e+00  1.25575000e-08  2.38922723e-09 
 1.25625000e-08  0.00000000e+00  1.25625000e-08  1.80000000e+00  1.25625000e-08  2.38922723e-09 
 1.25675000e-08  0.00000000e+00  1.25675000e-08  1.80000000e+00  1.25675000e-08  2.38922723e-09 
 1.25725000e-08  0.00000000e+00  1.25725000e-08  1.80000000e+00  1.25725000e-08  2.38922723e-09 
 1.25775000e-08  0.00000000e+00  1.25775000e-08  1.80000000e+00  1.25775000e-08  2.38922723e-09 
 1.25825000e-08  0.00000000e+00  1.25825000e-08  1.80000000e+00  1.25825000e-08  2.38922723e-09 
 1.25875000e-08  0.00000000e+00  1.25875000e-08  1.80000000e+00  1.25875000e-08  2.38922723e-09 
 1.25925000e-08  0.00000000e+00  1.25925000e-08  1.80000000e+00  1.25925000e-08  2.38922723e-09 
 1.25975000e-08  0.00000000e+00  1.25975000e-08  1.80000000e+00  1.25975000e-08  2.38922723e-09 
 1.26025000e-08  0.00000000e+00  1.26025000e-08  1.80000000e+00  1.26025000e-08  2.38922723e-09 
 1.26075000e-08  0.00000000e+00  1.26075000e-08  1.80000000e+00  1.26075000e-08  2.38922723e-09 
 1.26125000e-08  0.00000000e+00  1.26125000e-08  1.80000000e+00  1.26125000e-08  2.38922723e-09 
 1.26175000e-08  0.00000000e+00  1.26175000e-08  1.80000000e+00  1.26175000e-08  2.38922723e-09 
 1.26225000e-08  0.00000000e+00  1.26225000e-08  1.80000000e+00  1.26225000e-08  2.38922723e-09 
 1.26275000e-08  0.00000000e+00  1.26275000e-08  1.80000000e+00  1.26275000e-08  2.38922723e-09 
 1.26325000e-08  0.00000000e+00  1.26325000e-08  1.80000000e+00  1.26325000e-08  2.38922723e-09 
 1.26375000e-08  0.00000000e+00  1.26375000e-08  1.80000000e+00  1.26375000e-08  2.38922723e-09 
 1.26425000e-08  0.00000000e+00  1.26425000e-08  1.80000000e+00  1.26425000e-08  2.38922723e-09 
 1.26475000e-08  0.00000000e+00  1.26475000e-08  1.80000000e+00  1.26475000e-08  2.38922723e-09 
 1.26525000e-08  0.00000000e+00  1.26525000e-08  1.80000000e+00  1.26525000e-08  2.38922723e-09 
 1.26575000e-08  0.00000000e+00  1.26575000e-08  1.80000000e+00  1.26575000e-08  2.38922723e-09 
 1.26625000e-08  0.00000000e+00  1.26625000e-08  1.80000000e+00  1.26625000e-08  2.38922723e-09 
 1.26675000e-08  0.00000000e+00  1.26675000e-08  1.80000000e+00  1.26675000e-08  2.38922723e-09 
 1.26725000e-08  0.00000000e+00  1.26725000e-08  1.80000000e+00  1.26725000e-08  2.38922723e-09 
 1.26775000e-08  0.00000000e+00  1.26775000e-08  1.80000000e+00  1.26775000e-08  2.38922723e-09 
 1.26825000e-08  0.00000000e+00  1.26825000e-08  1.80000000e+00  1.26825000e-08  2.38922723e-09 
 1.26875000e-08  0.00000000e+00  1.26875000e-08  1.80000000e+00  1.26875000e-08  2.38922723e-09 
 1.26925000e-08  0.00000000e+00  1.26925000e-08  1.80000000e+00  1.26925000e-08  2.38922723e-09 
 1.26975000e-08  0.00000000e+00  1.26975000e-08  1.80000000e+00  1.26975000e-08  2.38922723e-09 
 1.27025000e-08  0.00000000e+00  1.27025000e-08  1.80000000e+00  1.27025000e-08  2.38922723e-09 
 1.27075000e-08  0.00000000e+00  1.27075000e-08  1.80000000e+00  1.27075000e-08  2.38922723e-09 
 1.27125000e-08  0.00000000e+00  1.27125000e-08  1.80000000e+00  1.27125000e-08  2.38922723e-09 
 1.27175000e-08  0.00000000e+00  1.27175000e-08  1.80000000e+00  1.27175000e-08  2.38922723e-09 
 1.27225000e-08  0.00000000e+00  1.27225000e-08  1.80000000e+00  1.27225000e-08  2.38922723e-09 
 1.27275000e-08  0.00000000e+00  1.27275000e-08  1.80000000e+00  1.27275000e-08  2.38922723e-09 
 1.27325000e-08  0.00000000e+00  1.27325000e-08  1.80000000e+00  1.27325000e-08  2.38922723e-09 
 1.27375000e-08  0.00000000e+00  1.27375000e-08  1.80000000e+00  1.27375000e-08  2.38922723e-09 
 1.27425000e-08  0.00000000e+00  1.27425000e-08  1.80000000e+00  1.27425000e-08  2.38922723e-09 
 1.27475000e-08  0.00000000e+00  1.27475000e-08  1.80000000e+00  1.27475000e-08  2.38922723e-09 
 1.27525000e-08  0.00000000e+00  1.27525000e-08  1.80000000e+00  1.27525000e-08  2.38922723e-09 
 1.27575000e-08  0.00000000e+00  1.27575000e-08  1.80000000e+00  1.27575000e-08  2.38922723e-09 
 1.27625000e-08  0.00000000e+00  1.27625000e-08  1.80000000e+00  1.27625000e-08  2.38922723e-09 
 1.27675000e-08  0.00000000e+00  1.27675000e-08  1.80000000e+00  1.27675000e-08  2.38922723e-09 
 1.27725000e-08  0.00000000e+00  1.27725000e-08  1.80000000e+00  1.27725000e-08  2.38922723e-09 
 1.27775000e-08  0.00000000e+00  1.27775000e-08  1.80000000e+00  1.27775000e-08  2.38922723e-09 
 1.27825000e-08  0.00000000e+00  1.27825000e-08  1.80000000e+00  1.27825000e-08  2.38922723e-09 
 1.27875000e-08  0.00000000e+00  1.27875000e-08  1.80000000e+00  1.27875000e-08  2.38922723e-09 
 1.27925000e-08  0.00000000e+00  1.27925000e-08  1.80000000e+00  1.27925000e-08  2.38922723e-09 
 1.27975000e-08  0.00000000e+00  1.27975000e-08  1.80000000e+00  1.27975000e-08  2.38922723e-09 
 1.28025000e-08  0.00000000e+00  1.28025000e-08  1.80000000e+00  1.28025000e-08  2.38922723e-09 
 1.28075000e-08  0.00000000e+00  1.28075000e-08  1.80000000e+00  1.28075000e-08  2.38922723e-09 
 1.28125000e-08  0.00000000e+00  1.28125000e-08  1.80000000e+00  1.28125000e-08  2.38922723e-09 
 1.28175000e-08  0.00000000e+00  1.28175000e-08  1.80000000e+00  1.28175000e-08  2.38922723e-09 
 1.28225000e-08  0.00000000e+00  1.28225000e-08  1.80000000e+00  1.28225000e-08  2.38922723e-09 
 1.28275000e-08  0.00000000e+00  1.28275000e-08  1.80000000e+00  1.28275000e-08  2.38922723e-09 
 1.28325000e-08  0.00000000e+00  1.28325000e-08  1.80000000e+00  1.28325000e-08  2.38922723e-09 
 1.28375000e-08  0.00000000e+00  1.28375000e-08  1.80000000e+00  1.28375000e-08  2.38922723e-09 
 1.28425000e-08  0.00000000e+00  1.28425000e-08  1.80000000e+00  1.28425000e-08  2.38922723e-09 
 1.28475000e-08  0.00000000e+00  1.28475000e-08  1.80000000e+00  1.28475000e-08  2.38922723e-09 
 1.28525000e-08  0.00000000e+00  1.28525000e-08  1.80000000e+00  1.28525000e-08  2.38922723e-09 
 1.28575000e-08  0.00000000e+00  1.28575000e-08  1.80000000e+00  1.28575000e-08  2.38922723e-09 
 1.28625000e-08  0.00000000e+00  1.28625000e-08  1.80000000e+00  1.28625000e-08  2.38922723e-09 
 1.28675000e-08  0.00000000e+00  1.28675000e-08  1.80000000e+00  1.28675000e-08  2.38922723e-09 
 1.28725000e-08  0.00000000e+00  1.28725000e-08  1.80000000e+00  1.28725000e-08  2.38922723e-09 
 1.28775000e-08  0.00000000e+00  1.28775000e-08  1.80000000e+00  1.28775000e-08  2.38922723e-09 
 1.28825000e-08  0.00000000e+00  1.28825000e-08  1.80000000e+00  1.28825000e-08  2.38922723e-09 
 1.28875000e-08  0.00000000e+00  1.28875000e-08  1.80000000e+00  1.28875000e-08  2.38922723e-09 
 1.28925000e-08  0.00000000e+00  1.28925000e-08  1.80000000e+00  1.28925000e-08  2.38922723e-09 
 1.28975000e-08  0.00000000e+00  1.28975000e-08  1.80000000e+00  1.28975000e-08  2.38922723e-09 
 1.29025000e-08  0.00000000e+00  1.29025000e-08  1.80000000e+00  1.29025000e-08  2.38922723e-09 
 1.29075000e-08  0.00000000e+00  1.29075000e-08  1.80000000e+00  1.29075000e-08  2.38922723e-09 
 1.29125000e-08  0.00000000e+00  1.29125000e-08  1.80000000e+00  1.29125000e-08  2.38922723e-09 
 1.29175000e-08  0.00000000e+00  1.29175000e-08  1.80000000e+00  1.29175000e-08  2.38922723e-09 
 1.29225000e-08  0.00000000e+00  1.29225000e-08  1.80000000e+00  1.29225000e-08  2.38922723e-09 
 1.29275000e-08  0.00000000e+00  1.29275000e-08  1.80000000e+00  1.29275000e-08  2.38922723e-09 
 1.29325000e-08  0.00000000e+00  1.29325000e-08  1.80000000e+00  1.29325000e-08  2.38922723e-09 
 1.29375000e-08  0.00000000e+00  1.29375000e-08  1.80000000e+00  1.29375000e-08  2.38922723e-09 
 1.29425000e-08  0.00000000e+00  1.29425000e-08  1.80000000e+00  1.29425000e-08  2.38922723e-09 
 1.29475000e-08  0.00000000e+00  1.29475000e-08  1.80000000e+00  1.29475000e-08  2.38922723e-09 
 1.29525000e-08  0.00000000e+00  1.29525000e-08  1.80000000e+00  1.29525000e-08  2.38922723e-09 
 1.29575000e-08  0.00000000e+00  1.29575000e-08  1.80000000e+00  1.29575000e-08  2.38922723e-09 
 1.29625000e-08  0.00000000e+00  1.29625000e-08  1.80000000e+00  1.29625000e-08  2.38922723e-09 
 1.29675000e-08  0.00000000e+00  1.29675000e-08  1.80000000e+00  1.29675000e-08  2.38922723e-09 
 1.29725000e-08  0.00000000e+00  1.29725000e-08  1.80000000e+00  1.29725000e-08  2.38922723e-09 
 1.29775000e-08  0.00000000e+00  1.29775000e-08  1.80000000e+00  1.29775000e-08  2.38922723e-09 
 1.29825000e-08  0.00000000e+00  1.29825000e-08  1.80000000e+00  1.29825000e-08  2.38922723e-09 
 1.29875000e-08  0.00000000e+00  1.29875000e-08  1.80000000e+00  1.29875000e-08  2.38922723e-09 
 1.29925000e-08  0.00000000e+00  1.29925000e-08  1.80000000e+00  1.29925000e-08  2.38922723e-09 
 1.29975000e-08  0.00000000e+00  1.29975000e-08  1.80000000e+00  1.29975000e-08  2.38922723e-09 
 1.30025000e-08  0.00000000e+00  1.30025000e-08  1.80000000e+00  1.30025000e-08  2.38922723e-09 
 1.30075000e-08  0.00000000e+00  1.30075000e-08  1.80000000e+00  1.30075000e-08  2.38922723e-09 
 1.30125000e-08  0.00000000e+00  1.30125000e-08  1.80000000e+00  1.30125000e-08  2.38922723e-09 
 1.30175000e-08  0.00000000e+00  1.30175000e-08  1.80000000e+00  1.30175000e-08  2.38922723e-09 
 1.30225000e-08  0.00000000e+00  1.30225000e-08  1.80000000e+00  1.30225000e-08  2.38922723e-09 
 1.30275000e-08  0.00000000e+00  1.30275000e-08  1.80000000e+00  1.30275000e-08  2.38922723e-09 
 1.30325000e-08  0.00000000e+00  1.30325000e-08  1.80000000e+00  1.30325000e-08  2.38922723e-09 
 1.30375000e-08  0.00000000e+00  1.30375000e-08  1.80000000e+00  1.30375000e-08  2.38922723e-09 
 1.30425000e-08  0.00000000e+00  1.30425000e-08  1.80000000e+00  1.30425000e-08  2.38922723e-09 
 1.30475000e-08  0.00000000e+00  1.30475000e-08  1.80000000e+00  1.30475000e-08  2.38922723e-09 
 1.30525000e-08  0.00000000e+00  1.30525000e-08  1.80000000e+00  1.30525000e-08  2.38922723e-09 
 1.30575000e-08  0.00000000e+00  1.30575000e-08  1.80000000e+00  1.30575000e-08  2.38922723e-09 
 1.30625000e-08  0.00000000e+00  1.30625000e-08  1.80000000e+00  1.30625000e-08  2.38922723e-09 
 1.30675000e-08  0.00000000e+00  1.30675000e-08  1.80000000e+00  1.30675000e-08  2.38922723e-09 
 1.30725000e-08  0.00000000e+00  1.30725000e-08  1.80000000e+00  1.30725000e-08  2.38922723e-09 
 1.30775000e-08  0.00000000e+00  1.30775000e-08  1.80000000e+00  1.30775000e-08  2.38922723e-09 
 1.30825000e-08  0.00000000e+00  1.30825000e-08  1.80000000e+00  1.30825000e-08  2.38922723e-09 
 1.30875000e-08  0.00000000e+00  1.30875000e-08  1.80000000e+00  1.30875000e-08  2.38922723e-09 
 1.30925000e-08  0.00000000e+00  1.30925000e-08  1.80000000e+00  1.30925000e-08  2.38922723e-09 
 1.30975000e-08  0.00000000e+00  1.30975000e-08  1.80000000e+00  1.30975000e-08  2.38922723e-09 
 1.31025000e-08  0.00000000e+00  1.31025000e-08  1.80000000e+00  1.31025000e-08  2.38922723e-09 
 1.31075000e-08  0.00000000e+00  1.31075000e-08  1.80000000e+00  1.31075000e-08  2.38922723e-09 
 1.31125000e-08  0.00000000e+00  1.31125000e-08  1.80000000e+00  1.31125000e-08  2.38922723e-09 
 1.31175000e-08  0.00000000e+00  1.31175000e-08  1.80000000e+00  1.31175000e-08  2.38922723e-09 
 1.31225000e-08  0.00000000e+00  1.31225000e-08  1.80000000e+00  1.31225000e-08  2.38922723e-09 
 1.31275000e-08  0.00000000e+00  1.31275000e-08  1.80000000e+00  1.31275000e-08  2.38922723e-09 
 1.31325000e-08  0.00000000e+00  1.31325000e-08  1.80000000e+00  1.31325000e-08  2.38922723e-09 
 1.31375000e-08  0.00000000e+00  1.31375000e-08  1.80000000e+00  1.31375000e-08  2.38922723e-09 
 1.31425000e-08  0.00000000e+00  1.31425000e-08  1.80000000e+00  1.31425000e-08  2.38922723e-09 
 1.31475000e-08  0.00000000e+00  1.31475000e-08  1.80000000e+00  1.31475000e-08  2.38922723e-09 
 1.31525000e-08  0.00000000e+00  1.31525000e-08  1.80000000e+00  1.31525000e-08  2.38922723e-09 
 1.31575000e-08  0.00000000e+00  1.31575000e-08  1.80000000e+00  1.31575000e-08  2.38922723e-09 
 1.31625000e-08  0.00000000e+00  1.31625000e-08  1.80000000e+00  1.31625000e-08  2.38922723e-09 
 1.31675000e-08  0.00000000e+00  1.31675000e-08  1.80000000e+00  1.31675000e-08  2.38922723e-09 
 1.31725000e-08  0.00000000e+00  1.31725000e-08  1.80000000e+00  1.31725000e-08  2.38922723e-09 
 1.31775000e-08  0.00000000e+00  1.31775000e-08  1.80000000e+00  1.31775000e-08  2.38922723e-09 
 1.31825000e-08  0.00000000e+00  1.31825000e-08  1.80000000e+00  1.31825000e-08  2.38922723e-09 
 1.31875000e-08  0.00000000e+00  1.31875000e-08  1.80000000e+00  1.31875000e-08  2.38922723e-09 
 1.31925000e-08  0.00000000e+00  1.31925000e-08  1.80000000e+00  1.31925000e-08  2.38922723e-09 
 1.31975000e-08  0.00000000e+00  1.31975000e-08  1.80000000e+00  1.31975000e-08  2.38922723e-09 
 1.32025000e-08  0.00000000e+00  1.32025000e-08  1.80000000e+00  1.32025000e-08  2.38922723e-09 
 1.32075000e-08  0.00000000e+00  1.32075000e-08  1.80000000e+00  1.32075000e-08  2.38922723e-09 
 1.32125000e-08  0.00000000e+00  1.32125000e-08  1.80000000e+00  1.32125000e-08  2.38922723e-09 
 1.32175000e-08  0.00000000e+00  1.32175000e-08  1.80000000e+00  1.32175000e-08  2.38922723e-09 
 1.32225000e-08  0.00000000e+00  1.32225000e-08  1.80000000e+00  1.32225000e-08  2.38922723e-09 
 1.32275000e-08  0.00000000e+00  1.32275000e-08  1.80000000e+00  1.32275000e-08  2.38922723e-09 
 1.32325000e-08  0.00000000e+00  1.32325000e-08  1.80000000e+00  1.32325000e-08  2.38922723e-09 
 1.32375000e-08  0.00000000e+00  1.32375000e-08  1.80000000e+00  1.32375000e-08  2.38922723e-09 
 1.32425000e-08  0.00000000e+00  1.32425000e-08  1.80000000e+00  1.32425000e-08  2.38922723e-09 
 1.32475000e-08  0.00000000e+00  1.32475000e-08  1.80000000e+00  1.32475000e-08  2.38922723e-09 
 1.32525000e-08  0.00000000e+00  1.32525000e-08  1.80000000e+00  1.32525000e-08  2.38922723e-09 
 1.32575000e-08  0.00000000e+00  1.32575000e-08  1.80000000e+00  1.32575000e-08  2.38922723e-09 
 1.32625000e-08  0.00000000e+00  1.32625000e-08  1.80000000e+00  1.32625000e-08  2.38922723e-09 
 1.32675000e-08  0.00000000e+00  1.32675000e-08  1.80000000e+00  1.32675000e-08  2.38922723e-09 
 1.32725000e-08  0.00000000e+00  1.32725000e-08  1.80000000e+00  1.32725000e-08  2.38922723e-09 
 1.32775000e-08  0.00000000e+00  1.32775000e-08  1.80000000e+00  1.32775000e-08  2.38922723e-09 
 1.32825000e-08  0.00000000e+00  1.32825000e-08  1.80000000e+00  1.32825000e-08  2.38922723e-09 
 1.32875000e-08  0.00000000e+00  1.32875000e-08  1.80000000e+00  1.32875000e-08  2.38922723e-09 
 1.32925000e-08  0.00000000e+00  1.32925000e-08  1.80000000e+00  1.32925000e-08  2.38922723e-09 
 1.32975000e-08  0.00000000e+00  1.32975000e-08  1.80000000e+00  1.32975000e-08  2.38922723e-09 
 1.33025000e-08  0.00000000e+00  1.33025000e-08  1.80000000e+00  1.33025000e-08  2.38922723e-09 
 1.33075000e-08  0.00000000e+00  1.33075000e-08  1.80000000e+00  1.33075000e-08  2.38922723e-09 
 1.33125000e-08  0.00000000e+00  1.33125000e-08  1.80000000e+00  1.33125000e-08  2.38922723e-09 
 1.33175000e-08  0.00000000e+00  1.33175000e-08  1.80000000e+00  1.33175000e-08  2.38922723e-09 
 1.33225000e-08  0.00000000e+00  1.33225000e-08  1.80000000e+00  1.33225000e-08  2.38922723e-09 
 1.33275000e-08  0.00000000e+00  1.33275000e-08  1.80000000e+00  1.33275000e-08  2.38922723e-09 
 1.33325000e-08  0.00000000e+00  1.33325000e-08  1.80000000e+00  1.33325000e-08  2.38922723e-09 
 1.33375000e-08  0.00000000e+00  1.33375000e-08  1.80000000e+00  1.33375000e-08  2.38922723e-09 
 1.33425000e-08  0.00000000e+00  1.33425000e-08  1.80000000e+00  1.33425000e-08  2.38922723e-09 
 1.33475000e-08  0.00000000e+00  1.33475000e-08  1.80000000e+00  1.33475000e-08  2.38922723e-09 
 1.33525000e-08  0.00000000e+00  1.33525000e-08  1.80000000e+00  1.33525000e-08  2.38922723e-09 
 1.33575000e-08  0.00000000e+00  1.33575000e-08  1.80000000e+00  1.33575000e-08  2.38922723e-09 
 1.33625000e-08  0.00000000e+00  1.33625000e-08  1.80000000e+00  1.33625000e-08  2.38922723e-09 
 1.33675000e-08  0.00000000e+00  1.33675000e-08  1.80000000e+00  1.33675000e-08  2.38922723e-09 
 1.33725000e-08  0.00000000e+00  1.33725000e-08  1.80000000e+00  1.33725000e-08  2.38922723e-09 
 1.33775000e-08  0.00000000e+00  1.33775000e-08  1.80000000e+00  1.33775000e-08  2.38922723e-09 
 1.33825000e-08  0.00000000e+00  1.33825000e-08  1.80000000e+00  1.33825000e-08  2.38922723e-09 
 1.33875000e-08  0.00000000e+00  1.33875000e-08  1.80000000e+00  1.33875000e-08  2.38922723e-09 
 1.33925000e-08  0.00000000e+00  1.33925000e-08  1.80000000e+00  1.33925000e-08  2.38922723e-09 
 1.33975000e-08  0.00000000e+00  1.33975000e-08  1.80000000e+00  1.33975000e-08  2.38922723e-09 
 1.34025000e-08  0.00000000e+00  1.34025000e-08  1.80000000e+00  1.34025000e-08  2.38922723e-09 
 1.34075000e-08  0.00000000e+00  1.34075000e-08  1.80000000e+00  1.34075000e-08  2.38922723e-09 
 1.34125000e-08  0.00000000e+00  1.34125000e-08  1.80000000e+00  1.34125000e-08  2.38922723e-09 
 1.34175000e-08  0.00000000e+00  1.34175000e-08  1.80000000e+00  1.34175000e-08  2.38922723e-09 
 1.34225000e-08  0.00000000e+00  1.34225000e-08  1.80000000e+00  1.34225000e-08  2.38922723e-09 
 1.34275000e-08  0.00000000e+00  1.34275000e-08  1.80000000e+00  1.34275000e-08  2.38922723e-09 
 1.34325000e-08  0.00000000e+00  1.34325000e-08  1.80000000e+00  1.34325000e-08  2.38922723e-09 
 1.34375000e-08  0.00000000e+00  1.34375000e-08  1.80000000e+00  1.34375000e-08  2.38922723e-09 
 1.34425000e-08  0.00000000e+00  1.34425000e-08  1.80000000e+00  1.34425000e-08  2.38922723e-09 
 1.34475000e-08  0.00000000e+00  1.34475000e-08  1.80000000e+00  1.34475000e-08  2.38922723e-09 
 1.34525000e-08  0.00000000e+00  1.34525000e-08  1.80000000e+00  1.34525000e-08  2.38922723e-09 
 1.34575000e-08  0.00000000e+00  1.34575000e-08  1.80000000e+00  1.34575000e-08  2.38922723e-09 
 1.34625000e-08  0.00000000e+00  1.34625000e-08  1.80000000e+00  1.34625000e-08  2.38922723e-09 
 1.34675000e-08  0.00000000e+00  1.34675000e-08  1.80000000e+00  1.34675000e-08  2.38922723e-09 
 1.34725000e-08  0.00000000e+00  1.34725000e-08  1.80000000e+00  1.34725000e-08  2.38922723e-09 
 1.34775000e-08  0.00000000e+00  1.34775000e-08  1.80000000e+00  1.34775000e-08  2.38922723e-09 
 1.34825000e-08  0.00000000e+00  1.34825000e-08  1.80000000e+00  1.34825000e-08  2.38922723e-09 
 1.34875000e-08  0.00000000e+00  1.34875000e-08  1.80000000e+00  1.34875000e-08  2.38922723e-09 
 1.34925000e-08  0.00000000e+00  1.34925000e-08  1.80000000e+00  1.34925000e-08  2.38922723e-09 
 1.34975000e-08  0.00000000e+00  1.34975000e-08  1.80000000e+00  1.34975000e-08  2.38922723e-09 
 1.35025000e-08  0.00000000e+00  1.35025000e-08  1.80000000e+00  1.35025000e-08  2.38922723e-09 
 1.35075000e-08  0.00000000e+00  1.35075000e-08  1.80000000e+00  1.35075000e-08  2.38922723e-09 
 1.35125000e-08  0.00000000e+00  1.35125000e-08  1.80000000e+00  1.35125000e-08  2.38922723e-09 
 1.35175000e-08  0.00000000e+00  1.35175000e-08  1.80000000e+00  1.35175000e-08  2.38922723e-09 
 1.35225000e-08  0.00000000e+00  1.35225000e-08  1.80000000e+00  1.35225000e-08  2.38922723e-09 
 1.35275000e-08  0.00000000e+00  1.35275000e-08  1.80000000e+00  1.35275000e-08  2.38922723e-09 
 1.35325000e-08  0.00000000e+00  1.35325000e-08  1.80000000e+00  1.35325000e-08  2.38922723e-09 
 1.35375000e-08  0.00000000e+00  1.35375000e-08  1.80000000e+00  1.35375000e-08  2.38922723e-09 
 1.35425000e-08  0.00000000e+00  1.35425000e-08  1.80000000e+00  1.35425000e-08  2.38922723e-09 
 1.35475000e-08  0.00000000e+00  1.35475000e-08  1.80000000e+00  1.35475000e-08  2.38922723e-09 
 1.35525000e-08  0.00000000e+00  1.35525000e-08  1.80000000e+00  1.35525000e-08  2.38922723e-09 
 1.35575000e-08  0.00000000e+00  1.35575000e-08  1.80000000e+00  1.35575000e-08  2.38922723e-09 
 1.35625000e-08  0.00000000e+00  1.35625000e-08  1.80000000e+00  1.35625000e-08  2.38922723e-09 
 1.35675000e-08  0.00000000e+00  1.35675000e-08  1.80000000e+00  1.35675000e-08  2.38922723e-09 
 1.35725000e-08  0.00000000e+00  1.35725000e-08  1.80000000e+00  1.35725000e-08  2.38922723e-09 
 1.35775000e-08  0.00000000e+00  1.35775000e-08  1.80000000e+00  1.35775000e-08  2.38922723e-09 
 1.35825000e-08  0.00000000e+00  1.35825000e-08  1.80000000e+00  1.35825000e-08  2.38922723e-09 
 1.35875000e-08  0.00000000e+00  1.35875000e-08  1.80000000e+00  1.35875000e-08  2.38922723e-09 
 1.35925000e-08  0.00000000e+00  1.35925000e-08  1.80000000e+00  1.35925000e-08  2.38922723e-09 
 1.35975000e-08  0.00000000e+00  1.35975000e-08  1.80000000e+00  1.35975000e-08  2.38922723e-09 
 1.36025000e-08  0.00000000e+00  1.36025000e-08  1.80000000e+00  1.36025000e-08  2.38922723e-09 
 1.36075000e-08  0.00000000e+00  1.36075000e-08  1.80000000e+00  1.36075000e-08  2.38922723e-09 
 1.36125000e-08  0.00000000e+00  1.36125000e-08  1.80000000e+00  1.36125000e-08  2.38922723e-09 
 1.36175000e-08  0.00000000e+00  1.36175000e-08  1.80000000e+00  1.36175000e-08  2.38922723e-09 
 1.36225000e-08  0.00000000e+00  1.36225000e-08  1.80000000e+00  1.36225000e-08  2.38922723e-09 
 1.36275000e-08  0.00000000e+00  1.36275000e-08  1.80000000e+00  1.36275000e-08  2.38922723e-09 
 1.36325000e-08  0.00000000e+00  1.36325000e-08  1.80000000e+00  1.36325000e-08  2.38922723e-09 
 1.36375000e-08  0.00000000e+00  1.36375000e-08  1.80000000e+00  1.36375000e-08  2.38922723e-09 
 1.36425000e-08  0.00000000e+00  1.36425000e-08  1.80000000e+00  1.36425000e-08  2.38922723e-09 
 1.36475000e-08  0.00000000e+00  1.36475000e-08  1.80000000e+00  1.36475000e-08  2.38922723e-09 
 1.36525000e-08  0.00000000e+00  1.36525000e-08  1.80000000e+00  1.36525000e-08  2.38922723e-09 
 1.36575000e-08  0.00000000e+00  1.36575000e-08  1.80000000e+00  1.36575000e-08  2.38922723e-09 
 1.36625000e-08  0.00000000e+00  1.36625000e-08  1.80000000e+00  1.36625000e-08  2.38922723e-09 
 1.36675000e-08  0.00000000e+00  1.36675000e-08  1.80000000e+00  1.36675000e-08  2.38922723e-09 
 1.36725000e-08  0.00000000e+00  1.36725000e-08  1.80000000e+00  1.36725000e-08  2.38922723e-09 
 1.36775000e-08  0.00000000e+00  1.36775000e-08  1.80000000e+00  1.36775000e-08  2.38922723e-09 
 1.36825000e-08  0.00000000e+00  1.36825000e-08  1.80000000e+00  1.36825000e-08  2.38922723e-09 
 1.36875000e-08  0.00000000e+00  1.36875000e-08  1.80000000e+00  1.36875000e-08  2.38922723e-09 
 1.36925000e-08  0.00000000e+00  1.36925000e-08  1.80000000e+00  1.36925000e-08  2.38922723e-09 
 1.36975000e-08  0.00000000e+00  1.36975000e-08  1.80000000e+00  1.36975000e-08  2.38922723e-09 
 1.37025000e-08  0.00000000e+00  1.37025000e-08  1.80000000e+00  1.37025000e-08  2.38922723e-09 
 1.37075000e-08  0.00000000e+00  1.37075000e-08  1.80000000e+00  1.37075000e-08  2.38922723e-09 
 1.37125000e-08  0.00000000e+00  1.37125000e-08  1.80000000e+00  1.37125000e-08  2.38922723e-09 
 1.37175000e-08  0.00000000e+00  1.37175000e-08  1.80000000e+00  1.37175000e-08  2.38922723e-09 
 1.37225000e-08  0.00000000e+00  1.37225000e-08  1.80000000e+00  1.37225000e-08  2.38922723e-09 
 1.37275000e-08  0.00000000e+00  1.37275000e-08  1.80000000e+00  1.37275000e-08  2.38922723e-09 
 1.37325000e-08  0.00000000e+00  1.37325000e-08  1.80000000e+00  1.37325000e-08  2.38922723e-09 
 1.37375000e-08  0.00000000e+00  1.37375000e-08  1.80000000e+00  1.37375000e-08  2.38922723e-09 
 1.37425000e-08  0.00000000e+00  1.37425000e-08  1.80000000e+00  1.37425000e-08  2.38922723e-09 
 1.37475000e-08  0.00000000e+00  1.37475000e-08  1.80000000e+00  1.37475000e-08  2.38922723e-09 
 1.37525000e-08  0.00000000e+00  1.37525000e-08  1.80000000e+00  1.37525000e-08  2.38922723e-09 
 1.37575000e-08  0.00000000e+00  1.37575000e-08  1.80000000e+00  1.37575000e-08  2.38922723e-09 
 1.37625000e-08  0.00000000e+00  1.37625000e-08  1.80000000e+00  1.37625000e-08  2.38922723e-09 
 1.37675000e-08  0.00000000e+00  1.37675000e-08  1.80000000e+00  1.37675000e-08  2.38922723e-09 
 1.37725000e-08  0.00000000e+00  1.37725000e-08  1.80000000e+00  1.37725000e-08  2.38922723e-09 
 1.37775000e-08  0.00000000e+00  1.37775000e-08  1.80000000e+00  1.37775000e-08  2.38922723e-09 
 1.37825000e-08  0.00000000e+00  1.37825000e-08  1.80000000e+00  1.37825000e-08  2.38922723e-09 
 1.37875000e-08  0.00000000e+00  1.37875000e-08  1.80000000e+00  1.37875000e-08  2.38922723e-09 
 1.37925000e-08  0.00000000e+00  1.37925000e-08  1.80000000e+00  1.37925000e-08  2.38922723e-09 
 1.37975000e-08  0.00000000e+00  1.37975000e-08  1.80000000e+00  1.37975000e-08  2.38922723e-09 
 1.38025000e-08  0.00000000e+00  1.38025000e-08  1.80000000e+00  1.38025000e-08  2.38922723e-09 
 1.38075000e-08  0.00000000e+00  1.38075000e-08  1.80000000e+00  1.38075000e-08  2.38922723e-09 
 1.38125000e-08  0.00000000e+00  1.38125000e-08  1.80000000e+00  1.38125000e-08  2.38922723e-09 
 1.38175000e-08  0.00000000e+00  1.38175000e-08  1.80000000e+00  1.38175000e-08  2.38922723e-09 
 1.38225000e-08  0.00000000e+00  1.38225000e-08  1.80000000e+00  1.38225000e-08  2.38922723e-09 
 1.38275000e-08  0.00000000e+00  1.38275000e-08  1.80000000e+00  1.38275000e-08  2.38922723e-09 
 1.38325000e-08  0.00000000e+00  1.38325000e-08  1.80000000e+00  1.38325000e-08  2.38922723e-09 
 1.38375000e-08  0.00000000e+00  1.38375000e-08  1.80000000e+00  1.38375000e-08  2.38922723e-09 
 1.38425000e-08  0.00000000e+00  1.38425000e-08  1.80000000e+00  1.38425000e-08  2.38922723e-09 
 1.38475000e-08  0.00000000e+00  1.38475000e-08  1.80000000e+00  1.38475000e-08  2.38922723e-09 
 1.38525000e-08  0.00000000e+00  1.38525000e-08  1.80000000e+00  1.38525000e-08  2.38922723e-09 
 1.38575000e-08  0.00000000e+00  1.38575000e-08  1.80000000e+00  1.38575000e-08  2.38922723e-09 
 1.38625000e-08  0.00000000e+00  1.38625000e-08  1.80000000e+00  1.38625000e-08  2.38922723e-09 
 1.38675000e-08  0.00000000e+00  1.38675000e-08  1.80000000e+00  1.38675000e-08  2.38922723e-09 
 1.38725000e-08  0.00000000e+00  1.38725000e-08  1.80000000e+00  1.38725000e-08  2.38922723e-09 
 1.38775000e-08  0.00000000e+00  1.38775000e-08  1.80000000e+00  1.38775000e-08  2.38922723e-09 
 1.38825000e-08  0.00000000e+00  1.38825000e-08  1.80000000e+00  1.38825000e-08  2.38922723e-09 
 1.38875000e-08  0.00000000e+00  1.38875000e-08  1.80000000e+00  1.38875000e-08  2.38922723e-09 
 1.38925000e-08  0.00000000e+00  1.38925000e-08  1.80000000e+00  1.38925000e-08  2.38922723e-09 
 1.38975000e-08  0.00000000e+00  1.38975000e-08  1.80000000e+00  1.38975000e-08  2.38922723e-09 
 1.39025000e-08  0.00000000e+00  1.39025000e-08  1.80000000e+00  1.39025000e-08  2.38922723e-09 
 1.39075000e-08  0.00000000e+00  1.39075000e-08  1.80000000e+00  1.39075000e-08  2.38922723e-09 
 1.39125000e-08  0.00000000e+00  1.39125000e-08  1.80000000e+00  1.39125000e-08  2.38922723e-09 
 1.39175000e-08  0.00000000e+00  1.39175000e-08  1.80000000e+00  1.39175000e-08  2.38922723e-09 
 1.39225000e-08  0.00000000e+00  1.39225000e-08  1.80000000e+00  1.39225000e-08  2.38922723e-09 
 1.39275000e-08  0.00000000e+00  1.39275000e-08  1.80000000e+00  1.39275000e-08  2.38922723e-09 
 1.39325000e-08  0.00000000e+00  1.39325000e-08  1.80000000e+00  1.39325000e-08  2.38922723e-09 
 1.39375000e-08  0.00000000e+00  1.39375000e-08  1.80000000e+00  1.39375000e-08  2.38922723e-09 
 1.39425000e-08  0.00000000e+00  1.39425000e-08  1.80000000e+00  1.39425000e-08  2.38922723e-09 
 1.39475000e-08  0.00000000e+00  1.39475000e-08  1.80000000e+00  1.39475000e-08  2.38922723e-09 
 1.39525000e-08  0.00000000e+00  1.39525000e-08  1.80000000e+00  1.39525000e-08  2.38922723e-09 
 1.39575000e-08  0.00000000e+00  1.39575000e-08  1.80000000e+00  1.39575000e-08  2.38922723e-09 
 1.39625000e-08  0.00000000e+00  1.39625000e-08  1.80000000e+00  1.39625000e-08  2.38922723e-09 
 1.39675000e-08  0.00000000e+00  1.39675000e-08  1.80000000e+00  1.39675000e-08  2.38922723e-09 
 1.39725000e-08  0.00000000e+00  1.39725000e-08  1.80000000e+00  1.39725000e-08  2.38922723e-09 
 1.39775000e-08  0.00000000e+00  1.39775000e-08  1.80000000e+00  1.39775000e-08  2.38922723e-09 
 1.39825000e-08  0.00000000e+00  1.39825000e-08  1.80000000e+00  1.39825000e-08  2.38922723e-09 
 1.39875000e-08  0.00000000e+00  1.39875000e-08  1.80000000e+00  1.39875000e-08  2.38922723e-09 
 1.39925000e-08  0.00000000e+00  1.39925000e-08  1.80000000e+00  1.39925000e-08  2.38922723e-09 
 1.39975000e-08  0.00000000e+00  1.39975000e-08  1.80000000e+00  1.39975000e-08  2.38922723e-09 
 1.40000000e-08  0.00000000e+00  1.40000000e-08  1.80000000e+00  1.40000000e-08  2.38922723e-09 
