 0.00000000e+00  0.00000000e+00  0.00000000e+00  1.80000000e+00  0.00000000e+00  1.19461362e-09  0.00000000e+00  1.19382452e-09 
 5.00000000e-14  0.00000000e+00  5.00000000e-14  1.80000000e+00  5.00000000e-14  1.19461362e-09  5.00000000e-14  1.19382452e-09 
 1.00000000e-13  0.00000000e+00  1.00000000e-13  1.80000000e+00  1.00000000e-13  1.19461362e-09  1.00000000e-13  1.19382452e-09 
 2.00000000e-13  0.00000000e+00  2.00000000e-13  1.80000000e+00  2.00000000e-13  1.19461362e-09  2.00000000e-13  1.19382452e-09 
 4.00000000e-13  0.00000000e+00  4.00000000e-13  1.80000000e+00  4.00000000e-13  1.19461362e-09  4.00000000e-13  1.19382452e-09 
 8.00000000e-13  0.00000000e+00  8.00000000e-13  1.80000000e+00  8.00000000e-13  1.19461362e-09  8.00000000e-13  1.19382452e-09 
 1.60000000e-12  0.00000000e+00  1.60000000e-12  1.80000000e+00  1.60000000e-12  1.19461362e-09  1.60000000e-12  1.19382452e-09 
 3.20000000e-12  0.00000000e+00  3.20000000e-12  1.80000000e+00  3.20000000e-12  1.19461362e-09  3.20000000e-12  1.19382452e-09 
 6.40000000e-12  0.00000000e+00  6.40000000e-12  1.80000000e+00  6.40000000e-12  1.19461362e-09  6.40000000e-12  1.19382452e-09 
 1.14000000e-11  0.00000000e+00  1.14000000e-11  1.80000000e+00  1.14000000e-11  1.19461362e-09  1.14000000e-11  1.19382452e-09 
 1.64000000e-11  0.00000000e+00  1.64000000e-11  1.80000000e+00  1.64000000e-11  1.19461362e-09  1.64000000e-11  1.19382452e-09 
 2.14000000e-11  0.00000000e+00  2.14000000e-11  1.80000000e+00  2.14000000e-11  1.19461362e-09  2.14000000e-11  1.19382452e-09 
 2.64000000e-11  0.00000000e+00  2.64000000e-11  1.80000000e+00  2.64000000e-11  1.19461362e-09  2.64000000e-11  1.19382452e-09 
 3.14000000e-11  0.00000000e+00  3.14000000e-11  1.80000000e+00  3.14000000e-11  1.19461362e-09  3.14000000e-11  1.19382452e-09 
 3.64000000e-11  0.00000000e+00  3.64000000e-11  1.80000000e+00  3.64000000e-11  1.19461362e-09  3.64000000e-11  1.19382452e-09 
 4.14000000e-11  0.00000000e+00  4.14000000e-11  1.80000000e+00  4.14000000e-11  1.19461362e-09  4.14000000e-11  1.19382452e-09 
 4.64000000e-11  0.00000000e+00  4.64000000e-11  1.80000000e+00  4.64000000e-11  1.19461362e-09  4.64000000e-11  1.19382452e-09 
 5.14000000e-11  0.00000000e+00  5.14000000e-11  1.80000000e+00  5.14000000e-11  1.19461362e-09  5.14000000e-11  1.19382452e-09 
 5.64000000e-11  0.00000000e+00  5.64000000e-11  1.80000000e+00  5.64000000e-11  1.19461362e-09  5.64000000e-11  1.19382452e-09 
 6.14000000e-11  0.00000000e+00  6.14000000e-11  1.80000000e+00  6.14000000e-11  1.19461362e-09  6.14000000e-11  1.19382452e-09 
 6.64000000e-11  0.00000000e+00  6.64000000e-11  1.80000000e+00  6.64000000e-11  1.19461362e-09  6.64000000e-11  1.19382452e-09 
 7.14000000e-11  0.00000000e+00  7.14000000e-11  1.80000000e+00  7.14000000e-11  1.19461362e-09  7.14000000e-11  1.19382452e-09 
 7.64000000e-11  0.00000000e+00  7.64000000e-11  1.80000000e+00  7.64000000e-11  1.19461362e-09  7.64000000e-11  1.19382452e-09 
 8.14000000e-11  0.00000000e+00  8.14000000e-11  1.80000000e+00  8.14000000e-11  1.19461362e-09  8.14000000e-11  1.19382452e-09 
 8.64000000e-11  0.00000000e+00  8.64000000e-11  1.80000000e+00  8.64000000e-11  1.19461362e-09  8.64000000e-11  1.19382452e-09 
 9.14000000e-11  0.00000000e+00  9.14000000e-11  1.80000000e+00  9.14000000e-11  1.19461362e-09  9.14000000e-11  1.19382452e-09 
 9.64000000e-11  0.00000000e+00  9.64000000e-11  1.80000000e+00  9.64000000e-11  1.19461362e-09  9.64000000e-11  1.19382452e-09 
 1.01400000e-10  0.00000000e+00  1.01400000e-10  1.80000000e+00  1.01400000e-10  1.19461362e-09  1.01400000e-10  1.19382452e-09 
 1.06400000e-10  0.00000000e+00  1.06400000e-10  1.80000000e+00  1.06400000e-10  1.19461362e-09  1.06400000e-10  1.19382452e-09 
 1.11400000e-10  0.00000000e+00  1.11400000e-10  1.80000000e+00  1.11400000e-10  1.19461362e-09  1.11400000e-10  1.19382452e-09 
 1.16400000e-10  0.00000000e+00  1.16400000e-10  1.80000000e+00  1.16400000e-10  1.19461362e-09  1.16400000e-10  1.19382452e-09 
 1.21400000e-10  0.00000000e+00  1.21400000e-10  1.80000000e+00  1.21400000e-10  1.19461362e-09  1.21400000e-10  1.19382452e-09 
 1.26400000e-10  0.00000000e+00  1.26400000e-10  1.80000000e+00  1.26400000e-10  1.19461362e-09  1.26400000e-10  1.19382452e-09 
 1.31400000e-10  0.00000000e+00  1.31400000e-10  1.80000000e+00  1.31400000e-10  1.19461362e-09  1.31400000e-10  1.19382452e-09 
 1.36400000e-10  0.00000000e+00  1.36400000e-10  1.80000000e+00  1.36400000e-10  1.19461362e-09  1.36400000e-10  1.19382452e-09 
 1.41400000e-10  0.00000000e+00  1.41400000e-10  1.80000000e+00  1.41400000e-10  1.19461362e-09  1.41400000e-10  1.19382452e-09 
 1.46400000e-10  0.00000000e+00  1.46400000e-10  1.80000000e+00  1.46400000e-10  1.19461362e-09  1.46400000e-10  1.19382452e-09 
 1.51400000e-10  0.00000000e+00  1.51400000e-10  1.80000000e+00  1.51400000e-10  1.19461362e-09  1.51400000e-10  1.19382452e-09 
 1.56400000e-10  0.00000000e+00  1.56400000e-10  1.80000000e+00  1.56400000e-10  1.19461362e-09  1.56400000e-10  1.19382452e-09 
 1.61400000e-10  0.00000000e+00  1.61400000e-10  1.80000000e+00  1.61400000e-10  1.19461362e-09  1.61400000e-10  1.19382452e-09 
 1.66400000e-10  0.00000000e+00  1.66400000e-10  1.80000000e+00  1.66400000e-10  1.19461362e-09  1.66400000e-10  1.19382452e-09 
 1.71400000e-10  0.00000000e+00  1.71400000e-10  1.80000000e+00  1.71400000e-10  1.19461362e-09  1.71400000e-10  1.19382452e-09 
 1.76400000e-10  0.00000000e+00  1.76400000e-10  1.80000000e+00  1.76400000e-10  1.19461362e-09  1.76400000e-10  1.19382452e-09 
 1.81400000e-10  0.00000000e+00  1.81400000e-10  1.80000000e+00  1.81400000e-10  1.19461362e-09  1.81400000e-10  1.19382452e-09 
 1.86400000e-10  0.00000000e+00  1.86400000e-10  1.80000000e+00  1.86400000e-10  1.19461362e-09  1.86400000e-10  1.19382452e-09 
 1.91400000e-10  0.00000000e+00  1.91400000e-10  1.80000000e+00  1.91400000e-10  1.19461362e-09  1.91400000e-10  1.19382452e-09 
 1.96400000e-10  0.00000000e+00  1.96400000e-10  1.80000000e+00  1.96400000e-10  1.19461362e-09  1.96400000e-10  1.19382452e-09 
 2.01400000e-10  0.00000000e+00  2.01400000e-10  1.80000000e+00  2.01400000e-10  1.19461362e-09  2.01400000e-10  1.19382452e-09 
 2.06400000e-10  0.00000000e+00  2.06400000e-10  1.80000000e+00  2.06400000e-10  1.19461362e-09  2.06400000e-10  1.19382452e-09 
 2.11400000e-10  0.00000000e+00  2.11400000e-10  1.80000000e+00  2.11400000e-10  1.19461362e-09  2.11400000e-10  1.19382452e-09 
 2.16400000e-10  0.00000000e+00  2.16400000e-10  1.80000000e+00  2.16400000e-10  1.19461362e-09  2.16400000e-10  1.19382452e-09 
 2.21400000e-10  0.00000000e+00  2.21400000e-10  1.80000000e+00  2.21400000e-10  1.19461362e-09  2.21400000e-10  1.19382452e-09 
 2.26400000e-10  0.00000000e+00  2.26400000e-10  1.80000000e+00  2.26400000e-10  1.19461362e-09  2.26400000e-10  1.19382452e-09 
 2.31400000e-10  0.00000000e+00  2.31400000e-10  1.80000000e+00  2.31400000e-10  1.19461362e-09  2.31400000e-10  1.19382452e-09 
 2.36400000e-10  0.00000000e+00  2.36400000e-10  1.80000000e+00  2.36400000e-10  1.19461362e-09  2.36400000e-10  1.19382452e-09 
 2.41400000e-10  0.00000000e+00  2.41400000e-10  1.80000000e+00  2.41400000e-10  1.19461362e-09  2.41400000e-10  1.19382452e-09 
 2.46400000e-10  0.00000000e+00  2.46400000e-10  1.80000000e+00  2.46400000e-10  1.19461362e-09  2.46400000e-10  1.19382452e-09 
 2.51400000e-10  0.00000000e+00  2.51400000e-10  1.80000000e+00  2.51400000e-10  1.19461362e-09  2.51400000e-10  1.19382452e-09 
 2.56400000e-10  0.00000000e+00  2.56400000e-10  1.80000000e+00  2.56400000e-10  1.19461362e-09  2.56400000e-10  1.19382452e-09 
 2.61400000e-10  0.00000000e+00  2.61400000e-10  1.80000000e+00  2.61400000e-10  1.19461362e-09  2.61400000e-10  1.19382452e-09 
 2.66400000e-10  0.00000000e+00  2.66400000e-10  1.80000000e+00  2.66400000e-10  1.19461362e-09  2.66400000e-10  1.19382452e-09 
 2.71400000e-10  0.00000000e+00  2.71400000e-10  1.80000000e+00  2.71400000e-10  1.19461362e-09  2.71400000e-10  1.19382452e-09 
 2.76400000e-10  0.00000000e+00  2.76400000e-10  1.80000000e+00  2.76400000e-10  1.19461362e-09  2.76400000e-10  1.19382452e-09 
 2.81400000e-10  0.00000000e+00  2.81400000e-10  1.80000000e+00  2.81400000e-10  1.19461362e-09  2.81400000e-10  1.19382452e-09 
 2.86400000e-10  0.00000000e+00  2.86400000e-10  1.80000000e+00  2.86400000e-10  1.19461362e-09  2.86400000e-10  1.19382452e-09 
 2.91400000e-10  0.00000000e+00  2.91400000e-10  1.80000000e+00  2.91400000e-10  1.19461362e-09  2.91400000e-10  1.19382452e-09 
 2.96400000e-10  0.00000000e+00  2.96400000e-10  1.80000000e+00  2.96400000e-10  1.19461362e-09  2.96400000e-10  1.19382452e-09 
 3.01400000e-10  0.00000000e+00  3.01400000e-10  1.80000000e+00  3.01400000e-10  1.19461362e-09  3.01400000e-10  1.19382452e-09 
 3.06400000e-10  0.00000000e+00  3.06400000e-10  1.80000000e+00  3.06400000e-10  1.19461362e-09  3.06400000e-10  1.19382452e-09 
 3.11400000e-10  0.00000000e+00  3.11400000e-10  1.80000000e+00  3.11400000e-10  1.19461362e-09  3.11400000e-10  1.19382452e-09 
 3.16400000e-10  0.00000000e+00  3.16400000e-10  1.80000000e+00  3.16400000e-10  1.19461362e-09  3.16400000e-10  1.19382452e-09 
 3.21400000e-10  0.00000000e+00  3.21400000e-10  1.80000000e+00  3.21400000e-10  1.19461362e-09  3.21400000e-10  1.19382452e-09 
 3.26400000e-10  0.00000000e+00  3.26400000e-10  1.80000000e+00  3.26400000e-10  1.19461362e-09  3.26400000e-10  1.19382452e-09 
 3.31400000e-10  0.00000000e+00  3.31400000e-10  1.80000000e+00  3.31400000e-10  1.19461362e-09  3.31400000e-10  1.19382452e-09 
 3.36400000e-10  0.00000000e+00  3.36400000e-10  1.80000000e+00  3.36400000e-10  1.19461362e-09  3.36400000e-10  1.19382452e-09 
 3.41400000e-10  0.00000000e+00  3.41400000e-10  1.80000000e+00  3.41400000e-10  1.19461362e-09  3.41400000e-10  1.19382452e-09 
 3.46400000e-10  0.00000000e+00  3.46400000e-10  1.80000000e+00  3.46400000e-10  1.19461362e-09  3.46400000e-10  1.19382452e-09 
 3.51400000e-10  0.00000000e+00  3.51400000e-10  1.80000000e+00  3.51400000e-10  1.19461362e-09  3.51400000e-10  1.19382452e-09 
 3.56400000e-10  0.00000000e+00  3.56400000e-10  1.80000000e+00  3.56400000e-10  1.19461362e-09  3.56400000e-10  1.19382452e-09 
 3.61400000e-10  0.00000000e+00  3.61400000e-10  1.80000000e+00  3.61400000e-10  1.19461362e-09  3.61400000e-10  1.19382452e-09 
 3.66400000e-10  0.00000000e+00  3.66400000e-10  1.80000000e+00  3.66400000e-10  1.19461362e-09  3.66400000e-10  1.19382452e-09 
 3.71400000e-10  0.00000000e+00  3.71400000e-10  1.80000000e+00  3.71400000e-10  1.19461362e-09  3.71400000e-10  1.19382452e-09 
 3.76400000e-10  0.00000000e+00  3.76400000e-10  1.80000000e+00  3.76400000e-10  1.19461362e-09  3.76400000e-10  1.19382452e-09 
 3.81400000e-10  0.00000000e+00  3.81400000e-10  1.80000000e+00  3.81400000e-10  1.19461362e-09  3.81400000e-10  1.19382452e-09 
 3.86400000e-10  0.00000000e+00  3.86400000e-10  1.80000000e+00  3.86400000e-10  1.19461362e-09  3.86400000e-10  1.19382452e-09 
 3.91400000e-10  0.00000000e+00  3.91400000e-10  1.80000000e+00  3.91400000e-10  1.19461362e-09  3.91400000e-10  1.19382452e-09 
 3.96400000e-10  0.00000000e+00  3.96400000e-10  1.80000000e+00  3.96400000e-10  1.19461362e-09  3.96400000e-10  1.19382452e-09 
 4.01400000e-10  0.00000000e+00  4.01400000e-10  1.80000000e+00  4.01400000e-10  1.19461362e-09  4.01400000e-10  1.19382452e-09 
 4.06400000e-10  0.00000000e+00  4.06400000e-10  1.80000000e+00  4.06400000e-10  1.19461362e-09  4.06400000e-10  1.19382452e-09 
 4.11400000e-10  0.00000000e+00  4.11400000e-10  1.80000000e+00  4.11400000e-10  1.19461362e-09  4.11400000e-10  1.19382452e-09 
 4.16400000e-10  0.00000000e+00  4.16400000e-10  1.80000000e+00  4.16400000e-10  1.19461362e-09  4.16400000e-10  1.19382452e-09 
 4.21400000e-10  0.00000000e+00  4.21400000e-10  1.80000000e+00  4.21400000e-10  1.19461362e-09  4.21400000e-10  1.19382452e-09 
 4.26400000e-10  0.00000000e+00  4.26400000e-10  1.80000000e+00  4.26400000e-10  1.19461362e-09  4.26400000e-10  1.19382452e-09 
 4.31400000e-10  0.00000000e+00  4.31400000e-10  1.80000000e+00  4.31400000e-10  1.19461362e-09  4.31400000e-10  1.19382452e-09 
 4.36400000e-10  0.00000000e+00  4.36400000e-10  1.80000000e+00  4.36400000e-10  1.19461362e-09  4.36400000e-10  1.19382452e-09 
 4.41400000e-10  0.00000000e+00  4.41400000e-10  1.80000000e+00  4.41400000e-10  1.19461362e-09  4.41400000e-10  1.19382452e-09 
 4.46400000e-10  0.00000000e+00  4.46400000e-10  1.80000000e+00  4.46400000e-10  1.19461362e-09  4.46400000e-10  1.19382452e-09 
 4.51400000e-10  0.00000000e+00  4.51400000e-10  1.80000000e+00  4.51400000e-10  1.19461362e-09  4.51400000e-10  1.19382452e-09 
 4.56400000e-10  0.00000000e+00  4.56400000e-10  1.80000000e+00  4.56400000e-10  1.19461362e-09  4.56400000e-10  1.19382452e-09 
 4.61400000e-10  0.00000000e+00  4.61400000e-10  1.80000000e+00  4.61400000e-10  1.19461362e-09  4.61400000e-10  1.19382452e-09 
 4.66400000e-10  0.00000000e+00  4.66400000e-10  1.80000000e+00  4.66400000e-10  1.19461362e-09  4.66400000e-10  1.19382452e-09 
 4.71400000e-10  0.00000000e+00  4.71400000e-10  1.80000000e+00  4.71400000e-10  1.19461362e-09  4.71400000e-10  1.19382452e-09 
 4.76400000e-10  0.00000000e+00  4.76400000e-10  1.80000000e+00  4.76400000e-10  1.19461362e-09  4.76400000e-10  1.19382452e-09 
 4.81400000e-10  0.00000000e+00  4.81400000e-10  1.80000000e+00  4.81400000e-10  1.19461362e-09  4.81400000e-10  1.19382452e-09 
 4.86400000e-10  0.00000000e+00  4.86400000e-10  1.80000000e+00  4.86400000e-10  1.19461362e-09  4.86400000e-10  1.19382452e-09 
 4.91400000e-10  0.00000000e+00  4.91400000e-10  1.80000000e+00  4.91400000e-10  1.19461362e-09  4.91400000e-10  1.19382452e-09 
 4.96400000e-10  0.00000000e+00  4.96400000e-10  1.80000000e+00  4.96400000e-10  1.19461362e-09  4.96400000e-10  1.19382452e-09 
 5.01400000e-10  0.00000000e+00  5.01400000e-10  1.80000000e+00  5.01400000e-10  1.19461362e-09  5.01400000e-10  1.19382452e-09 
 5.06400000e-10  0.00000000e+00  5.06400000e-10  1.80000000e+00  5.06400000e-10  1.19461362e-09  5.06400000e-10  1.19382452e-09 
 5.11400000e-10  0.00000000e+00  5.11400000e-10  1.80000000e+00  5.11400000e-10  1.19461362e-09  5.11400000e-10  1.19382452e-09 
 5.16400000e-10  0.00000000e+00  5.16400000e-10  1.80000000e+00  5.16400000e-10  1.19461362e-09  5.16400000e-10  1.19382452e-09 
 5.21400000e-10  0.00000000e+00  5.21400000e-10  1.80000000e+00  5.21400000e-10  1.19461362e-09  5.21400000e-10  1.19382452e-09 
 5.26400000e-10  0.00000000e+00  5.26400000e-10  1.80000000e+00  5.26400000e-10  1.19461362e-09  5.26400000e-10  1.19382452e-09 
 5.31400000e-10  0.00000000e+00  5.31400000e-10  1.80000000e+00  5.31400000e-10  1.19461362e-09  5.31400000e-10  1.19382452e-09 
 5.36400000e-10  0.00000000e+00  5.36400000e-10  1.80000000e+00  5.36400000e-10  1.19461362e-09  5.36400000e-10  1.19382452e-09 
 5.41400000e-10  0.00000000e+00  5.41400000e-10  1.80000000e+00  5.41400000e-10  1.19461362e-09  5.41400000e-10  1.19382452e-09 
 5.46400000e-10  0.00000000e+00  5.46400000e-10  1.80000000e+00  5.46400000e-10  1.19461362e-09  5.46400000e-10  1.19382452e-09 
 5.51400000e-10  0.00000000e+00  5.51400000e-10  1.80000000e+00  5.51400000e-10  1.19461362e-09  5.51400000e-10  1.19382452e-09 
 5.56400000e-10  0.00000000e+00  5.56400000e-10  1.80000000e+00  5.56400000e-10  1.19461362e-09  5.56400000e-10  1.19382452e-09 
 5.61400000e-10  0.00000000e+00  5.61400000e-10  1.80000000e+00  5.61400000e-10  1.19461362e-09  5.61400000e-10  1.19382452e-09 
 5.66400000e-10  0.00000000e+00  5.66400000e-10  1.80000000e+00  5.66400000e-10  1.19461362e-09  5.66400000e-10  1.19382452e-09 
 5.71400000e-10  0.00000000e+00  5.71400000e-10  1.80000000e+00  5.71400000e-10  1.19461362e-09  5.71400000e-10  1.19382452e-09 
 5.76400000e-10  0.00000000e+00  5.76400000e-10  1.80000000e+00  5.76400000e-10  1.19461362e-09  5.76400000e-10  1.19382452e-09 
 5.81400000e-10  0.00000000e+00  5.81400000e-10  1.80000000e+00  5.81400000e-10  1.19461362e-09  5.81400000e-10  1.19382452e-09 
 5.86400000e-10  0.00000000e+00  5.86400000e-10  1.80000000e+00  5.86400000e-10  1.19461362e-09  5.86400000e-10  1.19382452e-09 
 5.91400000e-10  0.00000000e+00  5.91400000e-10  1.80000000e+00  5.91400000e-10  1.19461362e-09  5.91400000e-10  1.19382452e-09 
 5.96400000e-10  0.00000000e+00  5.96400000e-10  1.80000000e+00  5.96400000e-10  1.19461362e-09  5.96400000e-10  1.19382452e-09 
 6.01400000e-10  0.00000000e+00  6.01400000e-10  1.80000000e+00  6.01400000e-10  1.19461362e-09  6.01400000e-10  1.19382452e-09 
 6.06400000e-10  0.00000000e+00  6.06400000e-10  1.80000000e+00  6.06400000e-10  1.19461362e-09  6.06400000e-10  1.19382452e-09 
 6.11400000e-10  0.00000000e+00  6.11400000e-10  1.80000000e+00  6.11400000e-10  1.19461362e-09  6.11400000e-10  1.19382452e-09 
 6.16400000e-10  0.00000000e+00  6.16400000e-10  1.80000000e+00  6.16400000e-10  1.19461362e-09  6.16400000e-10  1.19382452e-09 
 6.21400000e-10  0.00000000e+00  6.21400000e-10  1.80000000e+00  6.21400000e-10  1.19461362e-09  6.21400000e-10  1.19382452e-09 
 6.26400000e-10  0.00000000e+00  6.26400000e-10  1.80000000e+00  6.26400000e-10  1.19461362e-09  6.26400000e-10  1.19382452e-09 
 6.31400000e-10  0.00000000e+00  6.31400000e-10  1.80000000e+00  6.31400000e-10  1.19461362e-09  6.31400000e-10  1.19382452e-09 
 6.36400000e-10  0.00000000e+00  6.36400000e-10  1.80000000e+00  6.36400000e-10  1.19461362e-09  6.36400000e-10  1.19382452e-09 
 6.41400000e-10  0.00000000e+00  6.41400000e-10  1.80000000e+00  6.41400000e-10  1.19461362e-09  6.41400000e-10  1.19382452e-09 
 6.46400000e-10  0.00000000e+00  6.46400000e-10  1.80000000e+00  6.46400000e-10  1.19461362e-09  6.46400000e-10  1.19382452e-09 
 6.51400000e-10  0.00000000e+00  6.51400000e-10  1.80000000e+00  6.51400000e-10  1.19461362e-09  6.51400000e-10  1.19382452e-09 
 6.56400000e-10  0.00000000e+00  6.56400000e-10  1.80000000e+00  6.56400000e-10  1.19461362e-09  6.56400000e-10  1.19382452e-09 
 6.61400000e-10  0.00000000e+00  6.61400000e-10  1.80000000e+00  6.61400000e-10  1.19461362e-09  6.61400000e-10  1.19382452e-09 
 6.66400000e-10  0.00000000e+00  6.66400000e-10  1.80000000e+00  6.66400000e-10  1.19461362e-09  6.66400000e-10  1.19382452e-09 
 6.71400000e-10  0.00000000e+00  6.71400000e-10  1.80000000e+00  6.71400000e-10  1.19461362e-09  6.71400000e-10  1.19382452e-09 
 6.76400000e-10  0.00000000e+00  6.76400000e-10  1.80000000e+00  6.76400000e-10  1.19461362e-09  6.76400000e-10  1.19382452e-09 
 6.81400000e-10  0.00000000e+00  6.81400000e-10  1.80000000e+00  6.81400000e-10  1.19461362e-09  6.81400000e-10  1.19382452e-09 
 6.86400000e-10  0.00000000e+00  6.86400000e-10  1.80000000e+00  6.86400000e-10  1.19461362e-09  6.86400000e-10  1.19382452e-09 
 6.91400000e-10  0.00000000e+00  6.91400000e-10  1.80000000e+00  6.91400000e-10  1.19461362e-09  6.91400000e-10  1.19382452e-09 
 6.96400000e-10  0.00000000e+00  6.96400000e-10  1.80000000e+00  6.96400000e-10  1.19461362e-09  6.96400000e-10  1.19382452e-09 
 7.01400000e-10  0.00000000e+00  7.01400000e-10  1.80000000e+00  7.01400000e-10  1.19461362e-09  7.01400000e-10  1.19382452e-09 
 7.06400000e-10  0.00000000e+00  7.06400000e-10  1.80000000e+00  7.06400000e-10  1.19461362e-09  7.06400000e-10  1.19382452e-09 
 7.11400000e-10  0.00000000e+00  7.11400000e-10  1.80000000e+00  7.11400000e-10  1.19461362e-09  7.11400000e-10  1.19382452e-09 
 7.16400000e-10  0.00000000e+00  7.16400000e-10  1.80000000e+00  7.16400000e-10  1.19461362e-09  7.16400000e-10  1.19382452e-09 
 7.21400000e-10  0.00000000e+00  7.21400000e-10  1.80000000e+00  7.21400000e-10  1.19461362e-09  7.21400000e-10  1.19382452e-09 
 7.26400000e-10  0.00000000e+00  7.26400000e-10  1.80000000e+00  7.26400000e-10  1.19461362e-09  7.26400000e-10  1.19382452e-09 
 7.31400000e-10  0.00000000e+00  7.31400000e-10  1.80000000e+00  7.31400000e-10  1.19461362e-09  7.31400000e-10  1.19382452e-09 
 7.36400000e-10  0.00000000e+00  7.36400000e-10  1.80000000e+00  7.36400000e-10  1.19461362e-09  7.36400000e-10  1.19382452e-09 
 7.41400000e-10  0.00000000e+00  7.41400000e-10  1.80000000e+00  7.41400000e-10  1.19461362e-09  7.41400000e-10  1.19382452e-09 
 7.46400000e-10  0.00000000e+00  7.46400000e-10  1.80000000e+00  7.46400000e-10  1.19461362e-09  7.46400000e-10  1.19382452e-09 
 7.51400000e-10  0.00000000e+00  7.51400000e-10  1.80000000e+00  7.51400000e-10  1.19461362e-09  7.51400000e-10  1.19382452e-09 
 7.56400000e-10  0.00000000e+00  7.56400000e-10  1.80000000e+00  7.56400000e-10  1.19461362e-09  7.56400000e-10  1.19382452e-09 
 7.61400000e-10  0.00000000e+00  7.61400000e-10  1.80000000e+00  7.61400000e-10  1.19461362e-09  7.61400000e-10  1.19382452e-09 
 7.66400000e-10  0.00000000e+00  7.66400000e-10  1.80000000e+00  7.66400000e-10  1.19461362e-09  7.66400000e-10  1.19382452e-09 
 7.71400000e-10  0.00000000e+00  7.71400000e-10  1.80000000e+00  7.71400000e-10  1.19461362e-09  7.71400000e-10  1.19382452e-09 
 7.76400000e-10  0.00000000e+00  7.76400000e-10  1.80000000e+00  7.76400000e-10  1.19461362e-09  7.76400000e-10  1.19382452e-09 
 7.81400000e-10  0.00000000e+00  7.81400000e-10  1.80000000e+00  7.81400000e-10  1.19461362e-09  7.81400000e-10  1.19382452e-09 
 7.86400000e-10  0.00000000e+00  7.86400000e-10  1.80000000e+00  7.86400000e-10  1.19461362e-09  7.86400000e-10  1.19382452e-09 
 7.91400000e-10  0.00000000e+00  7.91400000e-10  1.80000000e+00  7.91400000e-10  1.19461362e-09  7.91400000e-10  1.19382452e-09 
 7.96400000e-10  0.00000000e+00  7.96400000e-10  1.80000000e+00  7.96400000e-10  1.19461362e-09  7.96400000e-10  1.19382452e-09 
 8.01400000e-10  0.00000000e+00  8.01400000e-10  1.80000000e+00  8.01400000e-10  1.19461362e-09  8.01400000e-10  1.19382452e-09 
 8.06400000e-10  0.00000000e+00  8.06400000e-10  1.80000000e+00  8.06400000e-10  1.19461362e-09  8.06400000e-10  1.19382452e-09 
 8.11400000e-10  0.00000000e+00  8.11400000e-10  1.80000000e+00  8.11400000e-10  1.19461362e-09  8.11400000e-10  1.19382452e-09 
 8.16400000e-10  0.00000000e+00  8.16400000e-10  1.80000000e+00  8.16400000e-10  1.19461362e-09  8.16400000e-10  1.19382452e-09 
 8.21400000e-10  0.00000000e+00  8.21400000e-10  1.80000000e+00  8.21400000e-10  1.19461362e-09  8.21400000e-10  1.19382452e-09 
 8.26400000e-10  0.00000000e+00  8.26400000e-10  1.80000000e+00  8.26400000e-10  1.19461362e-09  8.26400000e-10  1.19382452e-09 
 8.31400000e-10  0.00000000e+00  8.31400000e-10  1.80000000e+00  8.31400000e-10  1.19461362e-09  8.31400000e-10  1.19382452e-09 
 8.36400000e-10  0.00000000e+00  8.36400000e-10  1.80000000e+00  8.36400000e-10  1.19461362e-09  8.36400000e-10  1.19382452e-09 
 8.41400000e-10  0.00000000e+00  8.41400000e-10  1.80000000e+00  8.41400000e-10  1.19461362e-09  8.41400000e-10  1.19382452e-09 
 8.46400000e-10  0.00000000e+00  8.46400000e-10  1.80000000e+00  8.46400000e-10  1.19461362e-09  8.46400000e-10  1.19382452e-09 
 8.51400000e-10  0.00000000e+00  8.51400000e-10  1.80000000e+00  8.51400000e-10  1.19461362e-09  8.51400000e-10  1.19382452e-09 
 8.56400000e-10  0.00000000e+00  8.56400000e-10  1.80000000e+00  8.56400000e-10  1.19461362e-09  8.56400000e-10  1.19382452e-09 
 8.61400000e-10  0.00000000e+00  8.61400000e-10  1.80000000e+00  8.61400000e-10  1.19461362e-09  8.61400000e-10  1.19382452e-09 
 8.66400000e-10  0.00000000e+00  8.66400000e-10  1.80000000e+00  8.66400000e-10  1.19461362e-09  8.66400000e-10  1.19382452e-09 
 8.71400000e-10  0.00000000e+00  8.71400000e-10  1.80000000e+00  8.71400000e-10  1.19461362e-09  8.71400000e-10  1.19382452e-09 
 8.76400000e-10  0.00000000e+00  8.76400000e-10  1.80000000e+00  8.76400000e-10  1.19461362e-09  8.76400000e-10  1.19382452e-09 
 8.81400000e-10  0.00000000e+00  8.81400000e-10  1.80000000e+00  8.81400000e-10  1.19461362e-09  8.81400000e-10  1.19382452e-09 
 8.86400000e-10  0.00000000e+00  8.86400000e-10  1.80000000e+00  8.86400000e-10  1.19461362e-09  8.86400000e-10  1.19382452e-09 
 8.91400000e-10  0.00000000e+00  8.91400000e-10  1.80000000e+00  8.91400000e-10  1.19461362e-09  8.91400000e-10  1.19382452e-09 
 8.96400000e-10  0.00000000e+00  8.96400000e-10  1.80000000e+00  8.96400000e-10  1.19461362e-09  8.96400000e-10  1.19382452e-09 
 9.01400000e-10  0.00000000e+00  9.01400000e-10  1.80000000e+00  9.01400000e-10  1.19461362e-09  9.01400000e-10  1.19382452e-09 
 9.06400000e-10  0.00000000e+00  9.06400000e-10  1.80000000e+00  9.06400000e-10  1.19461362e-09  9.06400000e-10  1.19382452e-09 
 9.11400000e-10  0.00000000e+00  9.11400000e-10  1.80000000e+00  9.11400000e-10  1.19461362e-09  9.11400000e-10  1.19382452e-09 
 9.16400000e-10  0.00000000e+00  9.16400000e-10  1.80000000e+00  9.16400000e-10  1.19461362e-09  9.16400000e-10  1.19382452e-09 
 9.21400000e-10  0.00000000e+00  9.21400000e-10  1.80000000e+00  9.21400000e-10  1.19461362e-09  9.21400000e-10  1.19382452e-09 
 9.26400000e-10  0.00000000e+00  9.26400000e-10  1.80000000e+00  9.26400000e-10  1.19461362e-09  9.26400000e-10  1.19382452e-09 
 9.31400000e-10  0.00000000e+00  9.31400000e-10  1.80000000e+00  9.31400000e-10  1.19461362e-09  9.31400000e-10  1.19382452e-09 
 9.36400000e-10  0.00000000e+00  9.36400000e-10  1.80000000e+00  9.36400000e-10  1.19461362e-09  9.36400000e-10  1.19382452e-09 
 9.41400000e-10  0.00000000e+00  9.41400000e-10  1.80000000e+00  9.41400000e-10  1.19461362e-09  9.41400000e-10  1.19382452e-09 
 9.46400000e-10  0.00000000e+00  9.46400000e-10  1.80000000e+00  9.46400000e-10  1.19461362e-09  9.46400000e-10  1.19382452e-09 
 9.51400000e-10  0.00000000e+00  9.51400000e-10  1.80000000e+00  9.51400000e-10  1.19461362e-09  9.51400000e-10  1.19382452e-09 
 9.56400000e-10  0.00000000e+00  9.56400000e-10  1.80000000e+00  9.56400000e-10  1.19461362e-09  9.56400000e-10  1.19382452e-09 
 9.61400000e-10  0.00000000e+00  9.61400000e-10  1.80000000e+00  9.61400000e-10  1.19461362e-09  9.61400000e-10  1.19382452e-09 
 9.66400000e-10  0.00000000e+00  9.66400000e-10  1.80000000e+00  9.66400000e-10  1.19461362e-09  9.66400000e-10  1.19382452e-09 
 9.71400000e-10  0.00000000e+00  9.71400000e-10  1.80000000e+00  9.71400000e-10  1.19461362e-09  9.71400000e-10  1.19382452e-09 
 9.76400000e-10  0.00000000e+00  9.76400000e-10  1.80000000e+00  9.76400000e-10  1.19461362e-09  9.76400000e-10  1.19382452e-09 
 9.81400000e-10  0.00000000e+00  9.81400000e-10  1.80000000e+00  9.81400000e-10  1.19461362e-09  9.81400000e-10  1.19382452e-09 
 9.86400000e-10  0.00000000e+00  9.86400000e-10  1.80000000e+00  9.86400000e-10  1.19461362e-09  9.86400000e-10  1.19382452e-09 
 9.91400000e-10  0.00000000e+00  9.91400000e-10  1.80000000e+00  9.91400000e-10  1.19461362e-09  9.91400000e-10  1.19382452e-09 
 9.96400000e-10  0.00000000e+00  9.96400000e-10  1.80000000e+00  9.96400000e-10  1.19461362e-09  9.96400000e-10  1.19382452e-09 
 1.00140000e-09  0.00000000e+00  1.00140000e-09  1.80000000e+00  1.00140000e-09  1.19461362e-09  1.00140000e-09  1.19382452e-09 
 1.00640000e-09  0.00000000e+00  1.00640000e-09  1.80000000e+00  1.00640000e-09  1.19461362e-09  1.00640000e-09  1.19382452e-09 
 1.01140000e-09  0.00000000e+00  1.01140000e-09  1.80000000e+00  1.01140000e-09  1.19461362e-09  1.01140000e-09  1.19382452e-09 
 1.01640000e-09  0.00000000e+00  1.01640000e-09  1.80000000e+00  1.01640000e-09  1.19461362e-09  1.01640000e-09  1.19382452e-09 
 1.02140000e-09  0.00000000e+00  1.02140000e-09  1.80000000e+00  1.02140000e-09  1.19461362e-09  1.02140000e-09  1.19382452e-09 
 1.02640000e-09  0.00000000e+00  1.02640000e-09  1.80000000e+00  1.02640000e-09  1.19461362e-09  1.02640000e-09  1.19382452e-09 
 1.03140000e-09  0.00000000e+00  1.03140000e-09  1.80000000e+00  1.03140000e-09  1.19461362e-09  1.03140000e-09  1.19382452e-09 
 1.03640000e-09  0.00000000e+00  1.03640000e-09  1.80000000e+00  1.03640000e-09  1.19461362e-09  1.03640000e-09  1.19382452e-09 
 1.04140000e-09  0.00000000e+00  1.04140000e-09  1.80000000e+00  1.04140000e-09  1.19461362e-09  1.04140000e-09  1.19382452e-09 
 1.04640000e-09  0.00000000e+00  1.04640000e-09  1.80000000e+00  1.04640000e-09  1.19461362e-09  1.04640000e-09  1.19382452e-09 
 1.05140000e-09  0.00000000e+00  1.05140000e-09  1.80000000e+00  1.05140000e-09  1.19461362e-09  1.05140000e-09  1.19382452e-09 
 1.05640000e-09  0.00000000e+00  1.05640000e-09  1.80000000e+00  1.05640000e-09  1.19461362e-09  1.05640000e-09  1.19382452e-09 
 1.06140000e-09  0.00000000e+00  1.06140000e-09  1.80000000e+00  1.06140000e-09  1.19461362e-09  1.06140000e-09  1.19382452e-09 
 1.06640000e-09  0.00000000e+00  1.06640000e-09  1.80000000e+00  1.06640000e-09  1.19461362e-09  1.06640000e-09  1.19382452e-09 
 1.07140000e-09  0.00000000e+00  1.07140000e-09  1.80000000e+00  1.07140000e-09  1.19461362e-09  1.07140000e-09  1.19382452e-09 
 1.07640000e-09  0.00000000e+00  1.07640000e-09  1.80000000e+00  1.07640000e-09  1.19461362e-09  1.07640000e-09  1.19382452e-09 
 1.08140000e-09  0.00000000e+00  1.08140000e-09  1.80000000e+00  1.08140000e-09  1.19461362e-09  1.08140000e-09  1.19382452e-09 
 1.08640000e-09  0.00000000e+00  1.08640000e-09  1.80000000e+00  1.08640000e-09  1.19461362e-09  1.08640000e-09  1.19382452e-09 
 1.09140000e-09  0.00000000e+00  1.09140000e-09  1.80000000e+00  1.09140000e-09  1.19461362e-09  1.09140000e-09  1.19382452e-09 
 1.09640000e-09  0.00000000e+00  1.09640000e-09  1.80000000e+00  1.09640000e-09  1.19461362e-09  1.09640000e-09  1.19382452e-09 
 1.10140000e-09  0.00000000e+00  1.10140000e-09  1.80000000e+00  1.10140000e-09  1.19461362e-09  1.10140000e-09  1.19382452e-09 
 1.10640000e-09  0.00000000e+00  1.10640000e-09  1.80000000e+00  1.10640000e-09  1.19461362e-09  1.10640000e-09  1.19382452e-09 
 1.11140000e-09  0.00000000e+00  1.11140000e-09  1.80000000e+00  1.11140000e-09  1.19461362e-09  1.11140000e-09  1.19382452e-09 
 1.11640000e-09  0.00000000e+00  1.11640000e-09  1.80000000e+00  1.11640000e-09  1.19461362e-09  1.11640000e-09  1.19382452e-09 
 1.12140000e-09  0.00000000e+00  1.12140000e-09  1.80000000e+00  1.12140000e-09  1.19461362e-09  1.12140000e-09  1.19382452e-09 
 1.12640000e-09  0.00000000e+00  1.12640000e-09  1.80000000e+00  1.12640000e-09  1.19461362e-09  1.12640000e-09  1.19382452e-09 
 1.13140000e-09  0.00000000e+00  1.13140000e-09  1.80000000e+00  1.13140000e-09  1.19461362e-09  1.13140000e-09  1.19382452e-09 
 1.13640000e-09  0.00000000e+00  1.13640000e-09  1.80000000e+00  1.13640000e-09  1.19461362e-09  1.13640000e-09  1.19382452e-09 
 1.14140000e-09  0.00000000e+00  1.14140000e-09  1.80000000e+00  1.14140000e-09  1.19461362e-09  1.14140000e-09  1.19382452e-09 
 1.14640000e-09  0.00000000e+00  1.14640000e-09  1.80000000e+00  1.14640000e-09  1.19461362e-09  1.14640000e-09  1.19382452e-09 
 1.15140000e-09  0.00000000e+00  1.15140000e-09  1.80000000e+00  1.15140000e-09  1.19461362e-09  1.15140000e-09  1.19382452e-09 
 1.15640000e-09  0.00000000e+00  1.15640000e-09  1.80000000e+00  1.15640000e-09  1.19461362e-09  1.15640000e-09  1.19382452e-09 
 1.16140000e-09  0.00000000e+00  1.16140000e-09  1.80000000e+00  1.16140000e-09  1.19461362e-09  1.16140000e-09  1.19382452e-09 
 1.16640000e-09  0.00000000e+00  1.16640000e-09  1.80000000e+00  1.16640000e-09  1.19461362e-09  1.16640000e-09  1.19382452e-09 
 1.17140000e-09  0.00000000e+00  1.17140000e-09  1.80000000e+00  1.17140000e-09  1.19461362e-09  1.17140000e-09  1.19382452e-09 
 1.17640000e-09  0.00000000e+00  1.17640000e-09  1.80000000e+00  1.17640000e-09  1.19461362e-09  1.17640000e-09  1.19382452e-09 
 1.18140000e-09  0.00000000e+00  1.18140000e-09  1.80000000e+00  1.18140000e-09  1.19461362e-09  1.18140000e-09  1.19382452e-09 
 1.18640000e-09  0.00000000e+00  1.18640000e-09  1.80000000e+00  1.18640000e-09  1.19461362e-09  1.18640000e-09  1.19382452e-09 
 1.19140000e-09  0.00000000e+00  1.19140000e-09  1.80000000e+00  1.19140000e-09  1.19461362e-09  1.19140000e-09  1.19382452e-09 
 1.19640000e-09  0.00000000e+00  1.19640000e-09  1.80000000e+00  1.19640000e-09  1.19461362e-09  1.19640000e-09  1.19382452e-09 
 1.20140000e-09  0.00000000e+00  1.20140000e-09  1.80000000e+00  1.20140000e-09  1.19461362e-09  1.20140000e-09  1.19382452e-09 
 1.20640000e-09  0.00000000e+00  1.20640000e-09  1.80000000e+00  1.20640000e-09  1.19461362e-09  1.20640000e-09  1.19382452e-09 
 1.21140000e-09  0.00000000e+00  1.21140000e-09  1.80000000e+00  1.21140000e-09  1.19461362e-09  1.21140000e-09  1.19382452e-09 
 1.21640000e-09  0.00000000e+00  1.21640000e-09  1.80000000e+00  1.21640000e-09  1.19461362e-09  1.21640000e-09  1.19382452e-09 
 1.22140000e-09  0.00000000e+00  1.22140000e-09  1.80000000e+00  1.22140000e-09  1.19461362e-09  1.22140000e-09  1.19382452e-09 
 1.22640000e-09  0.00000000e+00  1.22640000e-09  1.80000000e+00  1.22640000e-09  1.19461362e-09  1.22640000e-09  1.19382452e-09 
 1.23140000e-09  0.00000000e+00  1.23140000e-09  1.80000000e+00  1.23140000e-09  1.19461362e-09  1.23140000e-09  1.19382452e-09 
 1.23640000e-09  0.00000000e+00  1.23640000e-09  1.80000000e+00  1.23640000e-09  1.19461362e-09  1.23640000e-09  1.19382452e-09 
 1.24140000e-09  0.00000000e+00  1.24140000e-09  1.80000000e+00  1.24140000e-09  1.19461362e-09  1.24140000e-09  1.19382452e-09 
 1.24640000e-09  0.00000000e+00  1.24640000e-09  1.80000000e+00  1.24640000e-09  1.19461362e-09  1.24640000e-09  1.19382452e-09 
 1.25140000e-09  0.00000000e+00  1.25140000e-09  1.80000000e+00  1.25140000e-09  1.19461362e-09  1.25140000e-09  1.19382452e-09 
 1.25640000e-09  0.00000000e+00  1.25640000e-09  1.80000000e+00  1.25640000e-09  1.19461362e-09  1.25640000e-09  1.19382452e-09 
 1.26140000e-09  0.00000000e+00  1.26140000e-09  1.80000000e+00  1.26140000e-09  1.19461362e-09  1.26140000e-09  1.19382452e-09 
 1.26640000e-09  0.00000000e+00  1.26640000e-09  1.80000000e+00  1.26640000e-09  1.19461362e-09  1.26640000e-09  1.19382452e-09 
 1.27140000e-09  0.00000000e+00  1.27140000e-09  1.80000000e+00  1.27140000e-09  1.19461362e-09  1.27140000e-09  1.19382452e-09 
 1.27640000e-09  0.00000000e+00  1.27640000e-09  1.80000000e+00  1.27640000e-09  1.19461362e-09  1.27640000e-09  1.19382452e-09 
 1.28140000e-09  0.00000000e+00  1.28140000e-09  1.80000000e+00  1.28140000e-09  1.19461362e-09  1.28140000e-09  1.19382452e-09 
 1.28640000e-09  0.00000000e+00  1.28640000e-09  1.80000000e+00  1.28640000e-09  1.19461362e-09  1.28640000e-09  1.19382452e-09 
 1.29140000e-09  0.00000000e+00  1.29140000e-09  1.80000000e+00  1.29140000e-09  1.19461362e-09  1.29140000e-09  1.19382452e-09 
 1.29640000e-09  0.00000000e+00  1.29640000e-09  1.80000000e+00  1.29640000e-09  1.19461362e-09  1.29640000e-09  1.19382452e-09 
 1.30140000e-09  0.00000000e+00  1.30140000e-09  1.80000000e+00  1.30140000e-09  1.19461362e-09  1.30140000e-09  1.19382452e-09 
 1.30640000e-09  0.00000000e+00  1.30640000e-09  1.80000000e+00  1.30640000e-09  1.19461362e-09  1.30640000e-09  1.19382452e-09 
 1.31140000e-09  0.00000000e+00  1.31140000e-09  1.80000000e+00  1.31140000e-09  1.19461362e-09  1.31140000e-09  1.19382452e-09 
 1.31640000e-09  0.00000000e+00  1.31640000e-09  1.80000000e+00  1.31640000e-09  1.19461362e-09  1.31640000e-09  1.19382452e-09 
 1.32140000e-09  0.00000000e+00  1.32140000e-09  1.80000000e+00  1.32140000e-09  1.19461362e-09  1.32140000e-09  1.19382452e-09 
 1.32640000e-09  0.00000000e+00  1.32640000e-09  1.80000000e+00  1.32640000e-09  1.19461362e-09  1.32640000e-09  1.19382452e-09 
 1.33140000e-09  0.00000000e+00  1.33140000e-09  1.80000000e+00  1.33140000e-09  1.19461362e-09  1.33140000e-09  1.19382452e-09 
 1.33640000e-09  0.00000000e+00  1.33640000e-09  1.80000000e+00  1.33640000e-09  1.19461362e-09  1.33640000e-09  1.19382452e-09 
 1.34140000e-09  0.00000000e+00  1.34140000e-09  1.80000000e+00  1.34140000e-09  1.19461362e-09  1.34140000e-09  1.19382452e-09 
 1.34640000e-09  0.00000000e+00  1.34640000e-09  1.80000000e+00  1.34640000e-09  1.19461362e-09  1.34640000e-09  1.19382452e-09 
 1.35140000e-09  0.00000000e+00  1.35140000e-09  1.80000000e+00  1.35140000e-09  1.19461362e-09  1.35140000e-09  1.19382452e-09 
 1.35640000e-09  0.00000000e+00  1.35640000e-09  1.80000000e+00  1.35640000e-09  1.19461362e-09  1.35640000e-09  1.19382452e-09 
 1.36140000e-09  0.00000000e+00  1.36140000e-09  1.80000000e+00  1.36140000e-09  1.19461362e-09  1.36140000e-09  1.19382452e-09 
 1.36640000e-09  0.00000000e+00  1.36640000e-09  1.80000000e+00  1.36640000e-09  1.19461362e-09  1.36640000e-09  1.19382452e-09 
 1.37140000e-09  0.00000000e+00  1.37140000e-09  1.80000000e+00  1.37140000e-09  1.19461362e-09  1.37140000e-09  1.19382452e-09 
 1.37640000e-09  0.00000000e+00  1.37640000e-09  1.80000000e+00  1.37640000e-09  1.19461362e-09  1.37640000e-09  1.19382452e-09 
 1.38140000e-09  0.00000000e+00  1.38140000e-09  1.80000000e+00  1.38140000e-09  1.19461362e-09  1.38140000e-09  1.19382452e-09 
 1.38640000e-09  0.00000000e+00  1.38640000e-09  1.80000000e+00  1.38640000e-09  1.19461362e-09  1.38640000e-09  1.19382452e-09 
 1.39140000e-09  0.00000000e+00  1.39140000e-09  1.80000000e+00  1.39140000e-09  1.19461362e-09  1.39140000e-09  1.19382452e-09 
 1.39640000e-09  0.00000000e+00  1.39640000e-09  1.80000000e+00  1.39640000e-09  1.19461362e-09  1.39640000e-09  1.19382452e-09 
 1.40140000e-09  0.00000000e+00  1.40140000e-09  1.80000000e+00  1.40140000e-09  1.19461362e-09  1.40140000e-09  1.19382452e-09 
 1.40640000e-09  0.00000000e+00  1.40640000e-09  1.80000000e+00  1.40640000e-09  1.19461362e-09  1.40640000e-09  1.19382452e-09 
 1.41140000e-09  0.00000000e+00  1.41140000e-09  1.80000000e+00  1.41140000e-09  1.19461362e-09  1.41140000e-09  1.19382452e-09 
 1.41640000e-09  0.00000000e+00  1.41640000e-09  1.80000000e+00  1.41640000e-09  1.19461362e-09  1.41640000e-09  1.19382452e-09 
 1.42140000e-09  0.00000000e+00  1.42140000e-09  1.80000000e+00  1.42140000e-09  1.19461362e-09  1.42140000e-09  1.19382452e-09 
 1.42640000e-09  0.00000000e+00  1.42640000e-09  1.80000000e+00  1.42640000e-09  1.19461362e-09  1.42640000e-09  1.19382452e-09 
 1.43140000e-09  0.00000000e+00  1.43140000e-09  1.80000000e+00  1.43140000e-09  1.19461362e-09  1.43140000e-09  1.19382452e-09 
 1.43640000e-09  0.00000000e+00  1.43640000e-09  1.80000000e+00  1.43640000e-09  1.19461362e-09  1.43640000e-09  1.19382452e-09 
 1.44140000e-09  0.00000000e+00  1.44140000e-09  1.80000000e+00  1.44140000e-09  1.19461362e-09  1.44140000e-09  1.19382452e-09 
 1.44640000e-09  0.00000000e+00  1.44640000e-09  1.80000000e+00  1.44640000e-09  1.19461362e-09  1.44640000e-09  1.19382452e-09 
 1.45140000e-09  0.00000000e+00  1.45140000e-09  1.80000000e+00  1.45140000e-09  1.19461362e-09  1.45140000e-09  1.19382452e-09 
 1.45640000e-09  0.00000000e+00  1.45640000e-09  1.80000000e+00  1.45640000e-09  1.19461362e-09  1.45640000e-09  1.19382452e-09 
 1.46140000e-09  0.00000000e+00  1.46140000e-09  1.80000000e+00  1.46140000e-09  1.19461362e-09  1.46140000e-09  1.19382452e-09 
 1.46640000e-09  0.00000000e+00  1.46640000e-09  1.80000000e+00  1.46640000e-09  1.19461362e-09  1.46640000e-09  1.19382452e-09 
 1.47140000e-09  0.00000000e+00  1.47140000e-09  1.80000000e+00  1.47140000e-09  1.19461362e-09  1.47140000e-09  1.19382452e-09 
 1.47640000e-09  0.00000000e+00  1.47640000e-09  1.80000000e+00  1.47640000e-09  1.19461362e-09  1.47640000e-09  1.19382452e-09 
 1.48140000e-09  0.00000000e+00  1.48140000e-09  1.80000000e+00  1.48140000e-09  1.19461362e-09  1.48140000e-09  1.19382452e-09 
 1.48640000e-09  0.00000000e+00  1.48640000e-09  1.80000000e+00  1.48640000e-09  1.19461362e-09  1.48640000e-09  1.19382452e-09 
 1.49140000e-09  0.00000000e+00  1.49140000e-09  1.80000000e+00  1.49140000e-09  1.19461362e-09  1.49140000e-09  1.19382452e-09 
 1.49640000e-09  0.00000000e+00  1.49640000e-09  1.80000000e+00  1.49640000e-09  1.19461362e-09  1.49640000e-09  1.19382452e-09 
 1.50140000e-09  0.00000000e+00  1.50140000e-09  1.80000000e+00  1.50140000e-09  1.19461362e-09  1.50140000e-09  1.19382452e-09 
 1.50640000e-09  0.00000000e+00  1.50640000e-09  1.80000000e+00  1.50640000e-09  1.19461362e-09  1.50640000e-09  1.19382452e-09 
 1.51140000e-09  0.00000000e+00  1.51140000e-09  1.80000000e+00  1.51140000e-09  1.19461362e-09  1.51140000e-09  1.19382452e-09 
 1.51640000e-09  0.00000000e+00  1.51640000e-09  1.80000000e+00  1.51640000e-09  1.19461362e-09  1.51640000e-09  1.19382452e-09 
 1.52140000e-09  0.00000000e+00  1.52140000e-09  1.80000000e+00  1.52140000e-09  1.19461362e-09  1.52140000e-09  1.19382452e-09 
 1.52640000e-09  0.00000000e+00  1.52640000e-09  1.80000000e+00  1.52640000e-09  1.19461362e-09  1.52640000e-09  1.19382452e-09 
 1.53140000e-09  0.00000000e+00  1.53140000e-09  1.80000000e+00  1.53140000e-09  1.19461362e-09  1.53140000e-09  1.19382452e-09 
 1.53640000e-09  0.00000000e+00  1.53640000e-09  1.80000000e+00  1.53640000e-09  1.19461362e-09  1.53640000e-09  1.19382452e-09 
 1.54140000e-09  0.00000000e+00  1.54140000e-09  1.80000000e+00  1.54140000e-09  1.19461362e-09  1.54140000e-09  1.19382452e-09 
 1.54640000e-09  0.00000000e+00  1.54640000e-09  1.80000000e+00  1.54640000e-09  1.19461362e-09  1.54640000e-09  1.19382452e-09 
 1.55140000e-09  0.00000000e+00  1.55140000e-09  1.80000000e+00  1.55140000e-09  1.19461362e-09  1.55140000e-09  1.19382452e-09 
 1.55640000e-09  0.00000000e+00  1.55640000e-09  1.80000000e+00  1.55640000e-09  1.19461362e-09  1.55640000e-09  1.19382452e-09 
 1.56140000e-09  0.00000000e+00  1.56140000e-09  1.80000000e+00  1.56140000e-09  1.19461362e-09  1.56140000e-09  1.19382452e-09 
 1.56640000e-09  0.00000000e+00  1.56640000e-09  1.80000000e+00  1.56640000e-09  1.19461362e-09  1.56640000e-09  1.19382452e-09 
 1.57140000e-09  0.00000000e+00  1.57140000e-09  1.80000000e+00  1.57140000e-09  1.19461362e-09  1.57140000e-09  1.19382452e-09 
 1.57640000e-09  0.00000000e+00  1.57640000e-09  1.80000000e+00  1.57640000e-09  1.19461362e-09  1.57640000e-09  1.19382452e-09 
 1.58140000e-09  0.00000000e+00  1.58140000e-09  1.80000000e+00  1.58140000e-09  1.19461362e-09  1.58140000e-09  1.19382452e-09 
 1.58640000e-09  0.00000000e+00  1.58640000e-09  1.80000000e+00  1.58640000e-09  1.19461362e-09  1.58640000e-09  1.19382452e-09 
 1.59140000e-09  0.00000000e+00  1.59140000e-09  1.80000000e+00  1.59140000e-09  1.19461362e-09  1.59140000e-09  1.19382452e-09 
 1.59640000e-09  0.00000000e+00  1.59640000e-09  1.80000000e+00  1.59640000e-09  1.19461362e-09  1.59640000e-09  1.19382452e-09 
 1.60140000e-09  0.00000000e+00  1.60140000e-09  1.80000000e+00  1.60140000e-09  1.19461362e-09  1.60140000e-09  1.19382452e-09 
 1.60640000e-09  0.00000000e+00  1.60640000e-09  1.80000000e+00  1.60640000e-09  1.19461362e-09  1.60640000e-09  1.19382452e-09 
 1.61140000e-09  0.00000000e+00  1.61140000e-09  1.80000000e+00  1.61140000e-09  1.19461362e-09  1.61140000e-09  1.19382452e-09 
 1.61640000e-09  0.00000000e+00  1.61640000e-09  1.80000000e+00  1.61640000e-09  1.19461362e-09  1.61640000e-09  1.19382452e-09 
 1.62140000e-09  0.00000000e+00  1.62140000e-09  1.80000000e+00  1.62140000e-09  1.19461362e-09  1.62140000e-09  1.19382452e-09 
 1.62640000e-09  0.00000000e+00  1.62640000e-09  1.80000000e+00  1.62640000e-09  1.19461362e-09  1.62640000e-09  1.19382452e-09 
 1.63140000e-09  0.00000000e+00  1.63140000e-09  1.80000000e+00  1.63140000e-09  1.19461362e-09  1.63140000e-09  1.19382452e-09 
 1.63640000e-09  0.00000000e+00  1.63640000e-09  1.80000000e+00  1.63640000e-09  1.19461362e-09  1.63640000e-09  1.19382452e-09 
 1.64140000e-09  0.00000000e+00  1.64140000e-09  1.80000000e+00  1.64140000e-09  1.19461362e-09  1.64140000e-09  1.19382452e-09 
 1.64640000e-09  0.00000000e+00  1.64640000e-09  1.80000000e+00  1.64640000e-09  1.19461362e-09  1.64640000e-09  1.19382452e-09 
 1.65140000e-09  0.00000000e+00  1.65140000e-09  1.80000000e+00  1.65140000e-09  1.19461362e-09  1.65140000e-09  1.19382452e-09 
 1.65640000e-09  0.00000000e+00  1.65640000e-09  1.80000000e+00  1.65640000e-09  1.19461362e-09  1.65640000e-09  1.19382452e-09 
 1.66140000e-09  0.00000000e+00  1.66140000e-09  1.80000000e+00  1.66140000e-09  1.19461362e-09  1.66140000e-09  1.19382452e-09 
 1.66640000e-09  0.00000000e+00  1.66640000e-09  1.80000000e+00  1.66640000e-09  1.19461362e-09  1.66640000e-09  1.19382452e-09 
 1.67140000e-09  0.00000000e+00  1.67140000e-09  1.80000000e+00  1.67140000e-09  1.19461362e-09  1.67140000e-09  1.19382452e-09 
 1.67640000e-09  0.00000000e+00  1.67640000e-09  1.80000000e+00  1.67640000e-09  1.19461362e-09  1.67640000e-09  1.19382452e-09 
 1.68140000e-09  0.00000000e+00  1.68140000e-09  1.80000000e+00  1.68140000e-09  1.19461362e-09  1.68140000e-09  1.19382452e-09 
 1.68640000e-09  0.00000000e+00  1.68640000e-09  1.80000000e+00  1.68640000e-09  1.19461362e-09  1.68640000e-09  1.19382452e-09 
 1.69140000e-09  0.00000000e+00  1.69140000e-09  1.80000000e+00  1.69140000e-09  1.19461362e-09  1.69140000e-09  1.19382452e-09 
 1.69640000e-09  0.00000000e+00  1.69640000e-09  1.80000000e+00  1.69640000e-09  1.19461362e-09  1.69640000e-09  1.19382452e-09 
 1.70140000e-09  0.00000000e+00  1.70140000e-09  1.80000000e+00  1.70140000e-09  1.19461362e-09  1.70140000e-09  1.19382452e-09 
 1.70640000e-09  0.00000000e+00  1.70640000e-09  1.80000000e+00  1.70640000e-09  1.19461362e-09  1.70640000e-09  1.19382452e-09 
 1.71140000e-09  0.00000000e+00  1.71140000e-09  1.80000000e+00  1.71140000e-09  1.19461362e-09  1.71140000e-09  1.19382452e-09 
 1.71640000e-09  0.00000000e+00  1.71640000e-09  1.80000000e+00  1.71640000e-09  1.19461362e-09  1.71640000e-09  1.19382452e-09 
 1.72140000e-09  0.00000000e+00  1.72140000e-09  1.80000000e+00  1.72140000e-09  1.19461362e-09  1.72140000e-09  1.19382452e-09 
 1.72640000e-09  0.00000000e+00  1.72640000e-09  1.80000000e+00  1.72640000e-09  1.19461362e-09  1.72640000e-09  1.19382452e-09 
 1.73140000e-09  0.00000000e+00  1.73140000e-09  1.80000000e+00  1.73140000e-09  1.19461362e-09  1.73140000e-09  1.19382452e-09 
 1.73640000e-09  0.00000000e+00  1.73640000e-09  1.80000000e+00  1.73640000e-09  1.19461362e-09  1.73640000e-09  1.19382452e-09 
 1.74140000e-09  0.00000000e+00  1.74140000e-09  1.80000000e+00  1.74140000e-09  1.19461362e-09  1.74140000e-09  1.19382452e-09 
 1.74640000e-09  0.00000000e+00  1.74640000e-09  1.80000000e+00  1.74640000e-09  1.19461362e-09  1.74640000e-09  1.19382452e-09 
 1.75140000e-09  0.00000000e+00  1.75140000e-09  1.80000000e+00  1.75140000e-09  1.19461362e-09  1.75140000e-09  1.19382452e-09 
 1.75640000e-09  0.00000000e+00  1.75640000e-09  1.80000000e+00  1.75640000e-09  1.19461362e-09  1.75640000e-09  1.19382452e-09 
 1.76140000e-09  0.00000000e+00  1.76140000e-09  1.80000000e+00  1.76140000e-09  1.19461362e-09  1.76140000e-09  1.19382452e-09 
 1.76640000e-09  0.00000000e+00  1.76640000e-09  1.80000000e+00  1.76640000e-09  1.19461362e-09  1.76640000e-09  1.19382452e-09 
 1.77140000e-09  0.00000000e+00  1.77140000e-09  1.80000000e+00  1.77140000e-09  1.19461362e-09  1.77140000e-09  1.19382452e-09 
 1.77640000e-09  0.00000000e+00  1.77640000e-09  1.80000000e+00  1.77640000e-09  1.19461362e-09  1.77640000e-09  1.19382452e-09 
 1.78140000e-09  0.00000000e+00  1.78140000e-09  1.80000000e+00  1.78140000e-09  1.19461362e-09  1.78140000e-09  1.19382452e-09 
 1.78640000e-09  0.00000000e+00  1.78640000e-09  1.80000000e+00  1.78640000e-09  1.19461362e-09  1.78640000e-09  1.19382452e-09 
 1.79140000e-09  0.00000000e+00  1.79140000e-09  1.80000000e+00  1.79140000e-09  1.19461362e-09  1.79140000e-09  1.19382452e-09 
 1.79640000e-09  0.00000000e+00  1.79640000e-09  1.80000000e+00  1.79640000e-09  1.19461362e-09  1.79640000e-09  1.19382452e-09 
 1.80140000e-09  0.00000000e+00  1.80140000e-09  1.80000000e+00  1.80140000e-09  1.19461362e-09  1.80140000e-09  1.19382452e-09 
 1.80640000e-09  0.00000000e+00  1.80640000e-09  1.80000000e+00  1.80640000e-09  1.19461362e-09  1.80640000e-09  1.19382452e-09 
 1.81140000e-09  0.00000000e+00  1.81140000e-09  1.80000000e+00  1.81140000e-09  1.19461362e-09  1.81140000e-09  1.19382452e-09 
 1.81640000e-09  0.00000000e+00  1.81640000e-09  1.80000000e+00  1.81640000e-09  1.19461362e-09  1.81640000e-09  1.19382452e-09 
 1.82140000e-09  0.00000000e+00  1.82140000e-09  1.80000000e+00  1.82140000e-09  1.19461362e-09  1.82140000e-09  1.19382452e-09 
 1.82640000e-09  0.00000000e+00  1.82640000e-09  1.80000000e+00  1.82640000e-09  1.19461362e-09  1.82640000e-09  1.19382452e-09 
 1.83140000e-09  0.00000000e+00  1.83140000e-09  1.80000000e+00  1.83140000e-09  1.19461362e-09  1.83140000e-09  1.19382452e-09 
 1.83640000e-09  0.00000000e+00  1.83640000e-09  1.80000000e+00  1.83640000e-09  1.19461362e-09  1.83640000e-09  1.19382452e-09 
 1.84140000e-09  0.00000000e+00  1.84140000e-09  1.80000000e+00  1.84140000e-09  1.19461362e-09  1.84140000e-09  1.19382452e-09 
 1.84640000e-09  0.00000000e+00  1.84640000e-09  1.80000000e+00  1.84640000e-09  1.19461362e-09  1.84640000e-09  1.19382452e-09 
 1.85140000e-09  0.00000000e+00  1.85140000e-09  1.80000000e+00  1.85140000e-09  1.19461362e-09  1.85140000e-09  1.19382452e-09 
 1.85640000e-09  0.00000000e+00  1.85640000e-09  1.80000000e+00  1.85640000e-09  1.19461362e-09  1.85640000e-09  1.19382452e-09 
 1.86140000e-09  0.00000000e+00  1.86140000e-09  1.80000000e+00  1.86140000e-09  1.19461362e-09  1.86140000e-09  1.19382452e-09 
 1.86640000e-09  0.00000000e+00  1.86640000e-09  1.80000000e+00  1.86640000e-09  1.19461362e-09  1.86640000e-09  1.19382452e-09 
 1.87140000e-09  0.00000000e+00  1.87140000e-09  1.80000000e+00  1.87140000e-09  1.19461362e-09  1.87140000e-09  1.19382452e-09 
 1.87640000e-09  0.00000000e+00  1.87640000e-09  1.80000000e+00  1.87640000e-09  1.19461362e-09  1.87640000e-09  1.19382452e-09 
 1.88140000e-09  0.00000000e+00  1.88140000e-09  1.80000000e+00  1.88140000e-09  1.19461362e-09  1.88140000e-09  1.19382452e-09 
 1.88640000e-09  0.00000000e+00  1.88640000e-09  1.80000000e+00  1.88640000e-09  1.19461362e-09  1.88640000e-09  1.19382452e-09 
 1.89140000e-09  0.00000000e+00  1.89140000e-09  1.80000000e+00  1.89140000e-09  1.19461362e-09  1.89140000e-09  1.19382452e-09 
 1.89640000e-09  0.00000000e+00  1.89640000e-09  1.80000000e+00  1.89640000e-09  1.19461362e-09  1.89640000e-09  1.19382452e-09 
 1.90140000e-09  0.00000000e+00  1.90140000e-09  1.80000000e+00  1.90140000e-09  1.19461362e-09  1.90140000e-09  1.19382452e-09 
 1.90640000e-09  0.00000000e+00  1.90640000e-09  1.80000000e+00  1.90640000e-09  1.19461362e-09  1.90640000e-09  1.19382452e-09 
 1.91140000e-09  0.00000000e+00  1.91140000e-09  1.80000000e+00  1.91140000e-09  1.19461362e-09  1.91140000e-09  1.19382452e-09 
 1.91640000e-09  0.00000000e+00  1.91640000e-09  1.80000000e+00  1.91640000e-09  1.19461362e-09  1.91640000e-09  1.19382452e-09 
 1.92140000e-09  0.00000000e+00  1.92140000e-09  1.80000000e+00  1.92140000e-09  1.19461362e-09  1.92140000e-09  1.19382452e-09 
 1.92640000e-09  0.00000000e+00  1.92640000e-09  1.80000000e+00  1.92640000e-09  1.19461362e-09  1.92640000e-09  1.19382452e-09 
 1.93140000e-09  0.00000000e+00  1.93140000e-09  1.80000000e+00  1.93140000e-09  1.19461362e-09  1.93140000e-09  1.19382452e-09 
 1.93640000e-09  0.00000000e+00  1.93640000e-09  1.80000000e+00  1.93640000e-09  1.19461362e-09  1.93640000e-09  1.19382452e-09 
 1.94140000e-09  0.00000000e+00  1.94140000e-09  1.80000000e+00  1.94140000e-09  1.19461362e-09  1.94140000e-09  1.19382452e-09 
 1.94640000e-09  0.00000000e+00  1.94640000e-09  1.80000000e+00  1.94640000e-09  1.19461362e-09  1.94640000e-09  1.19382452e-09 
 1.95140000e-09  0.00000000e+00  1.95140000e-09  1.80000000e+00  1.95140000e-09  1.19461362e-09  1.95140000e-09  1.19382452e-09 
 1.95640000e-09  0.00000000e+00  1.95640000e-09  1.80000000e+00  1.95640000e-09  1.19461362e-09  1.95640000e-09  1.19382452e-09 
 1.96140000e-09  0.00000000e+00  1.96140000e-09  1.80000000e+00  1.96140000e-09  1.19461362e-09  1.96140000e-09  1.19382452e-09 
 1.96640000e-09  0.00000000e+00  1.96640000e-09  1.80000000e+00  1.96640000e-09  1.19461362e-09  1.96640000e-09  1.19382452e-09 
 1.97140000e-09  0.00000000e+00  1.97140000e-09  1.80000000e+00  1.97140000e-09  1.19461362e-09  1.97140000e-09  1.19382452e-09 
 1.97640000e-09  0.00000000e+00  1.97640000e-09  1.80000000e+00  1.97640000e-09  1.19461362e-09  1.97640000e-09  1.19382452e-09 
 1.98140000e-09  0.00000000e+00  1.98140000e-09  1.80000000e+00  1.98140000e-09  1.19461362e-09  1.98140000e-09  1.19382452e-09 
 1.98640000e-09  0.00000000e+00  1.98640000e-09  1.80000000e+00  1.98640000e-09  1.19461362e-09  1.98640000e-09  1.19382452e-09 
 1.99140000e-09  0.00000000e+00  1.99140000e-09  1.80000000e+00  1.99140000e-09  1.19461362e-09  1.99140000e-09  1.19382452e-09 
 1.99640000e-09  0.00000000e+00  1.99640000e-09  1.80000000e+00  1.99640000e-09  1.19461362e-09  1.99640000e-09  1.19382452e-09 
 2.00000000e-09  0.00000000e+00  2.00000000e-09  1.80000000e+00  2.00000000e-09  1.19461362e-09  2.00000000e-09  1.19382452e-09 
 2.00050000e-09  1.80000000e-02  2.00050000e-09  1.80000000e+00  2.00050000e-09  6.52057931e-04  2.00050000e-09  6.52042224e-04 
 2.00150000e-09  5.40000000e-02  2.00150000e-09  1.80000000e+00  2.00150000e-09  3.18895348e-03  2.00150000e-09  3.18884641e-03 
 2.00350000e-09  1.26000000e-01  2.00350000e-09  1.80000000e+00  2.00350000e-09  1.49535518e-02  2.00350000e-09  1.49526166e-02 
 2.00750000e-09  2.70000000e-01  2.00750000e-09  1.80000000e+00  2.00750000e-09  5.91569441e-02  2.00750000e-09  5.91498020e-02 
 2.01250000e-09  4.50000000e-01  2.01250000e-09  1.80000000e+00  2.01250000e-09  1.40625373e-01  2.01250000e-09  1.40599176e-01 
 2.01750000e-09  6.30000000e-01  2.01750000e-09  1.80000000e+00  2.01750000e-09  2.39810450e-01  2.01750000e-09  2.39750867e-01 
 2.02250000e-09  8.10000000e-01  2.02250000e-09  1.80000000e+00  2.02250000e-09  3.52083529e-01  2.02250000e-09  3.51975243e-01 
 2.02750000e-09  9.90000000e-01  2.02750000e-09  1.80000000e+00  2.02750000e-09  4.77126912e-01  2.02750000e-09  4.76953396e-01 
 2.03250000e-09  1.17000000e+00  2.03250000e-09  1.80000000e+00  2.03250000e-09  6.14251514e-01  2.03250000e-09  6.13997639e-01 
 2.03750000e-09  1.35000000e+00  2.03750000e-09  1.80000000e+00  2.03750000e-09  7.61320060e-01  2.03750000e-09  7.60973253e-01 
 2.04250000e-09  1.53000000e+00  2.04250000e-09  1.80000000e+00  2.04250000e-09  9.18146269e-01  2.04250000e-09  9.17694792e-01 
 2.04750000e-09  1.71000000e+00  2.04750000e-09  1.80000000e+00  2.04750000e-09  1.08868875e+00  2.04750000e-09  1.08812115e+00 
 2.05000000e-09  1.80000000e+00  2.05000000e-09  1.80000000e+00  2.05000000e-09  1.18060913e+00  2.05000000e-09  1.17997903e+00 
 2.05050000e-09  1.80000000e+00  2.05050000e-09  1.80000000e+00  2.05050000e-09  1.19900253e+00  2.05050000e-09  1.19835948e+00 
 2.05150000e-09  1.80000000e+00  2.05150000e-09  1.80000000e+00  2.05150000e-09  1.23484770e+00  2.05150000e-09  1.23417849e+00 
 2.05350000e-09  1.80000000e+00  2.05350000e-09  1.80000000e+00  2.05350000e-09  1.30116508e+00  2.05350000e-09  1.30044238e+00 
 2.05750000e-09  1.80000000e+00  2.05750000e-09  1.80000000e+00  2.05750000e-09  1.41471794e+00  2.05750000e-09  1.41389187e+00 
 2.06250000e-09  1.80000000e+00  2.06250000e-09  1.80000000e+00  2.06250000e-09  1.52527619e+00  2.06250000e-09  1.52434191e+00 
 2.06750000e-09  1.80000000e+00  2.06750000e-09  1.80000000e+00  2.06750000e-09  1.60662300e+00  2.06750000e-09  1.60560820e+00 
 2.07250000e-09  1.80000000e+00  2.07250000e-09  1.80000000e+00  2.07250000e-09  1.66516273e+00  2.07250000e-09  1.66409047e+00 
 2.07750000e-09  1.80000000e+00  2.07750000e-09  1.80000000e+00  2.07750000e-09  1.70662868e+00  2.07750000e-09  1.70551662e+00 
 2.08250000e-09  1.80000000e+00  2.08250000e-09  1.80000000e+00  2.08250000e-09  1.73566220e+00  2.08250000e-09  1.73452317e+00 
 2.08750000e-09  1.80000000e+00  2.08750000e-09  1.80000000e+00  2.08750000e-09  1.75581046e+00  2.08750000e-09  1.75465349e+00 
 2.09250000e-09  1.80000000e+00  2.09250000e-09  1.80000000e+00  2.09250000e-09  1.76971624e+00  2.09250000e-09  1.76854748e+00 
 2.09750000e-09  1.80000000e+00  2.09750000e-09  1.80000000e+00  2.09750000e-09  1.77927760e+00  2.09750000e-09  1.77810117e+00 
 2.10250000e-09  1.80000000e+00  2.10250000e-09  1.80000000e+00  2.10250000e-09  1.78583495e+00  2.10250000e-09  1.78465356e+00 
 2.10750000e-09  1.80000000e+00  2.10750000e-09  1.80000000e+00  2.10750000e-09  1.79032418e+00  2.10750000e-09  1.78913962e+00 
 2.11250000e-09  1.80000000e+00  2.11250000e-09  1.80000000e+00  2.11250000e-09  1.79339389e+00  2.11250000e-09  1.79220730e+00 
 2.11750000e-09  1.80000000e+00  2.11750000e-09  1.80000000e+00  2.11750000e-09  1.79549121e+00  2.11750000e-09  1.79430334e+00 
 2.12250000e-09  1.80000000e+00  2.12250000e-09  1.80000000e+00  2.12250000e-09  1.79692336e+00  2.12250000e-09  1.79573469e+00 
 2.12750000e-09  1.80000000e+00  2.12750000e-09  1.80000000e+00  2.12750000e-09  1.79790094e+00  2.12750000e-09  1.79671177e+00 
 2.13250000e-09  1.80000000e+00  2.13250000e-09  1.80000000e+00  2.13250000e-09  1.79856805e+00  2.13250000e-09  1.79737857e+00 
 2.13750000e-09  1.80000000e+00  2.13750000e-09  1.80000000e+00  2.13750000e-09  1.79902321e+00  2.13750000e-09  1.79783354e+00 
 2.14250000e-09  1.80000000e+00  2.14250000e-09  1.80000000e+00  2.14250000e-09  1.79933373e+00  2.14250000e-09  1.79814395e+00 
 2.14750000e-09  1.80000000e+00  2.14750000e-09  1.80000000e+00  2.14750000e-09  1.79954555e+00  2.14750000e-09  1.79835570e+00 
 2.15250000e-09  1.80000000e+00  2.15250000e-09  1.80000000e+00  2.15250000e-09  1.79969003e+00  2.15250000e-09  1.79850015e+00 
 2.15750000e-09  1.80000000e+00  2.15750000e-09  1.80000000e+00  2.15750000e-09  1.79978859e+00  2.15750000e-09  1.79859868e+00 
 2.16250000e-09  1.80000000e+00  2.16250000e-09  1.80000000e+00  2.16250000e-09  1.79985581e+00  2.16250000e-09  1.79866589e+00 
 2.16750000e-09  1.80000000e+00  2.16750000e-09  1.80000000e+00  2.16750000e-09  1.79990165e+00  2.16750000e-09  1.79871173e+00 
 2.17250000e-09  1.80000000e+00  2.17250000e-09  1.80000000e+00  2.17250000e-09  1.79993292e+00  2.17250000e-09  1.79874300e+00 
 2.17750000e-09  1.80000000e+00  2.17750000e-09  1.80000000e+00  2.17750000e-09  1.79995425e+00  2.17750000e-09  1.79876433e+00 
 2.18250000e-09  1.80000000e+00  2.18250000e-09  1.80000000e+00  2.18250000e-09  1.79996880e+00  2.18250000e-09  1.79877887e+00 
 2.18750000e-09  1.80000000e+00  2.18750000e-09  1.80000000e+00  2.18750000e-09  1.79997872e+00  2.18750000e-09  1.79878879e+00 
 2.19250000e-09  1.80000000e+00  2.19250000e-09  1.80000000e+00  2.19250000e-09  1.79998548e+00  2.19250000e-09  1.79879556e+00 
 2.19750000e-09  1.80000000e+00  2.19750000e-09  1.80000000e+00  2.19750000e-09  1.79999010e+00  2.19750000e-09  1.79880018e+00 
 2.20250000e-09  1.80000000e+00  2.20250000e-09  1.80000000e+00  2.20250000e-09  1.79999325e+00  2.20250000e-09  1.79880333e+00 
 2.20750000e-09  1.80000000e+00  2.20750000e-09  1.80000000e+00  2.20750000e-09  1.79999539e+00  2.20750000e-09  1.79880547e+00 
 2.21250000e-09  1.80000000e+00  2.21250000e-09  1.80000000e+00  2.21250000e-09  1.79999686e+00  2.21250000e-09  1.79880694e+00 
 2.21750000e-09  1.80000000e+00  2.21750000e-09  1.80000000e+00  2.21750000e-09  1.79999786e+00  2.21750000e-09  1.79880794e+00 
 2.22250000e-09  1.80000000e+00  2.22250000e-09  1.80000000e+00  2.22250000e-09  1.79999854e+00  2.22250000e-09  1.79880862e+00 
 2.22750000e-09  1.80000000e+00  2.22750000e-09  1.80000000e+00  2.22750000e-09  1.79999900e+00  2.22750000e-09  1.79880908e+00 
 2.23250000e-09  1.80000000e+00  2.23250000e-09  1.80000000e+00  2.23250000e-09  1.79999932e+00  2.23250000e-09  1.79880940e+00 
 2.23750000e-09  1.80000000e+00  2.23750000e-09  1.80000000e+00  2.23750000e-09  1.79999954e+00  2.23750000e-09  1.79880962e+00 
 2.24250000e-09  1.80000000e+00  2.24250000e-09  1.80000000e+00  2.24250000e-09  1.79999968e+00  2.24250000e-09  1.79880976e+00 
 2.24750000e-09  1.80000000e+00  2.24750000e-09  1.80000000e+00  2.24750000e-09  1.79999978e+00  2.24750000e-09  1.79880986e+00 
 2.25250000e-09  1.80000000e+00  2.25250000e-09  1.80000000e+00  2.25250000e-09  1.79999985e+00  2.25250000e-09  1.79880993e+00 
 2.25750000e-09  1.80000000e+00  2.25750000e-09  1.80000000e+00  2.25750000e-09  1.79999990e+00  2.25750000e-09  1.79880998e+00 
 2.26250000e-09  1.80000000e+00  2.26250000e-09  1.80000000e+00  2.26250000e-09  1.79999993e+00  2.26250000e-09  1.79881001e+00 
 2.26750000e-09  1.80000000e+00  2.26750000e-09  1.80000000e+00  2.26750000e-09  1.79999995e+00  2.26750000e-09  1.79881003e+00 
 2.27250000e-09  1.80000000e+00  2.27250000e-09  1.80000000e+00  2.27250000e-09  1.79999997e+00  2.27250000e-09  1.79881005e+00 
 2.27750000e-09  1.80000000e+00  2.27750000e-09  1.80000000e+00  2.27750000e-09  1.79999998e+00  2.27750000e-09  1.79881006e+00 
 2.28250000e-09  1.80000000e+00  2.28250000e-09  1.80000000e+00  2.28250000e-09  1.79999998e+00  2.28250000e-09  1.79881007e+00 
 2.28750000e-09  1.80000000e+00  2.28750000e-09  1.80000000e+00  2.28750000e-09  1.79999999e+00  2.28750000e-09  1.79881007e+00 
 2.29250000e-09  1.80000000e+00  2.29250000e-09  1.80000000e+00  2.29250000e-09  1.79999999e+00  2.29250000e-09  1.79881007e+00 
 2.29750000e-09  1.80000000e+00  2.29750000e-09  1.80000000e+00  2.29750000e-09  1.79999999e+00  2.29750000e-09  1.79881008e+00 
 2.30250000e-09  1.80000000e+00  2.30250000e-09  1.80000000e+00  2.30250000e-09  1.80000000e+00  2.30250000e-09  1.79881008e+00 
 2.30750000e-09  1.80000000e+00  2.30750000e-09  1.80000000e+00  2.30750000e-09  1.80000000e+00  2.30750000e-09  1.79881008e+00 
 2.31250000e-09  1.80000000e+00  2.31250000e-09  1.80000000e+00  2.31250000e-09  1.80000000e+00  2.31250000e-09  1.79881008e+00 
 2.31750000e-09  1.80000000e+00  2.31750000e-09  1.80000000e+00  2.31750000e-09  1.80000000e+00  2.31750000e-09  1.79881008e+00 
 2.32250000e-09  1.80000000e+00  2.32250000e-09  1.80000000e+00  2.32250000e-09  1.80000000e+00  2.32250000e-09  1.79881008e+00 
 2.32750000e-09  1.80000000e+00  2.32750000e-09  1.80000000e+00  2.32750000e-09  1.80000000e+00  2.32750000e-09  1.79881008e+00 
 2.33250000e-09  1.80000000e+00  2.33250000e-09  1.80000000e+00  2.33250000e-09  1.80000000e+00  2.33250000e-09  1.79881008e+00 
 2.33750000e-09  1.80000000e+00  2.33750000e-09  1.80000000e+00  2.33750000e-09  1.80000000e+00  2.33750000e-09  1.79881008e+00 
 2.34250000e-09  1.80000000e+00  2.34250000e-09  1.80000000e+00  2.34250000e-09  1.80000000e+00  2.34250000e-09  1.79881008e+00 
 2.34750000e-09  1.80000000e+00  2.34750000e-09  1.80000000e+00  2.34750000e-09  1.80000000e+00  2.34750000e-09  1.79881008e+00 
 2.35250000e-09  1.80000000e+00  2.35250000e-09  1.80000000e+00  2.35250000e-09  1.80000000e+00  2.35250000e-09  1.79881008e+00 
 2.35750000e-09  1.80000000e+00  2.35750000e-09  1.80000000e+00  2.35750000e-09  1.80000000e+00  2.35750000e-09  1.79881008e+00 
 2.36250000e-09  1.80000000e+00  2.36250000e-09  1.80000000e+00  2.36250000e-09  1.80000000e+00  2.36250000e-09  1.79881008e+00 
 2.36750000e-09  1.80000000e+00  2.36750000e-09  1.80000000e+00  2.36750000e-09  1.80000000e+00  2.36750000e-09  1.79881008e+00 
 2.37250000e-09  1.80000000e+00  2.37250000e-09  1.80000000e+00  2.37250000e-09  1.80000000e+00  2.37250000e-09  1.79881008e+00 
 2.37750000e-09  1.80000000e+00  2.37750000e-09  1.80000000e+00  2.37750000e-09  1.80000000e+00  2.37750000e-09  1.79881008e+00 
 2.38250000e-09  1.80000000e+00  2.38250000e-09  1.80000000e+00  2.38250000e-09  1.80000000e+00  2.38250000e-09  1.79881008e+00 
 2.38750000e-09  1.80000000e+00  2.38750000e-09  1.80000000e+00  2.38750000e-09  1.80000000e+00  2.38750000e-09  1.79881008e+00 
 2.39250000e-09  1.80000000e+00  2.39250000e-09  1.80000000e+00  2.39250000e-09  1.80000000e+00  2.39250000e-09  1.79881008e+00 
 2.39750000e-09  1.80000000e+00  2.39750000e-09  1.80000000e+00  2.39750000e-09  1.80000000e+00  2.39750000e-09  1.79881008e+00 
 2.40250000e-09  1.80000000e+00  2.40250000e-09  1.80000000e+00  2.40250000e-09  1.80000000e+00  2.40250000e-09  1.79881008e+00 
 2.40750000e-09  1.80000000e+00  2.40750000e-09  1.80000000e+00  2.40750000e-09  1.80000000e+00  2.40750000e-09  1.79881008e+00 
 2.41250000e-09  1.80000000e+00  2.41250000e-09  1.80000000e+00  2.41250000e-09  1.80000000e+00  2.41250000e-09  1.79881008e+00 
 2.41750000e-09  1.80000000e+00  2.41750000e-09  1.80000000e+00  2.41750000e-09  1.80000000e+00  2.41750000e-09  1.79881008e+00 
 2.42250000e-09  1.80000000e+00  2.42250000e-09  1.80000000e+00  2.42250000e-09  1.80000000e+00  2.42250000e-09  1.79881008e+00 
 2.42750000e-09  1.80000000e+00  2.42750000e-09  1.80000000e+00  2.42750000e-09  1.80000000e+00  2.42750000e-09  1.79881008e+00 
 2.43250000e-09  1.80000000e+00  2.43250000e-09  1.80000000e+00  2.43250000e-09  1.80000000e+00  2.43250000e-09  1.79881008e+00 
 2.43750000e-09  1.80000000e+00  2.43750000e-09  1.80000000e+00  2.43750000e-09  1.80000000e+00  2.43750000e-09  1.79881008e+00 
 2.44250000e-09  1.80000000e+00  2.44250000e-09  1.80000000e+00  2.44250000e-09  1.80000000e+00  2.44250000e-09  1.79881008e+00 
 2.44750000e-09  1.80000000e+00  2.44750000e-09  1.80000000e+00  2.44750000e-09  1.80000000e+00  2.44750000e-09  1.79881008e+00 
 2.45250000e-09  1.80000000e+00  2.45250000e-09  1.80000000e+00  2.45250000e-09  1.80000000e+00  2.45250000e-09  1.79881008e+00 
 2.45750000e-09  1.80000000e+00  2.45750000e-09  1.80000000e+00  2.45750000e-09  1.80000000e+00  2.45750000e-09  1.79881008e+00 
 2.46250000e-09  1.80000000e+00  2.46250000e-09  1.80000000e+00  2.46250000e-09  1.80000000e+00  2.46250000e-09  1.79881008e+00 
 2.46750000e-09  1.80000000e+00  2.46750000e-09  1.80000000e+00  2.46750000e-09  1.80000000e+00  2.46750000e-09  1.79881008e+00 
 2.47250000e-09  1.80000000e+00  2.47250000e-09  1.80000000e+00  2.47250000e-09  1.80000000e+00  2.47250000e-09  1.79881008e+00 
 2.47750000e-09  1.80000000e+00  2.47750000e-09  1.80000000e+00  2.47750000e-09  1.80000000e+00  2.47750000e-09  1.79881008e+00 
 2.48250000e-09  1.80000000e+00  2.48250000e-09  1.80000000e+00  2.48250000e-09  1.80000000e+00  2.48250000e-09  1.79881008e+00 
 2.48750000e-09  1.80000000e+00  2.48750000e-09  1.80000000e+00  2.48750000e-09  1.80000000e+00  2.48750000e-09  1.79881008e+00 
 2.49250000e-09  1.80000000e+00  2.49250000e-09  1.80000000e+00  2.49250000e-09  1.80000000e+00  2.49250000e-09  1.79881008e+00 
 2.49750000e-09  1.80000000e+00  2.49750000e-09  1.80000000e+00  2.49750000e-09  1.80000000e+00  2.49750000e-09  1.79881008e+00 
 2.50250000e-09  1.80000000e+00  2.50250000e-09  1.80000000e+00  2.50250000e-09  1.80000000e+00  2.50250000e-09  1.79881008e+00 
 2.50750000e-09  1.80000000e+00  2.50750000e-09  1.80000000e+00  2.50750000e-09  1.80000000e+00  2.50750000e-09  1.79881008e+00 
 2.51250000e-09  1.80000000e+00  2.51250000e-09  1.80000000e+00  2.51250000e-09  1.80000000e+00  2.51250000e-09  1.79881008e+00 
 2.51750000e-09  1.80000000e+00  2.51750000e-09  1.80000000e+00  2.51750000e-09  1.80000000e+00  2.51750000e-09  1.79881008e+00 
 2.52250000e-09  1.80000000e+00  2.52250000e-09  1.80000000e+00  2.52250000e-09  1.80000000e+00  2.52250000e-09  1.79881008e+00 
 2.52750000e-09  1.80000000e+00  2.52750000e-09  1.80000000e+00  2.52750000e-09  1.80000000e+00  2.52750000e-09  1.79881008e+00 
 2.53250000e-09  1.80000000e+00  2.53250000e-09  1.80000000e+00  2.53250000e-09  1.80000000e+00  2.53250000e-09  1.79881008e+00 
 2.53750000e-09  1.80000000e+00  2.53750000e-09  1.80000000e+00  2.53750000e-09  1.80000000e+00  2.53750000e-09  1.79881008e+00 
 2.54250000e-09  1.80000000e+00  2.54250000e-09  1.80000000e+00  2.54250000e-09  1.80000000e+00  2.54250000e-09  1.79881008e+00 
 2.54750000e-09  1.80000000e+00  2.54750000e-09  1.80000000e+00  2.54750000e-09  1.80000000e+00  2.54750000e-09  1.79881008e+00 
 2.55250000e-09  1.80000000e+00  2.55250000e-09  1.80000000e+00  2.55250000e-09  1.80000000e+00  2.55250000e-09  1.79881008e+00 
 2.55750000e-09  1.80000000e+00  2.55750000e-09  1.80000000e+00  2.55750000e-09  1.80000000e+00  2.55750000e-09  1.79881008e+00 
 2.56250000e-09  1.80000000e+00  2.56250000e-09  1.80000000e+00  2.56250000e-09  1.80000000e+00  2.56250000e-09  1.79881008e+00 
 2.56750000e-09  1.80000000e+00  2.56750000e-09  1.80000000e+00  2.56750000e-09  1.80000000e+00  2.56750000e-09  1.79881008e+00 
 2.57250000e-09  1.80000000e+00  2.57250000e-09  1.80000000e+00  2.57250000e-09  1.80000000e+00  2.57250000e-09  1.79881008e+00 
 2.57750000e-09  1.80000000e+00  2.57750000e-09  1.80000000e+00  2.57750000e-09  1.80000000e+00  2.57750000e-09  1.79881008e+00 
 2.58250000e-09  1.80000000e+00  2.58250000e-09  1.80000000e+00  2.58250000e-09  1.80000000e+00  2.58250000e-09  1.79881008e+00 
 2.58750000e-09  1.80000000e+00  2.58750000e-09  1.80000000e+00  2.58750000e-09  1.80000000e+00  2.58750000e-09  1.79881008e+00 
 2.59250000e-09  1.80000000e+00  2.59250000e-09  1.80000000e+00  2.59250000e-09  1.80000000e+00  2.59250000e-09  1.79881008e+00 
 2.59750000e-09  1.80000000e+00  2.59750000e-09  1.80000000e+00  2.59750000e-09  1.80000000e+00  2.59750000e-09  1.79881008e+00 
 2.60250000e-09  1.80000000e+00  2.60250000e-09  1.80000000e+00  2.60250000e-09  1.80000000e+00  2.60250000e-09  1.79881008e+00 
 2.60750000e-09  1.80000000e+00  2.60750000e-09  1.80000000e+00  2.60750000e-09  1.80000000e+00  2.60750000e-09  1.79881008e+00 
 2.61250000e-09  1.80000000e+00  2.61250000e-09  1.80000000e+00  2.61250000e-09  1.80000000e+00  2.61250000e-09  1.79881008e+00 
 2.61750000e-09  1.80000000e+00  2.61750000e-09  1.80000000e+00  2.61750000e-09  1.80000000e+00  2.61750000e-09  1.79881008e+00 
 2.62250000e-09  1.80000000e+00  2.62250000e-09  1.80000000e+00  2.62250000e-09  1.80000000e+00  2.62250000e-09  1.79881008e+00 
 2.62750000e-09  1.80000000e+00  2.62750000e-09  1.80000000e+00  2.62750000e-09  1.80000000e+00  2.62750000e-09  1.79881008e+00 
 2.63250000e-09  1.80000000e+00  2.63250000e-09  1.80000000e+00  2.63250000e-09  1.80000000e+00  2.63250000e-09  1.79881008e+00 
 2.63750000e-09  1.80000000e+00  2.63750000e-09  1.80000000e+00  2.63750000e-09  1.80000000e+00  2.63750000e-09  1.79881008e+00 
 2.64250000e-09  1.80000000e+00  2.64250000e-09  1.80000000e+00  2.64250000e-09  1.80000000e+00  2.64250000e-09  1.79881008e+00 
 2.64750000e-09  1.80000000e+00  2.64750000e-09  1.80000000e+00  2.64750000e-09  1.80000000e+00  2.64750000e-09  1.79881008e+00 
 2.65250000e-09  1.80000000e+00  2.65250000e-09  1.80000000e+00  2.65250000e-09  1.80000000e+00  2.65250000e-09  1.79881008e+00 
 2.65750000e-09  1.80000000e+00  2.65750000e-09  1.80000000e+00  2.65750000e-09  1.80000000e+00  2.65750000e-09  1.79881008e+00 
 2.66250000e-09  1.80000000e+00  2.66250000e-09  1.80000000e+00  2.66250000e-09  1.80000000e+00  2.66250000e-09  1.79881008e+00 
 2.66750000e-09  1.80000000e+00  2.66750000e-09  1.80000000e+00  2.66750000e-09  1.80000000e+00  2.66750000e-09  1.79881008e+00 
 2.67250000e-09  1.80000000e+00  2.67250000e-09  1.80000000e+00  2.67250000e-09  1.80000000e+00  2.67250000e-09  1.79881008e+00 
 2.67750000e-09  1.80000000e+00  2.67750000e-09  1.80000000e+00  2.67750000e-09  1.80000000e+00  2.67750000e-09  1.79881008e+00 
 2.68250000e-09  1.80000000e+00  2.68250000e-09  1.80000000e+00  2.68250000e-09  1.80000000e+00  2.68250000e-09  1.79881008e+00 
 2.68750000e-09  1.80000000e+00  2.68750000e-09  1.80000000e+00  2.68750000e-09  1.80000000e+00  2.68750000e-09  1.79881008e+00 
 2.69250000e-09  1.80000000e+00  2.69250000e-09  1.80000000e+00  2.69250000e-09  1.80000000e+00  2.69250000e-09  1.79881008e+00 
 2.69750000e-09  1.80000000e+00  2.69750000e-09  1.80000000e+00  2.69750000e-09  1.80000000e+00  2.69750000e-09  1.79881008e+00 
 2.70250000e-09  1.80000000e+00  2.70250000e-09  1.80000000e+00  2.70250000e-09  1.80000000e+00  2.70250000e-09  1.79881008e+00 
 2.70750000e-09  1.80000000e+00  2.70750000e-09  1.80000000e+00  2.70750000e-09  1.80000000e+00  2.70750000e-09  1.79881008e+00 
 2.71250000e-09  1.80000000e+00  2.71250000e-09  1.80000000e+00  2.71250000e-09  1.80000000e+00  2.71250000e-09  1.79881008e+00 
 2.71750000e-09  1.80000000e+00  2.71750000e-09  1.80000000e+00  2.71750000e-09  1.80000000e+00  2.71750000e-09  1.79881008e+00 
 2.72250000e-09  1.80000000e+00  2.72250000e-09  1.80000000e+00  2.72250000e-09  1.80000000e+00  2.72250000e-09  1.79881008e+00 
 2.72750000e-09  1.80000000e+00  2.72750000e-09  1.80000000e+00  2.72750000e-09  1.80000000e+00  2.72750000e-09  1.79881008e+00 
 2.73250000e-09  1.80000000e+00  2.73250000e-09  1.80000000e+00  2.73250000e-09  1.80000000e+00  2.73250000e-09  1.79881008e+00 
 2.73750000e-09  1.80000000e+00  2.73750000e-09  1.80000000e+00  2.73750000e-09  1.80000000e+00  2.73750000e-09  1.79881008e+00 
 2.74250000e-09  1.80000000e+00  2.74250000e-09  1.80000000e+00  2.74250000e-09  1.80000000e+00  2.74250000e-09  1.79881008e+00 
 2.74750000e-09  1.80000000e+00  2.74750000e-09  1.80000000e+00  2.74750000e-09  1.80000000e+00  2.74750000e-09  1.79881008e+00 
 2.75250000e-09  1.80000000e+00  2.75250000e-09  1.80000000e+00  2.75250000e-09  1.80000000e+00  2.75250000e-09  1.79881008e+00 
 2.75750000e-09  1.80000000e+00  2.75750000e-09  1.80000000e+00  2.75750000e-09  1.80000000e+00  2.75750000e-09  1.79881008e+00 
 2.76250000e-09  1.80000000e+00  2.76250000e-09  1.80000000e+00  2.76250000e-09  1.80000000e+00  2.76250000e-09  1.79881008e+00 
 2.76750000e-09  1.80000000e+00  2.76750000e-09  1.80000000e+00  2.76750000e-09  1.80000000e+00  2.76750000e-09  1.79881008e+00 
 2.77250000e-09  1.80000000e+00  2.77250000e-09  1.80000000e+00  2.77250000e-09  1.80000000e+00  2.77250000e-09  1.79881008e+00 
 2.77750000e-09  1.80000000e+00  2.77750000e-09  1.80000000e+00  2.77750000e-09  1.80000000e+00  2.77750000e-09  1.79881008e+00 
 2.78250000e-09  1.80000000e+00  2.78250000e-09  1.80000000e+00  2.78250000e-09  1.80000000e+00  2.78250000e-09  1.79881008e+00 
 2.78750000e-09  1.80000000e+00  2.78750000e-09  1.80000000e+00  2.78750000e-09  1.80000000e+00  2.78750000e-09  1.79881008e+00 
 2.79250000e-09  1.80000000e+00  2.79250000e-09  1.80000000e+00  2.79250000e-09  1.80000000e+00  2.79250000e-09  1.79881008e+00 
 2.79750000e-09  1.80000000e+00  2.79750000e-09  1.80000000e+00  2.79750000e-09  1.80000000e+00  2.79750000e-09  1.79881008e+00 
 2.80250000e-09  1.80000000e+00  2.80250000e-09  1.80000000e+00  2.80250000e-09  1.80000000e+00  2.80250000e-09  1.79881008e+00 
 2.80750000e-09  1.80000000e+00  2.80750000e-09  1.80000000e+00  2.80750000e-09  1.80000000e+00  2.80750000e-09  1.79881008e+00 
 2.81250000e-09  1.80000000e+00  2.81250000e-09  1.80000000e+00  2.81250000e-09  1.80000000e+00  2.81250000e-09  1.79881008e+00 
 2.81750000e-09  1.80000000e+00  2.81750000e-09  1.80000000e+00  2.81750000e-09  1.80000000e+00  2.81750000e-09  1.79881008e+00 
 2.82250000e-09  1.80000000e+00  2.82250000e-09  1.80000000e+00  2.82250000e-09  1.80000000e+00  2.82250000e-09  1.79881008e+00 
 2.82750000e-09  1.80000000e+00  2.82750000e-09  1.80000000e+00  2.82750000e-09  1.80000000e+00  2.82750000e-09  1.79881008e+00 
 2.83250000e-09  1.80000000e+00  2.83250000e-09  1.80000000e+00  2.83250000e-09  1.80000000e+00  2.83250000e-09  1.79881008e+00 
 2.83750000e-09  1.80000000e+00  2.83750000e-09  1.80000000e+00  2.83750000e-09  1.80000000e+00  2.83750000e-09  1.79881008e+00 
 2.84250000e-09  1.80000000e+00  2.84250000e-09  1.80000000e+00  2.84250000e-09  1.80000000e+00  2.84250000e-09  1.79881008e+00 
 2.84750000e-09  1.80000000e+00  2.84750000e-09  1.80000000e+00  2.84750000e-09  1.80000000e+00  2.84750000e-09  1.79881008e+00 
 2.85250000e-09  1.80000000e+00  2.85250000e-09  1.80000000e+00  2.85250000e-09  1.80000000e+00  2.85250000e-09  1.79881008e+00 
 2.85750000e-09  1.80000000e+00  2.85750000e-09  1.80000000e+00  2.85750000e-09  1.80000000e+00  2.85750000e-09  1.79881008e+00 
 2.86250000e-09  1.80000000e+00  2.86250000e-09  1.80000000e+00  2.86250000e-09  1.80000000e+00  2.86250000e-09  1.79881008e+00 
 2.86750000e-09  1.80000000e+00  2.86750000e-09  1.80000000e+00  2.86750000e-09  1.80000000e+00  2.86750000e-09  1.79881008e+00 
 2.87250000e-09  1.80000000e+00  2.87250000e-09  1.80000000e+00  2.87250000e-09  1.80000000e+00  2.87250000e-09  1.79881008e+00 
 2.87750000e-09  1.80000000e+00  2.87750000e-09  1.80000000e+00  2.87750000e-09  1.80000000e+00  2.87750000e-09  1.79881008e+00 
 2.88250000e-09  1.80000000e+00  2.88250000e-09  1.80000000e+00  2.88250000e-09  1.80000000e+00  2.88250000e-09  1.79881008e+00 
 2.88750000e-09  1.80000000e+00  2.88750000e-09  1.80000000e+00  2.88750000e-09  1.80000000e+00  2.88750000e-09  1.79881008e+00 
 2.89250000e-09  1.80000000e+00  2.89250000e-09  1.80000000e+00  2.89250000e-09  1.80000000e+00  2.89250000e-09  1.79881008e+00 
 2.89750000e-09  1.80000000e+00  2.89750000e-09  1.80000000e+00  2.89750000e-09  1.80000000e+00  2.89750000e-09  1.79881008e+00 
 2.90250000e-09  1.80000000e+00  2.90250000e-09  1.80000000e+00  2.90250000e-09  1.80000000e+00  2.90250000e-09  1.79881008e+00 
 2.90750000e-09  1.80000000e+00  2.90750000e-09  1.80000000e+00  2.90750000e-09  1.80000000e+00  2.90750000e-09  1.79881008e+00 
 2.91250000e-09  1.80000000e+00  2.91250000e-09  1.80000000e+00  2.91250000e-09  1.80000000e+00  2.91250000e-09  1.79881008e+00 
 2.91750000e-09  1.80000000e+00  2.91750000e-09  1.80000000e+00  2.91750000e-09  1.80000000e+00  2.91750000e-09  1.79881008e+00 
 2.92250000e-09  1.80000000e+00  2.92250000e-09  1.80000000e+00  2.92250000e-09  1.80000000e+00  2.92250000e-09  1.79881008e+00 
 2.92750000e-09  1.80000000e+00  2.92750000e-09  1.80000000e+00  2.92750000e-09  1.80000000e+00  2.92750000e-09  1.79881008e+00 
 2.93250000e-09  1.80000000e+00  2.93250000e-09  1.80000000e+00  2.93250000e-09  1.80000000e+00  2.93250000e-09  1.79881008e+00 
 2.93750000e-09  1.80000000e+00  2.93750000e-09  1.80000000e+00  2.93750000e-09  1.80000000e+00  2.93750000e-09  1.79881008e+00 
 2.94250000e-09  1.80000000e+00  2.94250000e-09  1.80000000e+00  2.94250000e-09  1.80000000e+00  2.94250000e-09  1.79881008e+00 
 2.94750000e-09  1.80000000e+00  2.94750000e-09  1.80000000e+00  2.94750000e-09  1.80000000e+00  2.94750000e-09  1.79881008e+00 
 2.95250000e-09  1.80000000e+00  2.95250000e-09  1.80000000e+00  2.95250000e-09  1.80000000e+00  2.95250000e-09  1.79881008e+00 
 2.95750000e-09  1.80000000e+00  2.95750000e-09  1.80000000e+00  2.95750000e-09  1.80000000e+00  2.95750000e-09  1.79881008e+00 
 2.96250000e-09  1.80000000e+00  2.96250000e-09  1.80000000e+00  2.96250000e-09  1.80000000e+00  2.96250000e-09  1.79881008e+00 
 2.96750000e-09  1.80000000e+00  2.96750000e-09  1.80000000e+00  2.96750000e-09  1.80000000e+00  2.96750000e-09  1.79881008e+00 
 2.97250000e-09  1.80000000e+00  2.97250000e-09  1.80000000e+00  2.97250000e-09  1.80000000e+00  2.97250000e-09  1.79881008e+00 
 2.97750000e-09  1.80000000e+00  2.97750000e-09  1.80000000e+00  2.97750000e-09  1.80000000e+00  2.97750000e-09  1.79881008e+00 
 2.98250000e-09  1.80000000e+00  2.98250000e-09  1.80000000e+00  2.98250000e-09  1.80000000e+00  2.98250000e-09  1.79881008e+00 
 2.98750000e-09  1.80000000e+00  2.98750000e-09  1.80000000e+00  2.98750000e-09  1.80000000e+00  2.98750000e-09  1.79881008e+00 
 2.99250000e-09  1.80000000e+00  2.99250000e-09  1.80000000e+00  2.99250000e-09  1.80000000e+00  2.99250000e-09  1.79881008e+00 
 2.99750000e-09  1.80000000e+00  2.99750000e-09  1.80000000e+00  2.99750000e-09  1.80000000e+00  2.99750000e-09  1.79881008e+00 
 3.00250000e-09  1.80000000e+00  3.00250000e-09  1.80000000e+00  3.00250000e-09  1.80000000e+00  3.00250000e-09  1.79881008e+00 
 3.00750000e-09  1.80000000e+00  3.00750000e-09  1.80000000e+00  3.00750000e-09  1.80000000e+00  3.00750000e-09  1.79881008e+00 
 3.01250000e-09  1.80000000e+00  3.01250000e-09  1.80000000e+00  3.01250000e-09  1.80000000e+00  3.01250000e-09  1.79881008e+00 
 3.01750000e-09  1.80000000e+00  3.01750000e-09  1.80000000e+00  3.01750000e-09  1.80000000e+00  3.01750000e-09  1.79881008e+00 
 3.02250000e-09  1.80000000e+00  3.02250000e-09  1.80000000e+00  3.02250000e-09  1.80000000e+00  3.02250000e-09  1.79881008e+00 
 3.02750000e-09  1.80000000e+00  3.02750000e-09  1.80000000e+00  3.02750000e-09  1.80000000e+00  3.02750000e-09  1.79881008e+00 
 3.03250000e-09  1.80000000e+00  3.03250000e-09  1.80000000e+00  3.03250000e-09  1.80000000e+00  3.03250000e-09  1.79881008e+00 
 3.03750000e-09  1.80000000e+00  3.03750000e-09  1.80000000e+00  3.03750000e-09  1.80000000e+00  3.03750000e-09  1.79881008e+00 
 3.04250000e-09  1.80000000e+00  3.04250000e-09  1.80000000e+00  3.04250000e-09  1.80000000e+00  3.04250000e-09  1.79881008e+00 
 3.04750000e-09  1.80000000e+00  3.04750000e-09  1.80000000e+00  3.04750000e-09  1.80000000e+00  3.04750000e-09  1.79881008e+00 
 3.05250000e-09  1.80000000e+00  3.05250000e-09  1.80000000e+00  3.05250000e-09  1.80000000e+00  3.05250000e-09  1.79881008e+00 
 3.05750000e-09  1.80000000e+00  3.05750000e-09  1.80000000e+00  3.05750000e-09  1.80000000e+00  3.05750000e-09  1.79881008e+00 
 3.06250000e-09  1.80000000e+00  3.06250000e-09  1.80000000e+00  3.06250000e-09  1.80000000e+00  3.06250000e-09  1.79881008e+00 
 3.06750000e-09  1.80000000e+00  3.06750000e-09  1.80000000e+00  3.06750000e-09  1.80000000e+00  3.06750000e-09  1.79881008e+00 
 3.07250000e-09  1.80000000e+00  3.07250000e-09  1.80000000e+00  3.07250000e-09  1.80000000e+00  3.07250000e-09  1.79881008e+00 
 3.07750000e-09  1.80000000e+00  3.07750000e-09  1.80000000e+00  3.07750000e-09  1.80000000e+00  3.07750000e-09  1.79881008e+00 
 3.08250000e-09  1.80000000e+00  3.08250000e-09  1.80000000e+00  3.08250000e-09  1.80000000e+00  3.08250000e-09  1.79881008e+00 
 3.08750000e-09  1.80000000e+00  3.08750000e-09  1.80000000e+00  3.08750000e-09  1.80000000e+00  3.08750000e-09  1.79881008e+00 
 3.09250000e-09  1.80000000e+00  3.09250000e-09  1.80000000e+00  3.09250000e-09  1.80000000e+00  3.09250000e-09  1.79881008e+00 
 3.09750000e-09  1.80000000e+00  3.09750000e-09  1.80000000e+00  3.09750000e-09  1.80000000e+00  3.09750000e-09  1.79881008e+00 
 3.10250000e-09  1.80000000e+00  3.10250000e-09  1.80000000e+00  3.10250000e-09  1.80000000e+00  3.10250000e-09  1.79881008e+00 
 3.10750000e-09  1.80000000e+00  3.10750000e-09  1.80000000e+00  3.10750000e-09  1.80000000e+00  3.10750000e-09  1.79881008e+00 
 3.11250000e-09  1.80000000e+00  3.11250000e-09  1.80000000e+00  3.11250000e-09  1.80000000e+00  3.11250000e-09  1.79881008e+00 
 3.11750000e-09  1.80000000e+00  3.11750000e-09  1.80000000e+00  3.11750000e-09  1.80000000e+00  3.11750000e-09  1.79881008e+00 
 3.12250000e-09  1.80000000e+00  3.12250000e-09  1.80000000e+00  3.12250000e-09  1.80000000e+00  3.12250000e-09  1.79881008e+00 
 3.12750000e-09  1.80000000e+00  3.12750000e-09  1.80000000e+00  3.12750000e-09  1.80000000e+00  3.12750000e-09  1.79881008e+00 
 3.13250000e-09  1.80000000e+00  3.13250000e-09  1.80000000e+00  3.13250000e-09  1.80000000e+00  3.13250000e-09  1.79881008e+00 
 3.13750000e-09  1.80000000e+00  3.13750000e-09  1.80000000e+00  3.13750000e-09  1.80000000e+00  3.13750000e-09  1.79881008e+00 
 3.14250000e-09  1.80000000e+00  3.14250000e-09  1.80000000e+00  3.14250000e-09  1.80000000e+00  3.14250000e-09  1.79881008e+00 
 3.14750000e-09  1.80000000e+00  3.14750000e-09  1.80000000e+00  3.14750000e-09  1.80000000e+00  3.14750000e-09  1.79881008e+00 
 3.15250000e-09  1.80000000e+00  3.15250000e-09  1.80000000e+00  3.15250000e-09  1.80000000e+00  3.15250000e-09  1.79881008e+00 
 3.15750000e-09  1.80000000e+00  3.15750000e-09  1.80000000e+00  3.15750000e-09  1.80000000e+00  3.15750000e-09  1.79881008e+00 
 3.16250000e-09  1.80000000e+00  3.16250000e-09  1.80000000e+00  3.16250000e-09  1.80000000e+00  3.16250000e-09  1.79881008e+00 
 3.16750000e-09  1.80000000e+00  3.16750000e-09  1.80000000e+00  3.16750000e-09  1.80000000e+00  3.16750000e-09  1.79881008e+00 
 3.17250000e-09  1.80000000e+00  3.17250000e-09  1.80000000e+00  3.17250000e-09  1.80000000e+00  3.17250000e-09  1.79881008e+00 
 3.17750000e-09  1.80000000e+00  3.17750000e-09  1.80000000e+00  3.17750000e-09  1.80000000e+00  3.17750000e-09  1.79881008e+00 
 3.18250000e-09  1.80000000e+00  3.18250000e-09  1.80000000e+00  3.18250000e-09  1.80000000e+00  3.18250000e-09  1.79881008e+00 
 3.18750000e-09  1.80000000e+00  3.18750000e-09  1.80000000e+00  3.18750000e-09  1.80000000e+00  3.18750000e-09  1.79881008e+00 
 3.19250000e-09  1.80000000e+00  3.19250000e-09  1.80000000e+00  3.19250000e-09  1.80000000e+00  3.19250000e-09  1.79881008e+00 
 3.19750000e-09  1.80000000e+00  3.19750000e-09  1.80000000e+00  3.19750000e-09  1.80000000e+00  3.19750000e-09  1.79881008e+00 
 3.20250000e-09  1.80000000e+00  3.20250000e-09  1.80000000e+00  3.20250000e-09  1.80000000e+00  3.20250000e-09  1.79881008e+00 
 3.20750000e-09  1.80000000e+00  3.20750000e-09  1.80000000e+00  3.20750000e-09  1.80000000e+00  3.20750000e-09  1.79881008e+00 
 3.21250000e-09  1.80000000e+00  3.21250000e-09  1.80000000e+00  3.21250000e-09  1.80000000e+00  3.21250000e-09  1.79881008e+00 
 3.21750000e-09  1.80000000e+00  3.21750000e-09  1.80000000e+00  3.21750000e-09  1.80000000e+00  3.21750000e-09  1.79881008e+00 
 3.22250000e-09  1.80000000e+00  3.22250000e-09  1.80000000e+00  3.22250000e-09  1.80000000e+00  3.22250000e-09  1.79881008e+00 
 3.22750000e-09  1.80000000e+00  3.22750000e-09  1.80000000e+00  3.22750000e-09  1.80000000e+00  3.22750000e-09  1.79881008e+00 
 3.23250000e-09  1.80000000e+00  3.23250000e-09  1.80000000e+00  3.23250000e-09  1.80000000e+00  3.23250000e-09  1.79881008e+00 
 3.23750000e-09  1.80000000e+00  3.23750000e-09  1.80000000e+00  3.23750000e-09  1.80000000e+00  3.23750000e-09  1.79881008e+00 
 3.24250000e-09  1.80000000e+00  3.24250000e-09  1.80000000e+00  3.24250000e-09  1.80000000e+00  3.24250000e-09  1.79881008e+00 
 3.24750000e-09  1.80000000e+00  3.24750000e-09  1.80000000e+00  3.24750000e-09  1.80000000e+00  3.24750000e-09  1.79881008e+00 
 3.25250000e-09  1.80000000e+00  3.25250000e-09  1.80000000e+00  3.25250000e-09  1.80000000e+00  3.25250000e-09  1.79881008e+00 
 3.25750000e-09  1.80000000e+00  3.25750000e-09  1.80000000e+00  3.25750000e-09  1.80000000e+00  3.25750000e-09  1.79881008e+00 
 3.26250000e-09  1.80000000e+00  3.26250000e-09  1.80000000e+00  3.26250000e-09  1.80000000e+00  3.26250000e-09  1.79881008e+00 
 3.26750000e-09  1.80000000e+00  3.26750000e-09  1.80000000e+00  3.26750000e-09  1.80000000e+00  3.26750000e-09  1.79881008e+00 
 3.27250000e-09  1.80000000e+00  3.27250000e-09  1.80000000e+00  3.27250000e-09  1.80000000e+00  3.27250000e-09  1.79881008e+00 
 3.27750000e-09  1.80000000e+00  3.27750000e-09  1.80000000e+00  3.27750000e-09  1.80000000e+00  3.27750000e-09  1.79881008e+00 
 3.28250000e-09  1.80000000e+00  3.28250000e-09  1.80000000e+00  3.28250000e-09  1.80000000e+00  3.28250000e-09  1.79881008e+00 
 3.28750000e-09  1.80000000e+00  3.28750000e-09  1.80000000e+00  3.28750000e-09  1.80000000e+00  3.28750000e-09  1.79881008e+00 
 3.29250000e-09  1.80000000e+00  3.29250000e-09  1.80000000e+00  3.29250000e-09  1.80000000e+00  3.29250000e-09  1.79881008e+00 
 3.29750000e-09  1.80000000e+00  3.29750000e-09  1.80000000e+00  3.29750000e-09  1.80000000e+00  3.29750000e-09  1.79881008e+00 
 3.30250000e-09  1.80000000e+00  3.30250000e-09  1.80000000e+00  3.30250000e-09  1.80000000e+00  3.30250000e-09  1.79881008e+00 
 3.30750000e-09  1.80000000e+00  3.30750000e-09  1.80000000e+00  3.30750000e-09  1.80000000e+00  3.30750000e-09  1.79881008e+00 
 3.31250000e-09  1.80000000e+00  3.31250000e-09  1.80000000e+00  3.31250000e-09  1.80000000e+00  3.31250000e-09  1.79881008e+00 
 3.31750000e-09  1.80000000e+00  3.31750000e-09  1.80000000e+00  3.31750000e-09  1.80000000e+00  3.31750000e-09  1.79881008e+00 
 3.32250000e-09  1.80000000e+00  3.32250000e-09  1.80000000e+00  3.32250000e-09  1.80000000e+00  3.32250000e-09  1.79881008e+00 
 3.32750000e-09  1.80000000e+00  3.32750000e-09  1.80000000e+00  3.32750000e-09  1.80000000e+00  3.32750000e-09  1.79881008e+00 
 3.33250000e-09  1.80000000e+00  3.33250000e-09  1.80000000e+00  3.33250000e-09  1.80000000e+00  3.33250000e-09  1.79881008e+00 
 3.33750000e-09  1.80000000e+00  3.33750000e-09  1.80000000e+00  3.33750000e-09  1.80000000e+00  3.33750000e-09  1.79881008e+00 
 3.34250000e-09  1.80000000e+00  3.34250000e-09  1.80000000e+00  3.34250000e-09  1.80000000e+00  3.34250000e-09  1.79881008e+00 
 3.34750000e-09  1.80000000e+00  3.34750000e-09  1.80000000e+00  3.34750000e-09  1.80000000e+00  3.34750000e-09  1.79881008e+00 
 3.35250000e-09  1.80000000e+00  3.35250000e-09  1.80000000e+00  3.35250000e-09  1.80000000e+00  3.35250000e-09  1.79881008e+00 
 3.35750000e-09  1.80000000e+00  3.35750000e-09  1.80000000e+00  3.35750000e-09  1.80000000e+00  3.35750000e-09  1.79881008e+00 
 3.36250000e-09  1.80000000e+00  3.36250000e-09  1.80000000e+00  3.36250000e-09  1.80000000e+00  3.36250000e-09  1.79881008e+00 
 3.36750000e-09  1.80000000e+00  3.36750000e-09  1.80000000e+00  3.36750000e-09  1.80000000e+00  3.36750000e-09  1.79881008e+00 
 3.37250000e-09  1.80000000e+00  3.37250000e-09  1.80000000e+00  3.37250000e-09  1.80000000e+00  3.37250000e-09  1.79881008e+00 
 3.37750000e-09  1.80000000e+00  3.37750000e-09  1.80000000e+00  3.37750000e-09  1.80000000e+00  3.37750000e-09  1.79881008e+00 
 3.38250000e-09  1.80000000e+00  3.38250000e-09  1.80000000e+00  3.38250000e-09  1.80000000e+00  3.38250000e-09  1.79881008e+00 
 3.38750000e-09  1.80000000e+00  3.38750000e-09  1.80000000e+00  3.38750000e-09  1.80000000e+00  3.38750000e-09  1.79881008e+00 
 3.39250000e-09  1.80000000e+00  3.39250000e-09  1.80000000e+00  3.39250000e-09  1.80000000e+00  3.39250000e-09  1.79881008e+00 
 3.39750000e-09  1.80000000e+00  3.39750000e-09  1.80000000e+00  3.39750000e-09  1.80000000e+00  3.39750000e-09  1.79881008e+00 
 3.40250000e-09  1.80000000e+00  3.40250000e-09  1.80000000e+00  3.40250000e-09  1.80000000e+00  3.40250000e-09  1.79881008e+00 
 3.40750000e-09  1.80000000e+00  3.40750000e-09  1.80000000e+00  3.40750000e-09  1.80000000e+00  3.40750000e-09  1.79881008e+00 
 3.41250000e-09  1.80000000e+00  3.41250000e-09  1.80000000e+00  3.41250000e-09  1.80000000e+00  3.41250000e-09  1.79881008e+00 
 3.41750000e-09  1.80000000e+00  3.41750000e-09  1.80000000e+00  3.41750000e-09  1.80000000e+00  3.41750000e-09  1.79881008e+00 
 3.42250000e-09  1.80000000e+00  3.42250000e-09  1.80000000e+00  3.42250000e-09  1.80000000e+00  3.42250000e-09  1.79881008e+00 
 3.42750000e-09  1.80000000e+00  3.42750000e-09  1.80000000e+00  3.42750000e-09  1.80000000e+00  3.42750000e-09  1.79881008e+00 
 3.43250000e-09  1.80000000e+00  3.43250000e-09  1.80000000e+00  3.43250000e-09  1.80000000e+00  3.43250000e-09  1.79881008e+00 
 3.43750000e-09  1.80000000e+00  3.43750000e-09  1.80000000e+00  3.43750000e-09  1.80000000e+00  3.43750000e-09  1.79881008e+00 
 3.44250000e-09  1.80000000e+00  3.44250000e-09  1.80000000e+00  3.44250000e-09  1.80000000e+00  3.44250000e-09  1.79881008e+00 
 3.44750000e-09  1.80000000e+00  3.44750000e-09  1.80000000e+00  3.44750000e-09  1.80000000e+00  3.44750000e-09  1.79881008e+00 
 3.45250000e-09  1.80000000e+00  3.45250000e-09  1.80000000e+00  3.45250000e-09  1.80000000e+00  3.45250000e-09  1.79881008e+00 
 3.45750000e-09  1.80000000e+00  3.45750000e-09  1.80000000e+00  3.45750000e-09  1.80000000e+00  3.45750000e-09  1.79881008e+00 
 3.46250000e-09  1.80000000e+00  3.46250000e-09  1.80000000e+00  3.46250000e-09  1.80000000e+00  3.46250000e-09  1.79881008e+00 
 3.46750000e-09  1.80000000e+00  3.46750000e-09  1.80000000e+00  3.46750000e-09  1.80000000e+00  3.46750000e-09  1.79881008e+00 
 3.47250000e-09  1.80000000e+00  3.47250000e-09  1.80000000e+00  3.47250000e-09  1.80000000e+00  3.47250000e-09  1.79881008e+00 
 3.47750000e-09  1.80000000e+00  3.47750000e-09  1.80000000e+00  3.47750000e-09  1.80000000e+00  3.47750000e-09  1.79881008e+00 
 3.48250000e-09  1.80000000e+00  3.48250000e-09  1.80000000e+00  3.48250000e-09  1.80000000e+00  3.48250000e-09  1.79881008e+00 
 3.48750000e-09  1.80000000e+00  3.48750000e-09  1.80000000e+00  3.48750000e-09  1.80000000e+00  3.48750000e-09  1.79881008e+00 
 3.49250000e-09  1.80000000e+00  3.49250000e-09  1.80000000e+00  3.49250000e-09  1.80000000e+00  3.49250000e-09  1.79881008e+00 
 3.49750000e-09  1.80000000e+00  3.49750000e-09  1.80000000e+00  3.49750000e-09  1.80000000e+00  3.49750000e-09  1.79881008e+00 
 3.50250000e-09  1.80000000e+00  3.50250000e-09  1.80000000e+00  3.50250000e-09  1.80000000e+00  3.50250000e-09  1.79881008e+00 
 3.50750000e-09  1.80000000e+00  3.50750000e-09  1.80000000e+00  3.50750000e-09  1.80000000e+00  3.50750000e-09  1.79881008e+00 
 3.51250000e-09  1.80000000e+00  3.51250000e-09  1.80000000e+00  3.51250000e-09  1.80000000e+00  3.51250000e-09  1.79881008e+00 
 3.51750000e-09  1.80000000e+00  3.51750000e-09  1.80000000e+00  3.51750000e-09  1.80000000e+00  3.51750000e-09  1.79881008e+00 
 3.52250000e-09  1.80000000e+00  3.52250000e-09  1.80000000e+00  3.52250000e-09  1.80000000e+00  3.52250000e-09  1.79881008e+00 
 3.52750000e-09  1.80000000e+00  3.52750000e-09  1.80000000e+00  3.52750000e-09  1.80000000e+00  3.52750000e-09  1.79881008e+00 
 3.53250000e-09  1.80000000e+00  3.53250000e-09  1.80000000e+00  3.53250000e-09  1.80000000e+00  3.53250000e-09  1.79881008e+00 
 3.53750000e-09  1.80000000e+00  3.53750000e-09  1.80000000e+00  3.53750000e-09  1.80000000e+00  3.53750000e-09  1.79881008e+00 
 3.54250000e-09  1.80000000e+00  3.54250000e-09  1.80000000e+00  3.54250000e-09  1.80000000e+00  3.54250000e-09  1.79881008e+00 
 3.54750000e-09  1.80000000e+00  3.54750000e-09  1.80000000e+00  3.54750000e-09  1.80000000e+00  3.54750000e-09  1.79881008e+00 
 3.55250000e-09  1.80000000e+00  3.55250000e-09  1.80000000e+00  3.55250000e-09  1.80000000e+00  3.55250000e-09  1.79881008e+00 
 3.55750000e-09  1.80000000e+00  3.55750000e-09  1.80000000e+00  3.55750000e-09  1.80000000e+00  3.55750000e-09  1.79881008e+00 
 3.56250000e-09  1.80000000e+00  3.56250000e-09  1.80000000e+00  3.56250000e-09  1.80000000e+00  3.56250000e-09  1.79881008e+00 
 3.56750000e-09  1.80000000e+00  3.56750000e-09  1.80000000e+00  3.56750000e-09  1.80000000e+00  3.56750000e-09  1.79881008e+00 
 3.57250000e-09  1.80000000e+00  3.57250000e-09  1.80000000e+00  3.57250000e-09  1.80000000e+00  3.57250000e-09  1.79881008e+00 
 3.57750000e-09  1.80000000e+00  3.57750000e-09  1.80000000e+00  3.57750000e-09  1.80000000e+00  3.57750000e-09  1.79881008e+00 
 3.58250000e-09  1.80000000e+00  3.58250000e-09  1.80000000e+00  3.58250000e-09  1.80000000e+00  3.58250000e-09  1.79881008e+00 
 3.58750000e-09  1.80000000e+00  3.58750000e-09  1.80000000e+00  3.58750000e-09  1.80000000e+00  3.58750000e-09  1.79881008e+00 
 3.59250000e-09  1.80000000e+00  3.59250000e-09  1.80000000e+00  3.59250000e-09  1.80000000e+00  3.59250000e-09  1.79881008e+00 
 3.59750000e-09  1.80000000e+00  3.59750000e-09  1.80000000e+00  3.59750000e-09  1.80000000e+00  3.59750000e-09  1.79881008e+00 
 3.60250000e-09  1.80000000e+00  3.60250000e-09  1.80000000e+00  3.60250000e-09  1.80000000e+00  3.60250000e-09  1.79881008e+00 
 3.60750000e-09  1.80000000e+00  3.60750000e-09  1.80000000e+00  3.60750000e-09  1.80000000e+00  3.60750000e-09  1.79881008e+00 
 3.61250000e-09  1.80000000e+00  3.61250000e-09  1.80000000e+00  3.61250000e-09  1.80000000e+00  3.61250000e-09  1.79881008e+00 
 3.61750000e-09  1.80000000e+00  3.61750000e-09  1.80000000e+00  3.61750000e-09  1.80000000e+00  3.61750000e-09  1.79881008e+00 
 3.62250000e-09  1.80000000e+00  3.62250000e-09  1.80000000e+00  3.62250000e-09  1.80000000e+00  3.62250000e-09  1.79881008e+00 
 3.62750000e-09  1.80000000e+00  3.62750000e-09  1.80000000e+00  3.62750000e-09  1.80000000e+00  3.62750000e-09  1.79881008e+00 
 3.63250000e-09  1.80000000e+00  3.63250000e-09  1.80000000e+00  3.63250000e-09  1.80000000e+00  3.63250000e-09  1.79881008e+00 
 3.63750000e-09  1.80000000e+00  3.63750000e-09  1.80000000e+00  3.63750000e-09  1.80000000e+00  3.63750000e-09  1.79881008e+00 
 3.64250000e-09  1.80000000e+00  3.64250000e-09  1.80000000e+00  3.64250000e-09  1.80000000e+00  3.64250000e-09  1.79881008e+00 
 3.64750000e-09  1.80000000e+00  3.64750000e-09  1.80000000e+00  3.64750000e-09  1.80000000e+00  3.64750000e-09  1.79881008e+00 
 3.65250000e-09  1.80000000e+00  3.65250000e-09  1.80000000e+00  3.65250000e-09  1.80000000e+00  3.65250000e-09  1.79881008e+00 
 3.65750000e-09  1.80000000e+00  3.65750000e-09  1.80000000e+00  3.65750000e-09  1.80000000e+00  3.65750000e-09  1.79881008e+00 
 3.66250000e-09  1.80000000e+00  3.66250000e-09  1.80000000e+00  3.66250000e-09  1.80000000e+00  3.66250000e-09  1.79881008e+00 
 3.66750000e-09  1.80000000e+00  3.66750000e-09  1.80000000e+00  3.66750000e-09  1.80000000e+00  3.66750000e-09  1.79881008e+00 
 3.67250000e-09  1.80000000e+00  3.67250000e-09  1.80000000e+00  3.67250000e-09  1.80000000e+00  3.67250000e-09  1.79881008e+00 
 3.67750000e-09  1.80000000e+00  3.67750000e-09  1.80000000e+00  3.67750000e-09  1.80000000e+00  3.67750000e-09  1.79881008e+00 
 3.68250000e-09  1.80000000e+00  3.68250000e-09  1.80000000e+00  3.68250000e-09  1.80000000e+00  3.68250000e-09  1.79881008e+00 
 3.68750000e-09  1.80000000e+00  3.68750000e-09  1.80000000e+00  3.68750000e-09  1.80000000e+00  3.68750000e-09  1.79881008e+00 
 3.69250000e-09  1.80000000e+00  3.69250000e-09  1.80000000e+00  3.69250000e-09  1.80000000e+00  3.69250000e-09  1.79881008e+00 
 3.69750000e-09  1.80000000e+00  3.69750000e-09  1.80000000e+00  3.69750000e-09  1.80000000e+00  3.69750000e-09  1.79881008e+00 
 3.70250000e-09  1.80000000e+00  3.70250000e-09  1.80000000e+00  3.70250000e-09  1.80000000e+00  3.70250000e-09  1.79881008e+00 
 3.70750000e-09  1.80000000e+00  3.70750000e-09  1.80000000e+00  3.70750000e-09  1.80000000e+00  3.70750000e-09  1.79881008e+00 
 3.71250000e-09  1.80000000e+00  3.71250000e-09  1.80000000e+00  3.71250000e-09  1.80000000e+00  3.71250000e-09  1.79881008e+00 
 3.71750000e-09  1.80000000e+00  3.71750000e-09  1.80000000e+00  3.71750000e-09  1.80000000e+00  3.71750000e-09  1.79881008e+00 
 3.72250000e-09  1.80000000e+00  3.72250000e-09  1.80000000e+00  3.72250000e-09  1.80000000e+00  3.72250000e-09  1.79881008e+00 
 3.72750000e-09  1.80000000e+00  3.72750000e-09  1.80000000e+00  3.72750000e-09  1.80000000e+00  3.72750000e-09  1.79881008e+00 
 3.73250000e-09  1.80000000e+00  3.73250000e-09  1.80000000e+00  3.73250000e-09  1.80000000e+00  3.73250000e-09  1.79881008e+00 
 3.73750000e-09  1.80000000e+00  3.73750000e-09  1.80000000e+00  3.73750000e-09  1.80000000e+00  3.73750000e-09  1.79881008e+00 
 3.74250000e-09  1.80000000e+00  3.74250000e-09  1.80000000e+00  3.74250000e-09  1.80000000e+00  3.74250000e-09  1.79881008e+00 
 3.74750000e-09  1.80000000e+00  3.74750000e-09  1.80000000e+00  3.74750000e-09  1.80000000e+00  3.74750000e-09  1.79881008e+00 
 3.75250000e-09  1.80000000e+00  3.75250000e-09  1.80000000e+00  3.75250000e-09  1.80000000e+00  3.75250000e-09  1.79881008e+00 
 3.75750000e-09  1.80000000e+00  3.75750000e-09  1.80000000e+00  3.75750000e-09  1.80000000e+00  3.75750000e-09  1.79881008e+00 
 3.76250000e-09  1.80000000e+00  3.76250000e-09  1.80000000e+00  3.76250000e-09  1.80000000e+00  3.76250000e-09  1.79881008e+00 
 3.76750000e-09  1.80000000e+00  3.76750000e-09  1.80000000e+00  3.76750000e-09  1.80000000e+00  3.76750000e-09  1.79881008e+00 
 3.77250000e-09  1.80000000e+00  3.77250000e-09  1.80000000e+00  3.77250000e-09  1.80000000e+00  3.77250000e-09  1.79881008e+00 
 3.77750000e-09  1.80000000e+00  3.77750000e-09  1.80000000e+00  3.77750000e-09  1.80000000e+00  3.77750000e-09  1.79881008e+00 
 3.78250000e-09  1.80000000e+00  3.78250000e-09  1.80000000e+00  3.78250000e-09  1.80000000e+00  3.78250000e-09  1.79881008e+00 
 3.78750000e-09  1.80000000e+00  3.78750000e-09  1.80000000e+00  3.78750000e-09  1.80000000e+00  3.78750000e-09  1.79881008e+00 
 3.79250000e-09  1.80000000e+00  3.79250000e-09  1.80000000e+00  3.79250000e-09  1.80000000e+00  3.79250000e-09  1.79881008e+00 
 3.79750000e-09  1.80000000e+00  3.79750000e-09  1.80000000e+00  3.79750000e-09  1.80000000e+00  3.79750000e-09  1.79881008e+00 
 3.80250000e-09  1.80000000e+00  3.80250000e-09  1.80000000e+00  3.80250000e-09  1.80000000e+00  3.80250000e-09  1.79881008e+00 
 3.80750000e-09  1.80000000e+00  3.80750000e-09  1.80000000e+00  3.80750000e-09  1.80000000e+00  3.80750000e-09  1.79881008e+00 
 3.81250000e-09  1.80000000e+00  3.81250000e-09  1.80000000e+00  3.81250000e-09  1.80000000e+00  3.81250000e-09  1.79881008e+00 
 3.81750000e-09  1.80000000e+00  3.81750000e-09  1.80000000e+00  3.81750000e-09  1.80000000e+00  3.81750000e-09  1.79881008e+00 
 3.82250000e-09  1.80000000e+00  3.82250000e-09  1.80000000e+00  3.82250000e-09  1.80000000e+00  3.82250000e-09  1.79881008e+00 
 3.82750000e-09  1.80000000e+00  3.82750000e-09  1.80000000e+00  3.82750000e-09  1.80000000e+00  3.82750000e-09  1.79881008e+00 
 3.83250000e-09  1.80000000e+00  3.83250000e-09  1.80000000e+00  3.83250000e-09  1.80000000e+00  3.83250000e-09  1.79881008e+00 
 3.83750000e-09  1.80000000e+00  3.83750000e-09  1.80000000e+00  3.83750000e-09  1.80000000e+00  3.83750000e-09  1.79881008e+00 
 3.84250000e-09  1.80000000e+00  3.84250000e-09  1.80000000e+00  3.84250000e-09  1.80000000e+00  3.84250000e-09  1.79881008e+00 
 3.84750000e-09  1.80000000e+00  3.84750000e-09  1.80000000e+00  3.84750000e-09  1.80000000e+00  3.84750000e-09  1.79881008e+00 
 3.85250000e-09  1.80000000e+00  3.85250000e-09  1.80000000e+00  3.85250000e-09  1.80000000e+00  3.85250000e-09  1.79881008e+00 
 3.85750000e-09  1.80000000e+00  3.85750000e-09  1.80000000e+00  3.85750000e-09  1.80000000e+00  3.85750000e-09  1.79881008e+00 
 3.86250000e-09  1.80000000e+00  3.86250000e-09  1.80000000e+00  3.86250000e-09  1.80000000e+00  3.86250000e-09  1.79881008e+00 
 3.86750000e-09  1.80000000e+00  3.86750000e-09  1.80000000e+00  3.86750000e-09  1.80000000e+00  3.86750000e-09  1.79881008e+00 
 3.87250000e-09  1.80000000e+00  3.87250000e-09  1.80000000e+00  3.87250000e-09  1.80000000e+00  3.87250000e-09  1.79881008e+00 
 3.87750000e-09  1.80000000e+00  3.87750000e-09  1.80000000e+00  3.87750000e-09  1.80000000e+00  3.87750000e-09  1.79881008e+00 
 3.88250000e-09  1.80000000e+00  3.88250000e-09  1.80000000e+00  3.88250000e-09  1.80000000e+00  3.88250000e-09  1.79881008e+00 
 3.88750000e-09  1.80000000e+00  3.88750000e-09  1.80000000e+00  3.88750000e-09  1.80000000e+00  3.88750000e-09  1.79881008e+00 
 3.89250000e-09  1.80000000e+00  3.89250000e-09  1.80000000e+00  3.89250000e-09  1.80000000e+00  3.89250000e-09  1.79881008e+00 
 3.89750000e-09  1.80000000e+00  3.89750000e-09  1.80000000e+00  3.89750000e-09  1.80000000e+00  3.89750000e-09  1.79881008e+00 
 3.90250000e-09  1.80000000e+00  3.90250000e-09  1.80000000e+00  3.90250000e-09  1.80000000e+00  3.90250000e-09  1.79881008e+00 
 3.90750000e-09  1.80000000e+00  3.90750000e-09  1.80000000e+00  3.90750000e-09  1.80000000e+00  3.90750000e-09  1.79881008e+00 
 3.91250000e-09  1.80000000e+00  3.91250000e-09  1.80000000e+00  3.91250000e-09  1.80000000e+00  3.91250000e-09  1.79881008e+00 
 3.91750000e-09  1.80000000e+00  3.91750000e-09  1.80000000e+00  3.91750000e-09  1.80000000e+00  3.91750000e-09  1.79881008e+00 
 3.92250000e-09  1.80000000e+00  3.92250000e-09  1.80000000e+00  3.92250000e-09  1.80000000e+00  3.92250000e-09  1.79881008e+00 
 3.92750000e-09  1.80000000e+00  3.92750000e-09  1.80000000e+00  3.92750000e-09  1.80000000e+00  3.92750000e-09  1.79881008e+00 
 3.93250000e-09  1.80000000e+00  3.93250000e-09  1.80000000e+00  3.93250000e-09  1.80000000e+00  3.93250000e-09  1.79881008e+00 
 3.93750000e-09  1.80000000e+00  3.93750000e-09  1.80000000e+00  3.93750000e-09  1.80000000e+00  3.93750000e-09  1.79881008e+00 
 3.94250000e-09  1.80000000e+00  3.94250000e-09  1.80000000e+00  3.94250000e-09  1.80000000e+00  3.94250000e-09  1.79881008e+00 
 3.94750000e-09  1.80000000e+00  3.94750000e-09  1.80000000e+00  3.94750000e-09  1.80000000e+00  3.94750000e-09  1.79881008e+00 
 3.95250000e-09  1.80000000e+00  3.95250000e-09  1.80000000e+00  3.95250000e-09  1.80000000e+00  3.95250000e-09  1.79881008e+00 
 3.95750000e-09  1.80000000e+00  3.95750000e-09  1.80000000e+00  3.95750000e-09  1.80000000e+00  3.95750000e-09  1.79881008e+00 
 3.96250000e-09  1.80000000e+00  3.96250000e-09  1.80000000e+00  3.96250000e-09  1.80000000e+00  3.96250000e-09  1.79881008e+00 
 3.96750000e-09  1.80000000e+00  3.96750000e-09  1.80000000e+00  3.96750000e-09  1.80000000e+00  3.96750000e-09  1.79881008e+00 
 3.97250000e-09  1.80000000e+00  3.97250000e-09  1.80000000e+00  3.97250000e-09  1.80000000e+00  3.97250000e-09  1.79881008e+00 
 3.97750000e-09  1.80000000e+00  3.97750000e-09  1.80000000e+00  3.97750000e-09  1.80000000e+00  3.97750000e-09  1.79881008e+00 
 3.98250000e-09  1.80000000e+00  3.98250000e-09  1.80000000e+00  3.98250000e-09  1.80000000e+00  3.98250000e-09  1.79881008e+00 
 3.98750000e-09  1.80000000e+00  3.98750000e-09  1.80000000e+00  3.98750000e-09  1.80000000e+00  3.98750000e-09  1.79881008e+00 
 3.99250000e-09  1.80000000e+00  3.99250000e-09  1.80000000e+00  3.99250000e-09  1.80000000e+00  3.99250000e-09  1.79881008e+00 
 3.99750000e-09  1.80000000e+00  3.99750000e-09  1.80000000e+00  3.99750000e-09  1.80000000e+00  3.99750000e-09  1.79881008e+00 
 4.00250000e-09  1.80000000e+00  4.00250000e-09  1.80000000e+00  4.00250000e-09  1.80000000e+00  4.00250000e-09  1.79881008e+00 
 4.00750000e-09  1.80000000e+00  4.00750000e-09  1.80000000e+00  4.00750000e-09  1.80000000e+00  4.00750000e-09  1.79881008e+00 
 4.01250000e-09  1.80000000e+00  4.01250000e-09  1.80000000e+00  4.01250000e-09  1.80000000e+00  4.01250000e-09  1.79881008e+00 
 4.01750000e-09  1.80000000e+00  4.01750000e-09  1.80000000e+00  4.01750000e-09  1.80000000e+00  4.01750000e-09  1.79881008e+00 
 4.02250000e-09  1.80000000e+00  4.02250000e-09  1.80000000e+00  4.02250000e-09  1.80000000e+00  4.02250000e-09  1.79881008e+00 
 4.02750000e-09  1.80000000e+00  4.02750000e-09  1.80000000e+00  4.02750000e-09  1.80000000e+00  4.02750000e-09  1.79881008e+00 
 4.03250000e-09  1.80000000e+00  4.03250000e-09  1.80000000e+00  4.03250000e-09  1.80000000e+00  4.03250000e-09  1.79881008e+00 
 4.03750000e-09  1.80000000e+00  4.03750000e-09  1.80000000e+00  4.03750000e-09  1.80000000e+00  4.03750000e-09  1.79881008e+00 
 4.04250000e-09  1.80000000e+00  4.04250000e-09  1.80000000e+00  4.04250000e-09  1.80000000e+00  4.04250000e-09  1.79881008e+00 
 4.04750000e-09  1.80000000e+00  4.04750000e-09  1.80000000e+00  4.04750000e-09  1.80000000e+00  4.04750000e-09  1.79881008e+00 
 4.05250000e-09  1.80000000e+00  4.05250000e-09  1.80000000e+00  4.05250000e-09  1.80000000e+00  4.05250000e-09  1.79881008e+00 
 4.05750000e-09  1.80000000e+00  4.05750000e-09  1.80000000e+00  4.05750000e-09  1.80000000e+00  4.05750000e-09  1.79881008e+00 
 4.06250000e-09  1.80000000e+00  4.06250000e-09  1.80000000e+00  4.06250000e-09  1.80000000e+00  4.06250000e-09  1.79881008e+00 
 4.06750000e-09  1.80000000e+00  4.06750000e-09  1.80000000e+00  4.06750000e-09  1.80000000e+00  4.06750000e-09  1.79881008e+00 
 4.07250000e-09  1.80000000e+00  4.07250000e-09  1.80000000e+00  4.07250000e-09  1.80000000e+00  4.07250000e-09  1.79881008e+00 
 4.07750000e-09  1.80000000e+00  4.07750000e-09  1.80000000e+00  4.07750000e-09  1.80000000e+00  4.07750000e-09  1.79881008e+00 
 4.08250000e-09  1.80000000e+00  4.08250000e-09  1.80000000e+00  4.08250000e-09  1.80000000e+00  4.08250000e-09  1.79881008e+00 
 4.08750000e-09  1.80000000e+00  4.08750000e-09  1.80000000e+00  4.08750000e-09  1.80000000e+00  4.08750000e-09  1.79881008e+00 
 4.09250000e-09  1.80000000e+00  4.09250000e-09  1.80000000e+00  4.09250000e-09  1.80000000e+00  4.09250000e-09  1.79881008e+00 
 4.09750000e-09  1.80000000e+00  4.09750000e-09  1.80000000e+00  4.09750000e-09  1.80000000e+00  4.09750000e-09  1.79881008e+00 
 4.10250000e-09  1.80000000e+00  4.10250000e-09  1.80000000e+00  4.10250000e-09  1.80000000e+00  4.10250000e-09  1.79881008e+00 
 4.10750000e-09  1.80000000e+00  4.10750000e-09  1.80000000e+00  4.10750000e-09  1.80000000e+00  4.10750000e-09  1.79881008e+00 
 4.11250000e-09  1.80000000e+00  4.11250000e-09  1.80000000e+00  4.11250000e-09  1.80000000e+00  4.11250000e-09  1.79881008e+00 
 4.11750000e-09  1.80000000e+00  4.11750000e-09  1.80000000e+00  4.11750000e-09  1.80000000e+00  4.11750000e-09  1.79881008e+00 
 4.12250000e-09  1.80000000e+00  4.12250000e-09  1.80000000e+00  4.12250000e-09  1.80000000e+00  4.12250000e-09  1.79881008e+00 
 4.12750000e-09  1.80000000e+00  4.12750000e-09  1.80000000e+00  4.12750000e-09  1.80000000e+00  4.12750000e-09  1.79881008e+00 
 4.13250000e-09  1.80000000e+00  4.13250000e-09  1.80000000e+00  4.13250000e-09  1.80000000e+00  4.13250000e-09  1.79881008e+00 
 4.13750000e-09  1.80000000e+00  4.13750000e-09  1.80000000e+00  4.13750000e-09  1.80000000e+00  4.13750000e-09  1.79881008e+00 
 4.14250000e-09  1.80000000e+00  4.14250000e-09  1.80000000e+00  4.14250000e-09  1.80000000e+00  4.14250000e-09  1.79881008e+00 
 4.14750000e-09  1.80000000e+00  4.14750000e-09  1.80000000e+00  4.14750000e-09  1.80000000e+00  4.14750000e-09  1.79881008e+00 
 4.15250000e-09  1.80000000e+00  4.15250000e-09  1.80000000e+00  4.15250000e-09  1.80000000e+00  4.15250000e-09  1.79881008e+00 
 4.15750000e-09  1.80000000e+00  4.15750000e-09  1.80000000e+00  4.15750000e-09  1.80000000e+00  4.15750000e-09  1.79881008e+00 
 4.16250000e-09  1.80000000e+00  4.16250000e-09  1.80000000e+00  4.16250000e-09  1.80000000e+00  4.16250000e-09  1.79881008e+00 
 4.16750000e-09  1.80000000e+00  4.16750000e-09  1.80000000e+00  4.16750000e-09  1.80000000e+00  4.16750000e-09  1.79881008e+00 
 4.17250000e-09  1.80000000e+00  4.17250000e-09  1.80000000e+00  4.17250000e-09  1.80000000e+00  4.17250000e-09  1.79881008e+00 
 4.17750000e-09  1.80000000e+00  4.17750000e-09  1.80000000e+00  4.17750000e-09  1.80000000e+00  4.17750000e-09  1.79881008e+00 
 4.18250000e-09  1.80000000e+00  4.18250000e-09  1.80000000e+00  4.18250000e-09  1.80000000e+00  4.18250000e-09  1.79881008e+00 
 4.18750000e-09  1.80000000e+00  4.18750000e-09  1.80000000e+00  4.18750000e-09  1.80000000e+00  4.18750000e-09  1.79881008e+00 
 4.19250000e-09  1.80000000e+00  4.19250000e-09  1.80000000e+00  4.19250000e-09  1.80000000e+00  4.19250000e-09  1.79881008e+00 
 4.19750000e-09  1.80000000e+00  4.19750000e-09  1.80000000e+00  4.19750000e-09  1.80000000e+00  4.19750000e-09  1.79881008e+00 
 4.20250000e-09  1.80000000e+00  4.20250000e-09  1.80000000e+00  4.20250000e-09  1.80000000e+00  4.20250000e-09  1.79881008e+00 
 4.20750000e-09  1.80000000e+00  4.20750000e-09  1.80000000e+00  4.20750000e-09  1.80000000e+00  4.20750000e-09  1.79881008e+00 
 4.21250000e-09  1.80000000e+00  4.21250000e-09  1.80000000e+00  4.21250000e-09  1.80000000e+00  4.21250000e-09  1.79881008e+00 
 4.21750000e-09  1.80000000e+00  4.21750000e-09  1.80000000e+00  4.21750000e-09  1.80000000e+00  4.21750000e-09  1.79881008e+00 
 4.22250000e-09  1.80000000e+00  4.22250000e-09  1.80000000e+00  4.22250000e-09  1.80000000e+00  4.22250000e-09  1.79881008e+00 
 4.22750000e-09  1.80000000e+00  4.22750000e-09  1.80000000e+00  4.22750000e-09  1.80000000e+00  4.22750000e-09  1.79881008e+00 
 4.23250000e-09  1.80000000e+00  4.23250000e-09  1.80000000e+00  4.23250000e-09  1.80000000e+00  4.23250000e-09  1.79881008e+00 
 4.23750000e-09  1.80000000e+00  4.23750000e-09  1.80000000e+00  4.23750000e-09  1.80000000e+00  4.23750000e-09  1.79881008e+00 
 4.24250000e-09  1.80000000e+00  4.24250000e-09  1.80000000e+00  4.24250000e-09  1.80000000e+00  4.24250000e-09  1.79881008e+00 
 4.24750000e-09  1.80000000e+00  4.24750000e-09  1.80000000e+00  4.24750000e-09  1.80000000e+00  4.24750000e-09  1.79881008e+00 
 4.25250000e-09  1.80000000e+00  4.25250000e-09  1.80000000e+00  4.25250000e-09  1.80000000e+00  4.25250000e-09  1.79881008e+00 
 4.25750000e-09  1.80000000e+00  4.25750000e-09  1.80000000e+00  4.25750000e-09  1.80000000e+00  4.25750000e-09  1.79881008e+00 
 4.26250000e-09  1.80000000e+00  4.26250000e-09  1.80000000e+00  4.26250000e-09  1.80000000e+00  4.26250000e-09  1.79881008e+00 
 4.26750000e-09  1.80000000e+00  4.26750000e-09  1.80000000e+00  4.26750000e-09  1.80000000e+00  4.26750000e-09  1.79881008e+00 
 4.27250000e-09  1.80000000e+00  4.27250000e-09  1.80000000e+00  4.27250000e-09  1.80000000e+00  4.27250000e-09  1.79881008e+00 
 4.27750000e-09  1.80000000e+00  4.27750000e-09  1.80000000e+00  4.27750000e-09  1.80000000e+00  4.27750000e-09  1.79881008e+00 
 4.28250000e-09  1.80000000e+00  4.28250000e-09  1.80000000e+00  4.28250000e-09  1.80000000e+00  4.28250000e-09  1.79881008e+00 
 4.28750000e-09  1.80000000e+00  4.28750000e-09  1.80000000e+00  4.28750000e-09  1.80000000e+00  4.28750000e-09  1.79881008e+00 
 4.29250000e-09  1.80000000e+00  4.29250000e-09  1.80000000e+00  4.29250000e-09  1.80000000e+00  4.29250000e-09  1.79881008e+00 
 4.29750000e-09  1.80000000e+00  4.29750000e-09  1.80000000e+00  4.29750000e-09  1.80000000e+00  4.29750000e-09  1.79881008e+00 
 4.30250000e-09  1.80000000e+00  4.30250000e-09  1.80000000e+00  4.30250000e-09  1.80000000e+00  4.30250000e-09  1.79881008e+00 
 4.30750000e-09  1.80000000e+00  4.30750000e-09  1.80000000e+00  4.30750000e-09  1.80000000e+00  4.30750000e-09  1.79881008e+00 
 4.31250000e-09  1.80000000e+00  4.31250000e-09  1.80000000e+00  4.31250000e-09  1.80000000e+00  4.31250000e-09  1.79881008e+00 
 4.31750000e-09  1.80000000e+00  4.31750000e-09  1.80000000e+00  4.31750000e-09  1.80000000e+00  4.31750000e-09  1.79881008e+00 
 4.32250000e-09  1.80000000e+00  4.32250000e-09  1.80000000e+00  4.32250000e-09  1.80000000e+00  4.32250000e-09  1.79881008e+00 
 4.32750000e-09  1.80000000e+00  4.32750000e-09  1.80000000e+00  4.32750000e-09  1.80000000e+00  4.32750000e-09  1.79881008e+00 
 4.33250000e-09  1.80000000e+00  4.33250000e-09  1.80000000e+00  4.33250000e-09  1.80000000e+00  4.33250000e-09  1.79881008e+00 
 4.33750000e-09  1.80000000e+00  4.33750000e-09  1.80000000e+00  4.33750000e-09  1.80000000e+00  4.33750000e-09  1.79881008e+00 
 4.34250000e-09  1.80000000e+00  4.34250000e-09  1.80000000e+00  4.34250000e-09  1.80000000e+00  4.34250000e-09  1.79881008e+00 
 4.34750000e-09  1.80000000e+00  4.34750000e-09  1.80000000e+00  4.34750000e-09  1.80000000e+00  4.34750000e-09  1.79881008e+00 
 4.35250000e-09  1.80000000e+00  4.35250000e-09  1.80000000e+00  4.35250000e-09  1.80000000e+00  4.35250000e-09  1.79881008e+00 
 4.35750000e-09  1.80000000e+00  4.35750000e-09  1.80000000e+00  4.35750000e-09  1.80000000e+00  4.35750000e-09  1.79881008e+00 
 4.36250000e-09  1.80000000e+00  4.36250000e-09  1.80000000e+00  4.36250000e-09  1.80000000e+00  4.36250000e-09  1.79881008e+00 
 4.36750000e-09  1.80000000e+00  4.36750000e-09  1.80000000e+00  4.36750000e-09  1.80000000e+00  4.36750000e-09  1.79881008e+00 
 4.37250000e-09  1.80000000e+00  4.37250000e-09  1.80000000e+00  4.37250000e-09  1.80000000e+00  4.37250000e-09  1.79881008e+00 
 4.37750000e-09  1.80000000e+00  4.37750000e-09  1.80000000e+00  4.37750000e-09  1.80000000e+00  4.37750000e-09  1.79881008e+00 
 4.38250000e-09  1.80000000e+00  4.38250000e-09  1.80000000e+00  4.38250000e-09  1.80000000e+00  4.38250000e-09  1.79881008e+00 
 4.38750000e-09  1.80000000e+00  4.38750000e-09  1.80000000e+00  4.38750000e-09  1.80000000e+00  4.38750000e-09  1.79881008e+00 
 4.39250000e-09  1.80000000e+00  4.39250000e-09  1.80000000e+00  4.39250000e-09  1.80000000e+00  4.39250000e-09  1.79881008e+00 
 4.39750000e-09  1.80000000e+00  4.39750000e-09  1.80000000e+00  4.39750000e-09  1.80000000e+00  4.39750000e-09  1.79881008e+00 
 4.40250000e-09  1.80000000e+00  4.40250000e-09  1.80000000e+00  4.40250000e-09  1.80000000e+00  4.40250000e-09  1.79881008e+00 
 4.40750000e-09  1.80000000e+00  4.40750000e-09  1.80000000e+00  4.40750000e-09  1.80000000e+00  4.40750000e-09  1.79881008e+00 
 4.41250000e-09  1.80000000e+00  4.41250000e-09  1.80000000e+00  4.41250000e-09  1.80000000e+00  4.41250000e-09  1.79881008e+00 
 4.41750000e-09  1.80000000e+00  4.41750000e-09  1.80000000e+00  4.41750000e-09  1.80000000e+00  4.41750000e-09  1.79881008e+00 
 4.42250000e-09  1.80000000e+00  4.42250000e-09  1.80000000e+00  4.42250000e-09  1.80000000e+00  4.42250000e-09  1.79881008e+00 
 4.42750000e-09  1.80000000e+00  4.42750000e-09  1.80000000e+00  4.42750000e-09  1.80000000e+00  4.42750000e-09  1.79881008e+00 
 4.43250000e-09  1.80000000e+00  4.43250000e-09  1.80000000e+00  4.43250000e-09  1.80000000e+00  4.43250000e-09  1.79881008e+00 
 4.43750000e-09  1.80000000e+00  4.43750000e-09  1.80000000e+00  4.43750000e-09  1.80000000e+00  4.43750000e-09  1.79881008e+00 
 4.44250000e-09  1.80000000e+00  4.44250000e-09  1.80000000e+00  4.44250000e-09  1.80000000e+00  4.44250000e-09  1.79881008e+00 
 4.44750000e-09  1.80000000e+00  4.44750000e-09  1.80000000e+00  4.44750000e-09  1.80000000e+00  4.44750000e-09  1.79881008e+00 
 4.45250000e-09  1.80000000e+00  4.45250000e-09  1.80000000e+00  4.45250000e-09  1.80000000e+00  4.45250000e-09  1.79881008e+00 
 4.45750000e-09  1.80000000e+00  4.45750000e-09  1.80000000e+00  4.45750000e-09  1.80000000e+00  4.45750000e-09  1.79881008e+00 
 4.46250000e-09  1.80000000e+00  4.46250000e-09  1.80000000e+00  4.46250000e-09  1.80000000e+00  4.46250000e-09  1.79881008e+00 
 4.46750000e-09  1.80000000e+00  4.46750000e-09  1.80000000e+00  4.46750000e-09  1.80000000e+00  4.46750000e-09  1.79881008e+00 
 4.47250000e-09  1.80000000e+00  4.47250000e-09  1.80000000e+00  4.47250000e-09  1.80000000e+00  4.47250000e-09  1.79881008e+00 
 4.47750000e-09  1.80000000e+00  4.47750000e-09  1.80000000e+00  4.47750000e-09  1.80000000e+00  4.47750000e-09  1.79881008e+00 
 4.48250000e-09  1.80000000e+00  4.48250000e-09  1.80000000e+00  4.48250000e-09  1.80000000e+00  4.48250000e-09  1.79881008e+00 
 4.48750000e-09  1.80000000e+00  4.48750000e-09  1.80000000e+00  4.48750000e-09  1.80000000e+00  4.48750000e-09  1.79881008e+00 
 4.49250000e-09  1.80000000e+00  4.49250000e-09  1.80000000e+00  4.49250000e-09  1.80000000e+00  4.49250000e-09  1.79881008e+00 
 4.49750000e-09  1.80000000e+00  4.49750000e-09  1.80000000e+00  4.49750000e-09  1.80000000e+00  4.49750000e-09  1.79881008e+00 
 4.50250000e-09  1.80000000e+00  4.50250000e-09  1.80000000e+00  4.50250000e-09  1.80000000e+00  4.50250000e-09  1.79881008e+00 
 4.50750000e-09  1.80000000e+00  4.50750000e-09  1.80000000e+00  4.50750000e-09  1.80000000e+00  4.50750000e-09  1.79881008e+00 
 4.51250000e-09  1.80000000e+00  4.51250000e-09  1.80000000e+00  4.51250000e-09  1.80000000e+00  4.51250000e-09  1.79881008e+00 
 4.51750000e-09  1.80000000e+00  4.51750000e-09  1.80000000e+00  4.51750000e-09  1.80000000e+00  4.51750000e-09  1.79881008e+00 
 4.52250000e-09  1.80000000e+00  4.52250000e-09  1.80000000e+00  4.52250000e-09  1.80000000e+00  4.52250000e-09  1.79881008e+00 
 4.52750000e-09  1.80000000e+00  4.52750000e-09  1.80000000e+00  4.52750000e-09  1.80000000e+00  4.52750000e-09  1.79881008e+00 
 4.53250000e-09  1.80000000e+00  4.53250000e-09  1.80000000e+00  4.53250000e-09  1.80000000e+00  4.53250000e-09  1.79881008e+00 
 4.53750000e-09  1.80000000e+00  4.53750000e-09  1.80000000e+00  4.53750000e-09  1.80000000e+00  4.53750000e-09  1.79881008e+00 
 4.54250000e-09  1.80000000e+00  4.54250000e-09  1.80000000e+00  4.54250000e-09  1.80000000e+00  4.54250000e-09  1.79881008e+00 
 4.54750000e-09  1.80000000e+00  4.54750000e-09  1.80000000e+00  4.54750000e-09  1.80000000e+00  4.54750000e-09  1.79881008e+00 
 4.55250000e-09  1.80000000e+00  4.55250000e-09  1.80000000e+00  4.55250000e-09  1.80000000e+00  4.55250000e-09  1.79881008e+00 
 4.55750000e-09  1.80000000e+00  4.55750000e-09  1.80000000e+00  4.55750000e-09  1.80000000e+00  4.55750000e-09  1.79881008e+00 
 4.56250000e-09  1.80000000e+00  4.56250000e-09  1.80000000e+00  4.56250000e-09  1.80000000e+00  4.56250000e-09  1.79881008e+00 
 4.56750000e-09  1.80000000e+00  4.56750000e-09  1.80000000e+00  4.56750000e-09  1.80000000e+00  4.56750000e-09  1.79881008e+00 
 4.57250000e-09  1.80000000e+00  4.57250000e-09  1.80000000e+00  4.57250000e-09  1.80000000e+00  4.57250000e-09  1.79881008e+00 
 4.57750000e-09  1.80000000e+00  4.57750000e-09  1.80000000e+00  4.57750000e-09  1.80000000e+00  4.57750000e-09  1.79881008e+00 
 4.58250000e-09  1.80000000e+00  4.58250000e-09  1.80000000e+00  4.58250000e-09  1.80000000e+00  4.58250000e-09  1.79881008e+00 
 4.58750000e-09  1.80000000e+00  4.58750000e-09  1.80000000e+00  4.58750000e-09  1.80000000e+00  4.58750000e-09  1.79881008e+00 
 4.59250000e-09  1.80000000e+00  4.59250000e-09  1.80000000e+00  4.59250000e-09  1.80000000e+00  4.59250000e-09  1.79881008e+00 
 4.59750000e-09  1.80000000e+00  4.59750000e-09  1.80000000e+00  4.59750000e-09  1.80000000e+00  4.59750000e-09  1.79881008e+00 
 4.60250000e-09  1.80000000e+00  4.60250000e-09  1.80000000e+00  4.60250000e-09  1.80000000e+00  4.60250000e-09  1.79881008e+00 
 4.60750000e-09  1.80000000e+00  4.60750000e-09  1.80000000e+00  4.60750000e-09  1.80000000e+00  4.60750000e-09  1.79881008e+00 
 4.61250000e-09  1.80000000e+00  4.61250000e-09  1.80000000e+00  4.61250000e-09  1.80000000e+00  4.61250000e-09  1.79881008e+00 
 4.61750000e-09  1.80000000e+00  4.61750000e-09  1.80000000e+00  4.61750000e-09  1.80000000e+00  4.61750000e-09  1.79881008e+00 
 4.62250000e-09  1.80000000e+00  4.62250000e-09  1.80000000e+00  4.62250000e-09  1.80000000e+00  4.62250000e-09  1.79881008e+00 
 4.62750000e-09  1.80000000e+00  4.62750000e-09  1.80000000e+00  4.62750000e-09  1.80000000e+00  4.62750000e-09  1.79881008e+00 
 4.63250000e-09  1.80000000e+00  4.63250000e-09  1.80000000e+00  4.63250000e-09  1.80000000e+00  4.63250000e-09  1.79881008e+00 
 4.63750000e-09  1.80000000e+00  4.63750000e-09  1.80000000e+00  4.63750000e-09  1.80000000e+00  4.63750000e-09  1.79881008e+00 
 4.64250000e-09  1.80000000e+00  4.64250000e-09  1.80000000e+00  4.64250000e-09  1.80000000e+00  4.64250000e-09  1.79881008e+00 
 4.64750000e-09  1.80000000e+00  4.64750000e-09  1.80000000e+00  4.64750000e-09  1.80000000e+00  4.64750000e-09  1.79881008e+00 
 4.65250000e-09  1.80000000e+00  4.65250000e-09  1.80000000e+00  4.65250000e-09  1.80000000e+00  4.65250000e-09  1.79881008e+00 
 4.65750000e-09  1.80000000e+00  4.65750000e-09  1.80000000e+00  4.65750000e-09  1.80000000e+00  4.65750000e-09  1.79881008e+00 
 4.66250000e-09  1.80000000e+00  4.66250000e-09  1.80000000e+00  4.66250000e-09  1.80000000e+00  4.66250000e-09  1.79881008e+00 
 4.66750000e-09  1.80000000e+00  4.66750000e-09  1.80000000e+00  4.66750000e-09  1.80000000e+00  4.66750000e-09  1.79881008e+00 
 4.67250000e-09  1.80000000e+00  4.67250000e-09  1.80000000e+00  4.67250000e-09  1.80000000e+00  4.67250000e-09  1.79881008e+00 
 4.67750000e-09  1.80000000e+00  4.67750000e-09  1.80000000e+00  4.67750000e-09  1.80000000e+00  4.67750000e-09  1.79881008e+00 
 4.68250000e-09  1.80000000e+00  4.68250000e-09  1.80000000e+00  4.68250000e-09  1.80000000e+00  4.68250000e-09  1.79881008e+00 
 4.68750000e-09  1.80000000e+00  4.68750000e-09  1.80000000e+00  4.68750000e-09  1.80000000e+00  4.68750000e-09  1.79881008e+00 
 4.69250000e-09  1.80000000e+00  4.69250000e-09  1.80000000e+00  4.69250000e-09  1.80000000e+00  4.69250000e-09  1.79881008e+00 
 4.69750000e-09  1.80000000e+00  4.69750000e-09  1.80000000e+00  4.69750000e-09  1.80000000e+00  4.69750000e-09  1.79881008e+00 
 4.70250000e-09  1.80000000e+00  4.70250000e-09  1.80000000e+00  4.70250000e-09  1.80000000e+00  4.70250000e-09  1.79881008e+00 
 4.70750000e-09  1.80000000e+00  4.70750000e-09  1.80000000e+00  4.70750000e-09  1.80000000e+00  4.70750000e-09  1.79881008e+00 
 4.71250000e-09  1.80000000e+00  4.71250000e-09  1.80000000e+00  4.71250000e-09  1.80000000e+00  4.71250000e-09  1.79881008e+00 
 4.71750000e-09  1.80000000e+00  4.71750000e-09  1.80000000e+00  4.71750000e-09  1.80000000e+00  4.71750000e-09  1.79881008e+00 
 4.72250000e-09  1.80000000e+00  4.72250000e-09  1.80000000e+00  4.72250000e-09  1.80000000e+00  4.72250000e-09  1.79881008e+00 
 4.72750000e-09  1.80000000e+00  4.72750000e-09  1.80000000e+00  4.72750000e-09  1.80000000e+00  4.72750000e-09  1.79881008e+00 
 4.73250000e-09  1.80000000e+00  4.73250000e-09  1.80000000e+00  4.73250000e-09  1.80000000e+00  4.73250000e-09  1.79881008e+00 
 4.73750000e-09  1.80000000e+00  4.73750000e-09  1.80000000e+00  4.73750000e-09  1.80000000e+00  4.73750000e-09  1.79881008e+00 
 4.74250000e-09  1.80000000e+00  4.74250000e-09  1.80000000e+00  4.74250000e-09  1.80000000e+00  4.74250000e-09  1.79881008e+00 
 4.74750000e-09  1.80000000e+00  4.74750000e-09  1.80000000e+00  4.74750000e-09  1.80000000e+00  4.74750000e-09  1.79881008e+00 
 4.75250000e-09  1.80000000e+00  4.75250000e-09  1.80000000e+00  4.75250000e-09  1.80000000e+00  4.75250000e-09  1.79881008e+00 
 4.75750000e-09  1.80000000e+00  4.75750000e-09  1.80000000e+00  4.75750000e-09  1.80000000e+00  4.75750000e-09  1.79881008e+00 
 4.76250000e-09  1.80000000e+00  4.76250000e-09  1.80000000e+00  4.76250000e-09  1.80000000e+00  4.76250000e-09  1.79881008e+00 
 4.76750000e-09  1.80000000e+00  4.76750000e-09  1.80000000e+00  4.76750000e-09  1.80000000e+00  4.76750000e-09  1.79881008e+00 
 4.77250000e-09  1.80000000e+00  4.77250000e-09  1.80000000e+00  4.77250000e-09  1.80000000e+00  4.77250000e-09  1.79881008e+00 
 4.77750000e-09  1.80000000e+00  4.77750000e-09  1.80000000e+00  4.77750000e-09  1.80000000e+00  4.77750000e-09  1.79881008e+00 
 4.78250000e-09  1.80000000e+00  4.78250000e-09  1.80000000e+00  4.78250000e-09  1.80000000e+00  4.78250000e-09  1.79881008e+00 
 4.78750000e-09  1.80000000e+00  4.78750000e-09  1.80000000e+00  4.78750000e-09  1.80000000e+00  4.78750000e-09  1.79881008e+00 
 4.79250000e-09  1.80000000e+00  4.79250000e-09  1.80000000e+00  4.79250000e-09  1.80000000e+00  4.79250000e-09  1.79881008e+00 
 4.79750000e-09  1.80000000e+00  4.79750000e-09  1.80000000e+00  4.79750000e-09  1.80000000e+00  4.79750000e-09  1.79881008e+00 
 4.80250000e-09  1.80000000e+00  4.80250000e-09  1.80000000e+00  4.80250000e-09  1.80000000e+00  4.80250000e-09  1.79881008e+00 
 4.80750000e-09  1.80000000e+00  4.80750000e-09  1.80000000e+00  4.80750000e-09  1.80000000e+00  4.80750000e-09  1.79881008e+00 
 4.81250000e-09  1.80000000e+00  4.81250000e-09  1.80000000e+00  4.81250000e-09  1.80000000e+00  4.81250000e-09  1.79881008e+00 
 4.81750000e-09  1.80000000e+00  4.81750000e-09  1.80000000e+00  4.81750000e-09  1.80000000e+00  4.81750000e-09  1.79881008e+00 
 4.82250000e-09  1.80000000e+00  4.82250000e-09  1.80000000e+00  4.82250000e-09  1.80000000e+00  4.82250000e-09  1.79881008e+00 
 4.82750000e-09  1.80000000e+00  4.82750000e-09  1.80000000e+00  4.82750000e-09  1.80000000e+00  4.82750000e-09  1.79881008e+00 
 4.83250000e-09  1.80000000e+00  4.83250000e-09  1.80000000e+00  4.83250000e-09  1.80000000e+00  4.83250000e-09  1.79881008e+00 
 4.83750000e-09  1.80000000e+00  4.83750000e-09  1.80000000e+00  4.83750000e-09  1.80000000e+00  4.83750000e-09  1.79881008e+00 
 4.84250000e-09  1.80000000e+00  4.84250000e-09  1.80000000e+00  4.84250000e-09  1.80000000e+00  4.84250000e-09  1.79881008e+00 
 4.84750000e-09  1.80000000e+00  4.84750000e-09  1.80000000e+00  4.84750000e-09  1.80000000e+00  4.84750000e-09  1.79881008e+00 
 4.85250000e-09  1.80000000e+00  4.85250000e-09  1.80000000e+00  4.85250000e-09  1.80000000e+00  4.85250000e-09  1.79881008e+00 
 4.85750000e-09  1.80000000e+00  4.85750000e-09  1.80000000e+00  4.85750000e-09  1.80000000e+00  4.85750000e-09  1.79881008e+00 
 4.86250000e-09  1.80000000e+00  4.86250000e-09  1.80000000e+00  4.86250000e-09  1.80000000e+00  4.86250000e-09  1.79881008e+00 
 4.86750000e-09  1.80000000e+00  4.86750000e-09  1.80000000e+00  4.86750000e-09  1.80000000e+00  4.86750000e-09  1.79881008e+00 
 4.87250000e-09  1.80000000e+00  4.87250000e-09  1.80000000e+00  4.87250000e-09  1.80000000e+00  4.87250000e-09  1.79881008e+00 
 4.87750000e-09  1.80000000e+00  4.87750000e-09  1.80000000e+00  4.87750000e-09  1.80000000e+00  4.87750000e-09  1.79881008e+00 
 4.88250000e-09  1.80000000e+00  4.88250000e-09  1.80000000e+00  4.88250000e-09  1.80000000e+00  4.88250000e-09  1.79881008e+00 
 4.88750000e-09  1.80000000e+00  4.88750000e-09  1.80000000e+00  4.88750000e-09  1.80000000e+00  4.88750000e-09  1.79881008e+00 
 4.89250000e-09  1.80000000e+00  4.89250000e-09  1.80000000e+00  4.89250000e-09  1.80000000e+00  4.89250000e-09  1.79881008e+00 
 4.89750000e-09  1.80000000e+00  4.89750000e-09  1.80000000e+00  4.89750000e-09  1.80000000e+00  4.89750000e-09  1.79881008e+00 
 4.90250000e-09  1.80000000e+00  4.90250000e-09  1.80000000e+00  4.90250000e-09  1.80000000e+00  4.90250000e-09  1.79881008e+00 
 4.90750000e-09  1.80000000e+00  4.90750000e-09  1.80000000e+00  4.90750000e-09  1.80000000e+00  4.90750000e-09  1.79881008e+00 
 4.91250000e-09  1.80000000e+00  4.91250000e-09  1.80000000e+00  4.91250000e-09  1.80000000e+00  4.91250000e-09  1.79881008e+00 
 4.91750000e-09  1.80000000e+00  4.91750000e-09  1.80000000e+00  4.91750000e-09  1.80000000e+00  4.91750000e-09  1.79881008e+00 
 4.92250000e-09  1.80000000e+00  4.92250000e-09  1.80000000e+00  4.92250000e-09  1.80000000e+00  4.92250000e-09  1.79881008e+00 
 4.92750000e-09  1.80000000e+00  4.92750000e-09  1.80000000e+00  4.92750000e-09  1.80000000e+00  4.92750000e-09  1.79881008e+00 
 4.93250000e-09  1.80000000e+00  4.93250000e-09  1.80000000e+00  4.93250000e-09  1.80000000e+00  4.93250000e-09  1.79881008e+00 
 4.93750000e-09  1.80000000e+00  4.93750000e-09  1.80000000e+00  4.93750000e-09  1.80000000e+00  4.93750000e-09  1.79881008e+00 
 4.94250000e-09  1.80000000e+00  4.94250000e-09  1.80000000e+00  4.94250000e-09  1.80000000e+00  4.94250000e-09  1.79881008e+00 
 4.94750000e-09  1.80000000e+00  4.94750000e-09  1.80000000e+00  4.94750000e-09  1.80000000e+00  4.94750000e-09  1.79881008e+00 
 4.95250000e-09  1.80000000e+00  4.95250000e-09  1.80000000e+00  4.95250000e-09  1.80000000e+00  4.95250000e-09  1.79881008e+00 
 4.95750000e-09  1.80000000e+00  4.95750000e-09  1.80000000e+00  4.95750000e-09  1.80000000e+00  4.95750000e-09  1.79881008e+00 
 4.96250000e-09  1.80000000e+00  4.96250000e-09  1.80000000e+00  4.96250000e-09  1.80000000e+00  4.96250000e-09  1.79881008e+00 
 4.96750000e-09  1.80000000e+00  4.96750000e-09  1.80000000e+00  4.96750000e-09  1.80000000e+00  4.96750000e-09  1.79881008e+00 
 4.97250000e-09  1.80000000e+00  4.97250000e-09  1.80000000e+00  4.97250000e-09  1.80000000e+00  4.97250000e-09  1.79881008e+00 
 4.97750000e-09  1.80000000e+00  4.97750000e-09  1.80000000e+00  4.97750000e-09  1.80000000e+00  4.97750000e-09  1.79881008e+00 
 4.98250000e-09  1.80000000e+00  4.98250000e-09  1.80000000e+00  4.98250000e-09  1.80000000e+00  4.98250000e-09  1.79881008e+00 
 4.98750000e-09  1.80000000e+00  4.98750000e-09  1.80000000e+00  4.98750000e-09  1.80000000e+00  4.98750000e-09  1.79881008e+00 
 4.99250000e-09  1.80000000e+00  4.99250000e-09  1.80000000e+00  4.99250000e-09  1.80000000e+00  4.99250000e-09  1.79881008e+00 
 4.99750000e-09  1.80000000e+00  4.99750000e-09  1.80000000e+00  4.99750000e-09  1.80000000e+00  4.99750000e-09  1.79881008e+00 
 5.00000000e-09  1.80000000e+00  5.00000000e-09  1.80000000e+00  5.00000000e-09  1.80000000e+00  5.00000000e-09  1.79881008e+00 
 5.00050000e-09  1.80000000e+00  5.00050000e-09  1.78200000e+00  5.00050000e-09  1.80000000e+00  5.00050000e-09  1.79881008e+00 
 5.00150000e-09  1.80000000e+00  5.00150000e-09  1.74600000e+00  5.00150000e-09  1.80000000e+00  5.00150000e-09  1.79881008e+00 
 5.00350000e-09  1.80000000e+00  5.00350000e-09  1.67400000e+00  5.00350000e-09  1.80000000e+00  5.00350000e-09  1.79881008e+00 
 5.00750000e-09  1.80000000e+00  5.00750000e-09  1.53000000e+00  5.00750000e-09  1.80000000e+00  5.00750000e-09  1.79881008e+00 
 5.01250000e-09  1.80000000e+00  5.01250000e-09  1.35000000e+00  5.01250000e-09  1.80000000e+00  5.01250000e-09  1.79881008e+00 
 5.01750000e-09  1.80000000e+00  5.01750000e-09  1.17000000e+00  5.01750000e-09  1.80000000e+00  5.01750000e-09  1.79880672e+00 
 5.02250000e-09  1.80000000e+00  5.02250000e-09  9.90000000e-01  5.02250000e-09  1.80000000e+00  5.02250000e-09  1.79878355e+00 
 5.02750000e-09  1.80000000e+00  5.02750000e-09  8.10000000e-01  5.02750000e-09  1.80000000e+00  5.02750000e-09  1.79853892e+00 
 5.03250000e-09  1.80000000e+00  5.03250000e-09  6.30000000e-01  5.03250000e-09  1.80000000e+00  5.03250000e-09  1.79808934e+00 
 5.03750000e-09  1.80000000e+00  5.03750000e-09  4.50000000e-01  5.03750000e-09  1.80000000e+00  5.03750000e-09  1.79763987e+00 
 5.04250000e-09  1.80000000e+00  5.04250000e-09  2.70000000e-01  5.04250000e-09  1.80000000e+00  5.04250000e-09  1.79719052e+00 
 5.04750000e-09  1.80000000e+00  5.04750000e-09  9.00000000e-02  5.04750000e-09  1.80000000e+00  5.04750000e-09  1.79674127e+00 
 5.05000000e-09  1.80000000e+00  5.05000000e-09  0.00000000e+00  5.05000000e-09  1.80000000e+00  5.05000000e-09  1.79651670e+00 
 5.05050000e-09  1.80000000e+00  5.05050000e-09  0.00000000e+00  5.05050000e-09  1.80000000e+00  5.05050000e-09  1.79647178e+00 
 5.05150000e-09  1.80000000e+00  5.05150000e-09  0.00000000e+00  5.05150000e-09  1.80000000e+00  5.05150000e-09  1.79638196e+00 
 5.05350000e-09  1.80000000e+00  5.05350000e-09  0.00000000e+00  5.05350000e-09  1.80000000e+00  5.05350000e-09  1.79620233e+00 
 5.05750000e-09  1.80000000e+00  5.05750000e-09  0.00000000e+00  5.05750000e-09  1.80000000e+00  5.05750000e-09  1.79584313e+00 
 5.06250000e-09  1.80000000e+00  5.06250000e-09  0.00000000e+00  5.06250000e-09  1.80000000e+00  5.06250000e-09  1.79539422e+00 
 5.06750000e-09  1.80000000e+00  5.06750000e-09  0.00000000e+00  5.06750000e-09  1.79999999e+00  5.06750000e-09  1.79494543e+00 
 5.07250000e-09  1.80000000e+00  5.07250000e-09  0.00000000e+00  5.07250000e-09  1.79999999e+00  5.07250000e-09  1.79449675e+00 
 5.07750000e-09  1.80000000e+00  5.07750000e-09  0.00000000e+00  5.07750000e-09  1.79999999e+00  5.07750000e-09  1.79404818e+00 
 5.08250000e-09  1.80000000e+00  5.08250000e-09  0.00000000e+00  5.08250000e-09  1.79999999e+00  5.08250000e-09  1.79359972e+00 
 5.08750000e-09  1.80000000e+00  5.08750000e-09  0.00000000e+00  5.08750000e-09  1.79999999e+00  5.08750000e-09  1.79315138e+00 
 5.09250000e-09  1.80000000e+00  5.09250000e-09  0.00000000e+00  5.09250000e-09  1.79999999e+00  5.09250000e-09  1.79270315e+00 
 5.09750000e-09  1.80000000e+00  5.09750000e-09  0.00000000e+00  5.09750000e-09  1.79999999e+00  5.09750000e-09  1.79225503e+00 
 5.10250000e-09  1.80000000e+00  5.10250000e-09  0.00000000e+00  5.10250000e-09  1.79999999e+00  5.10250000e-09  1.79180702e+00 
 5.10750000e-09  1.80000000e+00  5.10750000e-09  0.00000000e+00  5.10750000e-09  1.79999999e+00  5.10750000e-09  1.79135912e+00 
 5.11250000e-09  1.80000000e+00  5.11250000e-09  0.00000000e+00  5.11250000e-09  1.79999999e+00  5.11250000e-09  1.79091134e+00 
 5.11750000e-09  1.80000000e+00  5.11750000e-09  0.00000000e+00  5.11750000e-09  1.79999999e+00  5.11750000e-09  1.79046367e+00 
 5.12250000e-09  1.80000000e+00  5.12250000e-09  0.00000000e+00  5.12250000e-09  1.79999999e+00  5.12250000e-09  1.79001611e+00 
 5.12750000e-09  1.80000000e+00  5.12750000e-09  0.00000000e+00  5.12750000e-09  1.79999999e+00  5.12750000e-09  1.78956866e+00 
 5.13250000e-09  1.80000000e+00  5.13250000e-09  0.00000000e+00  5.13250000e-09  1.79999999e+00  5.13250000e-09  1.78912132e+00 
 5.13750000e-09  1.80000000e+00  5.13750000e-09  0.00000000e+00  5.13750000e-09  1.79999999e+00  5.13750000e-09  1.78867410e+00 
 5.14250000e-09  1.80000000e+00  5.14250000e-09  0.00000000e+00  5.14250000e-09  1.79999999e+00  5.14250000e-09  1.78822698e+00 
 5.14750000e-09  1.80000000e+00  5.14750000e-09  0.00000000e+00  5.14750000e-09  1.79999999e+00  5.14750000e-09  1.78777998e+00 
 5.15250000e-09  1.80000000e+00  5.15250000e-09  0.00000000e+00  5.15250000e-09  1.79999999e+00  5.15250000e-09  1.78733309e+00 
 5.15750000e-09  1.80000000e+00  5.15750000e-09  0.00000000e+00  5.15750000e-09  1.79999999e+00  5.15750000e-09  1.78688631e+00 
 5.16250000e-09  1.80000000e+00  5.16250000e-09  0.00000000e+00  5.16250000e-09  1.79999999e+00  5.16250000e-09  1.78643965e+00 
 5.16750000e-09  1.80000000e+00  5.16750000e-09  0.00000000e+00  5.16750000e-09  1.79999999e+00  5.16750000e-09  1.78599309e+00 
 5.17250000e-09  1.80000000e+00  5.17250000e-09  0.00000000e+00  5.17250000e-09  1.79999999e+00  5.17250000e-09  1.78554665e+00 
 5.17750000e-09  1.80000000e+00  5.17750000e-09  0.00000000e+00  5.17750000e-09  1.79999998e+00  5.17750000e-09  1.78510032e+00 
 5.18250000e-09  1.80000000e+00  5.18250000e-09  0.00000000e+00  5.18250000e-09  1.79999998e+00  5.18250000e-09  1.78465410e+00 
 5.18750000e-09  1.80000000e+00  5.18750000e-09  0.00000000e+00  5.18750000e-09  1.79999998e+00  5.18750000e-09  1.78420799e+00 
 5.19250000e-09  1.80000000e+00  5.19250000e-09  0.00000000e+00  5.19250000e-09  1.79999998e+00  5.19250000e-09  1.78376199e+00 
 5.19750000e-09  1.80000000e+00  5.19750000e-09  0.00000000e+00  5.19750000e-09  1.79999998e+00  5.19750000e-09  1.78331611e+00 
 5.20250000e-09  1.80000000e+00  5.20250000e-09  0.00000000e+00  5.20250000e-09  1.79999998e+00  5.20250000e-09  1.78287034e+00 
 5.20750000e-09  1.80000000e+00  5.20750000e-09  0.00000000e+00  5.20750000e-09  1.79999998e+00  5.20750000e-09  1.78242467e+00 
 5.21250000e-09  1.80000000e+00  5.21250000e-09  0.00000000e+00  5.21250000e-09  1.79999998e+00  5.21250000e-09  1.78197912e+00 
 5.21750000e-09  1.80000000e+00  5.21750000e-09  0.00000000e+00  5.21750000e-09  1.79999998e+00  5.21750000e-09  1.78153368e+00 
 5.22250000e-09  1.80000000e+00  5.22250000e-09  0.00000000e+00  5.22250000e-09  1.79999998e+00  5.22250000e-09  1.78108835e+00 
 5.22750000e-09  1.80000000e+00  5.22750000e-09  0.00000000e+00  5.22750000e-09  1.79999998e+00  5.22750000e-09  1.78064314e+00 
 5.23250000e-09  1.80000000e+00  5.23250000e-09  0.00000000e+00  5.23250000e-09  1.79999998e+00  5.23250000e-09  1.78019803e+00 
 5.23750000e-09  1.80000000e+00  5.23750000e-09  0.00000000e+00  5.23750000e-09  1.79999998e+00  5.23750000e-09  1.77975304e+00 
 5.24250000e-09  1.80000000e+00  5.24250000e-09  0.00000000e+00  5.24250000e-09  1.79999998e+00  5.24250000e-09  1.77930815e+00 
 5.24750000e-09  1.80000000e+00  5.24750000e-09  0.00000000e+00  5.24750000e-09  1.79999998e+00  5.24750000e-09  1.77886338e+00 
 5.25250000e-09  1.80000000e+00  5.25250000e-09  0.00000000e+00  5.25250000e-09  1.79999998e+00  5.25250000e-09  1.77841872e+00 
 5.25750000e-09  1.80000000e+00  5.25750000e-09  0.00000000e+00  5.25750000e-09  1.79999998e+00  5.25750000e-09  1.77797417e+00 
 5.26250000e-09  1.80000000e+00  5.26250000e-09  0.00000000e+00  5.26250000e-09  1.79999998e+00  5.26250000e-09  1.77752973e+00 
 5.26750000e-09  1.80000000e+00  5.26750000e-09  0.00000000e+00  5.26750000e-09  1.79999998e+00  5.26750000e-09  1.77708541e+00 
 5.27250000e-09  1.80000000e+00  5.27250000e-09  0.00000000e+00  5.27250000e-09  1.79999998e+00  5.27250000e-09  1.77664119e+00 
 5.27750000e-09  1.80000000e+00  5.27750000e-09  0.00000000e+00  5.27750000e-09  1.79999998e+00  5.27750000e-09  1.77619708e+00 
 5.28250000e-09  1.80000000e+00  5.28250000e-09  0.00000000e+00  5.28250000e-09  1.79999998e+00  5.28250000e-09  1.77575309e+00 
 5.28750000e-09  1.80000000e+00  5.28750000e-09  0.00000000e+00  5.28750000e-09  1.79999998e+00  5.28750000e-09  1.77530921e+00 
 5.29250000e-09  1.80000000e+00  5.29250000e-09  0.00000000e+00  5.29250000e-09  1.79999997e+00  5.29250000e-09  1.77486544e+00 
 5.29750000e-09  1.80000000e+00  5.29750000e-09  0.00000000e+00  5.29750000e-09  1.79999997e+00  5.29750000e-09  1.77442177e+00 
 5.30250000e-09  1.80000000e+00  5.30250000e-09  0.00000000e+00  5.30250000e-09  1.79999997e+00  5.30250000e-09  1.77397822e+00 
 5.30750000e-09  1.80000000e+00  5.30750000e-09  0.00000000e+00  5.30750000e-09  1.79999997e+00  5.30750000e-09  1.77353478e+00 
 5.31250000e-09  1.80000000e+00  5.31250000e-09  0.00000000e+00  5.31250000e-09  1.79999997e+00  5.31250000e-09  1.77309146e+00 
 5.31750000e-09  1.80000000e+00  5.31750000e-09  0.00000000e+00  5.31750000e-09  1.79999997e+00  5.31750000e-09  1.77264824e+00 
 5.32250000e-09  1.80000000e+00  5.32250000e-09  0.00000000e+00  5.32250000e-09  1.79999997e+00  5.32250000e-09  1.77220513e+00 
 5.32750000e-09  1.80000000e+00  5.32750000e-09  0.00000000e+00  5.32750000e-09  1.79999997e+00  5.32750000e-09  1.77176213e+00 
 5.33250000e-09  1.80000000e+00  5.33250000e-09  0.00000000e+00  5.33250000e-09  1.79999997e+00  5.33250000e-09  1.77131925e+00 
 5.33750000e-09  1.80000000e+00  5.33750000e-09  0.00000000e+00  5.33750000e-09  1.79999997e+00  5.33750000e-09  1.77087647e+00 
 5.34250000e-09  1.80000000e+00  5.34250000e-09  0.00000000e+00  5.34250000e-09  1.79999997e+00  5.34250000e-09  1.77043381e+00 
 5.34750000e-09  1.80000000e+00  5.34750000e-09  0.00000000e+00  5.34750000e-09  1.79999997e+00  5.34750000e-09  1.76999126e+00 
 5.35250000e-09  1.80000000e+00  5.35250000e-09  0.00000000e+00  5.35250000e-09  1.79999997e+00  5.35250000e-09  1.76954881e+00 
 5.35750000e-09  1.80000000e+00  5.35750000e-09  0.00000000e+00  5.35750000e-09  1.79999997e+00  5.35750000e-09  1.76910648e+00 
 5.36250000e-09  1.80000000e+00  5.36250000e-09  0.00000000e+00  5.36250000e-09  1.79999997e+00  5.36250000e-09  1.76866426e+00 
 5.36750000e-09  1.80000000e+00  5.36750000e-09  0.00000000e+00  5.36750000e-09  1.79999997e+00  5.36750000e-09  1.76822215e+00 
 5.37250000e-09  1.80000000e+00  5.37250000e-09  0.00000000e+00  5.37250000e-09  1.79999997e+00  5.37250000e-09  1.76778015e+00 
 5.37750000e-09  1.80000000e+00  5.37750000e-09  0.00000000e+00  5.37750000e-09  1.79999997e+00  5.37750000e-09  1.76733826e+00 
 5.38250000e-09  1.80000000e+00  5.38250000e-09  0.00000000e+00  5.38250000e-09  1.79999997e+00  5.38250000e-09  1.76689648e+00 
 5.38750000e-09  1.80000000e+00  5.38750000e-09  0.00000000e+00  5.38750000e-09  1.79999997e+00  5.38750000e-09  1.76645481e+00 
 5.39250000e-09  1.80000000e+00  5.39250000e-09  0.00000000e+00  5.39250000e-09  1.79999997e+00  5.39250000e-09  1.76601325e+00 
 5.39750000e-09  1.80000000e+00  5.39750000e-09  0.00000000e+00  5.39750000e-09  1.79999997e+00  5.39750000e-09  1.76557180e+00 
 5.40250000e-09  1.80000000e+00  5.40250000e-09  0.00000000e+00  5.40250000e-09  1.79999996e+00  5.40250000e-09  1.76513046e+00 
 5.40750000e-09  1.80000000e+00  5.40750000e-09  0.00000000e+00  5.40750000e-09  1.79999996e+00  5.40750000e-09  1.76468923e+00 
 5.41250000e-09  1.80000000e+00  5.41250000e-09  0.00000000e+00  5.41250000e-09  1.79999996e+00  5.41250000e-09  1.76424812e+00 
 5.41750000e-09  1.80000000e+00  5.41750000e-09  0.00000000e+00  5.41750000e-09  1.79999996e+00  5.41750000e-09  1.76380711e+00 
 5.42250000e-09  1.80000000e+00  5.42250000e-09  0.00000000e+00  5.42250000e-09  1.79999996e+00  5.42250000e-09  1.76336621e+00 
 5.42750000e-09  1.80000000e+00  5.42750000e-09  0.00000000e+00  5.42750000e-09  1.79999996e+00  5.42750000e-09  1.76292542e+00 
 5.43250000e-09  1.80000000e+00  5.43250000e-09  0.00000000e+00  5.43250000e-09  1.79999996e+00  5.43250000e-09  1.76248475e+00 
 5.43750000e-09  1.80000000e+00  5.43750000e-09  0.00000000e+00  5.43750000e-09  1.79999996e+00  5.43750000e-09  1.76204418e+00 
 5.44250000e-09  1.80000000e+00  5.44250000e-09  0.00000000e+00  5.44250000e-09  1.79999996e+00  5.44250000e-09  1.76160372e+00 
 5.44750000e-09  1.80000000e+00  5.44750000e-09  0.00000000e+00  5.44750000e-09  1.79999996e+00  5.44750000e-09  1.76116338e+00 
 5.45250000e-09  1.80000000e+00  5.45250000e-09  0.00000000e+00  5.45250000e-09  1.79999996e+00  5.45250000e-09  1.76072314e+00 
 5.45750000e-09  1.80000000e+00  5.45750000e-09  0.00000000e+00  5.45750000e-09  1.79999996e+00  5.45750000e-09  1.76028302e+00 
 5.46250000e-09  1.80000000e+00  5.46250000e-09  0.00000000e+00  5.46250000e-09  1.79999996e+00  5.46250000e-09  1.75984300e+00 
 5.46750000e-09  1.80000000e+00  5.46750000e-09  0.00000000e+00  5.46750000e-09  1.79999996e+00  5.46750000e-09  1.75940309e+00 
 5.47250000e-09  1.80000000e+00  5.47250000e-09  0.00000000e+00  5.47250000e-09  1.79999996e+00  5.47250000e-09  1.75896330e+00 
 5.47750000e-09  1.80000000e+00  5.47750000e-09  0.00000000e+00  5.47750000e-09  1.79999996e+00  5.47750000e-09  1.75852361e+00 
 5.48250000e-09  1.80000000e+00  5.48250000e-09  0.00000000e+00  5.48250000e-09  1.79999996e+00  5.48250000e-09  1.75808403e+00 
 5.48750000e-09  1.80000000e+00  5.48750000e-09  0.00000000e+00  5.48750000e-09  1.79999996e+00  5.48750000e-09  1.75764457e+00 
 5.49250000e-09  1.80000000e+00  5.49250000e-09  0.00000000e+00  5.49250000e-09  1.79999996e+00  5.49250000e-09  1.75720521e+00 
 5.49750000e-09  1.80000000e+00  5.49750000e-09  0.00000000e+00  5.49750000e-09  1.79999996e+00  5.49750000e-09  1.75676596e+00 
 5.50250000e-09  1.80000000e+00  5.50250000e-09  0.00000000e+00  5.50250000e-09  1.79999996e+00  5.50250000e-09  1.75632683e+00 
 5.50750000e-09  1.80000000e+00  5.50750000e-09  0.00000000e+00  5.50750000e-09  1.79999996e+00  5.50750000e-09  1.75588780e+00 
 5.51250000e-09  1.80000000e+00  5.51250000e-09  0.00000000e+00  5.51250000e-09  1.79999995e+00  5.51250000e-09  1.75544888e+00 
 5.51750000e-09  1.80000000e+00  5.51750000e-09  0.00000000e+00  5.51750000e-09  1.79999995e+00  5.51750000e-09  1.75501008e+00 
 5.52250000e-09  1.80000000e+00  5.52250000e-09  0.00000000e+00  5.52250000e-09  1.79999995e+00  5.52250000e-09  1.75457138e+00 
 5.52750000e-09  1.80000000e+00  5.52750000e-09  0.00000000e+00  5.52750000e-09  1.79999995e+00  5.52750000e-09  1.75413279e+00 
 5.53250000e-09  1.80000000e+00  5.53250000e-09  0.00000000e+00  5.53250000e-09  1.79999995e+00  5.53250000e-09  1.75369431e+00 
 5.53750000e-09  1.80000000e+00  5.53750000e-09  0.00000000e+00  5.53750000e-09  1.79999995e+00  5.53750000e-09  1.75325594e+00 
 5.54250000e-09  1.80000000e+00  5.54250000e-09  0.00000000e+00  5.54250000e-09  1.79999995e+00  5.54250000e-09  1.75281768e+00 
 5.54750000e-09  1.80000000e+00  5.54750000e-09  0.00000000e+00  5.54750000e-09  1.79999995e+00  5.54750000e-09  1.75237953e+00 
 5.55250000e-09  1.80000000e+00  5.55250000e-09  0.00000000e+00  5.55250000e-09  1.79999995e+00  5.55250000e-09  1.75194149e+00 
 5.55750000e-09  1.80000000e+00  5.55750000e-09  0.00000000e+00  5.55750000e-09  1.79999995e+00  5.55750000e-09  1.75150356e+00 
 5.56250000e-09  1.80000000e+00  5.56250000e-09  0.00000000e+00  5.56250000e-09  1.79999995e+00  5.56250000e-09  1.75106574e+00 
 5.56750000e-09  1.80000000e+00  5.56750000e-09  0.00000000e+00  5.56750000e-09  1.79999995e+00  5.56750000e-09  1.75062803e+00 
 5.57250000e-09  1.80000000e+00  5.57250000e-09  0.00000000e+00  5.57250000e-09  1.79999995e+00  5.57250000e-09  1.75019042e+00 
 5.57750000e-09  1.80000000e+00  5.57750000e-09  0.00000000e+00  5.57750000e-09  1.79999995e+00  5.57750000e-09  1.74975293e+00 
 5.58250000e-09  1.80000000e+00  5.58250000e-09  0.00000000e+00  5.58250000e-09  1.79999995e+00  5.58250000e-09  1.74931555e+00 
 5.58750000e-09  1.80000000e+00  5.58750000e-09  0.00000000e+00  5.58750000e-09  1.79999995e+00  5.58750000e-09  1.74887827e+00 
 5.59250000e-09  1.80000000e+00  5.59250000e-09  0.00000000e+00  5.59250000e-09  1.79999995e+00  5.59250000e-09  1.74844111e+00 
 5.59750000e-09  1.80000000e+00  5.59750000e-09  0.00000000e+00  5.59750000e-09  1.79999995e+00  5.59750000e-09  1.74800405e+00 
 5.60250000e-09  1.80000000e+00  5.60250000e-09  0.00000000e+00  5.60250000e-09  1.79999995e+00  5.60250000e-09  1.74756710e+00 
 5.60750000e-09  1.80000000e+00  5.60750000e-09  0.00000000e+00  5.60750000e-09  1.79999995e+00  5.60750000e-09  1.74713027e+00 
 5.61250000e-09  1.80000000e+00  5.61250000e-09  0.00000000e+00  5.61250000e-09  1.79999995e+00  5.61250000e-09  1.74669354e+00 
 5.61750000e-09  1.80000000e+00  5.61750000e-09  0.00000000e+00  5.61750000e-09  1.79999995e+00  5.61750000e-09  1.74625692e+00 
 5.62250000e-09  1.80000000e+00  5.62250000e-09  0.00000000e+00  5.62250000e-09  1.79999994e+00  5.62250000e-09  1.74582041e+00 
 5.62750000e-09  1.80000000e+00  5.62750000e-09  0.00000000e+00  5.62750000e-09  1.79999994e+00  5.62750000e-09  1.74538401e+00 
 5.63250000e-09  1.80000000e+00  5.63250000e-09  0.00000000e+00  5.63250000e-09  1.79999994e+00  5.63250000e-09  1.74494771e+00 
 5.63750000e-09  1.80000000e+00  5.63750000e-09  0.00000000e+00  5.63750000e-09  1.79999994e+00  5.63750000e-09  1.74451153e+00 
 5.64250000e-09  1.80000000e+00  5.64250000e-09  0.00000000e+00  5.64250000e-09  1.79999994e+00  5.64250000e-09  1.74407546e+00 
 5.64750000e-09  1.80000000e+00  5.64750000e-09  0.00000000e+00  5.64750000e-09  1.79999994e+00  5.64750000e-09  1.74363949e+00 
 5.65250000e-09  1.80000000e+00  5.65250000e-09  0.00000000e+00  5.65250000e-09  1.79999994e+00  5.65250000e-09  1.74320364e+00 
 5.65750000e-09  1.80000000e+00  5.65750000e-09  0.00000000e+00  5.65750000e-09  1.79999994e+00  5.65750000e-09  1.74276789e+00 
 5.66250000e-09  1.80000000e+00  5.66250000e-09  0.00000000e+00  5.66250000e-09  1.79999994e+00  5.66250000e-09  1.74233225e+00 
 5.66750000e-09  1.80000000e+00  5.66750000e-09  0.00000000e+00  5.66750000e-09  1.79999994e+00  5.66750000e-09  1.74189672e+00 
 5.67250000e-09  1.80000000e+00  5.67250000e-09  0.00000000e+00  5.67250000e-09  1.79999994e+00  5.67250000e-09  1.74146130e+00 
 5.67750000e-09  1.80000000e+00  5.67750000e-09  0.00000000e+00  5.67750000e-09  1.79999994e+00  5.67750000e-09  1.74102599e+00 
 5.68250000e-09  1.80000000e+00  5.68250000e-09  0.00000000e+00  5.68250000e-09  1.79999994e+00  5.68250000e-09  1.74059079e+00 
 5.68750000e-09  1.80000000e+00  5.68750000e-09  0.00000000e+00  5.68750000e-09  1.79999994e+00  5.68750000e-09  1.74015570e+00 
 5.69250000e-09  1.80000000e+00  5.69250000e-09  0.00000000e+00  5.69250000e-09  1.79999994e+00  5.69250000e-09  1.73972071e+00 
 5.69750000e-09  1.80000000e+00  5.69750000e-09  0.00000000e+00  5.69750000e-09  1.79999994e+00  5.69750000e-09  1.73928583e+00 
 5.70250000e-09  1.80000000e+00  5.70250000e-09  0.00000000e+00  5.70250000e-09  1.79999994e+00  5.70250000e-09  1.73885107e+00 
 5.70750000e-09  1.80000000e+00  5.70750000e-09  0.00000000e+00  5.70750000e-09  1.79999994e+00  5.70750000e-09  1.73841641e+00 
 5.71250000e-09  1.80000000e+00  5.71250000e-09  0.00000000e+00  5.71250000e-09  1.79999994e+00  5.71250000e-09  1.73798186e+00 
 5.71750000e-09  1.80000000e+00  5.71750000e-09  0.00000000e+00  5.71750000e-09  1.79999994e+00  5.71750000e-09  1.73754742e+00 
 5.72250000e-09  1.80000000e+00  5.72250000e-09  0.00000000e+00  5.72250000e-09  1.79999994e+00  5.72250000e-09  1.73711308e+00 
 5.72750000e-09  1.80000000e+00  5.72750000e-09  0.00000000e+00  5.72750000e-09  1.79999994e+00  5.72750000e-09  1.73667886e+00 
 5.73250000e-09  1.80000000e+00  5.73250000e-09  0.00000000e+00  5.73250000e-09  1.79999993e+00  5.73250000e-09  1.73624474e+00 
 5.73750000e-09  1.80000000e+00  5.73750000e-09  0.00000000e+00  5.73750000e-09  1.79999993e+00  5.73750000e-09  1.73581074e+00 
 5.74250000e-09  1.80000000e+00  5.74250000e-09  0.00000000e+00  5.74250000e-09  1.79999993e+00  5.74250000e-09  1.73537684e+00 
 5.74750000e-09  1.80000000e+00  5.74750000e-09  0.00000000e+00  5.74750000e-09  1.79999993e+00  5.74750000e-09  1.73494305e+00 
 5.75250000e-09  1.80000000e+00  5.75250000e-09  0.00000000e+00  5.75250000e-09  1.79999993e+00  5.75250000e-09  1.73450936e+00 
 5.75750000e-09  1.80000000e+00  5.75750000e-09  0.00000000e+00  5.75750000e-09  1.79999993e+00  5.75750000e-09  1.73407579e+00 
 5.76250000e-09  1.80000000e+00  5.76250000e-09  0.00000000e+00  5.76250000e-09  1.79999993e+00  5.76250000e-09  1.73364233e+00 
 5.76750000e-09  1.80000000e+00  5.76750000e-09  0.00000000e+00  5.76750000e-09  1.79999993e+00  5.76750000e-09  1.73320897e+00 
 5.77250000e-09  1.80000000e+00  5.77250000e-09  0.00000000e+00  5.77250000e-09  1.79999993e+00  5.77250000e-09  1.73277572e+00 
 5.77750000e-09  1.80000000e+00  5.77750000e-09  0.00000000e+00  5.77750000e-09  1.79999993e+00  5.77750000e-09  1.73234258e+00 
 5.78250000e-09  1.80000000e+00  5.78250000e-09  0.00000000e+00  5.78250000e-09  1.79999993e+00  5.78250000e-09  1.73190955e+00 
 5.78750000e-09  1.80000000e+00  5.78750000e-09  0.00000000e+00  5.78750000e-09  1.79999993e+00  5.78750000e-09  1.73147662e+00 
 5.79250000e-09  1.80000000e+00  5.79250000e-09  0.00000000e+00  5.79250000e-09  1.79999993e+00  5.79250000e-09  1.73104381e+00 
 5.79750000e-09  1.80000000e+00  5.79750000e-09  0.00000000e+00  5.79750000e-09  1.79999993e+00  5.79750000e-09  1.73061110e+00 
 5.80250000e-09  1.80000000e+00  5.80250000e-09  0.00000000e+00  5.80250000e-09  1.79999993e+00  5.80250000e-09  1.73017850e+00 
 5.80750000e-09  1.80000000e+00  5.80750000e-09  0.00000000e+00  5.80750000e-09  1.79999993e+00  5.80750000e-09  1.72974601e+00 
 5.81250000e-09  1.80000000e+00  5.81250000e-09  0.00000000e+00  5.81250000e-09  1.79999993e+00  5.81250000e-09  1.72931363e+00 
 5.81750000e-09  1.80000000e+00  5.81750000e-09  0.00000000e+00  5.81750000e-09  1.79999993e+00  5.81750000e-09  1.72888135e+00 
 5.82250000e-09  1.80000000e+00  5.82250000e-09  0.00000000e+00  5.82250000e-09  1.79999993e+00  5.82250000e-09  1.72844919e+00 
 5.82750000e-09  1.80000000e+00  5.82750000e-09  0.00000000e+00  5.82750000e-09  1.79999993e+00  5.82750000e-09  1.72801713e+00 
 5.83250000e-09  1.80000000e+00  5.83250000e-09  0.00000000e+00  5.83250000e-09  1.79999993e+00  5.83250000e-09  1.72758518e+00 
 5.83750000e-09  1.80000000e+00  5.83750000e-09  0.00000000e+00  5.83750000e-09  1.79999993e+00  5.83750000e-09  1.72715334e+00 
 5.84250000e-09  1.80000000e+00  5.84250000e-09  0.00000000e+00  5.84250000e-09  1.79999992e+00  5.84250000e-09  1.72672160e+00 
 5.84750000e-09  1.80000000e+00  5.84750000e-09  0.00000000e+00  5.84750000e-09  1.79999992e+00  5.84750000e-09  1.72628997e+00 
 5.85250000e-09  1.80000000e+00  5.85250000e-09  0.00000000e+00  5.85250000e-09  1.79999992e+00  5.85250000e-09  1.72585845e+00 
 5.85750000e-09  1.80000000e+00  5.85750000e-09  0.00000000e+00  5.85750000e-09  1.79999992e+00  5.85750000e-09  1.72542704e+00 
 5.86250000e-09  1.80000000e+00  5.86250000e-09  0.00000000e+00  5.86250000e-09  1.79999992e+00  5.86250000e-09  1.72499574e+00 
 5.86750000e-09  1.80000000e+00  5.86750000e-09  0.00000000e+00  5.86750000e-09  1.79999992e+00  5.86750000e-09  1.72456454e+00 
 5.87250000e-09  1.80000000e+00  5.87250000e-09  0.00000000e+00  5.87250000e-09  1.79999992e+00  5.87250000e-09  1.72413346e+00 
 5.87750000e-09  1.80000000e+00  5.87750000e-09  0.00000000e+00  5.87750000e-09  1.79999992e+00  5.87750000e-09  1.72370248e+00 
 5.88250000e-09  1.80000000e+00  5.88250000e-09  0.00000000e+00  5.88250000e-09  1.79999992e+00  5.88250000e-09  1.72327161e+00 
 5.88750000e-09  1.80000000e+00  5.88750000e-09  0.00000000e+00  5.88750000e-09  1.79999992e+00  5.88750000e-09  1.72284084e+00 
 5.89250000e-09  1.80000000e+00  5.89250000e-09  0.00000000e+00  5.89250000e-09  1.79999992e+00  5.89250000e-09  1.72241018e+00 
 5.89750000e-09  1.80000000e+00  5.89750000e-09  0.00000000e+00  5.89750000e-09  1.79999992e+00  5.89750000e-09  1.72197963e+00 
 5.90250000e-09  1.80000000e+00  5.90250000e-09  0.00000000e+00  5.90250000e-09  1.79999992e+00  5.90250000e-09  1.72154919e+00 
 5.90750000e-09  1.80000000e+00  5.90750000e-09  0.00000000e+00  5.90750000e-09  1.79999992e+00  5.90750000e-09  1.72111886e+00 
 5.91250000e-09  1.80000000e+00  5.91250000e-09  0.00000000e+00  5.91250000e-09  1.79999992e+00  5.91250000e-09  1.72068863e+00 
 5.91750000e-09  1.80000000e+00  5.91750000e-09  0.00000000e+00  5.91750000e-09  1.79999992e+00  5.91750000e-09  1.72025851e+00 
 5.92250000e-09  1.80000000e+00  5.92250000e-09  0.00000000e+00  5.92250000e-09  1.79999992e+00  5.92250000e-09  1.71982850e+00 
 5.92750000e-09  1.80000000e+00  5.92750000e-09  0.00000000e+00  5.92750000e-09  1.79999992e+00  5.92750000e-09  1.71939860e+00 
 5.93250000e-09  1.80000000e+00  5.93250000e-09  0.00000000e+00  5.93250000e-09  1.79999992e+00  5.93250000e-09  1.71896880e+00 
 5.93750000e-09  1.80000000e+00  5.93750000e-09  0.00000000e+00  5.93750000e-09  1.79999992e+00  5.93750000e-09  1.71853911e+00 
 5.94250000e-09  1.80000000e+00  5.94250000e-09  0.00000000e+00  5.94250000e-09  1.79999992e+00  5.94250000e-09  1.71810953e+00 
 5.94750000e-09  1.80000000e+00  5.94750000e-09  0.00000000e+00  5.94750000e-09  1.79999992e+00  5.94750000e-09  1.71768006e+00 
 5.95250000e-09  1.80000000e+00  5.95250000e-09  0.00000000e+00  5.95250000e-09  1.79999991e+00  5.95250000e-09  1.71725069e+00 
 5.95750000e-09  1.80000000e+00  5.95750000e-09  0.00000000e+00  5.95750000e-09  1.79999991e+00  5.95750000e-09  1.71682143e+00 
 5.96250000e-09  1.80000000e+00  5.96250000e-09  0.00000000e+00  5.96250000e-09  1.79999991e+00  5.96250000e-09  1.71639228e+00 
 5.96750000e-09  1.80000000e+00  5.96750000e-09  0.00000000e+00  5.96750000e-09  1.79999991e+00  5.96750000e-09  1.71596324e+00 
 5.97250000e-09  1.80000000e+00  5.97250000e-09  0.00000000e+00  5.97250000e-09  1.79999991e+00  5.97250000e-09  1.71553430e+00 
 5.97750000e-09  1.80000000e+00  5.97750000e-09  0.00000000e+00  5.97750000e-09  1.79999991e+00  5.97750000e-09  1.71510547e+00 
 5.98250000e-09  1.80000000e+00  5.98250000e-09  0.00000000e+00  5.98250000e-09  1.79999991e+00  5.98250000e-09  1.71467674e+00 
 5.98750000e-09  1.80000000e+00  5.98750000e-09  0.00000000e+00  5.98750000e-09  1.79999991e+00  5.98750000e-09  1.71424813e+00 
 5.99250000e-09  1.80000000e+00  5.99250000e-09  0.00000000e+00  5.99250000e-09  1.79999991e+00  5.99250000e-09  1.71381962e+00 
 5.99750000e-09  1.80000000e+00  5.99750000e-09  0.00000000e+00  5.99750000e-09  1.79999991e+00  5.99750000e-09  1.71339122e+00 
 6.00250000e-09  1.80000000e+00  6.00250000e-09  0.00000000e+00  6.00250000e-09  1.79999991e+00  6.00250000e-09  1.71296292e+00 
 6.00750000e-09  1.80000000e+00  6.00750000e-09  0.00000000e+00  6.00750000e-09  1.79999991e+00  6.00750000e-09  1.71253473e+00 
 6.01250000e-09  1.80000000e+00  6.01250000e-09  0.00000000e+00  6.01250000e-09  1.79999991e+00  6.01250000e-09  1.71210665e+00 
 6.01750000e-09  1.80000000e+00  6.01750000e-09  0.00000000e+00  6.01750000e-09  1.79999991e+00  6.01750000e-09  1.71167868e+00 
 6.02250000e-09  1.80000000e+00  6.02250000e-09  0.00000000e+00  6.02250000e-09  1.79999991e+00  6.02250000e-09  1.71125081e+00 
 6.02750000e-09  1.80000000e+00  6.02750000e-09  0.00000000e+00  6.02750000e-09  1.79999991e+00  6.02750000e-09  1.71082305e+00 
 6.03250000e-09  1.80000000e+00  6.03250000e-09  0.00000000e+00  6.03250000e-09  1.79999991e+00  6.03250000e-09  1.71039540e+00 
 6.03750000e-09  1.80000000e+00  6.03750000e-09  0.00000000e+00  6.03750000e-09  1.79999991e+00  6.03750000e-09  1.70996786e+00 
 6.04250000e-09  1.80000000e+00  6.04250000e-09  0.00000000e+00  6.04250000e-09  1.79999991e+00  6.04250000e-09  1.70954042e+00 
 6.04750000e-09  1.80000000e+00  6.04750000e-09  0.00000000e+00  6.04750000e-09  1.79999991e+00  6.04750000e-09  1.70911309e+00 
 6.05250000e-09  1.80000000e+00  6.05250000e-09  0.00000000e+00  6.05250000e-09  1.79999991e+00  6.05250000e-09  1.70868586e+00 
 6.05750000e-09  1.80000000e+00  6.05750000e-09  0.00000000e+00  6.05750000e-09  1.79999991e+00  6.05750000e-09  1.70825874e+00 
 6.06250000e-09  1.80000000e+00  6.06250000e-09  0.00000000e+00  6.06250000e-09  1.79999991e+00  6.06250000e-09  1.70783173e+00 
 6.06750000e-09  1.80000000e+00  6.06750000e-09  0.00000000e+00  6.06750000e-09  1.79999990e+00  6.06750000e-09  1.70740482e+00 
 6.07250000e-09  1.80000000e+00  6.07250000e-09  0.00000000e+00  6.07250000e-09  1.79999990e+00  6.07250000e-09  1.70697803e+00 
 6.07750000e-09  1.80000000e+00  6.07750000e-09  0.00000000e+00  6.07750000e-09  1.79999990e+00  6.07750000e-09  1.70655133e+00 
 6.08250000e-09  1.80000000e+00  6.08250000e-09  0.00000000e+00  6.08250000e-09  1.79999990e+00  6.08250000e-09  1.70612475e+00 
 6.08750000e-09  1.80000000e+00  6.08750000e-09  0.00000000e+00  6.08750000e-09  1.79999990e+00  6.08750000e-09  1.70569827e+00 
 6.09250000e-09  1.80000000e+00  6.09250000e-09  0.00000000e+00  6.09250000e-09  1.79999990e+00  6.09250000e-09  1.70527190e+00 
 6.09750000e-09  1.80000000e+00  6.09750000e-09  0.00000000e+00  6.09750000e-09  1.79999990e+00  6.09750000e-09  1.70484563e+00 
 6.10250000e-09  1.80000000e+00  6.10250000e-09  0.00000000e+00  6.10250000e-09  1.79999990e+00  6.10250000e-09  1.70441948e+00 
 6.10750000e-09  1.80000000e+00  6.10750000e-09  0.00000000e+00  6.10750000e-09  1.79999990e+00  6.10750000e-09  1.70399342e+00 
 6.11250000e-09  1.80000000e+00  6.11250000e-09  0.00000000e+00  6.11250000e-09  1.79999990e+00  6.11250000e-09  1.70356748e+00 
 6.11750000e-09  1.80000000e+00  6.11750000e-09  0.00000000e+00  6.11750000e-09  1.79999990e+00  6.11750000e-09  1.70314164e+00 
 6.12250000e-09  1.80000000e+00  6.12250000e-09  0.00000000e+00  6.12250000e-09  1.79999990e+00  6.12250000e-09  1.70271591e+00 
 6.12750000e-09  1.80000000e+00  6.12750000e-09  0.00000000e+00  6.12750000e-09  1.79999990e+00  6.12750000e-09  1.70229028e+00 
 6.13250000e-09  1.80000000e+00  6.13250000e-09  0.00000000e+00  6.13250000e-09  1.79999990e+00  6.13250000e-09  1.70186476e+00 
 6.13750000e-09  1.80000000e+00  6.13750000e-09  0.00000000e+00  6.13750000e-09  1.79999990e+00  6.13750000e-09  1.70143935e+00 
 6.14250000e-09  1.80000000e+00  6.14250000e-09  0.00000000e+00  6.14250000e-09  1.79999990e+00  6.14250000e-09  1.70101404e+00 
 6.14750000e-09  1.80000000e+00  6.14750000e-09  0.00000000e+00  6.14750000e-09  1.79999990e+00  6.14750000e-09  1.70058884e+00 
 6.15250000e-09  1.80000000e+00  6.15250000e-09  0.00000000e+00  6.15250000e-09  1.79999990e+00  6.15250000e-09  1.70016375e+00 
 6.15750000e-09  1.80000000e+00  6.15750000e-09  0.00000000e+00  6.15750000e-09  1.79999990e+00  6.15750000e-09  1.69973876e+00 
 6.16250000e-09  1.80000000e+00  6.16250000e-09  0.00000000e+00  6.16250000e-09  1.79999990e+00  6.16250000e-09  1.69931388e+00 
 6.16750000e-09  1.80000000e+00  6.16750000e-09  0.00000000e+00  6.16750000e-09  1.79999990e+00  6.16750000e-09  1.69888910e+00 
 6.17250000e-09  1.80000000e+00  6.17250000e-09  0.00000000e+00  6.17250000e-09  1.79999990e+00  6.17250000e-09  1.69846443e+00 
 6.17750000e-09  1.80000000e+00  6.17750000e-09  0.00000000e+00  6.17750000e-09  1.79999989e+00  6.17750000e-09  1.69803987e+00 
 6.18250000e-09  1.80000000e+00  6.18250000e-09  0.00000000e+00  6.18250000e-09  1.79999989e+00  6.18250000e-09  1.69761541e+00 
 6.18750000e-09  1.80000000e+00  6.18750000e-09  0.00000000e+00  6.18750000e-09  1.79999989e+00  6.18750000e-09  1.69719106e+00 
 6.19250000e-09  1.80000000e+00  6.19250000e-09  0.00000000e+00  6.19250000e-09  1.79999989e+00  6.19250000e-09  1.69676681e+00 
 6.19750000e-09  1.80000000e+00  6.19750000e-09  0.00000000e+00  6.19750000e-09  1.79999989e+00  6.19750000e-09  1.69634267e+00 
 6.20250000e-09  1.80000000e+00  6.20250000e-09  0.00000000e+00  6.20250000e-09  1.79999989e+00  6.20250000e-09  1.69591864e+00 
 6.20750000e-09  1.80000000e+00  6.20750000e-09  0.00000000e+00  6.20750000e-09  1.79999989e+00  6.20750000e-09  1.69549471e+00 
 6.21250000e-09  1.80000000e+00  6.21250000e-09  0.00000000e+00  6.21250000e-09  1.79999989e+00  6.21250000e-09  1.69507089e+00 
 6.21750000e-09  1.80000000e+00  6.21750000e-09  0.00000000e+00  6.21750000e-09  1.79999989e+00  6.21750000e-09  1.69464718e+00 
 6.22250000e-09  1.80000000e+00  6.22250000e-09  0.00000000e+00  6.22250000e-09  1.79999989e+00  6.22250000e-09  1.69422357e+00 
 6.22750000e-09  1.80000000e+00  6.22750000e-09  0.00000000e+00  6.22750000e-09  1.79999989e+00  6.22750000e-09  1.69380006e+00 
 6.23250000e-09  1.80000000e+00  6.23250000e-09  0.00000000e+00  6.23250000e-09  1.79999989e+00  6.23250000e-09  1.69337667e+00 
 6.23750000e-09  1.80000000e+00  6.23750000e-09  0.00000000e+00  6.23750000e-09  1.79999989e+00  6.23750000e-09  1.69295338e+00 
 6.24250000e-09  1.80000000e+00  6.24250000e-09  0.00000000e+00  6.24250000e-09  1.79999989e+00  6.24250000e-09  1.69253019e+00 
 6.24750000e-09  1.80000000e+00  6.24750000e-09  0.00000000e+00  6.24750000e-09  1.79999989e+00  6.24750000e-09  1.69210711e+00 
 6.25250000e-09  1.80000000e+00  6.25250000e-09  0.00000000e+00  6.25250000e-09  1.79999989e+00  6.25250000e-09  1.69168414e+00 
 6.25750000e-09  1.80000000e+00  6.25750000e-09  0.00000000e+00  6.25750000e-09  1.79999989e+00  6.25750000e-09  1.69126127e+00 
 6.26250000e-09  1.80000000e+00  6.26250000e-09  0.00000000e+00  6.26250000e-09  1.79999989e+00  6.26250000e-09  1.69083850e+00 
 6.26750000e-09  1.80000000e+00  6.26750000e-09  0.00000000e+00  6.26750000e-09  1.79999989e+00  6.26750000e-09  1.69041585e+00 
 6.27250000e-09  1.80000000e+00  6.27250000e-09  0.00000000e+00  6.27250000e-09  1.79999989e+00  6.27250000e-09  1.68999330e+00 
 6.27750000e-09  1.80000000e+00  6.27750000e-09  0.00000000e+00  6.27750000e-09  1.79999989e+00  6.27750000e-09  1.68957085e+00 
 6.28250000e-09  1.80000000e+00  6.28250000e-09  0.00000000e+00  6.28250000e-09  1.79999989e+00  6.28250000e-09  1.68914851e+00 
 6.28750000e-09  1.80000000e+00  6.28750000e-09  0.00000000e+00  6.28750000e-09  1.79999988e+00  6.28750000e-09  1.68872627e+00 
 6.29250000e-09  1.80000000e+00  6.29250000e-09  0.00000000e+00  6.29250000e-09  1.79999988e+00  6.29250000e-09  1.68830415e+00 
 6.29750000e-09  1.80000000e+00  6.29750000e-09  0.00000000e+00  6.29750000e-09  1.79999988e+00  6.29750000e-09  1.68788212e+00 
 6.30250000e-09  1.80000000e+00  6.30250000e-09  0.00000000e+00  6.30250000e-09  1.79999988e+00  6.30250000e-09  1.68746020e+00 
 6.30750000e-09  1.80000000e+00  6.30750000e-09  0.00000000e+00  6.30750000e-09  1.79999988e+00  6.30750000e-09  1.68703839e+00 
 6.31250000e-09  1.80000000e+00  6.31250000e-09  0.00000000e+00  6.31250000e-09  1.79999988e+00  6.31250000e-09  1.68661668e+00 
 6.31750000e-09  1.80000000e+00  6.31750000e-09  0.00000000e+00  6.31750000e-09  1.79999988e+00  6.31750000e-09  1.68619508e+00 
 6.32250000e-09  1.80000000e+00  6.32250000e-09  0.00000000e+00  6.32250000e-09  1.79999988e+00  6.32250000e-09  1.68577358e+00 
 6.32750000e-09  1.80000000e+00  6.32750000e-09  0.00000000e+00  6.32750000e-09  1.79999988e+00  6.32750000e-09  1.68535219e+00 
 6.33250000e-09  1.80000000e+00  6.33250000e-09  0.00000000e+00  6.33250000e-09  1.79999988e+00  6.33250000e-09  1.68493091e+00 
 6.33750000e-09  1.80000000e+00  6.33750000e-09  0.00000000e+00  6.33750000e-09  1.79999988e+00  6.33750000e-09  1.68450973e+00 
 6.34250000e-09  1.80000000e+00  6.34250000e-09  0.00000000e+00  6.34250000e-09  1.79999988e+00  6.34250000e-09  1.68408865e+00 
 6.34750000e-09  1.80000000e+00  6.34750000e-09  0.00000000e+00  6.34750000e-09  1.79999988e+00  6.34750000e-09  1.68366768e+00 
 6.35250000e-09  1.80000000e+00  6.35250000e-09  0.00000000e+00  6.35250000e-09  1.79999988e+00  6.35250000e-09  1.68324682e+00 
 6.35750000e-09  1.80000000e+00  6.35750000e-09  0.00000000e+00  6.35750000e-09  1.79999988e+00  6.35750000e-09  1.68282606e+00 
 6.36250000e-09  1.80000000e+00  6.36250000e-09  0.00000000e+00  6.36250000e-09  1.79999988e+00  6.36250000e-09  1.68240540e+00 
 6.36750000e-09  1.80000000e+00  6.36750000e-09  0.00000000e+00  6.36750000e-09  1.79999988e+00  6.36750000e-09  1.68198485e+00 
 6.37250000e-09  1.80000000e+00  6.37250000e-09  0.00000000e+00  6.37250000e-09  1.79999988e+00  6.37250000e-09  1.68156441e+00 
 6.37750000e-09  1.80000000e+00  6.37750000e-09  0.00000000e+00  6.37750000e-09  1.79999988e+00  6.37750000e-09  1.68114407e+00 
 6.38250000e-09  1.80000000e+00  6.38250000e-09  0.00000000e+00  6.38250000e-09  1.79999988e+00  6.38250000e-09  1.68072384e+00 
 6.38750000e-09  1.80000000e+00  6.38750000e-09  0.00000000e+00  6.38750000e-09  1.79999988e+00  6.38750000e-09  1.68030371e+00 
 6.39250000e-09  1.80000000e+00  6.39250000e-09  0.00000000e+00  6.39250000e-09  1.79999988e+00  6.39250000e-09  1.67988369e+00 
 6.39750000e-09  1.80000000e+00  6.39750000e-09  0.00000000e+00  6.39750000e-09  1.79999987e+00  6.39750000e-09  1.67946377e+00 
 6.40250000e-09  1.80000000e+00  6.40250000e-09  0.00000000e+00  6.40250000e-09  1.79999987e+00  6.40250000e-09  1.67904395e+00 
 6.40750000e-09  1.80000000e+00  6.40750000e-09  0.00000000e+00  6.40750000e-09  1.79999987e+00  6.40750000e-09  1.67862424e+00 
 6.41250000e-09  1.80000000e+00  6.41250000e-09  0.00000000e+00  6.41250000e-09  1.79999987e+00  6.41250000e-09  1.67820464e+00 
 6.41750000e-09  1.80000000e+00  6.41750000e-09  0.00000000e+00  6.41750000e-09  1.79999987e+00  6.41750000e-09  1.67778514e+00 
 6.42250000e-09  1.80000000e+00  6.42250000e-09  0.00000000e+00  6.42250000e-09  1.79999987e+00  6.42250000e-09  1.67736575e+00 
 6.42750000e-09  1.80000000e+00  6.42750000e-09  0.00000000e+00  6.42750000e-09  1.79999987e+00  6.42750000e-09  1.67694646e+00 
 6.43250000e-09  1.80000000e+00  6.43250000e-09  0.00000000e+00  6.43250000e-09  1.79999987e+00  6.43250000e-09  1.67652727e+00 
 6.43750000e-09  1.80000000e+00  6.43750000e-09  0.00000000e+00  6.43750000e-09  1.79999987e+00  6.43750000e-09  1.67610819e+00 
 6.44250000e-09  1.80000000e+00  6.44250000e-09  0.00000000e+00  6.44250000e-09  1.79999987e+00  6.44250000e-09  1.67568922e+00 
 6.44750000e-09  1.80000000e+00  6.44750000e-09  0.00000000e+00  6.44750000e-09  1.79999987e+00  6.44750000e-09  1.67527035e+00 
 6.45250000e-09  1.80000000e+00  6.45250000e-09  0.00000000e+00  6.45250000e-09  1.79999987e+00  6.45250000e-09  1.67485158e+00 
 6.45750000e-09  1.80000000e+00  6.45750000e-09  0.00000000e+00  6.45750000e-09  1.79999987e+00  6.45750000e-09  1.67443292e+00 
 6.46250000e-09  1.80000000e+00  6.46250000e-09  0.00000000e+00  6.46250000e-09  1.79999987e+00  6.46250000e-09  1.67401436e+00 
 6.46750000e-09  1.80000000e+00  6.46750000e-09  0.00000000e+00  6.46750000e-09  1.79999987e+00  6.46750000e-09  1.67359591e+00 
 6.47250000e-09  1.80000000e+00  6.47250000e-09  0.00000000e+00  6.47250000e-09  1.79999987e+00  6.47250000e-09  1.67317757e+00 
 6.47750000e-09  1.80000000e+00  6.47750000e-09  0.00000000e+00  6.47750000e-09  1.79999987e+00  6.47750000e-09  1.67275932e+00 
 6.48250000e-09  1.80000000e+00  6.48250000e-09  0.00000000e+00  6.48250000e-09  1.79999987e+00  6.48250000e-09  1.67234118e+00 
 6.48750000e-09  1.80000000e+00  6.48750000e-09  0.00000000e+00  6.48750000e-09  1.79999987e+00  6.48750000e-09  1.67192315e+00 
 6.49250000e-09  1.80000000e+00  6.49250000e-09  0.00000000e+00  6.49250000e-09  1.79999987e+00  6.49250000e-09  1.67150522e+00 
 6.49750000e-09  1.80000000e+00  6.49750000e-09  0.00000000e+00  6.49750000e-09  1.79999987e+00  6.49750000e-09  1.67108740e+00 
 6.50250000e-09  1.80000000e+00  6.50250000e-09  0.00000000e+00  6.50250000e-09  1.79999987e+00  6.50250000e-09  1.67066968e+00 
 6.50750000e-09  1.80000000e+00  6.50750000e-09  0.00000000e+00  6.50750000e-09  1.79999986e+00  6.50750000e-09  1.67025206e+00 
 6.51250000e-09  1.80000000e+00  6.51250000e-09  0.00000000e+00  6.51250000e-09  1.79999986e+00  6.51250000e-09  1.66983455e+00 
 6.51750000e-09  1.80000000e+00  6.51750000e-09  0.00000000e+00  6.51750000e-09  1.79999986e+00  6.51750000e-09  1.66941714e+00 
 6.52250000e-09  1.80000000e+00  6.52250000e-09  0.00000000e+00  6.52250000e-09  1.79999986e+00  6.52250000e-09  1.66899984e+00 
 6.52750000e-09  1.80000000e+00  6.52750000e-09  0.00000000e+00  6.52750000e-09  1.79999986e+00  6.52750000e-09  1.66858264e+00 
 6.53250000e-09  1.80000000e+00  6.53250000e-09  0.00000000e+00  6.53250000e-09  1.79999986e+00  6.53250000e-09  1.66816555e+00 
 6.53750000e-09  1.80000000e+00  6.53750000e-09  0.00000000e+00  6.53750000e-09  1.79999986e+00  6.53750000e-09  1.66774856e+00 
 6.54250000e-09  1.80000000e+00  6.54250000e-09  0.00000000e+00  6.54250000e-09  1.79999986e+00  6.54250000e-09  1.66733167e+00 
 6.54750000e-09  1.80000000e+00  6.54750000e-09  0.00000000e+00  6.54750000e-09  1.79999986e+00  6.54750000e-09  1.66691489e+00 
 6.55250000e-09  1.80000000e+00  6.55250000e-09  0.00000000e+00  6.55250000e-09  1.79999986e+00  6.55250000e-09  1.66649822e+00 
 6.55750000e-09  1.80000000e+00  6.55750000e-09  0.00000000e+00  6.55750000e-09  1.79999986e+00  6.55750000e-09  1.66608164e+00 
 6.56250000e-09  1.80000000e+00  6.56250000e-09  0.00000000e+00  6.56250000e-09  1.79999986e+00  6.56250000e-09  1.66566517e+00 
 6.56750000e-09  1.80000000e+00  6.56750000e-09  0.00000000e+00  6.56750000e-09  1.79999986e+00  6.56750000e-09  1.66524881e+00 
 6.57250000e-09  1.80000000e+00  6.57250000e-09  0.00000000e+00  6.57250000e-09  1.79999986e+00  6.57250000e-09  1.66483255e+00 
 6.57750000e-09  1.80000000e+00  6.57750000e-09  0.00000000e+00  6.57750000e-09  1.79999986e+00  6.57750000e-09  1.66441639e+00 
 6.58250000e-09  1.80000000e+00  6.58250000e-09  0.00000000e+00  6.58250000e-09  1.79999986e+00  6.58250000e-09  1.66400034e+00 
 6.58750000e-09  1.80000000e+00  6.58750000e-09  0.00000000e+00  6.58750000e-09  1.79999986e+00  6.58750000e-09  1.66358439e+00 
 6.59250000e-09  1.80000000e+00  6.59250000e-09  0.00000000e+00  6.59250000e-09  1.79999986e+00  6.59250000e-09  1.66316855e+00 
 6.59750000e-09  1.80000000e+00  6.59750000e-09  0.00000000e+00  6.59750000e-09  1.79999986e+00  6.59750000e-09  1.66275281e+00 
 6.60250000e-09  1.80000000e+00  6.60250000e-09  0.00000000e+00  6.60250000e-09  1.79999986e+00  6.60250000e-09  1.66233717e+00 
 6.60750000e-09  1.80000000e+00  6.60750000e-09  0.00000000e+00  6.60750000e-09  1.79999986e+00  6.60750000e-09  1.66192164e+00 
 6.61250000e-09  1.80000000e+00  6.61250000e-09  0.00000000e+00  6.61250000e-09  1.79999986e+00  6.61250000e-09  1.66150621e+00 
 6.61750000e-09  1.80000000e+00  6.61750000e-09  0.00000000e+00  6.61750000e-09  1.79999985e+00  6.61750000e-09  1.66109088e+00 
 6.62250000e-09  1.80000000e+00  6.62250000e-09  0.00000000e+00  6.62250000e-09  1.79999985e+00  6.62250000e-09  1.66067566e+00 
 6.62750000e-09  1.80000000e+00  6.62750000e-09  0.00000000e+00  6.62750000e-09  1.79999985e+00  6.62750000e-09  1.66026055e+00 
 6.63250000e-09  1.80000000e+00  6.63250000e-09  0.00000000e+00  6.63250000e-09  1.79999985e+00  6.63250000e-09  1.65984553e+00 
 6.63750000e-09  1.80000000e+00  6.63750000e-09  0.00000000e+00  6.63750000e-09  1.79999985e+00  6.63750000e-09  1.65943062e+00 
 6.64250000e-09  1.80000000e+00  6.64250000e-09  0.00000000e+00  6.64250000e-09  1.79999985e+00  6.64250000e-09  1.65901582e+00 
 6.64750000e-09  1.80000000e+00  6.64750000e-09  0.00000000e+00  6.64750000e-09  1.79999985e+00  6.64750000e-09  1.65860111e+00 
 6.65250000e-09  1.80000000e+00  6.65250000e-09  0.00000000e+00  6.65250000e-09  1.79999985e+00  6.65250000e-09  1.65818651e+00 
 6.65750000e-09  1.80000000e+00  6.65750000e-09  0.00000000e+00  6.65750000e-09  1.79999985e+00  6.65750000e-09  1.65777202e+00 
 6.66250000e-09  1.80000000e+00  6.66250000e-09  0.00000000e+00  6.66250000e-09  1.79999985e+00  6.66250000e-09  1.65735763e+00 
 6.66750000e-09  1.80000000e+00  6.66750000e-09  0.00000000e+00  6.66750000e-09  1.79999985e+00  6.66750000e-09  1.65694334e+00 
 6.67250000e-09  1.80000000e+00  6.67250000e-09  0.00000000e+00  6.67250000e-09  1.79999985e+00  6.67250000e-09  1.65652916e+00 
 6.67750000e-09  1.80000000e+00  6.67750000e-09  0.00000000e+00  6.67750000e-09  1.79999985e+00  6.67750000e-09  1.65611507e+00 
 6.68250000e-09  1.80000000e+00  6.68250000e-09  0.00000000e+00  6.68250000e-09  1.79999985e+00  6.68250000e-09  1.65570110e+00 
 6.68750000e-09  1.80000000e+00  6.68750000e-09  0.00000000e+00  6.68750000e-09  1.79999985e+00  6.68750000e-09  1.65528722e+00 
 6.69250000e-09  1.80000000e+00  6.69250000e-09  0.00000000e+00  6.69250000e-09  1.79999985e+00  6.69250000e-09  1.65487345e+00 
 6.69750000e-09  1.80000000e+00  6.69750000e-09  0.00000000e+00  6.69750000e-09  1.79999985e+00  6.69750000e-09  1.65445979e+00 
 6.70250000e-09  1.80000000e+00  6.70250000e-09  0.00000000e+00  6.70250000e-09  1.79999985e+00  6.70250000e-09  1.65404622e+00 
 6.70750000e-09  1.80000000e+00  6.70750000e-09  0.00000000e+00  6.70750000e-09  1.79999985e+00  6.70750000e-09  1.65363276e+00 
 6.71250000e-09  1.80000000e+00  6.71250000e-09  0.00000000e+00  6.71250000e-09  1.79999985e+00  6.71250000e-09  1.65321940e+00 
 6.71750000e-09  1.80000000e+00  6.71750000e-09  0.00000000e+00  6.71750000e-09  1.79999985e+00  6.71750000e-09  1.65280615e+00 
 6.72250000e-09  1.80000000e+00  6.72250000e-09  0.00000000e+00  6.72250000e-09  1.79999985e+00  6.72250000e-09  1.65239300e+00 
 6.72750000e-09  1.80000000e+00  6.72750000e-09  0.00000000e+00  6.72750000e-09  1.79999984e+00  6.72750000e-09  1.65197995e+00 
 6.73250000e-09  1.80000000e+00  6.73250000e-09  0.00000000e+00  6.73250000e-09  1.79999984e+00  6.73250000e-09  1.65156701e+00 
 6.73750000e-09  1.80000000e+00  6.73750000e-09  0.00000000e+00  6.73750000e-09  1.79999984e+00  6.73750000e-09  1.65115417e+00 
 6.74250000e-09  1.80000000e+00  6.74250000e-09  0.00000000e+00  6.74250000e-09  1.79999984e+00  6.74250000e-09  1.65074143e+00 
 6.74750000e-09  1.80000000e+00  6.74750000e-09  0.00000000e+00  6.74750000e-09  1.79999984e+00  6.74750000e-09  1.65032880e+00 
 6.75250000e-09  1.80000000e+00  6.75250000e-09  0.00000000e+00  6.75250000e-09  1.79999984e+00  6.75250000e-09  1.64991627e+00 
 6.75750000e-09  1.80000000e+00  6.75750000e-09  0.00000000e+00  6.75750000e-09  1.79999984e+00  6.75750000e-09  1.64950384e+00 
 6.76250000e-09  1.80000000e+00  6.76250000e-09  0.00000000e+00  6.76250000e-09  1.79999984e+00  6.76250000e-09  1.64909151e+00 
 6.76750000e-09  1.80000000e+00  6.76750000e-09  0.00000000e+00  6.76750000e-09  1.79999984e+00  6.76750000e-09  1.64867929e+00 
 6.77250000e-09  1.80000000e+00  6.77250000e-09  0.00000000e+00  6.77250000e-09  1.79999984e+00  6.77250000e-09  1.64826717e+00 
 6.77750000e-09  1.80000000e+00  6.77750000e-09  0.00000000e+00  6.77750000e-09  1.79999984e+00  6.77750000e-09  1.64785516e+00 
 6.78250000e-09  1.80000000e+00  6.78250000e-09  0.00000000e+00  6.78250000e-09  1.79999984e+00  6.78250000e-09  1.64744325e+00 
 6.78750000e-09  1.80000000e+00  6.78750000e-09  0.00000000e+00  6.78750000e-09  1.79999984e+00  6.78750000e-09  1.64703144e+00 
 6.79250000e-09  1.80000000e+00  6.79250000e-09  0.00000000e+00  6.79250000e-09  1.79999984e+00  6.79250000e-09  1.64661973e+00 
 6.79750000e-09  1.80000000e+00  6.79750000e-09  0.00000000e+00  6.79750000e-09  1.79999984e+00  6.79750000e-09  1.64620813e+00 
 6.80250000e-09  1.80000000e+00  6.80250000e-09  0.00000000e+00  6.80250000e-09  1.79999984e+00  6.80250000e-09  1.64579662e+00 
 6.80750000e-09  1.80000000e+00  6.80750000e-09  0.00000000e+00  6.80750000e-09  1.79999984e+00  6.80750000e-09  1.64538523e+00 
 6.81250000e-09  1.80000000e+00  6.81250000e-09  0.00000000e+00  6.81250000e-09  1.79999984e+00  6.81250000e-09  1.64497393e+00 
 6.81750000e-09  1.80000000e+00  6.81750000e-09  0.00000000e+00  6.81750000e-09  1.79999984e+00  6.81750000e-09  1.64456274e+00 
 6.82250000e-09  1.80000000e+00  6.82250000e-09  0.00000000e+00  6.82250000e-09  1.79999984e+00  6.82250000e-09  1.64415165e+00 
 6.82750000e-09  1.80000000e+00  6.82750000e-09  0.00000000e+00  6.82750000e-09  1.79999984e+00  6.82750000e-09  1.64374066e+00 
 6.83250000e-09  1.80000000e+00  6.83250000e-09  0.00000000e+00  6.83250000e-09  1.79999984e+00  6.83250000e-09  1.64332978e+00 
 6.83750000e-09  1.80000000e+00  6.83750000e-09  0.00000000e+00  6.83750000e-09  1.79999983e+00  6.83750000e-09  1.64291900e+00 
 6.84250000e-09  1.80000000e+00  6.84250000e-09  0.00000000e+00  6.84250000e-09  1.79999983e+00  6.84250000e-09  1.64250832e+00 
 6.84750000e-09  1.80000000e+00  6.84750000e-09  0.00000000e+00  6.84750000e-09  1.79999983e+00  6.84750000e-09  1.64209774e+00 
 6.85250000e-09  1.80000000e+00  6.85250000e-09  0.00000000e+00  6.85250000e-09  1.79999983e+00  6.85250000e-09  1.64168727e+00 
 6.85750000e-09  1.80000000e+00  6.85750000e-09  0.00000000e+00  6.85750000e-09  1.79999983e+00  6.85750000e-09  1.64127690e+00 
 6.86250000e-09  1.80000000e+00  6.86250000e-09  0.00000000e+00  6.86250000e-09  1.79999983e+00  6.86250000e-09  1.64086663e+00 
 6.86750000e-09  1.80000000e+00  6.86750000e-09  0.00000000e+00  6.86750000e-09  1.79999983e+00  6.86750000e-09  1.64045646e+00 
 6.87250000e-09  1.80000000e+00  6.87250000e-09  0.00000000e+00  6.87250000e-09  1.79999983e+00  6.87250000e-09  1.64004640e+00 
 6.87750000e-09  1.80000000e+00  6.87750000e-09  0.00000000e+00  6.87750000e-09  1.79999983e+00  6.87750000e-09  1.63963644e+00 
 6.88250000e-09  1.80000000e+00  6.88250000e-09  0.00000000e+00  6.88250000e-09  1.79999983e+00  6.88250000e-09  1.63922658e+00 
 6.88750000e-09  1.80000000e+00  6.88750000e-09  0.00000000e+00  6.88750000e-09  1.79999983e+00  6.88750000e-09  1.63881682e+00 
 6.89250000e-09  1.80000000e+00  6.89250000e-09  0.00000000e+00  6.89250000e-09  1.79999983e+00  6.89250000e-09  1.63840717e+00 
 6.89750000e-09  1.80000000e+00  6.89750000e-09  0.00000000e+00  6.89750000e-09  1.79999983e+00  6.89750000e-09  1.63799762e+00 
 6.90250000e-09  1.80000000e+00  6.90250000e-09  0.00000000e+00  6.90250000e-09  1.79999983e+00  6.90250000e-09  1.63758817e+00 
 6.90750000e-09  1.80000000e+00  6.90750000e-09  0.00000000e+00  6.90750000e-09  1.79999983e+00  6.90750000e-09  1.63717883e+00 
 6.91250000e-09  1.80000000e+00  6.91250000e-09  0.00000000e+00  6.91250000e-09  1.79999983e+00  6.91250000e-09  1.63676958e+00 
 6.91750000e-09  1.80000000e+00  6.91750000e-09  0.00000000e+00  6.91750000e-09  1.79999983e+00  6.91750000e-09  1.63636044e+00 
 6.92250000e-09  1.80000000e+00  6.92250000e-09  0.00000000e+00  6.92250000e-09  1.79999983e+00  6.92250000e-09  1.63595140e+00 
 6.92750000e-09  1.80000000e+00  6.92750000e-09  0.00000000e+00  6.92750000e-09  1.79999983e+00  6.92750000e-09  1.63554246e+00 
 6.93250000e-09  1.80000000e+00  6.93250000e-09  0.00000000e+00  6.93250000e-09  1.79999983e+00  6.93250000e-09  1.63513363e+00 
 6.93750000e-09  1.80000000e+00  6.93750000e-09  0.00000000e+00  6.93750000e-09  1.79999983e+00  6.93750000e-09  1.63472490e+00 
 6.94250000e-09  1.80000000e+00  6.94250000e-09  0.00000000e+00  6.94250000e-09  1.79999983e+00  6.94250000e-09  1.63431627e+00 
 6.94750000e-09  1.80000000e+00  6.94750000e-09  0.00000000e+00  6.94750000e-09  1.79999983e+00  6.94750000e-09  1.63390774e+00 
 6.95250000e-09  1.80000000e+00  6.95250000e-09  0.00000000e+00  6.95250000e-09  1.79999982e+00  6.95250000e-09  1.63349931e+00 
 6.95750000e-09  1.80000000e+00  6.95750000e-09  0.00000000e+00  6.95750000e-09  1.79999982e+00  6.95750000e-09  1.63309099e+00 
 6.96250000e-09  1.80000000e+00  6.96250000e-09  0.00000000e+00  6.96250000e-09  1.79999982e+00  6.96250000e-09  1.63268276e+00 
 6.96750000e-09  1.80000000e+00  6.96750000e-09  0.00000000e+00  6.96750000e-09  1.79999982e+00  6.96750000e-09  1.63227464e+00 
 6.97250000e-09  1.80000000e+00  6.97250000e-09  0.00000000e+00  6.97250000e-09  1.79999982e+00  6.97250000e-09  1.63186663e+00 
 6.97750000e-09  1.80000000e+00  6.97750000e-09  0.00000000e+00  6.97750000e-09  1.79999982e+00  6.97750000e-09  1.63145871e+00 
 6.98250000e-09  1.80000000e+00  6.98250000e-09  0.00000000e+00  6.98250000e-09  1.79999982e+00  6.98250000e-09  1.63105090e+00 
 6.98750000e-09  1.80000000e+00  6.98750000e-09  0.00000000e+00  6.98750000e-09  1.79999982e+00  6.98750000e-09  1.63064318e+00 
 6.99250000e-09  1.80000000e+00  6.99250000e-09  0.00000000e+00  6.99250000e-09  1.79999982e+00  6.99250000e-09  1.63023557e+00 
 6.99750000e-09  1.80000000e+00  6.99750000e-09  0.00000000e+00  6.99750000e-09  1.79999982e+00  6.99750000e-09  1.62982807e+00 
 7.00250000e-09  1.80000000e+00  7.00250000e-09  0.00000000e+00  7.00250000e-09  1.79999982e+00  7.00250000e-09  1.62942066e+00 
 7.00750000e-09  1.80000000e+00  7.00750000e-09  0.00000000e+00  7.00750000e-09  1.79999982e+00  7.00750000e-09  1.62901335e+00 
 7.01250000e-09  1.80000000e+00  7.01250000e-09  0.00000000e+00  7.01250000e-09  1.79999982e+00  7.01250000e-09  1.62860615e+00 
 7.01750000e-09  1.80000000e+00  7.01750000e-09  0.00000000e+00  7.01750000e-09  1.79999982e+00  7.01750000e-09  1.62819905e+00 
 7.02250000e-09  1.80000000e+00  7.02250000e-09  0.00000000e+00  7.02250000e-09  1.79999982e+00  7.02250000e-09  1.62779205e+00 
 7.02750000e-09  1.80000000e+00  7.02750000e-09  0.00000000e+00  7.02750000e-09  1.79999982e+00  7.02750000e-09  1.62738515e+00 
 7.03250000e-09  1.80000000e+00  7.03250000e-09  0.00000000e+00  7.03250000e-09  1.79999982e+00  7.03250000e-09  1.62697836e+00 
 7.03750000e-09  1.80000000e+00  7.03750000e-09  0.00000000e+00  7.03750000e-09  1.79999982e+00  7.03750000e-09  1.62657166e+00 
 7.04250000e-09  1.80000000e+00  7.04250000e-09  0.00000000e+00  7.04250000e-09  1.79999982e+00  7.04250000e-09  1.62616507e+00 
 7.04750000e-09  1.80000000e+00  7.04750000e-09  0.00000000e+00  7.04750000e-09  1.79999982e+00  7.04750000e-09  1.62575858e+00 
 7.05250000e-09  1.80000000e+00  7.05250000e-09  0.00000000e+00  7.05250000e-09  1.79999982e+00  7.05250000e-09  1.62535219e+00 
 7.05750000e-09  1.80000000e+00  7.05750000e-09  0.00000000e+00  7.05750000e-09  1.79999982e+00  7.05750000e-09  1.62494590e+00 
 7.06250000e-09  1.80000000e+00  7.06250000e-09  0.00000000e+00  7.06250000e-09  1.79999981e+00  7.06250000e-09  1.62453972e+00 
 7.06750000e-09  1.80000000e+00  7.06750000e-09  0.00000000e+00  7.06750000e-09  1.79999981e+00  7.06750000e-09  1.62413363e+00 
 7.07250000e-09  1.80000000e+00  7.07250000e-09  0.00000000e+00  7.07250000e-09  1.79999981e+00  7.07250000e-09  1.62372765e+00 
 7.07750000e-09  1.80000000e+00  7.07750000e-09  0.00000000e+00  7.07750000e-09  1.79999981e+00  7.07750000e-09  1.62332177e+00 
 7.08250000e-09  1.80000000e+00  7.08250000e-09  0.00000000e+00  7.08250000e-09  1.79999981e+00  7.08250000e-09  1.62291599e+00 
 7.08750000e-09  1.80000000e+00  7.08750000e-09  0.00000000e+00  7.08750000e-09  1.79999981e+00  7.08750000e-09  1.62251031e+00 
 7.09250000e-09  1.80000000e+00  7.09250000e-09  0.00000000e+00  7.09250000e-09  1.79999981e+00  7.09250000e-09  1.62210473e+00 
 7.09750000e-09  1.80000000e+00  7.09750000e-09  0.00000000e+00  7.09750000e-09  1.79999981e+00  7.09750000e-09  1.62169926e+00 
 7.10250000e-09  1.80000000e+00  7.10250000e-09  0.00000000e+00  7.10250000e-09  1.79999981e+00  7.10250000e-09  1.62129388e+00 
 7.10750000e-09  1.80000000e+00  7.10750000e-09  0.00000000e+00  7.10750000e-09  1.79999981e+00  7.10750000e-09  1.62088861e+00 
 7.11250000e-09  1.80000000e+00  7.11250000e-09  0.00000000e+00  7.11250000e-09  1.79999981e+00  7.11250000e-09  1.62048344e+00 
 7.11750000e-09  1.80000000e+00  7.11750000e-09  0.00000000e+00  7.11750000e-09  1.79999981e+00  7.11750000e-09  1.62007837e+00 
 7.12250000e-09  1.80000000e+00  7.12250000e-09  0.00000000e+00  7.12250000e-09  1.79999981e+00  7.12250000e-09  1.61967340e+00 
 7.12750000e-09  1.80000000e+00  7.12750000e-09  0.00000000e+00  7.12750000e-09  1.79999981e+00  7.12750000e-09  1.61926853e+00 
 7.13250000e-09  1.80000000e+00  7.13250000e-09  0.00000000e+00  7.13250000e-09  1.79999981e+00  7.13250000e-09  1.61886376e+00 
 7.13750000e-09  1.80000000e+00  7.13750000e-09  0.00000000e+00  7.13750000e-09  1.79999981e+00  7.13750000e-09  1.61845910e+00 
 7.14250000e-09  1.80000000e+00  7.14250000e-09  0.00000000e+00  7.14250000e-09  1.79999981e+00  7.14250000e-09  1.61805453e+00 
 7.14750000e-09  1.80000000e+00  7.14750000e-09  0.00000000e+00  7.14750000e-09  1.79999981e+00  7.14750000e-09  1.61765007e+00 
 7.15250000e-09  1.80000000e+00  7.15250000e-09  0.00000000e+00  7.15250000e-09  1.79999981e+00  7.15250000e-09  1.61724571e+00 
 7.15750000e-09  1.80000000e+00  7.15750000e-09  0.00000000e+00  7.15750000e-09  1.79999981e+00  7.15750000e-09  1.61684145e+00 
 7.16250000e-09  1.80000000e+00  7.16250000e-09  0.00000000e+00  7.16250000e-09  1.79999981e+00  7.16250000e-09  1.61643729e+00 
 7.16750000e-09  1.80000000e+00  7.16750000e-09  0.00000000e+00  7.16750000e-09  1.79999981e+00  7.16750000e-09  1.61603323e+00 
 7.17250000e-09  1.80000000e+00  7.17250000e-09  0.00000000e+00  7.17250000e-09  1.79999980e+00  7.17250000e-09  1.61562927e+00 
 7.17750000e-09  1.80000000e+00  7.17750000e-09  0.00000000e+00  7.17750000e-09  1.79999980e+00  7.17750000e-09  1.61522541e+00 
 7.18250000e-09  1.80000000e+00  7.18250000e-09  0.00000000e+00  7.18250000e-09  1.79999980e+00  7.18250000e-09  1.61482165e+00 
 7.18750000e-09  1.80000000e+00  7.18750000e-09  0.00000000e+00  7.18750000e-09  1.79999980e+00  7.18750000e-09  1.61441800e+00 
 7.19250000e-09  1.80000000e+00  7.19250000e-09  0.00000000e+00  7.19250000e-09  1.79999980e+00  7.19250000e-09  1.61401444e+00 
 7.19750000e-09  1.80000000e+00  7.19750000e-09  0.00000000e+00  7.19750000e-09  1.79999980e+00  7.19750000e-09  1.61361099e+00 
 7.20250000e-09  1.80000000e+00  7.20250000e-09  0.00000000e+00  7.20250000e-09  1.79999980e+00  7.20250000e-09  1.61320764e+00 
 7.20750000e-09  1.80000000e+00  7.20750000e-09  0.00000000e+00  7.20750000e-09  1.79999980e+00  7.20750000e-09  1.61280439e+00 
 7.21250000e-09  1.80000000e+00  7.21250000e-09  0.00000000e+00  7.21250000e-09  1.79999980e+00  7.21250000e-09  1.61240124e+00 
 7.21750000e-09  1.80000000e+00  7.21750000e-09  0.00000000e+00  7.21750000e-09  1.79999980e+00  7.21750000e-09  1.61199819e+00 
 7.22250000e-09  1.80000000e+00  7.22250000e-09  0.00000000e+00  7.22250000e-09  1.79999980e+00  7.22250000e-09  1.61159524e+00 
 7.22750000e-09  1.80000000e+00  7.22750000e-09  0.00000000e+00  7.22750000e-09  1.79999980e+00  7.22750000e-09  1.61119239e+00 
 7.23250000e-09  1.80000000e+00  7.23250000e-09  0.00000000e+00  7.23250000e-09  1.79999980e+00  7.23250000e-09  1.61078964e+00 
 7.23750000e-09  1.80000000e+00  7.23750000e-09  0.00000000e+00  7.23750000e-09  1.79999980e+00  7.23750000e-09  1.61038699e+00 
 7.24250000e-09  1.80000000e+00  7.24250000e-09  0.00000000e+00  7.24250000e-09  1.79999980e+00  7.24250000e-09  1.60998444e+00 
 7.24750000e-09  1.80000000e+00  7.24750000e-09  0.00000000e+00  7.24750000e-09  1.79999980e+00  7.24750000e-09  1.60958200e+00 
 7.25250000e-09  1.80000000e+00  7.25250000e-09  0.00000000e+00  7.25250000e-09  1.79999980e+00  7.25250000e-09  1.60917965e+00 
 7.25750000e-09  1.80000000e+00  7.25750000e-09  0.00000000e+00  7.25750000e-09  1.79999980e+00  7.25750000e-09  1.60877741e+00 
 7.26250000e-09  1.80000000e+00  7.26250000e-09  0.00000000e+00  7.26250000e-09  1.79999980e+00  7.26250000e-09  1.60837526e+00 
 7.26750000e-09  1.80000000e+00  7.26750000e-09  0.00000000e+00  7.26750000e-09  1.79999980e+00  7.26750000e-09  1.60797322e+00 
 7.27250000e-09  1.80000000e+00  7.27250000e-09  0.00000000e+00  7.27250000e-09  1.79999980e+00  7.27250000e-09  1.60757128e+00 
 7.27750000e-09  1.80000000e+00  7.27750000e-09  0.00000000e+00  7.27750000e-09  1.79999980e+00  7.27750000e-09  1.60716943e+00 
 7.28250000e-09  1.80000000e+00  7.28250000e-09  0.00000000e+00  7.28250000e-09  1.79999979e+00  7.28250000e-09  1.60676769e+00 
 7.28750000e-09  1.80000000e+00  7.28750000e-09  0.00000000e+00  7.28750000e-09  1.79999979e+00  7.28750000e-09  1.60636605e+00 
 7.29250000e-09  1.80000000e+00  7.29250000e-09  0.00000000e+00  7.29250000e-09  1.79999979e+00  7.29250000e-09  1.60596451e+00 
 7.29750000e-09  1.80000000e+00  7.29750000e-09  0.00000000e+00  7.29750000e-09  1.79999979e+00  7.29750000e-09  1.60556307e+00 
 7.30250000e-09  1.80000000e+00  7.30250000e-09  0.00000000e+00  7.30250000e-09  1.79999979e+00  7.30250000e-09  1.60516172e+00 
 7.30750000e-09  1.80000000e+00  7.30750000e-09  0.00000000e+00  7.30750000e-09  1.79999979e+00  7.30750000e-09  1.60476048e+00 
 7.31250000e-09  1.80000000e+00  7.31250000e-09  0.00000000e+00  7.31250000e-09  1.79999979e+00  7.31250000e-09  1.60435934e+00 
 7.31750000e-09  1.80000000e+00  7.31750000e-09  0.00000000e+00  7.31750000e-09  1.79999979e+00  7.31750000e-09  1.60395830e+00 
 7.32250000e-09  1.80000000e+00  7.32250000e-09  0.00000000e+00  7.32250000e-09  1.79999979e+00  7.32250000e-09  1.60355736e+00 
 7.32750000e-09  1.80000000e+00  7.32750000e-09  0.00000000e+00  7.32750000e-09  1.79999979e+00  7.32750000e-09  1.60315652e+00 
 7.33250000e-09  1.80000000e+00  7.33250000e-09  0.00000000e+00  7.33250000e-09  1.79999979e+00  7.33250000e-09  1.60275578e+00 
 7.33750000e-09  1.80000000e+00  7.33750000e-09  0.00000000e+00  7.33750000e-09  1.79999979e+00  7.33750000e-09  1.60235515e+00 
 7.34250000e-09  1.80000000e+00  7.34250000e-09  0.00000000e+00  7.34250000e-09  1.79999979e+00  7.34250000e-09  1.60195461e+00 
 7.34750000e-09  1.80000000e+00  7.34750000e-09  0.00000000e+00  7.34750000e-09  1.79999979e+00  7.34750000e-09  1.60155417e+00 
 7.35250000e-09  1.80000000e+00  7.35250000e-09  0.00000000e+00  7.35250000e-09  1.79999979e+00  7.35250000e-09  1.60115383e+00 
 7.35750000e-09  1.80000000e+00  7.35750000e-09  0.00000000e+00  7.35750000e-09  1.79999979e+00  7.35750000e-09  1.60075359e+00 
 7.36250000e-09  1.80000000e+00  7.36250000e-09  0.00000000e+00  7.36250000e-09  1.79999979e+00  7.36250000e-09  1.60035345e+00 
 7.36750000e-09  1.80000000e+00  7.36750000e-09  0.00000000e+00  7.36750000e-09  1.79999979e+00  7.36750000e-09  1.59995341e+00 
 7.37250000e-09  1.80000000e+00  7.37250000e-09  0.00000000e+00  7.37250000e-09  1.79999979e+00  7.37250000e-09  1.59955347e+00 
 7.37750000e-09  1.80000000e+00  7.37750000e-09  0.00000000e+00  7.37750000e-09  1.79999979e+00  7.37750000e-09  1.59915364e+00 
 7.38250000e-09  1.80000000e+00  7.38250000e-09  0.00000000e+00  7.38250000e-09  1.79999979e+00  7.38250000e-09  1.59875390e+00 
 7.38750000e-09  1.80000000e+00  7.38750000e-09  0.00000000e+00  7.38750000e-09  1.79999979e+00  7.38750000e-09  1.59835426e+00 
 7.39250000e-09  1.80000000e+00  7.39250000e-09  0.00000000e+00  7.39250000e-09  1.79999978e+00  7.39250000e-09  1.59795472e+00 
 7.39750000e-09  1.80000000e+00  7.39750000e-09  0.00000000e+00  7.39750000e-09  1.79999978e+00  7.39750000e-09  1.59755528e+00 
 7.40250000e-09  1.80000000e+00  7.40250000e-09  0.00000000e+00  7.40250000e-09  1.79999978e+00  7.40250000e-09  1.59715594e+00 
 7.40750000e-09  1.80000000e+00  7.40750000e-09  0.00000000e+00  7.40750000e-09  1.79999978e+00  7.40750000e-09  1.59675670e+00 
 7.41250000e-09  1.80000000e+00  7.41250000e-09  0.00000000e+00  7.41250000e-09  1.79999978e+00  7.41250000e-09  1.59635756e+00 
 7.41750000e-09  1.80000000e+00  7.41750000e-09  0.00000000e+00  7.41750000e-09  1.79999978e+00  7.41750000e-09  1.59595852e+00 
 7.42250000e-09  1.80000000e+00  7.42250000e-09  0.00000000e+00  7.42250000e-09  1.79999978e+00  7.42250000e-09  1.59555958e+00 
 7.42750000e-09  1.80000000e+00  7.42750000e-09  0.00000000e+00  7.42750000e-09  1.79999978e+00  7.42750000e-09  1.59516074e+00 
 7.43250000e-09  1.80000000e+00  7.43250000e-09  0.00000000e+00  7.43250000e-09  1.79999978e+00  7.43250000e-09  1.59476200e+00 
 7.43750000e-09  1.80000000e+00  7.43750000e-09  0.00000000e+00  7.43750000e-09  1.79999978e+00  7.43750000e-09  1.59436336e+00 
 7.44250000e-09  1.80000000e+00  7.44250000e-09  0.00000000e+00  7.44250000e-09  1.79999978e+00  7.44250000e-09  1.59396482e+00 
 7.44750000e-09  1.80000000e+00  7.44750000e-09  0.00000000e+00  7.44750000e-09  1.79999978e+00  7.44750000e-09  1.59356638e+00 
 7.45250000e-09  1.80000000e+00  7.45250000e-09  0.00000000e+00  7.45250000e-09  1.79999978e+00  7.45250000e-09  1.59316803e+00 
 7.45750000e-09  1.80000000e+00  7.45750000e-09  0.00000000e+00  7.45750000e-09  1.79999978e+00  7.45750000e-09  1.59276979e+00 
 7.46250000e-09  1.80000000e+00  7.46250000e-09  0.00000000e+00  7.46250000e-09  1.79999978e+00  7.46250000e-09  1.59237165e+00 
 7.46750000e-09  1.80000000e+00  7.46750000e-09  0.00000000e+00  7.46750000e-09  1.79999978e+00  7.46750000e-09  1.59197360e+00 
 7.47250000e-09  1.80000000e+00  7.47250000e-09  0.00000000e+00  7.47250000e-09  1.79999978e+00  7.47250000e-09  1.59157566e+00 
 7.47750000e-09  1.80000000e+00  7.47750000e-09  0.00000000e+00  7.47750000e-09  1.79999978e+00  7.47750000e-09  1.59117782e+00 
 7.48250000e-09  1.80000000e+00  7.48250000e-09  0.00000000e+00  7.48250000e-09  1.79999978e+00  7.48250000e-09  1.59078007e+00 
 7.48750000e-09  1.80000000e+00  7.48750000e-09  0.00000000e+00  7.48750000e-09  1.79999978e+00  7.48750000e-09  1.59038243e+00 
 7.49250000e-09  1.80000000e+00  7.49250000e-09  0.00000000e+00  7.49250000e-09  1.79999978e+00  7.49250000e-09  1.58998488e+00 
 7.49750000e-09  1.80000000e+00  7.49750000e-09  0.00000000e+00  7.49750000e-09  1.79999978e+00  7.49750000e-09  1.58958743e+00 
 7.50250000e-09  1.80000000e+00  7.50250000e-09  0.00000000e+00  7.50250000e-09  1.79999977e+00  7.50250000e-09  1.58919008e+00 
 7.50750000e-09  1.80000000e+00  7.50750000e-09  0.00000000e+00  7.50750000e-09  1.79999977e+00  7.50750000e-09  1.58879284e+00 
 7.51250000e-09  1.80000000e+00  7.51250000e-09  0.00000000e+00  7.51250000e-09  1.79999977e+00  7.51250000e-09  1.58839569e+00 
 7.51750000e-09  1.80000000e+00  7.51750000e-09  0.00000000e+00  7.51750000e-09  1.79999977e+00  7.51750000e-09  1.58799864e+00 
 7.52250000e-09  1.80000000e+00  7.52250000e-09  0.00000000e+00  7.52250000e-09  1.79999977e+00  7.52250000e-09  1.58760169e+00 
 7.52750000e-09  1.80000000e+00  7.52750000e-09  0.00000000e+00  7.52750000e-09  1.79999977e+00  7.52750000e-09  1.58720484e+00 
 7.53250000e-09  1.80000000e+00  7.53250000e-09  0.00000000e+00  7.53250000e-09  1.79999977e+00  7.53250000e-09  1.58680808e+00 
 7.53750000e-09  1.80000000e+00  7.53750000e-09  0.00000000e+00  7.53750000e-09  1.79999977e+00  7.53750000e-09  1.58641143e+00 
 7.54250000e-09  1.80000000e+00  7.54250000e-09  0.00000000e+00  7.54250000e-09  1.79999977e+00  7.54250000e-09  1.58601488e+00 
 7.54750000e-09  1.80000000e+00  7.54750000e-09  0.00000000e+00  7.54750000e-09  1.79999977e+00  7.54750000e-09  1.58561842e+00 
 7.55250000e-09  1.80000000e+00  7.55250000e-09  0.00000000e+00  7.55250000e-09  1.79999977e+00  7.55250000e-09  1.58522207e+00 
 7.55750000e-09  1.80000000e+00  7.55750000e-09  0.00000000e+00  7.55750000e-09  1.79999977e+00  7.55750000e-09  1.58482581e+00 
 7.56250000e-09  1.80000000e+00  7.56250000e-09  0.00000000e+00  7.56250000e-09  1.79999977e+00  7.56250000e-09  1.58442965e+00 
 7.56750000e-09  1.80000000e+00  7.56750000e-09  0.00000000e+00  7.56750000e-09  1.79999977e+00  7.56750000e-09  1.58403360e+00 
 7.57250000e-09  1.80000000e+00  7.57250000e-09  0.00000000e+00  7.57250000e-09  1.79999977e+00  7.57250000e-09  1.58363764e+00 
 7.57750000e-09  1.80000000e+00  7.57750000e-09  0.00000000e+00  7.57750000e-09  1.79999977e+00  7.57750000e-09  1.58324178e+00 
 7.58250000e-09  1.80000000e+00  7.58250000e-09  0.00000000e+00  7.58250000e-09  1.79999977e+00  7.58250000e-09  1.58284602e+00 
 7.58750000e-09  1.80000000e+00  7.58750000e-09  0.00000000e+00  7.58750000e-09  1.79999977e+00  7.58750000e-09  1.58245035e+00 
 7.59250000e-09  1.80000000e+00  7.59250000e-09  0.00000000e+00  7.59250000e-09  1.79999977e+00  7.59250000e-09  1.58205479e+00 
 7.59750000e-09  1.80000000e+00  7.59750000e-09  0.00000000e+00  7.59750000e-09  1.79999977e+00  7.59750000e-09  1.58165933e+00 
 7.60250000e-09  1.80000000e+00  7.60250000e-09  0.00000000e+00  7.60250000e-09  1.79999977e+00  7.60250000e-09  1.58126396e+00 
 7.60750000e-09  1.80000000e+00  7.60750000e-09  0.00000000e+00  7.60750000e-09  1.79999977e+00  7.60750000e-09  1.58086869e+00 
 7.61250000e-09  1.80000000e+00  7.61250000e-09  0.00000000e+00  7.61250000e-09  1.79999976e+00  7.61250000e-09  1.58047352e+00 
 7.61750000e-09  1.80000000e+00  7.61750000e-09  0.00000000e+00  7.61750000e-09  1.79999976e+00  7.61750000e-09  1.58007845e+00 
 7.62250000e-09  1.80000000e+00  7.62250000e-09  0.00000000e+00  7.62250000e-09  1.79999976e+00  7.62250000e-09  1.57968348e+00 
 7.62750000e-09  1.80000000e+00  7.62750000e-09  0.00000000e+00  7.62750000e-09  1.79999976e+00  7.62750000e-09  1.57928861e+00 
 7.63250000e-09  1.80000000e+00  7.63250000e-09  0.00000000e+00  7.63250000e-09  1.79999976e+00  7.63250000e-09  1.57889384e+00 
 7.63750000e-09  1.80000000e+00  7.63750000e-09  0.00000000e+00  7.63750000e-09  1.79999976e+00  7.63750000e-09  1.57849916e+00 
 7.64250000e-09  1.80000000e+00  7.64250000e-09  0.00000000e+00  7.64250000e-09  1.79999976e+00  7.64250000e-09  1.57810459e+00 
 7.64750000e-09  1.80000000e+00  7.64750000e-09  0.00000000e+00  7.64750000e-09  1.79999976e+00  7.64750000e-09  1.57771011e+00 
 7.65250000e-09  1.80000000e+00  7.65250000e-09  0.00000000e+00  7.65250000e-09  1.79999976e+00  7.65250000e-09  1.57731573e+00 
 7.65750000e-09  1.80000000e+00  7.65750000e-09  0.00000000e+00  7.65750000e-09  1.79999976e+00  7.65750000e-09  1.57692145e+00 
 7.66250000e-09  1.80000000e+00  7.66250000e-09  0.00000000e+00  7.66250000e-09  1.79999976e+00  7.66250000e-09  1.57652727e+00 
 7.66750000e-09  1.80000000e+00  7.66750000e-09  0.00000000e+00  7.66750000e-09  1.79999976e+00  7.66750000e-09  1.57613319e+00 
 7.67250000e-09  1.80000000e+00  7.67250000e-09  0.00000000e+00  7.67250000e-09  1.79999976e+00  7.67250000e-09  1.57573920e+00 
 7.67750000e-09  1.80000000e+00  7.67750000e-09  0.00000000e+00  7.67750000e-09  1.79999976e+00  7.67750000e-09  1.57534532e+00 
 7.68250000e-09  1.80000000e+00  7.68250000e-09  0.00000000e+00  7.68250000e-09  1.79999976e+00  7.68250000e-09  1.57495153e+00 
 7.68750000e-09  1.80000000e+00  7.68750000e-09  0.00000000e+00  7.68750000e-09  1.79999976e+00  7.68750000e-09  1.57455784e+00 
 7.69250000e-09  1.80000000e+00  7.69250000e-09  0.00000000e+00  7.69250000e-09  1.79999976e+00  7.69250000e-09  1.57416425e+00 
 7.69750000e-09  1.80000000e+00  7.69750000e-09  0.00000000e+00  7.69750000e-09  1.79999976e+00  7.69750000e-09  1.57377076e+00 
 7.70250000e-09  1.80000000e+00  7.70250000e-09  0.00000000e+00  7.70250000e-09  1.79999976e+00  7.70250000e-09  1.57337737e+00 
 7.70750000e-09  1.80000000e+00  7.70750000e-09  0.00000000e+00  7.70750000e-09  1.79999976e+00  7.70750000e-09  1.57298407e+00 
 7.71250000e-09  1.80000000e+00  7.71250000e-09  0.00000000e+00  7.71250000e-09  1.79999976e+00  7.71250000e-09  1.57259087e+00 
 7.71750000e-09  1.80000000e+00  7.71750000e-09  0.00000000e+00  7.71750000e-09  1.79999976e+00  7.71750000e-09  1.57219777e+00 
 7.72250000e-09  1.80000000e+00  7.72250000e-09  0.00000000e+00  7.72250000e-09  1.79999975e+00  7.72250000e-09  1.57180477e+00 
 7.72750000e-09  1.80000000e+00  7.72750000e-09  0.00000000e+00  7.72750000e-09  1.79999975e+00  7.72750000e-09  1.57141187e+00 
 7.73250000e-09  1.80000000e+00  7.73250000e-09  0.00000000e+00  7.73250000e-09  1.79999975e+00  7.73250000e-09  1.57101907e+00 
 7.73750000e-09  1.80000000e+00  7.73750000e-09  0.00000000e+00  7.73750000e-09  1.79999975e+00  7.73750000e-09  1.57062636e+00 
 7.74250000e-09  1.80000000e+00  7.74250000e-09  0.00000000e+00  7.74250000e-09  1.79999975e+00  7.74250000e-09  1.57023375e+00 
 7.74750000e-09  1.80000000e+00  7.74750000e-09  0.00000000e+00  7.74750000e-09  1.79999975e+00  7.74750000e-09  1.56984124e+00 
 7.75250000e-09  1.80000000e+00  7.75250000e-09  0.00000000e+00  7.75250000e-09  1.79999975e+00  7.75250000e-09  1.56944883e+00 
 7.75750000e-09  1.80000000e+00  7.75750000e-09  0.00000000e+00  7.75750000e-09  1.79999975e+00  7.75750000e-09  1.56905652e+00 
 7.76250000e-09  1.80000000e+00  7.76250000e-09  0.00000000e+00  7.76250000e-09  1.79999975e+00  7.76250000e-09  1.56866430e+00 
 7.76750000e-09  1.80000000e+00  7.76750000e-09  0.00000000e+00  7.76750000e-09  1.79999975e+00  7.76750000e-09  1.56827219e+00 
 7.77250000e-09  1.80000000e+00  7.77250000e-09  0.00000000e+00  7.77250000e-09  1.79999975e+00  7.77250000e-09  1.56788017e+00 
 7.77750000e-09  1.80000000e+00  7.77750000e-09  0.00000000e+00  7.77750000e-09  1.79999975e+00  7.77750000e-09  1.56748824e+00 
 7.78250000e-09  1.80000000e+00  7.78250000e-09  0.00000000e+00  7.78250000e-09  1.79999975e+00  7.78250000e-09  1.56709642e+00 
 7.78750000e-09  1.80000000e+00  7.78750000e-09  0.00000000e+00  7.78750000e-09  1.79999975e+00  7.78750000e-09  1.56670470e+00 
 7.79250000e-09  1.80000000e+00  7.79250000e-09  0.00000000e+00  7.79250000e-09  1.79999975e+00  7.79250000e-09  1.56631307e+00 
 7.79750000e-09  1.80000000e+00  7.79750000e-09  0.00000000e+00  7.79750000e-09  1.79999975e+00  7.79750000e-09  1.56592154e+00 
 7.80250000e-09  1.80000000e+00  7.80250000e-09  0.00000000e+00  7.80250000e-09  1.79999975e+00  7.80250000e-09  1.56553011e+00 
 7.80750000e-09  1.80000000e+00  7.80750000e-09  0.00000000e+00  7.80750000e-09  1.79999975e+00  7.80750000e-09  1.56513877e+00 
 7.81250000e-09  1.80000000e+00  7.81250000e-09  0.00000000e+00  7.81250000e-09  1.79999975e+00  7.81250000e-09  1.56474754e+00 
 7.81750000e-09  1.80000000e+00  7.81750000e-09  0.00000000e+00  7.81750000e-09  1.79999975e+00  7.81750000e-09  1.56435640e+00 
 7.82250000e-09  1.80000000e+00  7.82250000e-09  0.00000000e+00  7.82250000e-09  1.79999975e+00  7.82250000e-09  1.56396536e+00 
 7.82750000e-09  1.80000000e+00  7.82750000e-09  0.00000000e+00  7.82750000e-09  1.79999975e+00  7.82750000e-09  1.56357441e+00 
 7.83250000e-09  1.80000000e+00  7.83250000e-09  0.00000000e+00  7.83250000e-09  1.79999975e+00  7.83250000e-09  1.56318357e+00 
 7.83750000e-09  1.80000000e+00  7.83750000e-09  0.00000000e+00  7.83750000e-09  1.79999974e+00  7.83750000e-09  1.56279282e+00 
 7.84250000e-09  1.80000000e+00  7.84250000e-09  0.00000000e+00  7.84250000e-09  1.79999974e+00  7.84250000e-09  1.56240217e+00 
 7.84750000e-09  1.80000000e+00  7.84750000e-09  0.00000000e+00  7.84750000e-09  1.79999974e+00  7.84750000e-09  1.56201162e+00 
 7.85250000e-09  1.80000000e+00  7.85250000e-09  0.00000000e+00  7.85250000e-09  1.79999974e+00  7.85250000e-09  1.56162117e+00 
 7.85750000e-09  1.80000000e+00  7.85750000e-09  0.00000000e+00  7.85750000e-09  1.79999974e+00  7.85750000e-09  1.56123081e+00 
 7.86250000e-09  1.80000000e+00  7.86250000e-09  0.00000000e+00  7.86250000e-09  1.79999974e+00  7.86250000e-09  1.56084055e+00 
 7.86750000e-09  1.80000000e+00  7.86750000e-09  0.00000000e+00  7.86750000e-09  1.79999974e+00  7.86750000e-09  1.56045039e+00 
 7.87250000e-09  1.80000000e+00  7.87250000e-09  0.00000000e+00  7.87250000e-09  1.79999974e+00  7.87250000e-09  1.56006032e+00 
 7.87750000e-09  1.80000000e+00  7.87750000e-09  0.00000000e+00  7.87750000e-09  1.79999974e+00  7.87750000e-09  1.55967036e+00 
 7.88250000e-09  1.80000000e+00  7.88250000e-09  0.00000000e+00  7.88250000e-09  1.79999974e+00  7.88250000e-09  1.55928049e+00 
 7.88750000e-09  1.80000000e+00  7.88750000e-09  0.00000000e+00  7.88750000e-09  1.79999974e+00  7.88750000e-09  1.55889072e+00 
 7.89250000e-09  1.80000000e+00  7.89250000e-09  0.00000000e+00  7.89250000e-09  1.79999974e+00  7.89250000e-09  1.55850104e+00 
 7.89750000e-09  1.80000000e+00  7.89750000e-09  0.00000000e+00  7.89750000e-09  1.79999974e+00  7.89750000e-09  1.55811147e+00 
 7.90250000e-09  1.80000000e+00  7.90250000e-09  0.00000000e+00  7.90250000e-09  1.79999974e+00  7.90250000e-09  1.55772199e+00 
 7.90750000e-09  1.80000000e+00  7.90750000e-09  0.00000000e+00  7.90750000e-09  1.79999974e+00  7.90750000e-09  1.55733260e+00 
 7.91250000e-09  1.80000000e+00  7.91250000e-09  0.00000000e+00  7.91250000e-09  1.79999974e+00  7.91250000e-09  1.55694332e+00 
 7.91750000e-09  1.80000000e+00  7.91750000e-09  0.00000000e+00  7.91750000e-09  1.79999974e+00  7.91750000e-09  1.55655413e+00 
 7.92250000e-09  1.80000000e+00  7.92250000e-09  0.00000000e+00  7.92250000e-09  1.79999974e+00  7.92250000e-09  1.55616504e+00 
 7.92750000e-09  1.80000000e+00  7.92750000e-09  0.00000000e+00  7.92750000e-09  1.79999974e+00  7.92750000e-09  1.55577605e+00 
 7.93250000e-09  1.80000000e+00  7.93250000e-09  0.00000000e+00  7.93250000e-09  1.79999974e+00  7.93250000e-09  1.55538715e+00 
 7.93750000e-09  1.80000000e+00  7.93750000e-09  0.00000000e+00  7.93750000e-09  1.79999974e+00  7.93750000e-09  1.55499835e+00 
 7.94250000e-09  1.80000000e+00  7.94250000e-09  0.00000000e+00  7.94250000e-09  1.79999974e+00  7.94250000e-09  1.55460965e+00 
 7.94750000e-09  1.80000000e+00  7.94750000e-09  0.00000000e+00  7.94750000e-09  1.79999973e+00  7.94750000e-09  1.55422105e+00 
 7.95250000e-09  1.80000000e+00  7.95250000e-09  0.00000000e+00  7.95250000e-09  1.79999973e+00  7.95250000e-09  1.55383254e+00 
 7.95750000e-09  1.80000000e+00  7.95750000e-09  0.00000000e+00  7.95750000e-09  1.79999973e+00  7.95750000e-09  1.55344413e+00 
 7.96250000e-09  1.80000000e+00  7.96250000e-09  0.00000000e+00  7.96250000e-09  1.79999973e+00  7.96250000e-09  1.55305582e+00 
 7.96750000e-09  1.80000000e+00  7.96750000e-09  0.00000000e+00  7.96750000e-09  1.79999973e+00  7.96750000e-09  1.55266760e+00 
 7.97250000e-09  1.80000000e+00  7.97250000e-09  0.00000000e+00  7.97250000e-09  1.79999973e+00  7.97250000e-09  1.55227948e+00 
 7.97750000e-09  1.80000000e+00  7.97750000e-09  0.00000000e+00  7.97750000e-09  1.79999973e+00  7.97750000e-09  1.55189146e+00 
 7.98250000e-09  1.80000000e+00  7.98250000e-09  0.00000000e+00  7.98250000e-09  1.79999973e+00  7.98250000e-09  1.55150354e+00 
 7.98750000e-09  1.80000000e+00  7.98750000e-09  0.00000000e+00  7.98750000e-09  1.79999973e+00  7.98750000e-09  1.55111571e+00 
 7.99250000e-09  1.80000000e+00  7.99250000e-09  0.00000000e+00  7.99250000e-09  1.79999973e+00  7.99250000e-09  1.55072798e+00 
 7.99750000e-09  1.80000000e+00  7.99750000e-09  0.00000000e+00  7.99750000e-09  1.79999973e+00  7.99750000e-09  1.55034035e+00 
 8.00000000e-09  1.80000000e+00  8.00000000e-09  0.00000000e+00  8.00000000e-09  1.79999973e+00  8.00000000e-09  1.55014656e+00 
 8.00050000e-09  1.78200000e+00  8.00050000e-09  0.00000000e+00  8.00050000e-09  1.79999973e+00  8.00050000e-09  1.55010781e+00 
 8.00150000e-09  1.74600000e+00  8.00150000e-09  0.00000000e+00  8.00150000e-09  1.79999973e+00  8.00150000e-09  1.55003031e+00 
 8.00350000e-09  1.67400000e+00  8.00350000e-09  0.00000000e+00  8.00350000e-09  1.79999973e+00  8.00350000e-09  1.54987531e+00 
 8.00750000e-09  1.53000000e+00  8.00750000e-09  0.00000000e+00  8.00750000e-09  1.79999973e+00  8.00750000e-09  1.54956537e+00 
 8.01250000e-09  1.35000000e+00  8.01250000e-09  0.00000000e+00  8.01250000e-09  1.79999973e+00  8.01250000e-09  1.54917803e+00 
 8.01750000e-09  1.17000000e+00  8.01750000e-09  0.00000000e+00  8.01750000e-09  1.79999973e+00  8.01750000e-09  1.54879078e+00 
 8.02250000e-09  9.90000000e-01  8.02250000e-09  0.00000000e+00  8.02250000e-09  1.79999973e+00  8.02250000e-09  1.54840363e+00 
 8.02750000e-09  8.10000000e-01  8.02750000e-09  0.00000000e+00  8.02750000e-09  1.79999973e+00  8.02750000e-09  1.54801658e+00 
 8.03250000e-09  6.30000000e-01  8.03250000e-09  0.00000000e+00  8.03250000e-09  1.79999973e+00  8.03250000e-09  1.54762962e+00 
 8.03750000e-09  4.50000000e-01  8.03750000e-09  0.00000000e+00  8.03750000e-09  1.79999973e+00  8.03750000e-09  1.54724276e+00 
 8.04250000e-09  2.70000000e-01  8.04250000e-09  0.00000000e+00  8.04250000e-09  1.79999973e+00  8.04250000e-09  1.54685600e+00 
 8.04750000e-09  9.00000000e-02  8.04750000e-09  0.00000000e+00  8.04750000e-09  1.79999973e+00  8.04750000e-09  1.54646933e+00 
 8.05000000e-09  0.00000000e+00  8.05000000e-09  0.00000000e+00  8.05000000e-09  1.79999973e+00  8.05000000e-09  1.54627604e+00 
 8.05050000e-09  0.00000000e+00  8.05050000e-09  0.00000000e+00  8.05050000e-09  1.79999973e+00  8.05050000e-09  1.54623738e+00 
 8.05150000e-09  0.00000000e+00  8.05150000e-09  0.00000000e+00  8.05150000e-09  1.79999973e+00  8.05150000e-09  1.54616007e+00 
 8.05350000e-09  0.00000000e+00  8.05350000e-09  0.00000000e+00  8.05350000e-09  1.79999973e+00  8.05350000e-09  1.54600546e+00 
 8.05750000e-09  0.00000000e+00  8.05750000e-09  0.00000000e+00  8.05750000e-09  1.79999972e+00  8.05750000e-09  1.54569629e+00 
 8.06250000e-09  0.00000000e+00  8.06250000e-09  0.00000000e+00  8.06250000e-09  1.79999972e+00  8.06250000e-09  1.54530991e+00 
 8.06750000e-09  0.00000000e+00  8.06750000e-09  0.00000000e+00  8.06750000e-09  1.79999972e+00  8.06750000e-09  1.54492364e+00 
 8.07250000e-09  0.00000000e+00  8.07250000e-09  0.00000000e+00  8.07250000e-09  1.79999972e+00  8.07250000e-09  1.54453745e+00 
 8.07750000e-09  0.00000000e+00  8.07750000e-09  0.00000000e+00  8.07750000e-09  1.79999972e+00  8.07750000e-09  1.54415137e+00 
 8.08250000e-09  0.00000000e+00  8.08250000e-09  0.00000000e+00  8.08250000e-09  1.79999972e+00  8.08250000e-09  1.54376538e+00 
 8.08750000e-09  0.00000000e+00  8.08750000e-09  0.00000000e+00  8.08750000e-09  1.79999972e+00  8.08750000e-09  1.54337948e+00 
 8.09250000e-09  0.00000000e+00  8.09250000e-09  0.00000000e+00  8.09250000e-09  1.79999972e+00  8.09250000e-09  1.54299369e+00 
 8.09750000e-09  0.00000000e+00  8.09750000e-09  0.00000000e+00  8.09750000e-09  1.79999972e+00  8.09750000e-09  1.54260799e+00 
 8.10250000e-09  0.00000000e+00  8.10250000e-09  0.00000000e+00  8.10250000e-09  1.79999972e+00  8.10250000e-09  1.54222238e+00 
 8.10750000e-09  0.00000000e+00  8.10750000e-09  0.00000000e+00  8.10750000e-09  1.79999972e+00  8.10750000e-09  1.54183687e+00 
 8.11250000e-09  0.00000000e+00  8.11250000e-09  0.00000000e+00  8.11250000e-09  1.79999972e+00  8.11250000e-09  1.54145146e+00 
 8.11750000e-09  0.00000000e+00  8.11750000e-09  0.00000000e+00  8.11750000e-09  1.79999972e+00  8.11750000e-09  1.54106615e+00 
 8.12250000e-09  0.00000000e+00  8.12250000e-09  0.00000000e+00  8.12250000e-09  1.79999972e+00  8.12250000e-09  1.54068093e+00 
 8.12750000e-09  0.00000000e+00  8.12750000e-09  0.00000000e+00  8.12750000e-09  1.79999972e+00  8.12750000e-09  1.54029581e+00 
 8.13250000e-09  0.00000000e+00  8.13250000e-09  0.00000000e+00  8.13250000e-09  1.79999972e+00  8.13250000e-09  1.53991078e+00 
 8.13750000e-09  0.00000000e+00  8.13750000e-09  0.00000000e+00  8.13750000e-09  1.79999972e+00  8.13750000e-09  1.53952585e+00 
 8.14250000e-09  0.00000000e+00  8.14250000e-09  0.00000000e+00  8.14250000e-09  1.79999972e+00  8.14250000e-09  1.53914102e+00 
 8.14750000e-09  0.00000000e+00  8.14750000e-09  0.00000000e+00  8.14750000e-09  1.79999972e+00  8.14750000e-09  1.53875628e+00 
 8.15250000e-09  0.00000000e+00  8.15250000e-09  0.00000000e+00  8.15250000e-09  1.79999972e+00  8.15250000e-09  1.53837164e+00 
 8.15750000e-09  0.00000000e+00  8.15750000e-09  0.00000000e+00  8.15750000e-09  1.79999972e+00  8.15750000e-09  1.53798709e+00 
 8.16250000e-09  0.00000000e+00  8.16250000e-09  0.00000000e+00  8.16250000e-09  1.79999972e+00  8.16250000e-09  1.53760264e+00 
 8.16750000e-09  0.00000000e+00  8.16750000e-09  0.00000000e+00  8.16750000e-09  1.79999971e+00  8.16750000e-09  1.53721829e+00 
 8.17250000e-09  0.00000000e+00  8.17250000e-09  0.00000000e+00  8.17250000e-09  1.79999971e+00  8.17250000e-09  1.53683403e+00 
 8.17750000e-09  0.00000000e+00  8.17750000e-09  0.00000000e+00  8.17750000e-09  1.79999971e+00  8.17750000e-09  1.53644987e+00 
 8.18250000e-09  0.00000000e+00  8.18250000e-09  0.00000000e+00  8.18250000e-09  1.79999971e+00  8.18250000e-09  1.53606581e+00 
 8.18750000e-09  0.00000000e+00  8.18750000e-09  0.00000000e+00  8.18750000e-09  1.79999971e+00  8.18750000e-09  1.53568184e+00 
 8.19250000e-09  0.00000000e+00  8.19250000e-09  0.00000000e+00  8.19250000e-09  1.79999971e+00  8.19250000e-09  1.53529797e+00 
 8.19750000e-09  0.00000000e+00  8.19750000e-09  0.00000000e+00  8.19750000e-09  1.79999971e+00  8.19750000e-09  1.53491419e+00 
 8.20250000e-09  0.00000000e+00  8.20250000e-09  0.00000000e+00  8.20250000e-09  1.79999971e+00  8.20250000e-09  1.53453051e+00 
 8.20750000e-09  0.00000000e+00  8.20750000e-09  0.00000000e+00  8.20750000e-09  1.79999971e+00  8.20750000e-09  1.53414692e+00 
 8.21250000e-09  0.00000000e+00  8.21250000e-09  0.00000000e+00  8.21250000e-09  1.79999971e+00  8.21250000e-09  1.53376343e+00 
 8.21750000e-09  0.00000000e+00  8.21750000e-09  0.00000000e+00  8.21750000e-09  1.79999971e+00  8.21750000e-09  1.53338004e+00 
 8.22250000e-09  0.00000000e+00  8.22250000e-09  0.00000000e+00  8.22250000e-09  1.79999971e+00  8.22250000e-09  1.53299674e+00 
 8.22750000e-09  0.00000000e+00  8.22750000e-09  0.00000000e+00  8.22750000e-09  1.79999971e+00  8.22750000e-09  1.53261354e+00 
 8.23250000e-09  0.00000000e+00  8.23250000e-09  0.00000000e+00  8.23250000e-09  1.79999971e+00  8.23250000e-09  1.53223044e+00 
 8.23750000e-09  0.00000000e+00  8.23750000e-09  0.00000000e+00  8.23750000e-09  1.79999971e+00  8.23750000e-09  1.53184743e+00 
 8.24250000e-09  0.00000000e+00  8.24250000e-09  0.00000000e+00  8.24250000e-09  1.79999971e+00  8.24250000e-09  1.53146451e+00 
 8.24750000e-09  0.00000000e+00  8.24750000e-09  0.00000000e+00  8.24750000e-09  1.79999971e+00  8.24750000e-09  1.53108169e+00 
 8.25250000e-09  0.00000000e+00  8.25250000e-09  0.00000000e+00  8.25250000e-09  1.79999971e+00  8.25250000e-09  1.53069897e+00 
 8.25750000e-09  0.00000000e+00  8.25750000e-09  0.00000000e+00  8.25750000e-09  1.79999971e+00  8.25750000e-09  1.53031634e+00 
 8.26250000e-09  0.00000000e+00  8.26250000e-09  0.00000000e+00  8.26250000e-09  1.79999971e+00  8.26250000e-09  1.52993381e+00 
 8.26750000e-09  0.00000000e+00  8.26750000e-09  0.00000000e+00  8.26750000e-09  1.79999971e+00  8.26750000e-09  1.52955138e+00 
 8.27250000e-09  0.00000000e+00  8.27250000e-09  0.00000000e+00  8.27250000e-09  1.79999971e+00  8.27250000e-09  1.52916904e+00 
 8.27750000e-09  0.00000000e+00  8.27750000e-09  0.00000000e+00  8.27750000e-09  1.79999970e+00  8.27750000e-09  1.52878679e+00 
 8.28250000e-09  0.00000000e+00  8.28250000e-09  0.00000000e+00  8.28250000e-09  1.79999970e+00  8.28250000e-09  1.52840464e+00 
 8.28750000e-09  0.00000000e+00  8.28750000e-09  0.00000000e+00  8.28750000e-09  1.79999970e+00  8.28750000e-09  1.52802259e+00 
 8.29250000e-09  0.00000000e+00  8.29250000e-09  0.00000000e+00  8.29250000e-09  1.79999970e+00  8.29250000e-09  1.52764063e+00 
 8.29750000e-09  0.00000000e+00  8.29750000e-09  0.00000000e+00  8.29750000e-09  1.79999970e+00  8.29750000e-09  1.52725877e+00 
 8.30250000e-09  0.00000000e+00  8.30250000e-09  0.00000000e+00  8.30250000e-09  1.79999970e+00  8.30250000e-09  1.52687700e+00 
 8.30750000e-09  0.00000000e+00  8.30750000e-09  0.00000000e+00  8.30750000e-09  1.79999970e+00  8.30750000e-09  1.52649533e+00 
 8.31250000e-09  0.00000000e+00  8.31250000e-09  0.00000000e+00  8.31250000e-09  1.79999970e+00  8.31250000e-09  1.52611375e+00 
 8.31750000e-09  0.00000000e+00  8.31750000e-09  0.00000000e+00  8.31750000e-09  1.79999970e+00  8.31750000e-09  1.52573227e+00 
 8.32250000e-09  0.00000000e+00  8.32250000e-09  0.00000000e+00  8.32250000e-09  1.79999970e+00  8.32250000e-09  1.52535088e+00 
 8.32750000e-09  0.00000000e+00  8.32750000e-09  0.00000000e+00  8.32750000e-09  1.79999970e+00  8.32750000e-09  1.52496959e+00 
 8.33250000e-09  0.00000000e+00  8.33250000e-09  0.00000000e+00  8.33250000e-09  1.79999970e+00  8.33250000e-09  1.52458840e+00 
 8.33750000e-09  0.00000000e+00  8.33750000e-09  0.00000000e+00  8.33750000e-09  1.79999970e+00  8.33750000e-09  1.52420730e+00 
 8.34250000e-09  0.00000000e+00  8.34250000e-09  0.00000000e+00  8.34250000e-09  1.79999970e+00  8.34250000e-09  1.52382629e+00 
 8.34750000e-09  0.00000000e+00  8.34750000e-09  0.00000000e+00  8.34750000e-09  1.79999970e+00  8.34750000e-09  1.52344539e+00 
 8.35250000e-09  0.00000000e+00  8.35250000e-09  0.00000000e+00  8.35250000e-09  1.79999970e+00  8.35250000e-09  1.52306457e+00 
 8.35750000e-09  0.00000000e+00  8.35750000e-09  0.00000000e+00  8.35750000e-09  1.79999970e+00  8.35750000e-09  1.52268385e+00 
 8.36250000e-09  0.00000000e+00  8.36250000e-09  0.00000000e+00  8.36250000e-09  1.79999970e+00  8.36250000e-09  1.52230323e+00 
 8.36750000e-09  0.00000000e+00  8.36750000e-09  0.00000000e+00  8.36750000e-09  1.79999970e+00  8.36750000e-09  1.52192270e+00 
 8.37250000e-09  0.00000000e+00  8.37250000e-09  0.00000000e+00  8.37250000e-09  1.79999970e+00  8.37250000e-09  1.52154227e+00 
 8.37750000e-09  0.00000000e+00  8.37750000e-09  0.00000000e+00  8.37750000e-09  1.79999970e+00  8.37750000e-09  1.52116193e+00 
 8.38250000e-09  0.00000000e+00  8.38250000e-09  0.00000000e+00  8.38250000e-09  1.79999970e+00  8.38250000e-09  1.52078169e+00 
 8.38750000e-09  0.00000000e+00  8.38750000e-09  0.00000000e+00  8.38750000e-09  1.79999969e+00  8.38750000e-09  1.52040154e+00 
 8.39250000e-09  0.00000000e+00  8.39250000e-09  0.00000000e+00  8.39250000e-09  1.79999969e+00  8.39250000e-09  1.52002148e+00 
 8.39750000e-09  0.00000000e+00  8.39750000e-09  0.00000000e+00  8.39750000e-09  1.79999969e+00  8.39750000e-09  1.51964153e+00 
 8.40250000e-09  0.00000000e+00  8.40250000e-09  0.00000000e+00  8.40250000e-09  1.79999969e+00  8.40250000e-09  1.51926166e+00 
 8.40750000e-09  0.00000000e+00  8.40750000e-09  0.00000000e+00  8.40750000e-09  1.79999969e+00  8.40750000e-09  1.51888189e+00 
 8.41250000e-09  0.00000000e+00  8.41250000e-09  0.00000000e+00  8.41250000e-09  1.79999969e+00  8.41250000e-09  1.51850222e+00 
 8.41750000e-09  0.00000000e+00  8.41750000e-09  0.00000000e+00  8.41750000e-09  1.79999969e+00  8.41750000e-09  1.51812264e+00 
 8.42250000e-09  0.00000000e+00  8.42250000e-09  0.00000000e+00  8.42250000e-09  1.79999969e+00  8.42250000e-09  1.51774316e+00 
 8.42750000e-09  0.00000000e+00  8.42750000e-09  0.00000000e+00  8.42750000e-09  1.79999969e+00  8.42750000e-09  1.51736377e+00 
 8.43250000e-09  0.00000000e+00  8.43250000e-09  0.00000000e+00  8.43250000e-09  1.79999969e+00  8.43250000e-09  1.51698448e+00 
 8.43750000e-09  0.00000000e+00  8.43750000e-09  0.00000000e+00  8.43750000e-09  1.79999969e+00  8.43750000e-09  1.51660528e+00 
 8.44250000e-09  0.00000000e+00  8.44250000e-09  0.00000000e+00  8.44250000e-09  1.79999969e+00  8.44250000e-09  1.51622617e+00 
 8.44750000e-09  0.00000000e+00  8.44750000e-09  0.00000000e+00  8.44750000e-09  1.79999969e+00  8.44750000e-09  1.51584716e+00 
 8.45250000e-09  0.00000000e+00  8.45250000e-09  0.00000000e+00  8.45250000e-09  1.79999969e+00  8.45250000e-09  1.51546825e+00 
 8.45750000e-09  0.00000000e+00  8.45750000e-09  0.00000000e+00  8.45750000e-09  1.79999969e+00  8.45750000e-09  1.51508943e+00 
 8.46250000e-09  0.00000000e+00  8.46250000e-09  0.00000000e+00  8.46250000e-09  1.79999969e+00  8.46250000e-09  1.51471070e+00 
 8.46750000e-09  0.00000000e+00  8.46750000e-09  0.00000000e+00  8.46750000e-09  1.79999969e+00  8.46750000e-09  1.51433207e+00 
 8.47250000e-09  0.00000000e+00  8.47250000e-09  0.00000000e+00  8.47250000e-09  1.79999969e+00  8.47250000e-09  1.51395354e+00 
 8.47750000e-09  0.00000000e+00  8.47750000e-09  0.00000000e+00  8.47750000e-09  1.79999969e+00  8.47750000e-09  1.51357510e+00 
 8.48250000e-09  0.00000000e+00  8.48250000e-09  0.00000000e+00  8.48250000e-09  1.79999969e+00  8.48250000e-09  1.51319675e+00 
 8.48750000e-09  0.00000000e+00  8.48750000e-09  0.00000000e+00  8.48750000e-09  1.79999969e+00  8.48750000e-09  1.51281850e+00 
 8.49250000e-09  0.00000000e+00  8.49250000e-09  0.00000000e+00  8.49250000e-09  1.79999969e+00  8.49250000e-09  1.51244034e+00 
 8.49750000e-09  0.00000000e+00  8.49750000e-09  0.00000000e+00  8.49750000e-09  1.79999968e+00  8.49750000e-09  1.51206228e+00 
 8.50250000e-09  0.00000000e+00  8.50250000e-09  0.00000000e+00  8.50250000e-09  1.79999968e+00  8.50250000e-09  1.51168431e+00 
 8.50750000e-09  0.00000000e+00  8.50750000e-09  0.00000000e+00  8.50750000e-09  1.79999968e+00  8.50750000e-09  1.51130643e+00 
 8.51250000e-09  0.00000000e+00  8.51250000e-09  0.00000000e+00  8.51250000e-09  1.79999968e+00  8.51250000e-09  1.51092865e+00 
 8.51750000e-09  0.00000000e+00  8.51750000e-09  0.00000000e+00  8.51750000e-09  1.79999968e+00  8.51750000e-09  1.51055097e+00 
 8.52250000e-09  0.00000000e+00  8.52250000e-09  0.00000000e+00  8.52250000e-09  1.79999968e+00  8.52250000e-09  1.51017338e+00 
 8.52750000e-09  0.00000000e+00  8.52750000e-09  0.00000000e+00  8.52750000e-09  1.79999968e+00  8.52750000e-09  1.50979588e+00 
 8.53250000e-09  0.00000000e+00  8.53250000e-09  0.00000000e+00  8.53250000e-09  1.79999968e+00  8.53250000e-09  1.50941848e+00 
 8.53750000e-09  0.00000000e+00  8.53750000e-09  0.00000000e+00  8.53750000e-09  1.79999968e+00  8.53750000e-09  1.50904117e+00 
 8.54250000e-09  0.00000000e+00  8.54250000e-09  0.00000000e+00  8.54250000e-09  1.79999968e+00  8.54250000e-09  1.50866396e+00 
 8.54750000e-09  0.00000000e+00  8.54750000e-09  0.00000000e+00  8.54750000e-09  1.79999968e+00  8.54750000e-09  1.50828684e+00 
 8.55250000e-09  0.00000000e+00  8.55250000e-09  0.00000000e+00  8.55250000e-09  1.79999968e+00  8.55250000e-09  1.50790981e+00 
 8.55750000e-09  0.00000000e+00  8.55750000e-09  0.00000000e+00  8.55750000e-09  1.79999968e+00  8.55750000e-09  1.50753288e+00 
 8.56250000e-09  0.00000000e+00  8.56250000e-09  0.00000000e+00  8.56250000e-09  1.79999968e+00  8.56250000e-09  1.50715605e+00 
 8.56750000e-09  0.00000000e+00  8.56750000e-09  0.00000000e+00  8.56750000e-09  1.79999968e+00  8.56750000e-09  1.50677930e+00 
 8.57250000e-09  0.00000000e+00  8.57250000e-09  0.00000000e+00  8.57250000e-09  1.79999968e+00  8.57250000e-09  1.50640266e+00 
 8.57750000e-09  0.00000000e+00  8.57750000e-09  0.00000000e+00  8.57750000e-09  1.79999968e+00  8.57750000e-09  1.50602610e+00 
 8.58250000e-09  0.00000000e+00  8.58250000e-09  0.00000000e+00  8.58250000e-09  1.79999968e+00  8.58250000e-09  1.50564964e+00 
 8.58750000e-09  0.00000000e+00  8.58750000e-09  0.00000000e+00  8.58750000e-09  1.79999968e+00  8.58750000e-09  1.50527328e+00 
 8.59250000e-09  0.00000000e+00  8.59250000e-09  0.00000000e+00  8.59250000e-09  1.79999968e+00  8.59250000e-09  1.50489700e+00 
 8.59750000e-09  0.00000000e+00  8.59750000e-09  0.00000000e+00  8.59750000e-09  1.79999968e+00  8.59750000e-09  1.50452083e+00 
 8.60250000e-09  0.00000000e+00  8.60250000e-09  0.00000000e+00  8.60250000e-09  1.79999968e+00  8.60250000e-09  1.50414474e+00 
 8.60750000e-09  0.00000000e+00  8.60750000e-09  0.00000000e+00  8.60750000e-09  1.79999968e+00  8.60750000e-09  1.50376875e+00 
 8.61250000e-09  0.00000000e+00  8.61250000e-09  0.00000000e+00  8.61250000e-09  1.79999967e+00  8.61250000e-09  1.50339286e+00 
 8.61750000e-09  0.00000000e+00  8.61750000e-09  0.00000000e+00  8.61750000e-09  1.79999967e+00  8.61750000e-09  1.50301706e+00 
 8.62250000e-09  0.00000000e+00  8.62250000e-09  0.00000000e+00  8.62250000e-09  1.79999967e+00  8.62250000e-09  1.50264135e+00 
 8.62750000e-09  0.00000000e+00  8.62750000e-09  0.00000000e+00  8.62750000e-09  1.79999967e+00  8.62750000e-09  1.50226574e+00 
 8.63250000e-09  0.00000000e+00  8.63250000e-09  0.00000000e+00  8.63250000e-09  1.79999967e+00  8.63250000e-09  1.50189022e+00 
 8.63750000e-09  0.00000000e+00  8.63750000e-09  0.00000000e+00  8.63750000e-09  1.79999967e+00  8.63750000e-09  1.50151479e+00 
 8.64250000e-09  0.00000000e+00  8.64250000e-09  0.00000000e+00  8.64250000e-09  1.79999967e+00  8.64250000e-09  1.50113946e+00 
 8.64750000e-09  0.00000000e+00  8.64750000e-09  0.00000000e+00  8.64750000e-09  1.79999967e+00  8.64750000e-09  1.50076422e+00 
 8.65250000e-09  0.00000000e+00  8.65250000e-09  0.00000000e+00  8.65250000e-09  1.79999967e+00  8.65250000e-09  1.50038908e+00 
 8.65750000e-09  0.00000000e+00  8.65750000e-09  0.00000000e+00  8.65750000e-09  1.79999967e+00  8.65750000e-09  1.50001402e+00 
 8.66250000e-09  0.00000000e+00  8.66250000e-09  0.00000000e+00  8.66250000e-09  1.79999967e+00  8.66250000e-09  1.49963907e+00 
 8.66750000e-09  0.00000000e+00  8.66750000e-09  0.00000000e+00  8.66750000e-09  1.79999967e+00  8.66750000e-09  1.49926420e+00 
 8.67250000e-09  0.00000000e+00  8.67250000e-09  0.00000000e+00  8.67250000e-09  1.79999967e+00  8.67250000e-09  1.49888944e+00 
 8.67750000e-09  0.00000000e+00  8.67750000e-09  0.00000000e+00  8.67750000e-09  1.79999967e+00  8.67750000e-09  1.49851476e+00 
 8.68250000e-09  0.00000000e+00  8.68250000e-09  0.00000000e+00  8.68250000e-09  1.79999967e+00  8.68250000e-09  1.49814018e+00 
 8.68750000e-09  0.00000000e+00  8.68750000e-09  0.00000000e+00  8.68750000e-09  1.79999967e+00  8.68750000e-09  1.49776569e+00 
 8.69250000e-09  0.00000000e+00  8.69250000e-09  0.00000000e+00  8.69250000e-09  1.79999967e+00  8.69250000e-09  1.49739129e+00 
 8.69750000e-09  0.00000000e+00  8.69750000e-09  0.00000000e+00  8.69750000e-09  1.79999967e+00  8.69750000e-09  1.49701699e+00 
 8.70250000e-09  0.00000000e+00  8.70250000e-09  0.00000000e+00  8.70250000e-09  1.79999967e+00  8.70250000e-09  1.49664278e+00 
 8.70750000e-09  0.00000000e+00  8.70750000e-09  0.00000000e+00  8.70750000e-09  1.79999967e+00  8.70750000e-09  1.49626867e+00 
 8.71250000e-09  0.00000000e+00  8.71250000e-09  0.00000000e+00  8.71250000e-09  1.79999967e+00  8.71250000e-09  1.49589465e+00 
 8.71750000e-09  0.00000000e+00  8.71750000e-09  0.00000000e+00  8.71750000e-09  1.79999967e+00  8.71750000e-09  1.49552072e+00 
 8.72250000e-09  0.00000000e+00  8.72250000e-09  0.00000000e+00  8.72250000e-09  1.79999966e+00  8.72250000e-09  1.49514689e+00 
 8.72750000e-09  0.00000000e+00  8.72750000e-09  0.00000000e+00  8.72750000e-09  1.79999966e+00  8.72750000e-09  1.49477315e+00 
 8.73250000e-09  0.00000000e+00  8.73250000e-09  0.00000000e+00  8.73250000e-09  1.79999966e+00  8.73250000e-09  1.49439950e+00 
 8.73750000e-09  0.00000000e+00  8.73750000e-09  0.00000000e+00  8.73750000e-09  1.79999966e+00  8.73750000e-09  1.49402595e+00 
 8.74250000e-09  0.00000000e+00  8.74250000e-09  0.00000000e+00  8.74250000e-09  1.79999966e+00  8.74250000e-09  1.49365249e+00 
 8.74750000e-09  0.00000000e+00  8.74750000e-09  0.00000000e+00  8.74750000e-09  1.79999966e+00  8.74750000e-09  1.49327912e+00 
 8.75250000e-09  0.00000000e+00  8.75250000e-09  0.00000000e+00  8.75250000e-09  1.79999966e+00  8.75250000e-09  1.49290585e+00 
 8.75750000e-09  0.00000000e+00  8.75750000e-09  0.00000000e+00  8.75750000e-09  1.79999966e+00  8.75750000e-09  1.49253267e+00 
 8.76250000e-09  0.00000000e+00  8.76250000e-09  0.00000000e+00  8.76250000e-09  1.79999966e+00  8.76250000e-09  1.49215958e+00 
 8.76750000e-09  0.00000000e+00  8.76750000e-09  0.00000000e+00  8.76750000e-09  1.79999966e+00  8.76750000e-09  1.49178659e+00 
 8.77250000e-09  0.00000000e+00  8.77250000e-09  0.00000000e+00  8.77250000e-09  1.79999966e+00  8.77250000e-09  1.49141369e+00 
 8.77750000e-09  0.00000000e+00  8.77750000e-09  0.00000000e+00  8.77750000e-09  1.79999966e+00  8.77750000e-09  1.49104088e+00 
 8.78250000e-09  0.00000000e+00  8.78250000e-09  0.00000000e+00  8.78250000e-09  1.79999966e+00  8.78250000e-09  1.49066817e+00 
 8.78750000e-09  0.00000000e+00  8.78750000e-09  0.00000000e+00  8.78750000e-09  1.79999966e+00  8.78750000e-09  1.49029555e+00 
 8.79250000e-09  0.00000000e+00  8.79250000e-09  0.00000000e+00  8.79250000e-09  1.79999966e+00  8.79250000e-09  1.48992302e+00 
 8.79750000e-09  0.00000000e+00  8.79750000e-09  0.00000000e+00  8.79750000e-09  1.79999966e+00  8.79750000e-09  1.48955058e+00 
 8.80250000e-09  0.00000000e+00  8.80250000e-09  0.00000000e+00  8.80250000e-09  1.79999966e+00  8.80250000e-09  1.48917824e+00 
 8.80750000e-09  0.00000000e+00  8.80750000e-09  0.00000000e+00  8.80750000e-09  1.79999966e+00  8.80750000e-09  1.48880599e+00 
 8.81250000e-09  0.00000000e+00  8.81250000e-09  0.00000000e+00  8.81250000e-09  1.79999966e+00  8.81250000e-09  1.48843384e+00 
 8.81750000e-09  0.00000000e+00  8.81750000e-09  0.00000000e+00  8.81750000e-09  1.79999966e+00  8.81750000e-09  1.48806178e+00 
 8.82250000e-09  0.00000000e+00  8.82250000e-09  0.00000000e+00  8.82250000e-09  1.79999966e+00  8.82250000e-09  1.48768981e+00 
 8.82750000e-09  0.00000000e+00  8.82750000e-09  0.00000000e+00  8.82750000e-09  1.79999966e+00  8.82750000e-09  1.48731793e+00 
 8.83250000e-09  0.00000000e+00  8.83250000e-09  0.00000000e+00  8.83250000e-09  1.79999965e+00  8.83250000e-09  1.48694615e+00 
 8.83750000e-09  0.00000000e+00  8.83750000e-09  0.00000000e+00  8.83750000e-09  1.79999965e+00  8.83750000e-09  1.48657446e+00 
 8.84250000e-09  0.00000000e+00  8.84250000e-09  0.00000000e+00  8.84250000e-09  1.79999965e+00  8.84250000e-09  1.48620286e+00 
 8.84750000e-09  0.00000000e+00  8.84750000e-09  0.00000000e+00  8.84750000e-09  1.79999965e+00  8.84750000e-09  1.48583135e+00 
 8.85250000e-09  0.00000000e+00  8.85250000e-09  0.00000000e+00  8.85250000e-09  1.79999965e+00  8.85250000e-09  1.48545994e+00 
 8.85750000e-09  0.00000000e+00  8.85750000e-09  0.00000000e+00  8.85750000e-09  1.79999965e+00  8.85750000e-09  1.48508862e+00 
 8.86250000e-09  0.00000000e+00  8.86250000e-09  0.00000000e+00  8.86250000e-09  1.79999965e+00  8.86250000e-09  1.48471740e+00 
 8.86750000e-09  0.00000000e+00  8.86750000e-09  0.00000000e+00  8.86750000e-09  1.79999965e+00  8.86750000e-09  1.48434626e+00 
 8.87250000e-09  0.00000000e+00  8.87250000e-09  0.00000000e+00  8.87250000e-09  1.79999965e+00  8.87250000e-09  1.48397522e+00 
 8.87750000e-09  0.00000000e+00  8.87750000e-09  0.00000000e+00  8.87750000e-09  1.79999965e+00  8.87750000e-09  1.48360428e+00 
 8.88250000e-09  0.00000000e+00  8.88250000e-09  0.00000000e+00  8.88250000e-09  1.79999965e+00  8.88250000e-09  1.48323342e+00 
 8.88750000e-09  0.00000000e+00  8.88750000e-09  0.00000000e+00  8.88750000e-09  1.79999965e+00  8.88750000e-09  1.48286266e+00 
 8.89250000e-09  0.00000000e+00  8.89250000e-09  0.00000000e+00  8.89250000e-09  1.79999965e+00  8.89250000e-09  1.48249199e+00 
 8.89750000e-09  0.00000000e+00  8.89750000e-09  0.00000000e+00  8.89750000e-09  1.79999965e+00  8.89750000e-09  1.48212141e+00 
 8.90250000e-09  0.00000000e+00  8.90250000e-09  0.00000000e+00  8.90250000e-09  1.79999965e+00  8.90250000e-09  1.48175093e+00 
 8.90750000e-09  0.00000000e+00  8.90750000e-09  0.00000000e+00  8.90750000e-09  1.79999965e+00  8.90750000e-09  1.48138054e+00 
 8.91250000e-09  0.00000000e+00  8.91250000e-09  0.00000000e+00  8.91250000e-09  1.79999965e+00  8.91250000e-09  1.48101024e+00 
 8.91750000e-09  0.00000000e+00  8.91750000e-09  0.00000000e+00  8.91750000e-09  1.79999965e+00  8.91750000e-09  1.48064003e+00 
 8.92250000e-09  0.00000000e+00  8.92250000e-09  0.00000000e+00  8.92250000e-09  1.79999965e+00  8.92250000e-09  1.48026992e+00 
 8.92750000e-09  0.00000000e+00  8.92750000e-09  0.00000000e+00  8.92750000e-09  1.79999965e+00  8.92750000e-09  1.47989990e+00 
 8.93250000e-09  0.00000000e+00  8.93250000e-09  0.00000000e+00  8.93250000e-09  1.79999965e+00  8.93250000e-09  1.47952997e+00 
 8.93750000e-09  0.00000000e+00  8.93750000e-09  0.00000000e+00  8.93750000e-09  1.79999965e+00  8.93750000e-09  1.47916013e+00 
 8.94250000e-09  0.00000000e+00  8.94250000e-09  0.00000000e+00  8.94250000e-09  1.79999964e+00  8.94250000e-09  1.47879039e+00 
 8.94750000e-09  0.00000000e+00  8.94750000e-09  0.00000000e+00  8.94750000e-09  1.79999964e+00  8.94750000e-09  1.47842073e+00 
 8.95250000e-09  0.00000000e+00  8.95250000e-09  0.00000000e+00  8.95250000e-09  1.79999964e+00  8.95250000e-09  1.47805117e+00 
 8.95750000e-09  0.00000000e+00  8.95750000e-09  0.00000000e+00  8.95750000e-09  1.79999964e+00  8.95750000e-09  1.47768171e+00 
 8.96250000e-09  0.00000000e+00  8.96250000e-09  0.00000000e+00  8.96250000e-09  1.79999964e+00  8.96250000e-09  1.47731233e+00 
 8.96750000e-09  0.00000000e+00  8.96750000e-09  0.00000000e+00  8.96750000e-09  1.79999964e+00  8.96750000e-09  1.47694305e+00 
 8.97250000e-09  0.00000000e+00  8.97250000e-09  0.00000000e+00  8.97250000e-09  1.79999964e+00  8.97250000e-09  1.47657386e+00 
 8.97750000e-09  0.00000000e+00  8.97750000e-09  0.00000000e+00  8.97750000e-09  1.79999964e+00  8.97750000e-09  1.47620476e+00 
 8.98250000e-09  0.00000000e+00  8.98250000e-09  0.00000000e+00  8.98250000e-09  1.79999964e+00  8.98250000e-09  1.47583576e+00 
 8.98750000e-09  0.00000000e+00  8.98750000e-09  0.00000000e+00  8.98750000e-09  1.79999964e+00  8.98750000e-09  1.47546685e+00 
 8.99250000e-09  0.00000000e+00  8.99250000e-09  0.00000000e+00  8.99250000e-09  1.79999964e+00  8.99250000e-09  1.47509802e+00 
 8.99750000e-09  0.00000000e+00  8.99750000e-09  0.00000000e+00  8.99750000e-09  1.79999964e+00  8.99750000e-09  1.47472930e+00 
 9.00250000e-09  0.00000000e+00  9.00250000e-09  0.00000000e+00  9.00250000e-09  1.79999964e+00  9.00250000e-09  1.47436066e+00 
 9.00750000e-09  0.00000000e+00  9.00750000e-09  0.00000000e+00  9.00750000e-09  1.79999964e+00  9.00750000e-09  1.47399211e+00 
 9.01250000e-09  0.00000000e+00  9.01250000e-09  0.00000000e+00  9.01250000e-09  1.79999964e+00  9.01250000e-09  1.47362366e+00 
 9.01750000e-09  0.00000000e+00  9.01750000e-09  0.00000000e+00  9.01750000e-09  1.79999964e+00  9.01750000e-09  1.47325530e+00 
 9.02250000e-09  0.00000000e+00  9.02250000e-09  0.00000000e+00  9.02250000e-09  1.79999964e+00  9.02250000e-09  1.47288703e+00 
 9.02750000e-09  0.00000000e+00  9.02750000e-09  0.00000000e+00  9.02750000e-09  1.79999964e+00  9.02750000e-09  1.47251886e+00 
 9.03250000e-09  0.00000000e+00  9.03250000e-09  0.00000000e+00  9.03250000e-09  1.79999964e+00  9.03250000e-09  1.47215077e+00 
 9.03750000e-09  0.00000000e+00  9.03750000e-09  0.00000000e+00  9.03750000e-09  1.79999964e+00  9.03750000e-09  1.47178278e+00 
 9.04250000e-09  0.00000000e+00  9.04250000e-09  0.00000000e+00  9.04250000e-09  1.79999964e+00  9.04250000e-09  1.47141488e+00 
 9.04750000e-09  0.00000000e+00  9.04750000e-09  0.00000000e+00  9.04750000e-09  1.79999964e+00  9.04750000e-09  1.47104707e+00 
 9.05250000e-09  0.00000000e+00  9.05250000e-09  0.00000000e+00  9.05250000e-09  1.79999963e+00  9.05250000e-09  1.47067936e+00 
 9.05750000e-09  0.00000000e+00  9.05750000e-09  0.00000000e+00  9.05750000e-09  1.79999963e+00  9.05750000e-09  1.47031173e+00 
 9.06250000e-09  0.00000000e+00  9.06250000e-09  0.00000000e+00  9.06250000e-09  1.79999963e+00  9.06250000e-09  1.46994420e+00 
 9.06750000e-09  0.00000000e+00  9.06750000e-09  0.00000000e+00  9.06750000e-09  1.79999963e+00  9.06750000e-09  1.46957676e+00 
 9.07250000e-09  0.00000000e+00  9.07250000e-09  0.00000000e+00  9.07250000e-09  1.79999963e+00  9.07250000e-09  1.46920941e+00 
 9.07750000e-09  0.00000000e+00  9.07750000e-09  0.00000000e+00  9.07750000e-09  1.79999963e+00  9.07750000e-09  1.46884216e+00 
 9.08250000e-09  0.00000000e+00  9.08250000e-09  0.00000000e+00  9.08250000e-09  1.79999963e+00  9.08250000e-09  1.46847499e+00 
 9.08750000e-09  0.00000000e+00  9.08750000e-09  0.00000000e+00  9.08750000e-09  1.79999963e+00  9.08750000e-09  1.46810792e+00 
 9.09250000e-09  0.00000000e+00  9.09250000e-09  0.00000000e+00  9.09250000e-09  1.79999963e+00  9.09250000e-09  1.46774094e+00 
 9.09750000e-09  0.00000000e+00  9.09750000e-09  0.00000000e+00  9.09750000e-09  1.79999963e+00  9.09750000e-09  1.46737405e+00 
 9.10250000e-09  0.00000000e+00  9.10250000e-09  0.00000000e+00  9.10250000e-09  1.79999963e+00  9.10250000e-09  1.46700725e+00 
 9.10750000e-09  0.00000000e+00  9.10750000e-09  0.00000000e+00  9.10750000e-09  1.79999963e+00  9.10750000e-09  1.46664054e+00 
 9.11250000e-09  0.00000000e+00  9.11250000e-09  0.00000000e+00  9.11250000e-09  1.79999963e+00  9.11250000e-09  1.46627393e+00 
 9.11750000e-09  0.00000000e+00  9.11750000e-09  0.00000000e+00  9.11750000e-09  1.79999963e+00  9.11750000e-09  1.46590740e+00 
 9.12250000e-09  0.00000000e+00  9.12250000e-09  0.00000000e+00  9.12250000e-09  1.79999963e+00  9.12250000e-09  1.46554097e+00 
 9.12750000e-09  0.00000000e+00  9.12750000e-09  0.00000000e+00  9.12750000e-09  1.79999963e+00  9.12750000e-09  1.46517463e+00 
 9.13250000e-09  0.00000000e+00  9.13250000e-09  0.00000000e+00  9.13250000e-09  1.79999963e+00  9.13250000e-09  1.46480839e+00 
 9.13750000e-09  0.00000000e+00  9.13750000e-09  0.00000000e+00  9.13750000e-09  1.79999963e+00  9.13750000e-09  1.46444223e+00 
 9.14250000e-09  0.00000000e+00  9.14250000e-09  0.00000000e+00  9.14250000e-09  1.79999963e+00  9.14250000e-09  1.46407616e+00 
 9.14750000e-09  0.00000000e+00  9.14750000e-09  0.00000000e+00  9.14750000e-09  1.79999963e+00  9.14750000e-09  1.46371019e+00 
 9.15250000e-09  0.00000000e+00  9.15250000e-09  0.00000000e+00  9.15250000e-09  1.79999963e+00  9.15250000e-09  1.46334431e+00 
 9.15750000e-09  0.00000000e+00  9.15750000e-09  0.00000000e+00  9.15750000e-09  1.79999963e+00  9.15750000e-09  1.46297852e+00 
 9.16250000e-09  0.00000000e+00  9.16250000e-09  0.00000000e+00  9.16250000e-09  1.79999962e+00  9.16250000e-09  1.46261282e+00 
 9.16750000e-09  0.00000000e+00  9.16750000e-09  0.00000000e+00  9.16750000e-09  1.79999962e+00  9.16750000e-09  1.46224721e+00 
 9.17250000e-09  0.00000000e+00  9.17250000e-09  0.00000000e+00  9.17250000e-09  1.79999962e+00  9.17250000e-09  1.46188169e+00 
 9.17750000e-09  0.00000000e+00  9.17750000e-09  0.00000000e+00  9.17750000e-09  1.79999962e+00  9.17750000e-09  1.46151627e+00 
 9.18250000e-09  0.00000000e+00  9.18250000e-09  0.00000000e+00  9.18250000e-09  1.79999962e+00  9.18250000e-09  1.46115094e+00 
 9.18750000e-09  0.00000000e+00  9.18750000e-09  0.00000000e+00  9.18750000e-09  1.79999962e+00  9.18750000e-09  1.46078569e+00 
 9.19250000e-09  0.00000000e+00  9.19250000e-09  0.00000000e+00  9.19250000e-09  1.79999962e+00  9.19250000e-09  1.46042054e+00 
 9.19750000e-09  0.00000000e+00  9.19750000e-09  0.00000000e+00  9.19750000e-09  1.79999962e+00  9.19750000e-09  1.46005548e+00 
 9.20250000e-09  0.00000000e+00  9.20250000e-09  0.00000000e+00  9.20250000e-09  1.79999962e+00  9.20250000e-09  1.45969051e+00 
 9.20750000e-09  0.00000000e+00  9.20750000e-09  0.00000000e+00  9.20750000e-09  1.79999962e+00  9.20750000e-09  1.45932564e+00 
 9.21250000e-09  0.00000000e+00  9.21250000e-09  0.00000000e+00  9.21250000e-09  1.79999962e+00  9.21250000e-09  1.45896085e+00 
 9.21750000e-09  0.00000000e+00  9.21750000e-09  0.00000000e+00  9.21750000e-09  1.79999962e+00  9.21750000e-09  1.45859616e+00 
 9.22250000e-09  0.00000000e+00  9.22250000e-09  0.00000000e+00  9.22250000e-09  1.79999962e+00  9.22250000e-09  1.45823155e+00 
 9.22750000e-09  0.00000000e+00  9.22750000e-09  0.00000000e+00  9.22750000e-09  1.79999962e+00  9.22750000e-09  1.45786704e+00 
 9.23250000e-09  0.00000000e+00  9.23250000e-09  0.00000000e+00  9.23250000e-09  1.79999962e+00  9.23250000e-09  1.45750262e+00 
 9.23750000e-09  0.00000000e+00  9.23750000e-09  0.00000000e+00  9.23750000e-09  1.79999962e+00  9.23750000e-09  1.45713829e+00 
 9.24250000e-09  0.00000000e+00  9.24250000e-09  0.00000000e+00  9.24250000e-09  1.79999962e+00  9.24250000e-09  1.45677405e+00 
 9.24750000e-09  0.00000000e+00  9.24750000e-09  0.00000000e+00  9.24750000e-09  1.79999962e+00  9.24750000e-09  1.45640990e+00 
 9.25250000e-09  0.00000000e+00  9.25250000e-09  0.00000000e+00  9.25250000e-09  1.79999962e+00  9.25250000e-09  1.45604584e+00 
 9.25750000e-09  0.00000000e+00  9.25750000e-09  0.00000000e+00  9.25750000e-09  1.79999962e+00  9.25750000e-09  1.45568188e+00 
 9.26250000e-09  0.00000000e+00  9.26250000e-09  0.00000000e+00  9.26250000e-09  1.79999962e+00  9.26250000e-09  1.45531800e+00 
 9.26750000e-09  0.00000000e+00  9.26750000e-09  0.00000000e+00  9.26750000e-09  1.79999962e+00  9.26750000e-09  1.45495422e+00 
 9.27250000e-09  0.00000000e+00  9.27250000e-09  0.00000000e+00  9.27250000e-09  1.79999961e+00  9.27250000e-09  1.45459052e+00 
 9.27750000e-09  0.00000000e+00  9.27750000e-09  0.00000000e+00  9.27750000e-09  1.79999961e+00  9.27750000e-09  1.45422692e+00 
 9.28250000e-09  0.00000000e+00  9.28250000e-09  0.00000000e+00  9.28250000e-09  1.79999961e+00  9.28250000e-09  1.45386341e+00 
 9.28750000e-09  0.00000000e+00  9.28750000e-09  0.00000000e+00  9.28750000e-09  1.79999961e+00  9.28750000e-09  1.45349999e+00 
 9.29250000e-09  0.00000000e+00  9.29250000e-09  0.00000000e+00  9.29250000e-09  1.79999961e+00  9.29250000e-09  1.45313666e+00 
 9.29750000e-09  0.00000000e+00  9.29750000e-09  0.00000000e+00  9.29750000e-09  1.79999961e+00  9.29750000e-09  1.45277342e+00 
 9.30250000e-09  0.00000000e+00  9.30250000e-09  0.00000000e+00  9.30250000e-09  1.79999961e+00  9.30250000e-09  1.45241027e+00 
 9.30750000e-09  0.00000000e+00  9.30750000e-09  0.00000000e+00  9.30750000e-09  1.79999961e+00  9.30750000e-09  1.45204721e+00 
 9.31250000e-09  0.00000000e+00  9.31250000e-09  0.00000000e+00  9.31250000e-09  1.79999961e+00  9.31250000e-09  1.45168425e+00 
 9.31750000e-09  0.00000000e+00  9.31750000e-09  0.00000000e+00  9.31750000e-09  1.79999961e+00  9.31750000e-09  1.45132137e+00 
 9.32250000e-09  0.00000000e+00  9.32250000e-09  0.00000000e+00  9.32250000e-09  1.79999961e+00  9.32250000e-09  1.45095859e+00 
 9.32750000e-09  0.00000000e+00  9.32750000e-09  0.00000000e+00  9.32750000e-09  1.79999961e+00  9.32750000e-09  1.45059589e+00 
 9.33250000e-09  0.00000000e+00  9.33250000e-09  0.00000000e+00  9.33250000e-09  1.79999961e+00  9.33250000e-09  1.45023329e+00 
 9.33750000e-09  0.00000000e+00  9.33750000e-09  0.00000000e+00  9.33750000e-09  1.79999961e+00  9.33750000e-09  1.44987077e+00 
 9.34250000e-09  0.00000000e+00  9.34250000e-09  0.00000000e+00  9.34250000e-09  1.79999961e+00  9.34250000e-09  1.44950835e+00 
 9.34750000e-09  0.00000000e+00  9.34750000e-09  0.00000000e+00  9.34750000e-09  1.79999961e+00  9.34750000e-09  1.44914602e+00 
 9.35250000e-09  0.00000000e+00  9.35250000e-09  0.00000000e+00  9.35250000e-09  1.79999961e+00  9.35250000e-09  1.44878378e+00 
 9.35750000e-09  0.00000000e+00  9.35750000e-09  0.00000000e+00  9.35750000e-09  1.79999961e+00  9.35750000e-09  1.44842163e+00 
 9.36250000e-09  0.00000000e+00  9.36250000e-09  0.00000000e+00  9.36250000e-09  1.79999961e+00  9.36250000e-09  1.44805957e+00 
 9.36750000e-09  0.00000000e+00  9.36750000e-09  0.00000000e+00  9.36750000e-09  1.79999961e+00  9.36750000e-09  1.44769760e+00 
 9.37250000e-09  0.00000000e+00  9.37250000e-09  0.00000000e+00  9.37250000e-09  1.79999961e+00  9.37250000e-09  1.44733572e+00 
 9.37750000e-09  0.00000000e+00  9.37750000e-09  0.00000000e+00  9.37750000e-09  1.79999961e+00  9.37750000e-09  1.44697393e+00 
 9.38250000e-09  0.00000000e+00  9.38250000e-09  0.00000000e+00  9.38250000e-09  1.79999960e+00  9.38250000e-09  1.44661223e+00 
 9.38750000e-09  0.00000000e+00  9.38750000e-09  0.00000000e+00  9.38750000e-09  1.79999960e+00  9.38750000e-09  1.44625062e+00 
 9.39250000e-09  0.00000000e+00  9.39250000e-09  0.00000000e+00  9.39250000e-09  1.79999960e+00  9.39250000e-09  1.44588910e+00 
 9.39750000e-09  0.00000000e+00  9.39750000e-09  0.00000000e+00  9.39750000e-09  1.79999960e+00  9.39750000e-09  1.44552768e+00 
 9.40250000e-09  0.00000000e+00  9.40250000e-09  0.00000000e+00  9.40250000e-09  1.79999960e+00  9.40250000e-09  1.44516634e+00 
 9.40750000e-09  0.00000000e+00  9.40750000e-09  0.00000000e+00  9.40750000e-09  1.79999960e+00  9.40750000e-09  1.44480509e+00 
 9.41250000e-09  0.00000000e+00  9.41250000e-09  0.00000000e+00  9.41250000e-09  1.79999960e+00  9.41250000e-09  1.44444394e+00 
 9.41750000e-09  0.00000000e+00  9.41750000e-09  0.00000000e+00  9.41750000e-09  1.79999960e+00  9.41750000e-09  1.44408287e+00 
 9.42250000e-09  0.00000000e+00  9.42250000e-09  0.00000000e+00  9.42250000e-09  1.79999960e+00  9.42250000e-09  1.44372189e+00 
 9.42750000e-09  0.00000000e+00  9.42750000e-09  0.00000000e+00  9.42750000e-09  1.79999960e+00  9.42750000e-09  1.44336101e+00 
 9.43250000e-09  0.00000000e+00  9.43250000e-09  0.00000000e+00  9.43250000e-09  1.79999960e+00  9.43250000e-09  1.44300021e+00 
 9.43750000e-09  0.00000000e+00  9.43750000e-09  0.00000000e+00  9.43750000e-09  1.79999960e+00  9.43750000e-09  1.44263951e+00 
 9.44250000e-09  0.00000000e+00  9.44250000e-09  0.00000000e+00  9.44250000e-09  1.79999960e+00  9.44250000e-09  1.44227889e+00 
 9.44750000e-09  0.00000000e+00  9.44750000e-09  0.00000000e+00  9.44750000e-09  1.79999960e+00  9.44750000e-09  1.44191837e+00 
 9.45250000e-09  0.00000000e+00  9.45250000e-09  0.00000000e+00  9.45250000e-09  1.79999960e+00  9.45250000e-09  1.44155793e+00 
 9.45750000e-09  0.00000000e+00  9.45750000e-09  0.00000000e+00  9.45750000e-09  1.79999960e+00  9.45750000e-09  1.44119759e+00 
 9.46250000e-09  0.00000000e+00  9.46250000e-09  0.00000000e+00  9.46250000e-09  1.79999960e+00  9.46250000e-09  1.44083733e+00 
 9.46750000e-09  0.00000000e+00  9.46750000e-09  0.00000000e+00  9.46750000e-09  1.79999960e+00  9.46750000e-09  1.44047717e+00 
 9.47250000e-09  0.00000000e+00  9.47250000e-09  0.00000000e+00  9.47250000e-09  1.79999960e+00  9.47250000e-09  1.44011709e+00 
 9.47750000e-09  0.00000000e+00  9.47750000e-09  0.00000000e+00  9.47750000e-09  1.79999960e+00  9.47750000e-09  1.43975711e+00 
 9.48250000e-09  0.00000000e+00  9.48250000e-09  0.00000000e+00  9.48250000e-09  1.79999960e+00  9.48250000e-09  1.43939722e+00 
 9.48750000e-09  0.00000000e+00  9.48750000e-09  0.00000000e+00  9.48750000e-09  1.79999960e+00  9.48750000e-09  1.43903741e+00 
 9.49250000e-09  0.00000000e+00  9.49250000e-09  0.00000000e+00  9.49250000e-09  1.79999960e+00  9.49250000e-09  1.43867770e+00 
 9.49750000e-09  0.00000000e+00  9.49750000e-09  0.00000000e+00  9.49750000e-09  1.79999959e+00  9.49750000e-09  1.43831807e+00 
 9.50250000e-09  0.00000000e+00  9.50250000e-09  0.00000000e+00  9.50250000e-09  1.79999959e+00  9.50250000e-09  1.43795854e+00 
 9.50750000e-09  0.00000000e+00  9.50750000e-09  0.00000000e+00  9.50750000e-09  1.79999959e+00  9.50750000e-09  1.43759909e+00 
 9.51250000e-09  0.00000000e+00  9.51250000e-09  0.00000000e+00  9.51250000e-09  1.79999959e+00  9.51250000e-09  1.43723974e+00 
 9.51750000e-09  0.00000000e+00  9.51750000e-09  0.00000000e+00  9.51750000e-09  1.79999959e+00  9.51750000e-09  1.43688047e+00 
 9.52250000e-09  0.00000000e+00  9.52250000e-09  0.00000000e+00  9.52250000e-09  1.79999959e+00  9.52250000e-09  1.43652130e+00 
 9.52750000e-09  0.00000000e+00  9.52750000e-09  0.00000000e+00  9.52750000e-09  1.79999959e+00  9.52750000e-09  1.43616221e+00 
 9.53250000e-09  0.00000000e+00  9.53250000e-09  0.00000000e+00  9.53250000e-09  1.79999959e+00  9.53250000e-09  1.43580321e+00 
 9.53750000e-09  0.00000000e+00  9.53750000e-09  0.00000000e+00  9.53750000e-09  1.79999959e+00  9.53750000e-09  1.43544431e+00 
 9.54250000e-09  0.00000000e+00  9.54250000e-09  0.00000000e+00  9.54250000e-09  1.79999959e+00  9.54250000e-09  1.43508549e+00 
 9.54750000e-09  0.00000000e+00  9.54750000e-09  0.00000000e+00  9.54750000e-09  1.79999959e+00  9.54750000e-09  1.43472676e+00 
 9.55250000e-09  0.00000000e+00  9.55250000e-09  0.00000000e+00  9.55250000e-09  1.79999959e+00  9.55250000e-09  1.43436813e+00 
 9.55750000e-09  0.00000000e+00  9.55750000e-09  0.00000000e+00  9.55750000e-09  1.79999959e+00  9.55750000e-09  1.43400958e+00 
 9.56250000e-09  0.00000000e+00  9.56250000e-09  0.00000000e+00  9.56250000e-09  1.79999959e+00  9.56250000e-09  1.43365112e+00 
 9.56750000e-09  0.00000000e+00  9.56750000e-09  0.00000000e+00  9.56750000e-09  1.79999959e+00  9.56750000e-09  1.43329275e+00 
 9.57250000e-09  0.00000000e+00  9.57250000e-09  0.00000000e+00  9.57250000e-09  1.79999959e+00  9.57250000e-09  1.43293448e+00 
 9.57750000e-09  0.00000000e+00  9.57750000e-09  0.00000000e+00  9.57750000e-09  1.79999959e+00  9.57750000e-09  1.43257629e+00 
 9.58250000e-09  0.00000000e+00  9.58250000e-09  0.00000000e+00  9.58250000e-09  1.79999959e+00  9.58250000e-09  1.43221819e+00 
 9.58750000e-09  0.00000000e+00  9.58750000e-09  0.00000000e+00  9.58750000e-09  1.79999959e+00  9.58750000e-09  1.43186018e+00 
 9.59250000e-09  0.00000000e+00  9.59250000e-09  0.00000000e+00  9.59250000e-09  1.79999959e+00  9.59250000e-09  1.43150226e+00 
 9.59750000e-09  0.00000000e+00  9.59750000e-09  0.00000000e+00  9.59750000e-09  1.79999959e+00  9.59750000e-09  1.43114443e+00 
 9.60250000e-09  0.00000000e+00  9.60250000e-09  0.00000000e+00  9.60250000e-09  1.79999959e+00  9.60250000e-09  1.43078668e+00 
 9.60750000e-09  0.00000000e+00  9.60750000e-09  0.00000000e+00  9.60750000e-09  1.79999958e+00  9.60750000e-09  1.43042903e+00 
 9.61250000e-09  0.00000000e+00  9.61250000e-09  0.00000000e+00  9.61250000e-09  1.79999958e+00  9.61250000e-09  1.43007147e+00 
 9.61750000e-09  0.00000000e+00  9.61750000e-09  0.00000000e+00  9.61750000e-09  1.79999958e+00  9.61750000e-09  1.42971399e+00 
 9.62250000e-09  0.00000000e+00  9.62250000e-09  0.00000000e+00  9.62250000e-09  1.79999958e+00  9.62250000e-09  1.42935661e+00 
 9.62750000e-09  0.00000000e+00  9.62750000e-09  0.00000000e+00  9.62750000e-09  1.79999958e+00  9.62750000e-09  1.42899932e+00 
 9.63250000e-09  0.00000000e+00  9.63250000e-09  0.00000000e+00  9.63250000e-09  1.79999958e+00  9.63250000e-09  1.42864211e+00 
 9.63750000e-09  0.00000000e+00  9.63750000e-09  0.00000000e+00  9.63750000e-09  1.79999958e+00  9.63750000e-09  1.42828499e+00 
 9.64250000e-09  0.00000000e+00  9.64250000e-09  0.00000000e+00  9.64250000e-09  1.79999958e+00  9.64250000e-09  1.42792797e+00 
 9.64750000e-09  0.00000000e+00  9.64750000e-09  0.00000000e+00  9.64750000e-09  1.79999958e+00  9.64750000e-09  1.42757103e+00 
 9.65250000e-09  0.00000000e+00  9.65250000e-09  0.00000000e+00  9.65250000e-09  1.79999958e+00  9.65250000e-09  1.42721418e+00 
 9.65750000e-09  0.00000000e+00  9.65750000e-09  0.00000000e+00  9.65750000e-09  1.79999958e+00  9.65750000e-09  1.42685742e+00 
 9.66250000e-09  0.00000000e+00  9.66250000e-09  0.00000000e+00  9.66250000e-09  1.79999958e+00  9.66250000e-09  1.42650075e+00 
 9.66750000e-09  0.00000000e+00  9.66750000e-09  0.00000000e+00  9.66750000e-09  1.79999958e+00  9.66750000e-09  1.42614417e+00 
 9.67250000e-09  0.00000000e+00  9.67250000e-09  0.00000000e+00  9.67250000e-09  1.79999958e+00  9.67250000e-09  1.42578768e+00 
 9.67750000e-09  0.00000000e+00  9.67750000e-09  0.00000000e+00  9.67750000e-09  1.79999958e+00  9.67750000e-09  1.42543128e+00 
 9.68250000e-09  0.00000000e+00  9.68250000e-09  0.00000000e+00  9.68250000e-09  1.79999958e+00  9.68250000e-09  1.42507496e+00 
 9.68750000e-09  0.00000000e+00  9.68750000e-09  0.00000000e+00  9.68750000e-09  1.79999958e+00  9.68750000e-09  1.42471874e+00 
 9.69250000e-09  0.00000000e+00  9.69250000e-09  0.00000000e+00  9.69250000e-09  1.79999958e+00  9.69250000e-09  1.42436260e+00 
 9.69750000e-09  0.00000000e+00  9.69750000e-09  0.00000000e+00  9.69750000e-09  1.79999958e+00  9.69750000e-09  1.42400656e+00 
 9.70250000e-09  0.00000000e+00  9.70250000e-09  0.00000000e+00  9.70250000e-09  1.79999958e+00  9.70250000e-09  1.42365060e+00 
 9.70750000e-09  0.00000000e+00  9.70750000e-09  0.00000000e+00  9.70750000e-09  1.79999958e+00  9.70750000e-09  1.42329473e+00 
 9.71250000e-09  0.00000000e+00  9.71250000e-09  0.00000000e+00  9.71250000e-09  1.79999958e+00  9.71250000e-09  1.42293895e+00 
 9.71750000e-09  0.00000000e+00  9.71750000e-09  0.00000000e+00  9.71750000e-09  1.79999957e+00  9.71750000e-09  1.42258326e+00 
 9.72250000e-09  0.00000000e+00  9.72250000e-09  0.00000000e+00  9.72250000e-09  1.79999957e+00  9.72250000e-09  1.42222766e+00 
 9.72750000e-09  0.00000000e+00  9.72750000e-09  0.00000000e+00  9.72750000e-09  1.79999957e+00  9.72750000e-09  1.42187215e+00 
 9.73250000e-09  0.00000000e+00  9.73250000e-09  0.00000000e+00  9.73250000e-09  1.79999957e+00  9.73250000e-09  1.42151672e+00 
 9.73750000e-09  0.00000000e+00  9.73750000e-09  0.00000000e+00  9.73750000e-09  1.79999957e+00  9.73750000e-09  1.42116139e+00 
 9.74250000e-09  0.00000000e+00  9.74250000e-09  0.00000000e+00  9.74250000e-09  1.79999957e+00  9.74250000e-09  1.42080614e+00 
 9.74750000e-09  0.00000000e+00  9.74750000e-09  0.00000000e+00  9.74750000e-09  1.79999957e+00  9.74750000e-09  1.42045098e+00 
 9.75250000e-09  0.00000000e+00  9.75250000e-09  0.00000000e+00  9.75250000e-09  1.79999957e+00  9.75250000e-09  1.42009592e+00 
 9.75750000e-09  0.00000000e+00  9.75750000e-09  0.00000000e+00  9.75750000e-09  1.79999957e+00  9.75750000e-09  1.41974094e+00 
 9.76250000e-09  0.00000000e+00  9.76250000e-09  0.00000000e+00  9.76250000e-09  1.79999957e+00  9.76250000e-09  1.41938604e+00 
 9.76750000e-09  0.00000000e+00  9.76750000e-09  0.00000000e+00  9.76750000e-09  1.79999957e+00  9.76750000e-09  1.41903124e+00 
 9.77250000e-09  0.00000000e+00  9.77250000e-09  0.00000000e+00  9.77250000e-09  1.79999957e+00  9.77250000e-09  1.41867653e+00 
 9.77750000e-09  0.00000000e+00  9.77750000e-09  0.00000000e+00  9.77750000e-09  1.79999957e+00  9.77750000e-09  1.41832190e+00 
 9.78250000e-09  0.00000000e+00  9.78250000e-09  0.00000000e+00  9.78250000e-09  1.79999957e+00  9.78250000e-09  1.41796737e+00 
 9.78750000e-09  0.00000000e+00  9.78750000e-09  0.00000000e+00  9.78750000e-09  1.79999957e+00  9.78750000e-09  1.41761292e+00 
 9.79250000e-09  0.00000000e+00  9.79250000e-09  0.00000000e+00  9.79250000e-09  1.79999957e+00  9.79250000e-09  1.41725856e+00 
 9.79750000e-09  0.00000000e+00  9.79750000e-09  0.00000000e+00  9.79750000e-09  1.79999957e+00  9.79750000e-09  1.41690429e+00 
 9.80250000e-09  0.00000000e+00  9.80250000e-09  0.00000000e+00  9.80250000e-09  1.79999957e+00  9.80250000e-09  1.41655011e+00 
 9.80750000e-09  0.00000000e+00  9.80750000e-09  0.00000000e+00  9.80750000e-09  1.79999957e+00  9.80750000e-09  1.41619601e+00 
 9.81250000e-09  0.00000000e+00  9.81250000e-09  0.00000000e+00  9.81250000e-09  1.79999957e+00  9.81250000e-09  1.41584201e+00 
 9.81750000e-09  0.00000000e+00  9.81750000e-09  0.00000000e+00  9.81750000e-09  1.79999957e+00  9.81750000e-09  1.41548809e+00 
 9.82250000e-09  0.00000000e+00  9.82250000e-09  0.00000000e+00  9.82250000e-09  1.79999957e+00  9.82250000e-09  1.41513426e+00 
 9.82750000e-09  0.00000000e+00  9.82750000e-09  0.00000000e+00  9.82750000e-09  1.79999956e+00  9.82750000e-09  1.41478052e+00 
 9.83250000e-09  0.00000000e+00  9.83250000e-09  0.00000000e+00  9.83250000e-09  1.79999956e+00  9.83250000e-09  1.41442687e+00 
 9.83750000e-09  0.00000000e+00  9.83750000e-09  0.00000000e+00  9.83750000e-09  1.79999956e+00  9.83750000e-09  1.41407331e+00 
 9.84250000e-09  0.00000000e+00  9.84250000e-09  0.00000000e+00  9.84250000e-09  1.79999956e+00  9.84250000e-09  1.41371984e+00 
 9.84750000e-09  0.00000000e+00  9.84750000e-09  0.00000000e+00  9.84750000e-09  1.79999956e+00  9.84750000e-09  1.41336645e+00 
 9.85250000e-09  0.00000000e+00  9.85250000e-09  0.00000000e+00  9.85250000e-09  1.79999956e+00  9.85250000e-09  1.41301315e+00 
 9.85750000e-09  0.00000000e+00  9.85750000e-09  0.00000000e+00  9.85750000e-09  1.79999956e+00  9.85750000e-09  1.41265994e+00 
 9.86250000e-09  0.00000000e+00  9.86250000e-09  0.00000000e+00  9.86250000e-09  1.79999956e+00  9.86250000e-09  1.41230682e+00 
 9.86750000e-09  0.00000000e+00  9.86750000e-09  0.00000000e+00  9.86750000e-09  1.79999956e+00  9.86750000e-09  1.41195379e+00 
 9.87250000e-09  0.00000000e+00  9.87250000e-09  0.00000000e+00  9.87250000e-09  1.79999956e+00  9.87250000e-09  1.41160084e+00 
 9.87750000e-09  0.00000000e+00  9.87750000e-09  0.00000000e+00  9.87750000e-09  1.79999956e+00  9.87750000e-09  1.41124799e+00 
 9.88250000e-09  0.00000000e+00  9.88250000e-09  0.00000000e+00  9.88250000e-09  1.79999956e+00  9.88250000e-09  1.41089522e+00 
 9.88750000e-09  0.00000000e+00  9.88750000e-09  0.00000000e+00  9.88750000e-09  1.79999956e+00  9.88750000e-09  1.41054254e+00 
 9.89250000e-09  0.00000000e+00  9.89250000e-09  0.00000000e+00  9.89250000e-09  1.79999956e+00  9.89250000e-09  1.41018995e+00 
 9.89750000e-09  0.00000000e+00  9.89750000e-09  0.00000000e+00  9.89750000e-09  1.79999956e+00  9.89750000e-09  1.40983744e+00 
 9.90250000e-09  0.00000000e+00  9.90250000e-09  0.00000000e+00  9.90250000e-09  1.79999956e+00  9.90250000e-09  1.40948503e+00 
 9.90750000e-09  0.00000000e+00  9.90750000e-09  0.00000000e+00  9.90750000e-09  1.79999956e+00  9.90750000e-09  1.40913270e+00 
 9.91250000e-09  0.00000000e+00  9.91250000e-09  0.00000000e+00  9.91250000e-09  1.79999956e+00  9.91250000e-09  1.40878046e+00 
 9.91750000e-09  0.00000000e+00  9.91750000e-09  0.00000000e+00  9.91750000e-09  1.79999956e+00  9.91750000e-09  1.40842831e+00 
 9.92250000e-09  0.00000000e+00  9.92250000e-09  0.00000000e+00  9.92250000e-09  1.79999956e+00  9.92250000e-09  1.40807625e+00 
 9.92750000e-09  0.00000000e+00  9.92750000e-09  0.00000000e+00  9.92750000e-09  1.79999956e+00  9.92750000e-09  1.40772427e+00 
 9.93250000e-09  0.00000000e+00  9.93250000e-09  0.00000000e+00  9.93250000e-09  1.79999956e+00  9.93250000e-09  1.40737239e+00 
 9.93750000e-09  0.00000000e+00  9.93750000e-09  0.00000000e+00  9.93750000e-09  1.79999955e+00  9.93750000e-09  1.40702059e+00 
 9.94250000e-09  0.00000000e+00  9.94250000e-09  0.00000000e+00  9.94250000e-09  1.79999955e+00  9.94250000e-09  1.40666887e+00 
 9.94750000e-09  0.00000000e+00  9.94750000e-09  0.00000000e+00  9.94750000e-09  1.79999955e+00  9.94750000e-09  1.40631725e+00 
 9.95250000e-09  0.00000000e+00  9.95250000e-09  0.00000000e+00  9.95250000e-09  1.79999955e+00  9.95250000e-09  1.40596572e+00 
 9.95750000e-09  0.00000000e+00  9.95750000e-09  0.00000000e+00  9.95750000e-09  1.79999955e+00  9.95750000e-09  1.40561427e+00 
 9.96250000e-09  0.00000000e+00  9.96250000e-09  0.00000000e+00  9.96250000e-09  1.79999955e+00  9.96250000e-09  1.40526291e+00 
 9.96750000e-09  0.00000000e+00  9.96750000e-09  0.00000000e+00  9.96750000e-09  1.79999955e+00  9.96750000e-09  1.40491164e+00 
 9.97250000e-09  0.00000000e+00  9.97250000e-09  0.00000000e+00  9.97250000e-09  1.79999955e+00  9.97250000e-09  1.40456045e+00 
 9.97750000e-09  0.00000000e+00  9.97750000e-09  0.00000000e+00  9.97750000e-09  1.79999955e+00  9.97750000e-09  1.40420935e+00 
 9.98250000e-09  0.00000000e+00  9.98250000e-09  0.00000000e+00  9.98250000e-09  1.79999955e+00  9.98250000e-09  1.40385835e+00 
 9.98750000e-09  0.00000000e+00  9.98750000e-09  0.00000000e+00  9.98750000e-09  1.79999955e+00  9.98750000e-09  1.40350742e+00 
 9.99250000e-09  0.00000000e+00  9.99250000e-09  0.00000000e+00  9.99250000e-09  1.79999955e+00  9.99250000e-09  1.40315659e+00 
 9.99750000e-09  0.00000000e+00  9.99750000e-09  0.00000000e+00  9.99750000e-09  1.79999955e+00  9.99750000e-09  1.40280585e+00 
 1.00000000e-08  0.00000000e+00  1.00000000e-08  0.00000000e+00  1.00000000e-08  1.79999955e+00  1.00000000e-08  1.40263051e+00 
 1.00005000e-08  0.00000000e+00  1.00005000e-08  1.80000000e-02  1.00005000e-08  1.79999955e+00  1.00005000e-08  1.40259544e+00 
 1.00015000e-08  0.00000000e+00  1.00015000e-08  5.40000000e-02  1.00015000e-08  1.79999955e+00  1.00015000e-08  1.40252531e+00 
 1.00035000e-08  0.00000000e+00  1.00035000e-08  1.26000000e-01  1.00035000e-08  1.79999955e+00  1.00035000e-08  1.40238507e+00 
 1.00075000e-08  0.00000000e+00  1.00075000e-08  2.70000000e-01  1.00075000e-08  1.79999955e+00  1.00075000e-08  1.40210462e+00 
 1.00125000e-08  0.00000000e+00  1.00125000e-08  4.50000000e-01  1.00125000e-08  1.79999955e+00  1.00125000e-08  1.40175414e+00 
 1.00175000e-08  0.00000000e+00  1.00175000e-08  6.30000000e-01  1.00175000e-08  1.79761659e+00  1.00175000e-08  1.39905651e+00 
 1.00225000e-08  0.00000000e+00  1.00225000e-08  8.10000000e-01  1.00225000e-08  1.78560013e+00  1.00225000e-08  1.38687066e+00 
 1.00275000e-08  0.00000000e+00  1.00275000e-08  9.90000000e-01  1.00275000e-08  1.66856426e+00  1.00275000e-08  1.31745707e+00 
 1.00325000e-08  0.00000000e+00  1.00325000e-08  1.17000000e+00  1.00325000e-08  1.45222094e+00  1.00325000e-08  1.18300232e+00 
 1.00375000e-08  0.00000000e+00  1.00375000e-08  1.35000000e+00  1.00375000e-08  1.23843636e+00  1.00375000e-08  1.02532205e+00 
 1.00425000e-08  0.00000000e+00  1.00425000e-08  1.53000000e+00  1.00425000e-08  1.02500543e+00  1.00425000e-08  8.50239847e-01 
 1.00475000e-08  0.00000000e+00  1.00475000e-08  1.71000000e+00  1.00475000e-08  8.07403805e-01  1.00475000e-08  6.66034288e-01 
 1.00500000e-08  0.00000000e+00  1.00500000e-08  1.80000000e+00  1.00500000e-08  7.00292482e-01  1.00500000e-08  5.75612049e-01 
 1.00505000e-08  0.00000000e+00  1.00505000e-08  1.80000000e+00  1.00505000e-08  6.79796107e-01  1.00505000e-08  5.58319171e-01 
 1.00515000e-08  0.00000000e+00  1.00515000e-08  1.80000000e+00  1.00515000e-08  6.39864726e-01  1.00515000e-08  5.24621908e-01 
 1.00535000e-08  0.00000000e+00  1.00535000e-08  1.80000000e+00  1.00535000e-08  5.66031038e-01  1.00535000e-08  4.62278454e-01 
 1.00575000e-08  0.00000000e+00  1.00575000e-08  1.80000000e+00  1.00575000e-08  4.39453847e-01  1.00575000e-08  3.55769478e-01 
 1.00625000e-08  0.00000000e+00  1.00625000e-08  1.80000000e+00  1.00625000e-08  3.15320471e-01  1.00625000e-08  2.52692232e-01 
 1.00675000e-08  0.00000000e+00  1.00675000e-08  1.80000000e+00  1.00675000e-08  2.22974471e-01  1.00675000e-08  1.77338966e-01 
 1.00725000e-08  0.00000000e+00  1.00725000e-08  1.80000000e+00  1.00725000e-08  1.55984206e-01  1.00725000e-08  1.23374180e-01 
 1.00775000e-08  0.00000000e+00  1.00775000e-08  1.80000000e+00  1.00775000e-08  1.08259139e-01  1.00775000e-08  8.52864829e-02 
 1.00825000e-08  0.00000000e+00  1.00825000e-08  1.80000000e+00  1.00825000e-08  7.47087876e-02  1.00825000e-08  5.86895603e-02 
 1.00875000e-08  0.00000000e+00  1.00875000e-08  1.80000000e+00  1.00875000e-08  5.13635711e-02  1.00875000e-08  4.02682502e-02 
 1.00925000e-08  0.00000000e+00  1.00925000e-08  1.80000000e+00  1.00925000e-08  3.52224588e-02  1.00925000e-08  2.75731256e-02 
 1.00975000e-08  0.00000000e+00  1.00975000e-08  1.80000000e+00  1.00975000e-08  2.41110575e-02  1.00975000e-08  1.88541731e-02 
 1.01025000e-08  0.00000000e+00  1.01025000e-08  1.80000000e+00  1.01025000e-08  1.64849236e-02  1.01025000e-08  1.28800454e-02 
 1.01075000e-08  0.00000000e+00  1.01075000e-08  1.80000000e+00  1.01075000e-08  1.12615449e-02  1.01075000e-08  8.79318269e-03 
 1.01125000e-08  0.00000000e+00  1.01125000e-08  1.80000000e+00  1.01125000e-08  7.68888389e-03  1.01125000e-08  6.00043618e-03 
 1.01175000e-08  0.00000000e+00  1.01175000e-08  1.80000000e+00  1.01175000e-08  5.24760182e-03  1.01175000e-08  4.09344111e-03 
 1.01225000e-08  0.00000000e+00  1.01225000e-08  1.80000000e+00  1.01225000e-08  3.58050232e-03  1.01225000e-08  2.79193252e-03 
 1.01275000e-08  0.00000000e+00  1.01275000e-08  1.80000000e+00  1.01275000e-08  2.44258081e-03  1.01275000e-08  1.90397112e-03 
 1.01325000e-08  0.00000000e+00  1.01325000e-08  1.80000000e+00  1.01325000e-08  1.66609845e-03  1.01325000e-08  1.29829763e-03 
 1.01375000e-08  0.00000000e+00  1.01375000e-08  1.80000000e+00  1.01375000e-08  1.13636035e-03  1.01375000e-08  8.85237674e-04 
 1.01425000e-08  0.00000000e+00  1.01425000e-08  1.80000000e+00  1.01425000e-08  7.75009016e-04  1.01425000e-08  6.03568089e-04 
 1.01475000e-08  0.00000000e+00  1.01475000e-08  1.80000000e+00  1.01475000e-08  5.28543369e-04  1.01475000e-08  4.11509251e-04 
 1.01525000e-08  0.00000000e+00  1.01525000e-08  1.80000000e+00  1.01525000e-08  3.60448411e-04  1.01525000e-08  2.80558956e-04 
 1.01575000e-08  0.00000000e+00  1.01575000e-08  1.80000000e+00  1.01575000e-08  2.45809097e-04  1.01575000e-08  1.91277031e-04 
 1.01625000e-08  0.00000000e+00  1.01625000e-08  1.80000000e+00  1.01625000e-08  1.67628453e-04  1.01625000e-08  1.30406047e-04 
 1.01675000e-08  0.00000000e+00  1.01675000e-08  1.80000000e+00  1.01675000e-08  1.14312658e-04  1.01675000e-08  8.89058595e-05 
 1.01725000e-08  0.00000000e+00  1.01725000e-08  1.80000000e+00  1.01725000e-08  7.79541230e-05  1.01725000e-08  6.06124675e-05 
 1.01775000e-08  0.00000000e+00  1.01775000e-08  1.80000000e+00  1.01775000e-08  5.31597760e-05  1.01775000e-08  4.13231567e-05 
 1.01825000e-08  0.00000000e+00  1.01825000e-08  1.80000000e+00  1.01825000e-08  3.62516254e-05  1.01825000e-08  2.81725384e-05 
 1.01875000e-08  0.00000000e+00  1.01875000e-08  1.80000000e+00  1.01875000e-08  2.47214054e-05  1.01875000e-08  1.92070464e-05 
 1.01925000e-08  0.00000000e+00  1.01925000e-08  1.80000000e+00  1.01925000e-08  1.68585960e-05  1.01925000e-08  1.30947974e-05 
 1.01975000e-08  0.00000000e+00  1.01975000e-08  1.80000000e+00  1.01975000e-08  1.14967172e-05  1.01975000e-08  8.92776145e-06 
 1.02025000e-08  0.00000000e+00  1.02025000e-08  1.80000000e+00  1.02025000e-08  7.84030100e-06  1.02025000e-08  6.08688087e-06 
 1.02075000e-08  0.00000000e+00  1.02075000e-08  1.80000000e+00  1.02075000e-08  5.34689024e-06  1.02075000e-08  4.15010941e-06 
 1.02125000e-08  0.00000000e+00  1.02125000e-08  1.80000000e+00  1.02125000e-08  3.64656599e-06  1.02125000e-08  2.82971537e-06 
 1.02175000e-08  0.00000000e+00  1.02175000e-08  1.80000000e+00  1.02175000e-08  2.48706941e-06  1.02175000e-08  1.92953699e-06 
 1.02225000e-08  0.00000000e+00  1.02225000e-08  1.80000000e+00  1.02225000e-08  1.69637793e-06  1.02225000e-08  1.31584069e-06 
 1.02275000e-08  0.00000000e+00  1.02275000e-08  1.80000000e+00  1.02275000e-08  1.15718455e-06  1.02275000e-08  8.97453529e-07 
 1.02325000e-08  0.00000000e+00  1.02325000e-08  1.80000000e+00  1.02325000e-08  7.89494398e-07  1.02325000e-08  6.12218307e-07 
 1.02375000e-08  0.00000000e+00  1.02375000e-08  1.80000000e+00  1.02375000e-08  5.38756843e-07  1.02375000e-08  4.17759363e-07 
 1.02425000e-08  0.00000000e+00  1.02425000e-08  1.80000000e+00  1.02425000e-08  3.67772340e-07  1.02425000e-08  2.85187100e-07 
 1.02475000e-08  0.00000000e+00  1.02475000e-08  1.80000000e+00  1.02475000e-08  2.51173537e-07  1.02475000e-08  1.94806047e-07 
 1.02525000e-08  0.00000000e+00  1.02525000e-08  1.80000000e+00  1.02525000e-08  1.71661766e-07  1.02525000e-08  1.33188824e-07 
 1.02575000e-08  0.00000000e+00  1.02575000e-08  1.80000000e+00  1.02575000e-08  1.17440613e-07  1.02575000e-08  9.11813235e-08 
 1.02625000e-08  0.00000000e+00  1.02625000e-08  1.80000000e+00  1.02625000e-08  8.04657939e-08  1.02625000e-08  6.25427393e-08 
 1.02675000e-08  0.00000000e+00  1.02675000e-08  1.80000000e+00  1.02675000e-08  5.52516995e-08  1.02675000e-08  4.30184043e-08 
 1.02725000e-08  0.00000000e+00  1.02725000e-08  1.80000000e+00  1.02725000e-08  3.80575507e-08  1.02725000e-08  2.97077025e-08 
 1.02775000e-08  0.00000000e+00  1.02775000e-08  1.80000000e+00  1.02775000e-08  2.63324120e-08  1.02775000e-08  2.06331408e-08 
 1.02825000e-08  0.00000000e+00  1.02825000e-08  1.80000000e+00  1.02825000e-08  1.83367340e-08  1.02825000e-08  1.44465648e-08 
 1.02875000e-08  0.00000000e+00  1.02875000e-08  1.80000000e+00  1.02875000e-08  1.28842727e-08  1.02875000e-08  1.02288709e-08 
 1.02925000e-08  0.00000000e+00  1.02925000e-08  1.80000000e+00  1.02925000e-08  9.16609704e-09  1.02925000e-08  7.35346104e-09 
 1.02975000e-08  0.00000000e+00  1.02975000e-08  1.80000000e+00  1.02975000e-08  6.63057609e-09  1.02975000e-08  5.39315239e-09 
 1.03025000e-08  0.00000000e+00  1.03025000e-08  1.80000000e+00  1.03025000e-08  4.90153821e-09  1.03025000e-08  4.05671334e-09 
 1.03075000e-08  0.00000000e+00  1.03075000e-08  1.80000000e+00  1.03075000e-08  3.72246219e-09  1.03075000e-08  3.14559696e-09 
 1.03125000e-08  0.00000000e+00  1.03125000e-08  1.80000000e+00  1.03125000e-08  2.91841949e-09  1.03125000e-08  2.52444401e-09 
 1.03175000e-08  0.00000000e+00  1.03175000e-08  1.80000000e+00  1.03175000e-08  2.37012180e-09  1.03175000e-08  2.10097342e-09 
 1.03225000e-08  0.00000000e+00  1.03225000e-08  1.80000000e+00  1.03225000e-08  1.99622331e-09  1.03225000e-08  1.81227265e-09 
 1.03275000e-08  0.00000000e+00  1.03275000e-08  1.80000000e+00  1.03275000e-08  1.74125217e-09  1.03275000e-08  1.61545110e-09 
 1.03325000e-08  0.00000000e+00  1.03325000e-08  1.80000000e+00  1.03325000e-08  1.56738071e-09  1.03325000e-08  1.48126814e-09 
 1.03375000e-08  0.00000000e+00  1.03375000e-08  1.80000000e+00  1.03375000e-08  1.44881322e-09  1.03375000e-08  1.38978901e-09 
 1.03425000e-08  0.00000000e+00  1.03425000e-08  1.80000000e+00  1.03425000e-08  1.36795896e-09  1.03425000e-08  1.32742317e-09 
 1.03475000e-08  0.00000000e+00  1.03475000e-08  1.80000000e+00  1.03475000e-08  1.31282232e-09  1.03475000e-08  1.28490531e-09 
 1.03525000e-08  0.00000000e+00  1.03525000e-08  1.80000000e+00  1.03525000e-08  1.27522322e-09  1.03525000e-08  1.25591878e-09 
 1.03575000e-08  0.00000000e+00  1.03575000e-08  1.80000000e+00  1.03575000e-08  1.24958341e-09  1.03575000e-08  1.23615724e-09 
 1.03625000e-08  0.00000000e+00  1.03625000e-08  1.80000000e+00  1.03625000e-08  1.23209895e-09  1.03625000e-08  1.22268482e-09 
 1.03675000e-08  0.00000000e+00  1.03675000e-08  1.80000000e+00  1.03675000e-08  1.22017584e-09  1.03675000e-08  1.21350001e-09 
 1.03725000e-08  0.00000000e+00  1.03725000e-08  1.80000000e+00  1.03725000e-08  1.21204517e-09  1.03725000e-08  1.20723827e-09 
 1.03775000e-08  0.00000000e+00  1.03775000e-08  1.80000000e+00  1.03775000e-08  1.20650064e-09  1.03775000e-08  1.20296934e-09 
 1.03825000e-08  0.00000000e+00  1.03825000e-08  1.80000000e+00  1.03825000e-08  1.20271969e-09  1.03825000e-08  1.20005899e-09 
 1.03875000e-08  0.00000000e+00  1.03875000e-08  1.80000000e+00  1.03875000e-08  1.20014136e-09  1.03875000e-08  1.19807487e-09 
 1.03925000e-08  0.00000000e+00  1.03925000e-08  1.80000000e+00  1.03925000e-08  1.19838313e-09  1.03925000e-08  1.19672219e-09 
 1.03975000e-08  0.00000000e+00  1.03975000e-08  1.80000000e+00  1.03975000e-08  1.19718415e-09  1.03975000e-08  1.19580001e-09 
 1.04025000e-08  0.00000000e+00  1.04025000e-08  1.80000000e+00  1.04025000e-08  1.19636653e-09  1.04025000e-08  1.19517131e-09 
 1.04075000e-08  0.00000000e+00  1.04075000e-08  1.80000000e+00  1.04075000e-08  1.19580897e-09  1.04075000e-08  1.19474269e-09 
 1.04125000e-08  0.00000000e+00  1.04125000e-08  1.80000000e+00  1.04125000e-08  1.19542876e-09  1.04125000e-08  1.19445048e-09 
 1.04175000e-08  0.00000000e+00  1.04175000e-08  1.80000000e+00  1.04175000e-08  1.19516948e-09  1.04175000e-08  1.19425127e-09 
 1.04225000e-08  0.00000000e+00  1.04225000e-08  1.80000000e+00  1.04225000e-08  1.19499268e-09  1.04225000e-08  1.19411546e-09 
 1.04275000e-08  0.00000000e+00  1.04275000e-08  1.80000000e+00  1.04275000e-08  1.19487211e-09  1.04275000e-08  1.19402287e-09 
 1.04325000e-08  0.00000000e+00  1.04325000e-08  1.80000000e+00  1.04325000e-08  1.19478989e-09  1.04325000e-08  1.19395974e-09 
 1.04375000e-08  0.00000000e+00  1.04375000e-08  1.80000000e+00  1.04375000e-08  1.19473382e-09  1.04375000e-08  1.19391671e-09 
 1.04425000e-08  0.00000000e+00  1.04425000e-08  1.80000000e+00  1.04425000e-08  1.19469559e-09  1.04425000e-08  1.19388737e-09 
 1.04475000e-08  0.00000000e+00  1.04475000e-08  1.80000000e+00  1.04475000e-08  1.19466951e-09  1.04475000e-08  1.19386737e-09 
 1.04525000e-08  0.00000000e+00  1.04525000e-08  1.80000000e+00  1.04525000e-08  1.19465173e-09  1.04525000e-08  1.19385373e-09 
 1.04575000e-08  0.00000000e+00  1.04575000e-08  1.80000000e+00  1.04575000e-08  1.19463961e-09  1.04575000e-08  1.19384444e-09 
 1.04625000e-08  0.00000000e+00  1.04625000e-08  1.80000000e+00  1.04625000e-08  1.19463134e-09  1.04625000e-08  1.19383810e-09 
 1.04675000e-08  0.00000000e+00  1.04675000e-08  1.80000000e+00  1.04675000e-08  1.19462570e-09  1.04675000e-08  1.19383378e-09 
 1.04725000e-08  0.00000000e+00  1.04725000e-08  1.80000000e+00  1.04725000e-08  1.19462186e-09  1.04725000e-08  1.19383083e-09 
 1.04775000e-08  0.00000000e+00  1.04775000e-08  1.80000000e+00  1.04775000e-08  1.19461924e-09  1.04775000e-08  1.19382882e-09 
 1.04825000e-08  0.00000000e+00  1.04825000e-08  1.80000000e+00  1.04825000e-08  1.19461745e-09  1.04825000e-08  1.19382745e-09 
 1.04875000e-08  0.00000000e+00  1.04875000e-08  1.80000000e+00  1.04875000e-08  1.19461623e-09  1.04875000e-08  1.19382652e-09 
 1.04925000e-08  0.00000000e+00  1.04925000e-08  1.80000000e+00  1.04925000e-08  1.19461540e-09  1.04925000e-08  1.19382588e-09 
 1.04975000e-08  0.00000000e+00  1.04975000e-08  1.80000000e+00  1.04975000e-08  1.19461483e-09  1.04975000e-08  1.19382545e-09 
 1.05025000e-08  0.00000000e+00  1.05025000e-08  1.80000000e+00  1.05025000e-08  1.19461445e-09  1.05025000e-08  1.19382515e-09 
 1.05075000e-08  0.00000000e+00  1.05075000e-08  1.80000000e+00  1.05075000e-08  1.19461418e-09  1.05075000e-08  1.19382495e-09 
 1.05125000e-08  0.00000000e+00  1.05125000e-08  1.80000000e+00  1.05125000e-08  1.19461400e-09  1.05125000e-08  1.19382482e-09 
 1.05175000e-08  0.00000000e+00  1.05175000e-08  1.80000000e+00  1.05175000e-08  1.19461388e-09  1.05175000e-08  1.19382472e-09 
 1.05225000e-08  0.00000000e+00  1.05225000e-08  1.80000000e+00  1.05225000e-08  1.19461380e-09  1.05225000e-08  1.19382466e-09 
 1.05275000e-08  0.00000000e+00  1.05275000e-08  1.80000000e+00  1.05275000e-08  1.19461374e-09  1.05275000e-08  1.19382461e-09 
 1.05325000e-08  0.00000000e+00  1.05325000e-08  1.80000000e+00  1.05325000e-08  1.19461370e-09  1.05325000e-08  1.19382458e-09 
 1.05375000e-08  0.00000000e+00  1.05375000e-08  1.80000000e+00  1.05375000e-08  1.19461367e-09  1.05375000e-08  1.19382456e-09 
 1.05425000e-08  0.00000000e+00  1.05425000e-08  1.80000000e+00  1.05425000e-08  1.19461365e-09  1.05425000e-08  1.19382455e-09 
 1.05475000e-08  0.00000000e+00  1.05475000e-08  1.80000000e+00  1.05475000e-08  1.19461364e-09  1.05475000e-08  1.19382454e-09 
 1.05525000e-08  0.00000000e+00  1.05525000e-08  1.80000000e+00  1.05525000e-08  1.19461363e-09  1.05525000e-08  1.19382453e-09 
 1.05575000e-08  0.00000000e+00  1.05575000e-08  1.80000000e+00  1.05575000e-08  1.19461363e-09  1.05575000e-08  1.19382453e-09 
 1.05625000e-08  0.00000000e+00  1.05625000e-08  1.80000000e+00  1.05625000e-08  1.19461362e-09  1.05625000e-08  1.19382453e-09 
 1.05675000e-08  0.00000000e+00  1.05675000e-08  1.80000000e+00  1.05675000e-08  1.19461362e-09  1.05675000e-08  1.19382453e-09 
 1.05725000e-08  0.00000000e+00  1.05725000e-08  1.80000000e+00  1.05725000e-08  1.19461362e-09  1.05725000e-08  1.19382452e-09 
 1.05775000e-08  0.00000000e+00  1.05775000e-08  1.80000000e+00  1.05775000e-08  1.19461362e-09  1.05775000e-08  1.19382452e-09 
 1.05825000e-08  0.00000000e+00  1.05825000e-08  1.80000000e+00  1.05825000e-08  1.19461362e-09  1.05825000e-08  1.19382452e-09 
 1.05875000e-08  0.00000000e+00  1.05875000e-08  1.80000000e+00  1.05875000e-08  1.19461362e-09  1.05875000e-08  1.19382452e-09 
 1.05925000e-08  0.00000000e+00  1.05925000e-08  1.80000000e+00  1.05925000e-08  1.19461362e-09  1.05925000e-08  1.19382452e-09 
 1.05975000e-08  0.00000000e+00  1.05975000e-08  1.80000000e+00  1.05975000e-08  1.19461362e-09  1.05975000e-08  1.19382452e-09 
 1.06025000e-08  0.00000000e+00  1.06025000e-08  1.80000000e+00  1.06025000e-08  1.19461362e-09  1.06025000e-08  1.19382452e-09 
 1.06075000e-08  0.00000000e+00  1.06075000e-08  1.80000000e+00  1.06075000e-08  1.19461362e-09  1.06075000e-08  1.19382452e-09 
 1.06125000e-08  0.00000000e+00  1.06125000e-08  1.80000000e+00  1.06125000e-08  1.19461362e-09  1.06125000e-08  1.19382452e-09 
 1.06175000e-08  0.00000000e+00  1.06175000e-08  1.80000000e+00  1.06175000e-08  1.19461362e-09  1.06175000e-08  1.19382452e-09 
 1.06225000e-08  0.00000000e+00  1.06225000e-08  1.80000000e+00  1.06225000e-08  1.19461362e-09  1.06225000e-08  1.19382452e-09 
 1.06275000e-08  0.00000000e+00  1.06275000e-08  1.80000000e+00  1.06275000e-08  1.19461362e-09  1.06275000e-08  1.19382452e-09 
 1.06325000e-08  0.00000000e+00  1.06325000e-08  1.80000000e+00  1.06325000e-08  1.19461362e-09  1.06325000e-08  1.19382452e-09 
 1.06375000e-08  0.00000000e+00  1.06375000e-08  1.80000000e+00  1.06375000e-08  1.19461362e-09  1.06375000e-08  1.19382452e-09 
 1.06425000e-08  0.00000000e+00  1.06425000e-08  1.80000000e+00  1.06425000e-08  1.19461362e-09  1.06425000e-08  1.19382452e-09 
 1.06475000e-08  0.00000000e+00  1.06475000e-08  1.80000000e+00  1.06475000e-08  1.19461362e-09  1.06475000e-08  1.19382452e-09 
 1.06525000e-08  0.00000000e+00  1.06525000e-08  1.80000000e+00  1.06525000e-08  1.19461362e-09  1.06525000e-08  1.19382452e-09 
 1.06575000e-08  0.00000000e+00  1.06575000e-08  1.80000000e+00  1.06575000e-08  1.19461362e-09  1.06575000e-08  1.19382452e-09 
 1.06625000e-08  0.00000000e+00  1.06625000e-08  1.80000000e+00  1.06625000e-08  1.19461362e-09  1.06625000e-08  1.19382452e-09 
 1.06675000e-08  0.00000000e+00  1.06675000e-08  1.80000000e+00  1.06675000e-08  1.19461362e-09  1.06675000e-08  1.19382452e-09 
 1.06725000e-08  0.00000000e+00  1.06725000e-08  1.80000000e+00  1.06725000e-08  1.19461362e-09  1.06725000e-08  1.19382452e-09 
 1.06775000e-08  0.00000000e+00  1.06775000e-08  1.80000000e+00  1.06775000e-08  1.19461362e-09  1.06775000e-08  1.19382452e-09 
 1.06825000e-08  0.00000000e+00  1.06825000e-08  1.80000000e+00  1.06825000e-08  1.19461362e-09  1.06825000e-08  1.19382452e-09 
 1.06875000e-08  0.00000000e+00  1.06875000e-08  1.80000000e+00  1.06875000e-08  1.19461362e-09  1.06875000e-08  1.19382452e-09 
 1.06925000e-08  0.00000000e+00  1.06925000e-08  1.80000000e+00  1.06925000e-08  1.19461362e-09  1.06925000e-08  1.19382452e-09 
 1.06975000e-08  0.00000000e+00  1.06975000e-08  1.80000000e+00  1.06975000e-08  1.19461362e-09  1.06975000e-08  1.19382452e-09 
 1.07025000e-08  0.00000000e+00  1.07025000e-08  1.80000000e+00  1.07025000e-08  1.19461362e-09  1.07025000e-08  1.19382452e-09 
 1.07075000e-08  0.00000000e+00  1.07075000e-08  1.80000000e+00  1.07075000e-08  1.19461362e-09  1.07075000e-08  1.19382452e-09 
 1.07125000e-08  0.00000000e+00  1.07125000e-08  1.80000000e+00  1.07125000e-08  1.19461362e-09  1.07125000e-08  1.19382452e-09 
 1.07175000e-08  0.00000000e+00  1.07175000e-08  1.80000000e+00  1.07175000e-08  1.19461362e-09  1.07175000e-08  1.19382452e-09 
 1.07225000e-08  0.00000000e+00  1.07225000e-08  1.80000000e+00  1.07225000e-08  1.19461362e-09  1.07225000e-08  1.19382452e-09 
 1.07275000e-08  0.00000000e+00  1.07275000e-08  1.80000000e+00  1.07275000e-08  1.19461362e-09  1.07275000e-08  1.19382452e-09 
 1.07325000e-08  0.00000000e+00  1.07325000e-08  1.80000000e+00  1.07325000e-08  1.19461362e-09  1.07325000e-08  1.19382452e-09 
 1.07375000e-08  0.00000000e+00  1.07375000e-08  1.80000000e+00  1.07375000e-08  1.19461362e-09  1.07375000e-08  1.19382452e-09 
 1.07425000e-08  0.00000000e+00  1.07425000e-08  1.80000000e+00  1.07425000e-08  1.19461362e-09  1.07425000e-08  1.19382452e-09 
 1.07475000e-08  0.00000000e+00  1.07475000e-08  1.80000000e+00  1.07475000e-08  1.19461362e-09  1.07475000e-08  1.19382452e-09 
 1.07525000e-08  0.00000000e+00  1.07525000e-08  1.80000000e+00  1.07525000e-08  1.19461362e-09  1.07525000e-08  1.19382452e-09 
 1.07575000e-08  0.00000000e+00  1.07575000e-08  1.80000000e+00  1.07575000e-08  1.19461362e-09  1.07575000e-08  1.19382452e-09 
 1.07625000e-08  0.00000000e+00  1.07625000e-08  1.80000000e+00  1.07625000e-08  1.19461362e-09  1.07625000e-08  1.19382452e-09 
 1.07675000e-08  0.00000000e+00  1.07675000e-08  1.80000000e+00  1.07675000e-08  1.19461362e-09  1.07675000e-08  1.19382452e-09 
 1.07725000e-08  0.00000000e+00  1.07725000e-08  1.80000000e+00  1.07725000e-08  1.19461362e-09  1.07725000e-08  1.19382452e-09 
 1.07775000e-08  0.00000000e+00  1.07775000e-08  1.80000000e+00  1.07775000e-08  1.19461362e-09  1.07775000e-08  1.19382452e-09 
 1.07825000e-08  0.00000000e+00  1.07825000e-08  1.80000000e+00  1.07825000e-08  1.19461362e-09  1.07825000e-08  1.19382452e-09 
 1.07875000e-08  0.00000000e+00  1.07875000e-08  1.80000000e+00  1.07875000e-08  1.19461362e-09  1.07875000e-08  1.19382452e-09 
 1.07925000e-08  0.00000000e+00  1.07925000e-08  1.80000000e+00  1.07925000e-08  1.19461362e-09  1.07925000e-08  1.19382452e-09 
 1.07975000e-08  0.00000000e+00  1.07975000e-08  1.80000000e+00  1.07975000e-08  1.19461362e-09  1.07975000e-08  1.19382452e-09 
 1.08025000e-08  0.00000000e+00  1.08025000e-08  1.80000000e+00  1.08025000e-08  1.19461362e-09  1.08025000e-08  1.19382452e-09 
 1.08075000e-08  0.00000000e+00  1.08075000e-08  1.80000000e+00  1.08075000e-08  1.19461362e-09  1.08075000e-08  1.19382452e-09 
 1.08125000e-08  0.00000000e+00  1.08125000e-08  1.80000000e+00  1.08125000e-08  1.19461362e-09  1.08125000e-08  1.19382452e-09 
 1.08175000e-08  0.00000000e+00  1.08175000e-08  1.80000000e+00  1.08175000e-08  1.19461362e-09  1.08175000e-08  1.19382452e-09 
 1.08225000e-08  0.00000000e+00  1.08225000e-08  1.80000000e+00  1.08225000e-08  1.19461362e-09  1.08225000e-08  1.19382452e-09 
 1.08275000e-08  0.00000000e+00  1.08275000e-08  1.80000000e+00  1.08275000e-08  1.19461362e-09  1.08275000e-08  1.19382452e-09 
 1.08325000e-08  0.00000000e+00  1.08325000e-08  1.80000000e+00  1.08325000e-08  1.19461362e-09  1.08325000e-08  1.19382452e-09 
 1.08375000e-08  0.00000000e+00  1.08375000e-08  1.80000000e+00  1.08375000e-08  1.19461362e-09  1.08375000e-08  1.19382452e-09 
 1.08425000e-08  0.00000000e+00  1.08425000e-08  1.80000000e+00  1.08425000e-08  1.19461362e-09  1.08425000e-08  1.19382452e-09 
 1.08475000e-08  0.00000000e+00  1.08475000e-08  1.80000000e+00  1.08475000e-08  1.19461362e-09  1.08475000e-08  1.19382452e-09 
 1.08525000e-08  0.00000000e+00  1.08525000e-08  1.80000000e+00  1.08525000e-08  1.19461362e-09  1.08525000e-08  1.19382452e-09 
 1.08575000e-08  0.00000000e+00  1.08575000e-08  1.80000000e+00  1.08575000e-08  1.19461362e-09  1.08575000e-08  1.19382452e-09 
 1.08625000e-08  0.00000000e+00  1.08625000e-08  1.80000000e+00  1.08625000e-08  1.19461362e-09  1.08625000e-08  1.19382452e-09 
 1.08675000e-08  0.00000000e+00  1.08675000e-08  1.80000000e+00  1.08675000e-08  1.19461362e-09  1.08675000e-08  1.19382452e-09 
 1.08725000e-08  0.00000000e+00  1.08725000e-08  1.80000000e+00  1.08725000e-08  1.19461362e-09  1.08725000e-08  1.19382452e-09 
 1.08775000e-08  0.00000000e+00  1.08775000e-08  1.80000000e+00  1.08775000e-08  1.19461362e-09  1.08775000e-08  1.19382452e-09 
 1.08825000e-08  0.00000000e+00  1.08825000e-08  1.80000000e+00  1.08825000e-08  1.19461362e-09  1.08825000e-08  1.19382452e-09 
 1.08875000e-08  0.00000000e+00  1.08875000e-08  1.80000000e+00  1.08875000e-08  1.19461362e-09  1.08875000e-08  1.19382452e-09 
 1.08925000e-08  0.00000000e+00  1.08925000e-08  1.80000000e+00  1.08925000e-08  1.19461362e-09  1.08925000e-08  1.19382452e-09 
 1.08975000e-08  0.00000000e+00  1.08975000e-08  1.80000000e+00  1.08975000e-08  1.19461362e-09  1.08975000e-08  1.19382452e-09 
 1.09025000e-08  0.00000000e+00  1.09025000e-08  1.80000000e+00  1.09025000e-08  1.19461362e-09  1.09025000e-08  1.19382452e-09 
 1.09075000e-08  0.00000000e+00  1.09075000e-08  1.80000000e+00  1.09075000e-08  1.19461362e-09  1.09075000e-08  1.19382452e-09 
 1.09125000e-08  0.00000000e+00  1.09125000e-08  1.80000000e+00  1.09125000e-08  1.19461362e-09  1.09125000e-08  1.19382452e-09 
 1.09175000e-08  0.00000000e+00  1.09175000e-08  1.80000000e+00  1.09175000e-08  1.19461362e-09  1.09175000e-08  1.19382452e-09 
 1.09225000e-08  0.00000000e+00  1.09225000e-08  1.80000000e+00  1.09225000e-08  1.19461362e-09  1.09225000e-08  1.19382452e-09 
 1.09275000e-08  0.00000000e+00  1.09275000e-08  1.80000000e+00  1.09275000e-08  1.19461362e-09  1.09275000e-08  1.19382452e-09 
 1.09325000e-08  0.00000000e+00  1.09325000e-08  1.80000000e+00  1.09325000e-08  1.19461362e-09  1.09325000e-08  1.19382452e-09 
 1.09375000e-08  0.00000000e+00  1.09375000e-08  1.80000000e+00  1.09375000e-08  1.19461362e-09  1.09375000e-08  1.19382452e-09 
 1.09425000e-08  0.00000000e+00  1.09425000e-08  1.80000000e+00  1.09425000e-08  1.19461362e-09  1.09425000e-08  1.19382452e-09 
 1.09475000e-08  0.00000000e+00  1.09475000e-08  1.80000000e+00  1.09475000e-08  1.19461362e-09  1.09475000e-08  1.19382452e-09 
 1.09525000e-08  0.00000000e+00  1.09525000e-08  1.80000000e+00  1.09525000e-08  1.19461362e-09  1.09525000e-08  1.19382452e-09 
 1.09575000e-08  0.00000000e+00  1.09575000e-08  1.80000000e+00  1.09575000e-08  1.19461362e-09  1.09575000e-08  1.19382452e-09 
 1.09625000e-08  0.00000000e+00  1.09625000e-08  1.80000000e+00  1.09625000e-08  1.19461362e-09  1.09625000e-08  1.19382452e-09 
 1.09675000e-08  0.00000000e+00  1.09675000e-08  1.80000000e+00  1.09675000e-08  1.19461362e-09  1.09675000e-08  1.19382452e-09 
 1.09725000e-08  0.00000000e+00  1.09725000e-08  1.80000000e+00  1.09725000e-08  1.19461362e-09  1.09725000e-08  1.19382452e-09 
 1.09775000e-08  0.00000000e+00  1.09775000e-08  1.80000000e+00  1.09775000e-08  1.19461362e-09  1.09775000e-08  1.19382452e-09 
 1.09825000e-08  0.00000000e+00  1.09825000e-08  1.80000000e+00  1.09825000e-08  1.19461362e-09  1.09825000e-08  1.19382452e-09 
 1.09875000e-08  0.00000000e+00  1.09875000e-08  1.80000000e+00  1.09875000e-08  1.19461362e-09  1.09875000e-08  1.19382452e-09 
 1.09925000e-08  0.00000000e+00  1.09925000e-08  1.80000000e+00  1.09925000e-08  1.19461362e-09  1.09925000e-08  1.19382452e-09 
 1.09975000e-08  0.00000000e+00  1.09975000e-08  1.80000000e+00  1.09975000e-08  1.19461362e-09  1.09975000e-08  1.19382452e-09 
 1.10025000e-08  0.00000000e+00  1.10025000e-08  1.80000000e+00  1.10025000e-08  1.19461362e-09  1.10025000e-08  1.19382452e-09 
 1.10075000e-08  0.00000000e+00  1.10075000e-08  1.80000000e+00  1.10075000e-08  1.19461362e-09  1.10075000e-08  1.19382452e-09 
 1.10125000e-08  0.00000000e+00  1.10125000e-08  1.80000000e+00  1.10125000e-08  1.19461362e-09  1.10125000e-08  1.19382452e-09 
 1.10175000e-08  0.00000000e+00  1.10175000e-08  1.80000000e+00  1.10175000e-08  1.19461362e-09  1.10175000e-08  1.19382452e-09 
 1.10225000e-08  0.00000000e+00  1.10225000e-08  1.80000000e+00  1.10225000e-08  1.19461362e-09  1.10225000e-08  1.19382452e-09 
 1.10275000e-08  0.00000000e+00  1.10275000e-08  1.80000000e+00  1.10275000e-08  1.19461362e-09  1.10275000e-08  1.19382452e-09 
 1.10325000e-08  0.00000000e+00  1.10325000e-08  1.80000000e+00  1.10325000e-08  1.19461362e-09  1.10325000e-08  1.19382452e-09 
 1.10375000e-08  0.00000000e+00  1.10375000e-08  1.80000000e+00  1.10375000e-08  1.19461362e-09  1.10375000e-08  1.19382452e-09 
 1.10425000e-08  0.00000000e+00  1.10425000e-08  1.80000000e+00  1.10425000e-08  1.19461362e-09  1.10425000e-08  1.19382452e-09 
 1.10475000e-08  0.00000000e+00  1.10475000e-08  1.80000000e+00  1.10475000e-08  1.19461362e-09  1.10475000e-08  1.19382452e-09 
 1.10525000e-08  0.00000000e+00  1.10525000e-08  1.80000000e+00  1.10525000e-08  1.19461362e-09  1.10525000e-08  1.19382452e-09 
 1.10575000e-08  0.00000000e+00  1.10575000e-08  1.80000000e+00  1.10575000e-08  1.19461362e-09  1.10575000e-08  1.19382452e-09 
 1.10625000e-08  0.00000000e+00  1.10625000e-08  1.80000000e+00  1.10625000e-08  1.19461362e-09  1.10625000e-08  1.19382452e-09 
 1.10675000e-08  0.00000000e+00  1.10675000e-08  1.80000000e+00  1.10675000e-08  1.19461362e-09  1.10675000e-08  1.19382452e-09 
 1.10725000e-08  0.00000000e+00  1.10725000e-08  1.80000000e+00  1.10725000e-08  1.19461362e-09  1.10725000e-08  1.19382452e-09 
 1.10775000e-08  0.00000000e+00  1.10775000e-08  1.80000000e+00  1.10775000e-08  1.19461362e-09  1.10775000e-08  1.19382452e-09 
 1.10825000e-08  0.00000000e+00  1.10825000e-08  1.80000000e+00  1.10825000e-08  1.19461362e-09  1.10825000e-08  1.19382452e-09 
 1.10875000e-08  0.00000000e+00  1.10875000e-08  1.80000000e+00  1.10875000e-08  1.19461362e-09  1.10875000e-08  1.19382452e-09 
 1.10925000e-08  0.00000000e+00  1.10925000e-08  1.80000000e+00  1.10925000e-08  1.19461362e-09  1.10925000e-08  1.19382452e-09 
 1.10975000e-08  0.00000000e+00  1.10975000e-08  1.80000000e+00  1.10975000e-08  1.19461362e-09  1.10975000e-08  1.19382452e-09 
 1.11025000e-08  0.00000000e+00  1.11025000e-08  1.80000000e+00  1.11025000e-08  1.19461362e-09  1.11025000e-08  1.19382452e-09 
 1.11075000e-08  0.00000000e+00  1.11075000e-08  1.80000000e+00  1.11075000e-08  1.19461362e-09  1.11075000e-08  1.19382452e-09 
 1.11125000e-08  0.00000000e+00  1.11125000e-08  1.80000000e+00  1.11125000e-08  1.19461362e-09  1.11125000e-08  1.19382452e-09 
 1.11175000e-08  0.00000000e+00  1.11175000e-08  1.80000000e+00  1.11175000e-08  1.19461362e-09  1.11175000e-08  1.19382452e-09 
 1.11225000e-08  0.00000000e+00  1.11225000e-08  1.80000000e+00  1.11225000e-08  1.19461362e-09  1.11225000e-08  1.19382452e-09 
 1.11275000e-08  0.00000000e+00  1.11275000e-08  1.80000000e+00  1.11275000e-08  1.19461362e-09  1.11275000e-08  1.19382452e-09 
 1.11325000e-08  0.00000000e+00  1.11325000e-08  1.80000000e+00  1.11325000e-08  1.19461362e-09  1.11325000e-08  1.19382452e-09 
 1.11375000e-08  0.00000000e+00  1.11375000e-08  1.80000000e+00  1.11375000e-08  1.19461362e-09  1.11375000e-08  1.19382452e-09 
 1.11425000e-08  0.00000000e+00  1.11425000e-08  1.80000000e+00  1.11425000e-08  1.19461362e-09  1.11425000e-08  1.19382452e-09 
 1.11475000e-08  0.00000000e+00  1.11475000e-08  1.80000000e+00  1.11475000e-08  1.19461362e-09  1.11475000e-08  1.19382452e-09 
 1.11525000e-08  0.00000000e+00  1.11525000e-08  1.80000000e+00  1.11525000e-08  1.19461362e-09  1.11525000e-08  1.19382452e-09 
 1.11575000e-08  0.00000000e+00  1.11575000e-08  1.80000000e+00  1.11575000e-08  1.19461362e-09  1.11575000e-08  1.19382452e-09 
 1.11625000e-08  0.00000000e+00  1.11625000e-08  1.80000000e+00  1.11625000e-08  1.19461362e-09  1.11625000e-08  1.19382452e-09 
 1.11675000e-08  0.00000000e+00  1.11675000e-08  1.80000000e+00  1.11675000e-08  1.19461362e-09  1.11675000e-08  1.19382452e-09 
 1.11725000e-08  0.00000000e+00  1.11725000e-08  1.80000000e+00  1.11725000e-08  1.19461362e-09  1.11725000e-08  1.19382452e-09 
 1.11775000e-08  0.00000000e+00  1.11775000e-08  1.80000000e+00  1.11775000e-08  1.19461362e-09  1.11775000e-08  1.19382452e-09 
 1.11825000e-08  0.00000000e+00  1.11825000e-08  1.80000000e+00  1.11825000e-08  1.19461362e-09  1.11825000e-08  1.19382452e-09 
 1.11875000e-08  0.00000000e+00  1.11875000e-08  1.80000000e+00  1.11875000e-08  1.19461362e-09  1.11875000e-08  1.19382452e-09 
 1.11925000e-08  0.00000000e+00  1.11925000e-08  1.80000000e+00  1.11925000e-08  1.19461362e-09  1.11925000e-08  1.19382452e-09 
 1.11975000e-08  0.00000000e+00  1.11975000e-08  1.80000000e+00  1.11975000e-08  1.19461362e-09  1.11975000e-08  1.19382452e-09 
 1.12025000e-08  0.00000000e+00  1.12025000e-08  1.80000000e+00  1.12025000e-08  1.19461362e-09  1.12025000e-08  1.19382452e-09 
 1.12075000e-08  0.00000000e+00  1.12075000e-08  1.80000000e+00  1.12075000e-08  1.19461362e-09  1.12075000e-08  1.19382452e-09 
 1.12125000e-08  0.00000000e+00  1.12125000e-08  1.80000000e+00  1.12125000e-08  1.19461362e-09  1.12125000e-08  1.19382452e-09 
 1.12175000e-08  0.00000000e+00  1.12175000e-08  1.80000000e+00  1.12175000e-08  1.19461362e-09  1.12175000e-08  1.19382452e-09 
 1.12225000e-08  0.00000000e+00  1.12225000e-08  1.80000000e+00  1.12225000e-08  1.19461362e-09  1.12225000e-08  1.19382452e-09 
 1.12275000e-08  0.00000000e+00  1.12275000e-08  1.80000000e+00  1.12275000e-08  1.19461362e-09  1.12275000e-08  1.19382452e-09 
 1.12325000e-08  0.00000000e+00  1.12325000e-08  1.80000000e+00  1.12325000e-08  1.19461362e-09  1.12325000e-08  1.19382452e-09 
 1.12375000e-08  0.00000000e+00  1.12375000e-08  1.80000000e+00  1.12375000e-08  1.19461362e-09  1.12375000e-08  1.19382452e-09 
 1.12425000e-08  0.00000000e+00  1.12425000e-08  1.80000000e+00  1.12425000e-08  1.19461362e-09  1.12425000e-08  1.19382452e-09 
 1.12475000e-08  0.00000000e+00  1.12475000e-08  1.80000000e+00  1.12475000e-08  1.19461362e-09  1.12475000e-08  1.19382452e-09 
 1.12525000e-08  0.00000000e+00  1.12525000e-08  1.80000000e+00  1.12525000e-08  1.19461362e-09  1.12525000e-08  1.19382452e-09 
 1.12575000e-08  0.00000000e+00  1.12575000e-08  1.80000000e+00  1.12575000e-08  1.19461362e-09  1.12575000e-08  1.19382452e-09 
 1.12625000e-08  0.00000000e+00  1.12625000e-08  1.80000000e+00  1.12625000e-08  1.19461362e-09  1.12625000e-08  1.19382452e-09 
 1.12675000e-08  0.00000000e+00  1.12675000e-08  1.80000000e+00  1.12675000e-08  1.19461362e-09  1.12675000e-08  1.19382452e-09 
 1.12725000e-08  0.00000000e+00  1.12725000e-08  1.80000000e+00  1.12725000e-08  1.19461362e-09  1.12725000e-08  1.19382452e-09 
 1.12775000e-08  0.00000000e+00  1.12775000e-08  1.80000000e+00  1.12775000e-08  1.19461362e-09  1.12775000e-08  1.19382452e-09 
 1.12825000e-08  0.00000000e+00  1.12825000e-08  1.80000000e+00  1.12825000e-08  1.19461362e-09  1.12825000e-08  1.19382452e-09 
 1.12875000e-08  0.00000000e+00  1.12875000e-08  1.80000000e+00  1.12875000e-08  1.19461362e-09  1.12875000e-08  1.19382452e-09 
 1.12925000e-08  0.00000000e+00  1.12925000e-08  1.80000000e+00  1.12925000e-08  1.19461362e-09  1.12925000e-08  1.19382452e-09 
 1.12975000e-08  0.00000000e+00  1.12975000e-08  1.80000000e+00  1.12975000e-08  1.19461362e-09  1.12975000e-08  1.19382452e-09 
 1.13025000e-08  0.00000000e+00  1.13025000e-08  1.80000000e+00  1.13025000e-08  1.19461362e-09  1.13025000e-08  1.19382452e-09 
 1.13075000e-08  0.00000000e+00  1.13075000e-08  1.80000000e+00  1.13075000e-08  1.19461362e-09  1.13075000e-08  1.19382452e-09 
 1.13125000e-08  0.00000000e+00  1.13125000e-08  1.80000000e+00  1.13125000e-08  1.19461362e-09  1.13125000e-08  1.19382452e-09 
 1.13175000e-08  0.00000000e+00  1.13175000e-08  1.80000000e+00  1.13175000e-08  1.19461362e-09  1.13175000e-08  1.19382452e-09 
 1.13225000e-08  0.00000000e+00  1.13225000e-08  1.80000000e+00  1.13225000e-08  1.19461362e-09  1.13225000e-08  1.19382452e-09 
 1.13275000e-08  0.00000000e+00  1.13275000e-08  1.80000000e+00  1.13275000e-08  1.19461362e-09  1.13275000e-08  1.19382452e-09 
 1.13325000e-08  0.00000000e+00  1.13325000e-08  1.80000000e+00  1.13325000e-08  1.19461362e-09  1.13325000e-08  1.19382452e-09 
 1.13375000e-08  0.00000000e+00  1.13375000e-08  1.80000000e+00  1.13375000e-08  1.19461362e-09  1.13375000e-08  1.19382452e-09 
 1.13425000e-08  0.00000000e+00  1.13425000e-08  1.80000000e+00  1.13425000e-08  1.19461362e-09  1.13425000e-08  1.19382452e-09 
 1.13475000e-08  0.00000000e+00  1.13475000e-08  1.80000000e+00  1.13475000e-08  1.19461362e-09  1.13475000e-08  1.19382452e-09 
 1.13525000e-08  0.00000000e+00  1.13525000e-08  1.80000000e+00  1.13525000e-08  1.19461362e-09  1.13525000e-08  1.19382452e-09 
 1.13575000e-08  0.00000000e+00  1.13575000e-08  1.80000000e+00  1.13575000e-08  1.19461362e-09  1.13575000e-08  1.19382452e-09 
 1.13625000e-08  0.00000000e+00  1.13625000e-08  1.80000000e+00  1.13625000e-08  1.19461362e-09  1.13625000e-08  1.19382452e-09 
 1.13675000e-08  0.00000000e+00  1.13675000e-08  1.80000000e+00  1.13675000e-08  1.19461362e-09  1.13675000e-08  1.19382452e-09 
 1.13725000e-08  0.00000000e+00  1.13725000e-08  1.80000000e+00  1.13725000e-08  1.19461362e-09  1.13725000e-08  1.19382452e-09 
 1.13775000e-08  0.00000000e+00  1.13775000e-08  1.80000000e+00  1.13775000e-08  1.19461362e-09  1.13775000e-08  1.19382452e-09 
 1.13825000e-08  0.00000000e+00  1.13825000e-08  1.80000000e+00  1.13825000e-08  1.19461362e-09  1.13825000e-08  1.19382452e-09 
 1.13875000e-08  0.00000000e+00  1.13875000e-08  1.80000000e+00  1.13875000e-08  1.19461362e-09  1.13875000e-08  1.19382452e-09 
 1.13925000e-08  0.00000000e+00  1.13925000e-08  1.80000000e+00  1.13925000e-08  1.19461362e-09  1.13925000e-08  1.19382452e-09 
 1.13975000e-08  0.00000000e+00  1.13975000e-08  1.80000000e+00  1.13975000e-08  1.19461362e-09  1.13975000e-08  1.19382452e-09 
 1.14025000e-08  0.00000000e+00  1.14025000e-08  1.80000000e+00  1.14025000e-08  1.19461362e-09  1.14025000e-08  1.19382452e-09 
 1.14075000e-08  0.00000000e+00  1.14075000e-08  1.80000000e+00  1.14075000e-08  1.19461362e-09  1.14075000e-08  1.19382452e-09 
 1.14125000e-08  0.00000000e+00  1.14125000e-08  1.80000000e+00  1.14125000e-08  1.19461362e-09  1.14125000e-08  1.19382452e-09 
 1.14175000e-08  0.00000000e+00  1.14175000e-08  1.80000000e+00  1.14175000e-08  1.19461362e-09  1.14175000e-08  1.19382452e-09 
 1.14225000e-08  0.00000000e+00  1.14225000e-08  1.80000000e+00  1.14225000e-08  1.19461362e-09  1.14225000e-08  1.19382452e-09 
 1.14275000e-08  0.00000000e+00  1.14275000e-08  1.80000000e+00  1.14275000e-08  1.19461362e-09  1.14275000e-08  1.19382452e-09 
 1.14325000e-08  0.00000000e+00  1.14325000e-08  1.80000000e+00  1.14325000e-08  1.19461362e-09  1.14325000e-08  1.19382452e-09 
 1.14375000e-08  0.00000000e+00  1.14375000e-08  1.80000000e+00  1.14375000e-08  1.19461362e-09  1.14375000e-08  1.19382452e-09 
 1.14425000e-08  0.00000000e+00  1.14425000e-08  1.80000000e+00  1.14425000e-08  1.19461362e-09  1.14425000e-08  1.19382452e-09 
 1.14475000e-08  0.00000000e+00  1.14475000e-08  1.80000000e+00  1.14475000e-08  1.19461362e-09  1.14475000e-08  1.19382452e-09 
 1.14525000e-08  0.00000000e+00  1.14525000e-08  1.80000000e+00  1.14525000e-08  1.19461362e-09  1.14525000e-08  1.19382452e-09 
 1.14575000e-08  0.00000000e+00  1.14575000e-08  1.80000000e+00  1.14575000e-08  1.19461362e-09  1.14575000e-08  1.19382452e-09 
 1.14625000e-08  0.00000000e+00  1.14625000e-08  1.80000000e+00  1.14625000e-08  1.19461362e-09  1.14625000e-08  1.19382452e-09 
 1.14675000e-08  0.00000000e+00  1.14675000e-08  1.80000000e+00  1.14675000e-08  1.19461362e-09  1.14675000e-08  1.19382452e-09 
 1.14725000e-08  0.00000000e+00  1.14725000e-08  1.80000000e+00  1.14725000e-08  1.19461362e-09  1.14725000e-08  1.19382452e-09 
 1.14775000e-08  0.00000000e+00  1.14775000e-08  1.80000000e+00  1.14775000e-08  1.19461362e-09  1.14775000e-08  1.19382452e-09 
 1.14825000e-08  0.00000000e+00  1.14825000e-08  1.80000000e+00  1.14825000e-08  1.19461362e-09  1.14825000e-08  1.19382452e-09 
 1.14875000e-08  0.00000000e+00  1.14875000e-08  1.80000000e+00  1.14875000e-08  1.19461362e-09  1.14875000e-08  1.19382452e-09 
 1.14925000e-08  0.00000000e+00  1.14925000e-08  1.80000000e+00  1.14925000e-08  1.19461362e-09  1.14925000e-08  1.19382452e-09 
 1.14975000e-08  0.00000000e+00  1.14975000e-08  1.80000000e+00  1.14975000e-08  1.19461362e-09  1.14975000e-08  1.19382452e-09 
 1.15025000e-08  0.00000000e+00  1.15025000e-08  1.80000000e+00  1.15025000e-08  1.19461362e-09  1.15025000e-08  1.19382452e-09 
 1.15075000e-08  0.00000000e+00  1.15075000e-08  1.80000000e+00  1.15075000e-08  1.19461362e-09  1.15075000e-08  1.19382452e-09 
 1.15125000e-08  0.00000000e+00  1.15125000e-08  1.80000000e+00  1.15125000e-08  1.19461362e-09  1.15125000e-08  1.19382452e-09 
 1.15175000e-08  0.00000000e+00  1.15175000e-08  1.80000000e+00  1.15175000e-08  1.19461362e-09  1.15175000e-08  1.19382452e-09 
 1.15225000e-08  0.00000000e+00  1.15225000e-08  1.80000000e+00  1.15225000e-08  1.19461362e-09  1.15225000e-08  1.19382452e-09 
 1.15275000e-08  0.00000000e+00  1.15275000e-08  1.80000000e+00  1.15275000e-08  1.19461362e-09  1.15275000e-08  1.19382452e-09 
 1.15325000e-08  0.00000000e+00  1.15325000e-08  1.80000000e+00  1.15325000e-08  1.19461362e-09  1.15325000e-08  1.19382452e-09 
 1.15375000e-08  0.00000000e+00  1.15375000e-08  1.80000000e+00  1.15375000e-08  1.19461362e-09  1.15375000e-08  1.19382452e-09 
 1.15425000e-08  0.00000000e+00  1.15425000e-08  1.80000000e+00  1.15425000e-08  1.19461362e-09  1.15425000e-08  1.19382452e-09 
 1.15475000e-08  0.00000000e+00  1.15475000e-08  1.80000000e+00  1.15475000e-08  1.19461362e-09  1.15475000e-08  1.19382452e-09 
 1.15525000e-08  0.00000000e+00  1.15525000e-08  1.80000000e+00  1.15525000e-08  1.19461362e-09  1.15525000e-08  1.19382452e-09 
 1.15575000e-08  0.00000000e+00  1.15575000e-08  1.80000000e+00  1.15575000e-08  1.19461362e-09  1.15575000e-08  1.19382452e-09 
 1.15625000e-08  0.00000000e+00  1.15625000e-08  1.80000000e+00  1.15625000e-08  1.19461362e-09  1.15625000e-08  1.19382452e-09 
 1.15675000e-08  0.00000000e+00  1.15675000e-08  1.80000000e+00  1.15675000e-08  1.19461362e-09  1.15675000e-08  1.19382452e-09 
 1.15725000e-08  0.00000000e+00  1.15725000e-08  1.80000000e+00  1.15725000e-08  1.19461362e-09  1.15725000e-08  1.19382452e-09 
 1.15775000e-08  0.00000000e+00  1.15775000e-08  1.80000000e+00  1.15775000e-08  1.19461362e-09  1.15775000e-08  1.19382452e-09 
 1.15825000e-08  0.00000000e+00  1.15825000e-08  1.80000000e+00  1.15825000e-08  1.19461362e-09  1.15825000e-08  1.19382452e-09 
 1.15875000e-08  0.00000000e+00  1.15875000e-08  1.80000000e+00  1.15875000e-08  1.19461362e-09  1.15875000e-08  1.19382452e-09 
 1.15925000e-08  0.00000000e+00  1.15925000e-08  1.80000000e+00  1.15925000e-08  1.19461362e-09  1.15925000e-08  1.19382452e-09 
 1.15975000e-08  0.00000000e+00  1.15975000e-08  1.80000000e+00  1.15975000e-08  1.19461362e-09  1.15975000e-08  1.19382452e-09 
 1.16025000e-08  0.00000000e+00  1.16025000e-08  1.80000000e+00  1.16025000e-08  1.19461362e-09  1.16025000e-08  1.19382452e-09 
 1.16075000e-08  0.00000000e+00  1.16075000e-08  1.80000000e+00  1.16075000e-08  1.19461362e-09  1.16075000e-08  1.19382452e-09 
 1.16125000e-08  0.00000000e+00  1.16125000e-08  1.80000000e+00  1.16125000e-08  1.19461362e-09  1.16125000e-08  1.19382452e-09 
 1.16175000e-08  0.00000000e+00  1.16175000e-08  1.80000000e+00  1.16175000e-08  1.19461362e-09  1.16175000e-08  1.19382452e-09 
 1.16225000e-08  0.00000000e+00  1.16225000e-08  1.80000000e+00  1.16225000e-08  1.19461362e-09  1.16225000e-08  1.19382452e-09 
 1.16275000e-08  0.00000000e+00  1.16275000e-08  1.80000000e+00  1.16275000e-08  1.19461362e-09  1.16275000e-08  1.19382452e-09 
 1.16325000e-08  0.00000000e+00  1.16325000e-08  1.80000000e+00  1.16325000e-08  1.19461362e-09  1.16325000e-08  1.19382452e-09 
 1.16375000e-08  0.00000000e+00  1.16375000e-08  1.80000000e+00  1.16375000e-08  1.19461362e-09  1.16375000e-08  1.19382452e-09 
 1.16425000e-08  0.00000000e+00  1.16425000e-08  1.80000000e+00  1.16425000e-08  1.19461362e-09  1.16425000e-08  1.19382452e-09 
 1.16475000e-08  0.00000000e+00  1.16475000e-08  1.80000000e+00  1.16475000e-08  1.19461362e-09  1.16475000e-08  1.19382452e-09 
 1.16525000e-08  0.00000000e+00  1.16525000e-08  1.80000000e+00  1.16525000e-08  1.19461362e-09  1.16525000e-08  1.19382452e-09 
 1.16575000e-08  0.00000000e+00  1.16575000e-08  1.80000000e+00  1.16575000e-08  1.19461362e-09  1.16575000e-08  1.19382452e-09 
 1.16625000e-08  0.00000000e+00  1.16625000e-08  1.80000000e+00  1.16625000e-08  1.19461362e-09  1.16625000e-08  1.19382452e-09 
 1.16675000e-08  0.00000000e+00  1.16675000e-08  1.80000000e+00  1.16675000e-08  1.19461362e-09  1.16675000e-08  1.19382452e-09 
 1.16725000e-08  0.00000000e+00  1.16725000e-08  1.80000000e+00  1.16725000e-08  1.19461362e-09  1.16725000e-08  1.19382452e-09 
 1.16775000e-08  0.00000000e+00  1.16775000e-08  1.80000000e+00  1.16775000e-08  1.19461362e-09  1.16775000e-08  1.19382452e-09 
 1.16825000e-08  0.00000000e+00  1.16825000e-08  1.80000000e+00  1.16825000e-08  1.19461362e-09  1.16825000e-08  1.19382452e-09 
 1.16875000e-08  0.00000000e+00  1.16875000e-08  1.80000000e+00  1.16875000e-08  1.19461362e-09  1.16875000e-08  1.19382452e-09 
 1.16925000e-08  0.00000000e+00  1.16925000e-08  1.80000000e+00  1.16925000e-08  1.19461362e-09  1.16925000e-08  1.19382452e-09 
 1.16975000e-08  0.00000000e+00  1.16975000e-08  1.80000000e+00  1.16975000e-08  1.19461362e-09  1.16975000e-08  1.19382452e-09 
 1.17025000e-08  0.00000000e+00  1.17025000e-08  1.80000000e+00  1.17025000e-08  1.19461362e-09  1.17025000e-08  1.19382452e-09 
 1.17075000e-08  0.00000000e+00  1.17075000e-08  1.80000000e+00  1.17075000e-08  1.19461362e-09  1.17075000e-08  1.19382452e-09 
 1.17125000e-08  0.00000000e+00  1.17125000e-08  1.80000000e+00  1.17125000e-08  1.19461362e-09  1.17125000e-08  1.19382452e-09 
 1.17175000e-08  0.00000000e+00  1.17175000e-08  1.80000000e+00  1.17175000e-08  1.19461362e-09  1.17175000e-08  1.19382452e-09 
 1.17225000e-08  0.00000000e+00  1.17225000e-08  1.80000000e+00  1.17225000e-08  1.19461362e-09  1.17225000e-08  1.19382452e-09 
 1.17275000e-08  0.00000000e+00  1.17275000e-08  1.80000000e+00  1.17275000e-08  1.19461362e-09  1.17275000e-08  1.19382452e-09 
 1.17325000e-08  0.00000000e+00  1.17325000e-08  1.80000000e+00  1.17325000e-08  1.19461362e-09  1.17325000e-08  1.19382452e-09 
 1.17375000e-08  0.00000000e+00  1.17375000e-08  1.80000000e+00  1.17375000e-08  1.19461362e-09  1.17375000e-08  1.19382452e-09 
 1.17425000e-08  0.00000000e+00  1.17425000e-08  1.80000000e+00  1.17425000e-08  1.19461362e-09  1.17425000e-08  1.19382452e-09 
 1.17475000e-08  0.00000000e+00  1.17475000e-08  1.80000000e+00  1.17475000e-08  1.19461362e-09  1.17475000e-08  1.19382452e-09 
 1.17525000e-08  0.00000000e+00  1.17525000e-08  1.80000000e+00  1.17525000e-08  1.19461362e-09  1.17525000e-08  1.19382452e-09 
 1.17575000e-08  0.00000000e+00  1.17575000e-08  1.80000000e+00  1.17575000e-08  1.19461362e-09  1.17575000e-08  1.19382452e-09 
 1.17625000e-08  0.00000000e+00  1.17625000e-08  1.80000000e+00  1.17625000e-08  1.19461362e-09  1.17625000e-08  1.19382452e-09 
 1.17675000e-08  0.00000000e+00  1.17675000e-08  1.80000000e+00  1.17675000e-08  1.19461362e-09  1.17675000e-08  1.19382452e-09 
 1.17725000e-08  0.00000000e+00  1.17725000e-08  1.80000000e+00  1.17725000e-08  1.19461362e-09  1.17725000e-08  1.19382452e-09 
 1.17775000e-08  0.00000000e+00  1.17775000e-08  1.80000000e+00  1.17775000e-08  1.19461362e-09  1.17775000e-08  1.19382452e-09 
 1.17825000e-08  0.00000000e+00  1.17825000e-08  1.80000000e+00  1.17825000e-08  1.19461362e-09  1.17825000e-08  1.19382452e-09 
 1.17875000e-08  0.00000000e+00  1.17875000e-08  1.80000000e+00  1.17875000e-08  1.19461362e-09  1.17875000e-08  1.19382452e-09 
 1.17925000e-08  0.00000000e+00  1.17925000e-08  1.80000000e+00  1.17925000e-08  1.19461362e-09  1.17925000e-08  1.19382452e-09 
 1.17975000e-08  0.00000000e+00  1.17975000e-08  1.80000000e+00  1.17975000e-08  1.19461362e-09  1.17975000e-08  1.19382452e-09 
 1.18025000e-08  0.00000000e+00  1.18025000e-08  1.80000000e+00  1.18025000e-08  1.19461362e-09  1.18025000e-08  1.19382452e-09 
 1.18075000e-08  0.00000000e+00  1.18075000e-08  1.80000000e+00  1.18075000e-08  1.19461362e-09  1.18075000e-08  1.19382452e-09 
 1.18125000e-08  0.00000000e+00  1.18125000e-08  1.80000000e+00  1.18125000e-08  1.19461362e-09  1.18125000e-08  1.19382452e-09 
 1.18175000e-08  0.00000000e+00  1.18175000e-08  1.80000000e+00  1.18175000e-08  1.19461362e-09  1.18175000e-08  1.19382452e-09 
 1.18225000e-08  0.00000000e+00  1.18225000e-08  1.80000000e+00  1.18225000e-08  1.19461362e-09  1.18225000e-08  1.19382452e-09 
 1.18275000e-08  0.00000000e+00  1.18275000e-08  1.80000000e+00  1.18275000e-08  1.19461362e-09  1.18275000e-08  1.19382452e-09 
 1.18325000e-08  0.00000000e+00  1.18325000e-08  1.80000000e+00  1.18325000e-08  1.19461362e-09  1.18325000e-08  1.19382452e-09 
 1.18375000e-08  0.00000000e+00  1.18375000e-08  1.80000000e+00  1.18375000e-08  1.19461362e-09  1.18375000e-08  1.19382452e-09 
 1.18425000e-08  0.00000000e+00  1.18425000e-08  1.80000000e+00  1.18425000e-08  1.19461362e-09  1.18425000e-08  1.19382452e-09 
 1.18475000e-08  0.00000000e+00  1.18475000e-08  1.80000000e+00  1.18475000e-08  1.19461362e-09  1.18475000e-08  1.19382452e-09 
 1.18525000e-08  0.00000000e+00  1.18525000e-08  1.80000000e+00  1.18525000e-08  1.19461362e-09  1.18525000e-08  1.19382452e-09 
 1.18575000e-08  0.00000000e+00  1.18575000e-08  1.80000000e+00  1.18575000e-08  1.19461362e-09  1.18575000e-08  1.19382452e-09 
 1.18625000e-08  0.00000000e+00  1.18625000e-08  1.80000000e+00  1.18625000e-08  1.19461362e-09  1.18625000e-08  1.19382452e-09 
 1.18675000e-08  0.00000000e+00  1.18675000e-08  1.80000000e+00  1.18675000e-08  1.19461362e-09  1.18675000e-08  1.19382452e-09 
 1.18725000e-08  0.00000000e+00  1.18725000e-08  1.80000000e+00  1.18725000e-08  1.19461362e-09  1.18725000e-08  1.19382452e-09 
 1.18775000e-08  0.00000000e+00  1.18775000e-08  1.80000000e+00  1.18775000e-08  1.19461362e-09  1.18775000e-08  1.19382452e-09 
 1.18825000e-08  0.00000000e+00  1.18825000e-08  1.80000000e+00  1.18825000e-08  1.19461362e-09  1.18825000e-08  1.19382452e-09 
 1.18875000e-08  0.00000000e+00  1.18875000e-08  1.80000000e+00  1.18875000e-08  1.19461362e-09  1.18875000e-08  1.19382452e-09 
 1.18925000e-08  0.00000000e+00  1.18925000e-08  1.80000000e+00  1.18925000e-08  1.19461362e-09  1.18925000e-08  1.19382452e-09 
 1.18975000e-08  0.00000000e+00  1.18975000e-08  1.80000000e+00  1.18975000e-08  1.19461362e-09  1.18975000e-08  1.19382452e-09 
 1.19025000e-08  0.00000000e+00  1.19025000e-08  1.80000000e+00  1.19025000e-08  1.19461362e-09  1.19025000e-08  1.19382452e-09 
 1.19075000e-08  0.00000000e+00  1.19075000e-08  1.80000000e+00  1.19075000e-08  1.19461362e-09  1.19075000e-08  1.19382452e-09 
 1.19125000e-08  0.00000000e+00  1.19125000e-08  1.80000000e+00  1.19125000e-08  1.19461362e-09  1.19125000e-08  1.19382452e-09 
 1.19175000e-08  0.00000000e+00  1.19175000e-08  1.80000000e+00  1.19175000e-08  1.19461362e-09  1.19175000e-08  1.19382452e-09 
 1.19225000e-08  0.00000000e+00  1.19225000e-08  1.80000000e+00  1.19225000e-08  1.19461362e-09  1.19225000e-08  1.19382452e-09 
 1.19275000e-08  0.00000000e+00  1.19275000e-08  1.80000000e+00  1.19275000e-08  1.19461362e-09  1.19275000e-08  1.19382452e-09 
 1.19325000e-08  0.00000000e+00  1.19325000e-08  1.80000000e+00  1.19325000e-08  1.19461362e-09  1.19325000e-08  1.19382452e-09 
 1.19375000e-08  0.00000000e+00  1.19375000e-08  1.80000000e+00  1.19375000e-08  1.19461362e-09  1.19375000e-08  1.19382452e-09 
 1.19425000e-08  0.00000000e+00  1.19425000e-08  1.80000000e+00  1.19425000e-08  1.19461362e-09  1.19425000e-08  1.19382452e-09 
 1.19475000e-08  0.00000000e+00  1.19475000e-08  1.80000000e+00  1.19475000e-08  1.19461362e-09  1.19475000e-08  1.19382452e-09 
 1.19525000e-08  0.00000000e+00  1.19525000e-08  1.80000000e+00  1.19525000e-08  1.19461362e-09  1.19525000e-08  1.19382452e-09 
 1.19575000e-08  0.00000000e+00  1.19575000e-08  1.80000000e+00  1.19575000e-08  1.19461362e-09  1.19575000e-08  1.19382452e-09 
 1.19625000e-08  0.00000000e+00  1.19625000e-08  1.80000000e+00  1.19625000e-08  1.19461362e-09  1.19625000e-08  1.19382452e-09 
 1.19675000e-08  0.00000000e+00  1.19675000e-08  1.80000000e+00  1.19675000e-08  1.19461362e-09  1.19675000e-08  1.19382452e-09 
 1.19725000e-08  0.00000000e+00  1.19725000e-08  1.80000000e+00  1.19725000e-08  1.19461362e-09  1.19725000e-08  1.19382452e-09 
 1.19775000e-08  0.00000000e+00  1.19775000e-08  1.80000000e+00  1.19775000e-08  1.19461362e-09  1.19775000e-08  1.19382452e-09 
 1.19825000e-08  0.00000000e+00  1.19825000e-08  1.80000000e+00  1.19825000e-08  1.19461362e-09  1.19825000e-08  1.19382452e-09 
 1.19875000e-08  0.00000000e+00  1.19875000e-08  1.80000000e+00  1.19875000e-08  1.19461362e-09  1.19875000e-08  1.19382452e-09 
 1.19925000e-08  0.00000000e+00  1.19925000e-08  1.80000000e+00  1.19925000e-08  1.19461362e-09  1.19925000e-08  1.19382452e-09 
 1.19975000e-08  0.00000000e+00  1.19975000e-08  1.80000000e+00  1.19975000e-08  1.19461362e-09  1.19975000e-08  1.19382452e-09 
 1.20025000e-08  0.00000000e+00  1.20025000e-08  1.80000000e+00  1.20025000e-08  1.19461362e-09  1.20025000e-08  1.19382452e-09 
 1.20075000e-08  0.00000000e+00  1.20075000e-08  1.80000000e+00  1.20075000e-08  1.19461362e-09  1.20075000e-08  1.19382452e-09 
 1.20125000e-08  0.00000000e+00  1.20125000e-08  1.80000000e+00  1.20125000e-08  1.19461362e-09  1.20125000e-08  1.19382452e-09 
 1.20175000e-08  0.00000000e+00  1.20175000e-08  1.80000000e+00  1.20175000e-08  1.19461362e-09  1.20175000e-08  1.19382452e-09 
 1.20225000e-08  0.00000000e+00  1.20225000e-08  1.80000000e+00  1.20225000e-08  1.19461362e-09  1.20225000e-08  1.19382452e-09 
 1.20275000e-08  0.00000000e+00  1.20275000e-08  1.80000000e+00  1.20275000e-08  1.19461362e-09  1.20275000e-08  1.19382452e-09 
 1.20325000e-08  0.00000000e+00  1.20325000e-08  1.80000000e+00  1.20325000e-08  1.19461362e-09  1.20325000e-08  1.19382452e-09 
 1.20375000e-08  0.00000000e+00  1.20375000e-08  1.80000000e+00  1.20375000e-08  1.19461362e-09  1.20375000e-08  1.19382452e-09 
 1.20425000e-08  0.00000000e+00  1.20425000e-08  1.80000000e+00  1.20425000e-08  1.19461362e-09  1.20425000e-08  1.19382452e-09 
 1.20475000e-08  0.00000000e+00  1.20475000e-08  1.80000000e+00  1.20475000e-08  1.19461362e-09  1.20475000e-08  1.19382452e-09 
 1.20525000e-08  0.00000000e+00  1.20525000e-08  1.80000000e+00  1.20525000e-08  1.19461362e-09  1.20525000e-08  1.19382452e-09 
 1.20575000e-08  0.00000000e+00  1.20575000e-08  1.80000000e+00  1.20575000e-08  1.19461362e-09  1.20575000e-08  1.19382452e-09 
 1.20625000e-08  0.00000000e+00  1.20625000e-08  1.80000000e+00  1.20625000e-08  1.19461362e-09  1.20625000e-08  1.19382452e-09 
 1.20675000e-08  0.00000000e+00  1.20675000e-08  1.80000000e+00  1.20675000e-08  1.19461362e-09  1.20675000e-08  1.19382452e-09 
 1.20725000e-08  0.00000000e+00  1.20725000e-08  1.80000000e+00  1.20725000e-08  1.19461362e-09  1.20725000e-08  1.19382452e-09 
 1.20775000e-08  0.00000000e+00  1.20775000e-08  1.80000000e+00  1.20775000e-08  1.19461362e-09  1.20775000e-08  1.19382452e-09 
 1.20825000e-08  0.00000000e+00  1.20825000e-08  1.80000000e+00  1.20825000e-08  1.19461362e-09  1.20825000e-08  1.19382452e-09 
 1.20875000e-08  0.00000000e+00  1.20875000e-08  1.80000000e+00  1.20875000e-08  1.19461362e-09  1.20875000e-08  1.19382452e-09 
 1.20925000e-08  0.00000000e+00  1.20925000e-08  1.80000000e+00  1.20925000e-08  1.19461362e-09  1.20925000e-08  1.19382452e-09 
 1.20975000e-08  0.00000000e+00  1.20975000e-08  1.80000000e+00  1.20975000e-08  1.19461362e-09  1.20975000e-08  1.19382452e-09 
 1.21025000e-08  0.00000000e+00  1.21025000e-08  1.80000000e+00  1.21025000e-08  1.19461362e-09  1.21025000e-08  1.19382452e-09 
 1.21075000e-08  0.00000000e+00  1.21075000e-08  1.80000000e+00  1.21075000e-08  1.19461362e-09  1.21075000e-08  1.19382452e-09 
 1.21125000e-08  0.00000000e+00  1.21125000e-08  1.80000000e+00  1.21125000e-08  1.19461362e-09  1.21125000e-08  1.19382452e-09 
 1.21175000e-08  0.00000000e+00  1.21175000e-08  1.80000000e+00  1.21175000e-08  1.19461362e-09  1.21175000e-08  1.19382452e-09 
 1.21225000e-08  0.00000000e+00  1.21225000e-08  1.80000000e+00  1.21225000e-08  1.19461362e-09  1.21225000e-08  1.19382452e-09 
 1.21275000e-08  0.00000000e+00  1.21275000e-08  1.80000000e+00  1.21275000e-08  1.19461362e-09  1.21275000e-08  1.19382452e-09 
 1.21325000e-08  0.00000000e+00  1.21325000e-08  1.80000000e+00  1.21325000e-08  1.19461362e-09  1.21325000e-08  1.19382452e-09 
 1.21375000e-08  0.00000000e+00  1.21375000e-08  1.80000000e+00  1.21375000e-08  1.19461362e-09  1.21375000e-08  1.19382452e-09 
 1.21425000e-08  0.00000000e+00  1.21425000e-08  1.80000000e+00  1.21425000e-08  1.19461362e-09  1.21425000e-08  1.19382452e-09 
 1.21475000e-08  0.00000000e+00  1.21475000e-08  1.80000000e+00  1.21475000e-08  1.19461362e-09  1.21475000e-08  1.19382452e-09 
 1.21525000e-08  0.00000000e+00  1.21525000e-08  1.80000000e+00  1.21525000e-08  1.19461362e-09  1.21525000e-08  1.19382452e-09 
 1.21575000e-08  0.00000000e+00  1.21575000e-08  1.80000000e+00  1.21575000e-08  1.19461362e-09  1.21575000e-08  1.19382452e-09 
 1.21625000e-08  0.00000000e+00  1.21625000e-08  1.80000000e+00  1.21625000e-08  1.19461362e-09  1.21625000e-08  1.19382452e-09 
 1.21675000e-08  0.00000000e+00  1.21675000e-08  1.80000000e+00  1.21675000e-08  1.19461362e-09  1.21675000e-08  1.19382452e-09 
 1.21725000e-08  0.00000000e+00  1.21725000e-08  1.80000000e+00  1.21725000e-08  1.19461362e-09  1.21725000e-08  1.19382452e-09 
 1.21775000e-08  0.00000000e+00  1.21775000e-08  1.80000000e+00  1.21775000e-08  1.19461362e-09  1.21775000e-08  1.19382452e-09 
 1.21825000e-08  0.00000000e+00  1.21825000e-08  1.80000000e+00  1.21825000e-08  1.19461362e-09  1.21825000e-08  1.19382452e-09 
 1.21875000e-08  0.00000000e+00  1.21875000e-08  1.80000000e+00  1.21875000e-08  1.19461362e-09  1.21875000e-08  1.19382452e-09 
 1.21925000e-08  0.00000000e+00  1.21925000e-08  1.80000000e+00  1.21925000e-08  1.19461362e-09  1.21925000e-08  1.19382452e-09 
 1.21975000e-08  0.00000000e+00  1.21975000e-08  1.80000000e+00  1.21975000e-08  1.19461362e-09  1.21975000e-08  1.19382452e-09 
 1.22025000e-08  0.00000000e+00  1.22025000e-08  1.80000000e+00  1.22025000e-08  1.19461362e-09  1.22025000e-08  1.19382452e-09 
 1.22075000e-08  0.00000000e+00  1.22075000e-08  1.80000000e+00  1.22075000e-08  1.19461362e-09  1.22075000e-08  1.19382452e-09 
 1.22125000e-08  0.00000000e+00  1.22125000e-08  1.80000000e+00  1.22125000e-08  1.19461362e-09  1.22125000e-08  1.19382452e-09 
 1.22175000e-08  0.00000000e+00  1.22175000e-08  1.80000000e+00  1.22175000e-08  1.19461362e-09  1.22175000e-08  1.19382452e-09 
 1.22225000e-08  0.00000000e+00  1.22225000e-08  1.80000000e+00  1.22225000e-08  1.19461362e-09  1.22225000e-08  1.19382452e-09 
 1.22275000e-08  0.00000000e+00  1.22275000e-08  1.80000000e+00  1.22275000e-08  1.19461362e-09  1.22275000e-08  1.19382452e-09 
 1.22325000e-08  0.00000000e+00  1.22325000e-08  1.80000000e+00  1.22325000e-08  1.19461362e-09  1.22325000e-08  1.19382452e-09 
 1.22375000e-08  0.00000000e+00  1.22375000e-08  1.80000000e+00  1.22375000e-08  1.19461362e-09  1.22375000e-08  1.19382452e-09 
 1.22425000e-08  0.00000000e+00  1.22425000e-08  1.80000000e+00  1.22425000e-08  1.19461362e-09  1.22425000e-08  1.19382452e-09 
 1.22475000e-08  0.00000000e+00  1.22475000e-08  1.80000000e+00  1.22475000e-08  1.19461362e-09  1.22475000e-08  1.19382452e-09 
 1.22525000e-08  0.00000000e+00  1.22525000e-08  1.80000000e+00  1.22525000e-08  1.19461362e-09  1.22525000e-08  1.19382452e-09 
 1.22575000e-08  0.00000000e+00  1.22575000e-08  1.80000000e+00  1.22575000e-08  1.19461362e-09  1.22575000e-08  1.19382452e-09 
 1.22625000e-08  0.00000000e+00  1.22625000e-08  1.80000000e+00  1.22625000e-08  1.19461362e-09  1.22625000e-08  1.19382452e-09 
 1.22675000e-08  0.00000000e+00  1.22675000e-08  1.80000000e+00  1.22675000e-08  1.19461362e-09  1.22675000e-08  1.19382452e-09 
 1.22725000e-08  0.00000000e+00  1.22725000e-08  1.80000000e+00  1.22725000e-08  1.19461362e-09  1.22725000e-08  1.19382452e-09 
 1.22775000e-08  0.00000000e+00  1.22775000e-08  1.80000000e+00  1.22775000e-08  1.19461362e-09  1.22775000e-08  1.19382452e-09 
 1.22825000e-08  0.00000000e+00  1.22825000e-08  1.80000000e+00  1.22825000e-08  1.19461362e-09  1.22825000e-08  1.19382452e-09 
 1.22875000e-08  0.00000000e+00  1.22875000e-08  1.80000000e+00  1.22875000e-08  1.19461362e-09  1.22875000e-08  1.19382452e-09 
 1.22925000e-08  0.00000000e+00  1.22925000e-08  1.80000000e+00  1.22925000e-08  1.19461362e-09  1.22925000e-08  1.19382452e-09 
 1.22975000e-08  0.00000000e+00  1.22975000e-08  1.80000000e+00  1.22975000e-08  1.19461362e-09  1.22975000e-08  1.19382452e-09 
 1.23025000e-08  0.00000000e+00  1.23025000e-08  1.80000000e+00  1.23025000e-08  1.19461362e-09  1.23025000e-08  1.19382452e-09 
 1.23075000e-08  0.00000000e+00  1.23075000e-08  1.80000000e+00  1.23075000e-08  1.19461362e-09  1.23075000e-08  1.19382452e-09 
 1.23125000e-08  0.00000000e+00  1.23125000e-08  1.80000000e+00  1.23125000e-08  1.19461362e-09  1.23125000e-08  1.19382452e-09 
 1.23175000e-08  0.00000000e+00  1.23175000e-08  1.80000000e+00  1.23175000e-08  1.19461362e-09  1.23175000e-08  1.19382452e-09 
 1.23225000e-08  0.00000000e+00  1.23225000e-08  1.80000000e+00  1.23225000e-08  1.19461362e-09  1.23225000e-08  1.19382452e-09 
 1.23275000e-08  0.00000000e+00  1.23275000e-08  1.80000000e+00  1.23275000e-08  1.19461362e-09  1.23275000e-08  1.19382452e-09 
 1.23325000e-08  0.00000000e+00  1.23325000e-08  1.80000000e+00  1.23325000e-08  1.19461362e-09  1.23325000e-08  1.19382452e-09 
 1.23375000e-08  0.00000000e+00  1.23375000e-08  1.80000000e+00  1.23375000e-08  1.19461362e-09  1.23375000e-08  1.19382452e-09 
 1.23425000e-08  0.00000000e+00  1.23425000e-08  1.80000000e+00  1.23425000e-08  1.19461362e-09  1.23425000e-08  1.19382452e-09 
 1.23475000e-08  0.00000000e+00  1.23475000e-08  1.80000000e+00  1.23475000e-08  1.19461362e-09  1.23475000e-08  1.19382452e-09 
 1.23525000e-08  0.00000000e+00  1.23525000e-08  1.80000000e+00  1.23525000e-08  1.19461362e-09  1.23525000e-08  1.19382452e-09 
 1.23575000e-08  0.00000000e+00  1.23575000e-08  1.80000000e+00  1.23575000e-08  1.19461362e-09  1.23575000e-08  1.19382452e-09 
 1.23625000e-08  0.00000000e+00  1.23625000e-08  1.80000000e+00  1.23625000e-08  1.19461362e-09  1.23625000e-08  1.19382452e-09 
 1.23675000e-08  0.00000000e+00  1.23675000e-08  1.80000000e+00  1.23675000e-08  1.19461362e-09  1.23675000e-08  1.19382452e-09 
 1.23725000e-08  0.00000000e+00  1.23725000e-08  1.80000000e+00  1.23725000e-08  1.19461362e-09  1.23725000e-08  1.19382452e-09 
 1.23775000e-08  0.00000000e+00  1.23775000e-08  1.80000000e+00  1.23775000e-08  1.19461362e-09  1.23775000e-08  1.19382452e-09 
 1.23825000e-08  0.00000000e+00  1.23825000e-08  1.80000000e+00  1.23825000e-08  1.19461362e-09  1.23825000e-08  1.19382452e-09 
 1.23875000e-08  0.00000000e+00  1.23875000e-08  1.80000000e+00  1.23875000e-08  1.19461362e-09  1.23875000e-08  1.19382452e-09 
 1.23925000e-08  0.00000000e+00  1.23925000e-08  1.80000000e+00  1.23925000e-08  1.19461362e-09  1.23925000e-08  1.19382452e-09 
 1.23975000e-08  0.00000000e+00  1.23975000e-08  1.80000000e+00  1.23975000e-08  1.19461362e-09  1.23975000e-08  1.19382452e-09 
 1.24025000e-08  0.00000000e+00  1.24025000e-08  1.80000000e+00  1.24025000e-08  1.19461362e-09  1.24025000e-08  1.19382452e-09 
 1.24075000e-08  0.00000000e+00  1.24075000e-08  1.80000000e+00  1.24075000e-08  1.19461362e-09  1.24075000e-08  1.19382452e-09 
 1.24125000e-08  0.00000000e+00  1.24125000e-08  1.80000000e+00  1.24125000e-08  1.19461362e-09  1.24125000e-08  1.19382452e-09 
 1.24175000e-08  0.00000000e+00  1.24175000e-08  1.80000000e+00  1.24175000e-08  1.19461362e-09  1.24175000e-08  1.19382452e-09 
 1.24225000e-08  0.00000000e+00  1.24225000e-08  1.80000000e+00  1.24225000e-08  1.19461362e-09  1.24225000e-08  1.19382452e-09 
 1.24275000e-08  0.00000000e+00  1.24275000e-08  1.80000000e+00  1.24275000e-08  1.19461362e-09  1.24275000e-08  1.19382452e-09 
 1.24325000e-08  0.00000000e+00  1.24325000e-08  1.80000000e+00  1.24325000e-08  1.19461362e-09  1.24325000e-08  1.19382452e-09 
 1.24375000e-08  0.00000000e+00  1.24375000e-08  1.80000000e+00  1.24375000e-08  1.19461362e-09  1.24375000e-08  1.19382452e-09 
 1.24425000e-08  0.00000000e+00  1.24425000e-08  1.80000000e+00  1.24425000e-08  1.19461362e-09  1.24425000e-08  1.19382452e-09 
 1.24475000e-08  0.00000000e+00  1.24475000e-08  1.80000000e+00  1.24475000e-08  1.19461362e-09  1.24475000e-08  1.19382452e-09 
 1.24525000e-08  0.00000000e+00  1.24525000e-08  1.80000000e+00  1.24525000e-08  1.19461362e-09  1.24525000e-08  1.19382452e-09 
 1.24575000e-08  0.00000000e+00  1.24575000e-08  1.80000000e+00  1.24575000e-08  1.19461362e-09  1.24575000e-08  1.19382452e-09 
 1.24625000e-08  0.00000000e+00  1.24625000e-08  1.80000000e+00  1.24625000e-08  1.19461362e-09  1.24625000e-08  1.19382452e-09 
 1.24675000e-08  0.00000000e+00  1.24675000e-08  1.80000000e+00  1.24675000e-08  1.19461362e-09  1.24675000e-08  1.19382452e-09 
 1.24725000e-08  0.00000000e+00  1.24725000e-08  1.80000000e+00  1.24725000e-08  1.19461362e-09  1.24725000e-08  1.19382452e-09 
 1.24775000e-08  0.00000000e+00  1.24775000e-08  1.80000000e+00  1.24775000e-08  1.19461362e-09  1.24775000e-08  1.19382452e-09 
 1.24825000e-08  0.00000000e+00  1.24825000e-08  1.80000000e+00  1.24825000e-08  1.19461362e-09  1.24825000e-08  1.19382452e-09 
 1.24875000e-08  0.00000000e+00  1.24875000e-08  1.80000000e+00  1.24875000e-08  1.19461362e-09  1.24875000e-08  1.19382452e-09 
 1.24925000e-08  0.00000000e+00  1.24925000e-08  1.80000000e+00  1.24925000e-08  1.19461362e-09  1.24925000e-08  1.19382452e-09 
 1.24975000e-08  0.00000000e+00  1.24975000e-08  1.80000000e+00  1.24975000e-08  1.19461362e-09  1.24975000e-08  1.19382452e-09 
 1.25025000e-08  0.00000000e+00  1.25025000e-08  1.80000000e+00  1.25025000e-08  1.19461362e-09  1.25025000e-08  1.19382452e-09 
 1.25075000e-08  0.00000000e+00  1.25075000e-08  1.80000000e+00  1.25075000e-08  1.19461362e-09  1.25075000e-08  1.19382452e-09 
 1.25125000e-08  0.00000000e+00  1.25125000e-08  1.80000000e+00  1.25125000e-08  1.19461362e-09  1.25125000e-08  1.19382452e-09 
 1.25175000e-08  0.00000000e+00  1.25175000e-08  1.80000000e+00  1.25175000e-08  1.19461362e-09  1.25175000e-08  1.19382452e-09 
 1.25225000e-08  0.00000000e+00  1.25225000e-08  1.80000000e+00  1.25225000e-08  1.19461362e-09  1.25225000e-08  1.19382452e-09 
 1.25275000e-08  0.00000000e+00  1.25275000e-08  1.80000000e+00  1.25275000e-08  1.19461362e-09  1.25275000e-08  1.19382452e-09 
 1.25325000e-08  0.00000000e+00  1.25325000e-08  1.80000000e+00  1.25325000e-08  1.19461362e-09  1.25325000e-08  1.19382452e-09 
 1.25375000e-08  0.00000000e+00  1.25375000e-08  1.80000000e+00  1.25375000e-08  1.19461362e-09  1.25375000e-08  1.19382452e-09 
 1.25425000e-08  0.00000000e+00  1.25425000e-08  1.80000000e+00  1.25425000e-08  1.19461362e-09  1.25425000e-08  1.19382452e-09 
 1.25475000e-08  0.00000000e+00  1.25475000e-08  1.80000000e+00  1.25475000e-08  1.19461362e-09  1.25475000e-08  1.19382452e-09 
 1.25525000e-08  0.00000000e+00  1.25525000e-08  1.80000000e+00  1.25525000e-08  1.19461362e-09  1.25525000e-08  1.19382452e-09 
 1.25575000e-08  0.00000000e+00  1.25575000e-08  1.80000000e+00  1.25575000e-08  1.19461362e-09  1.25575000e-08  1.19382452e-09 
 1.25625000e-08  0.00000000e+00  1.25625000e-08  1.80000000e+00  1.25625000e-08  1.19461362e-09  1.25625000e-08  1.19382452e-09 
 1.25675000e-08  0.00000000e+00  1.25675000e-08  1.80000000e+00  1.25675000e-08  1.19461362e-09  1.25675000e-08  1.19382452e-09 
 1.25725000e-08  0.00000000e+00  1.25725000e-08  1.80000000e+00  1.25725000e-08  1.19461362e-09  1.25725000e-08  1.19382452e-09 
 1.25775000e-08  0.00000000e+00  1.25775000e-08  1.80000000e+00  1.25775000e-08  1.19461362e-09  1.25775000e-08  1.19382452e-09 
 1.25825000e-08  0.00000000e+00  1.25825000e-08  1.80000000e+00  1.25825000e-08  1.19461362e-09  1.25825000e-08  1.19382452e-09 
 1.25875000e-08  0.00000000e+00  1.25875000e-08  1.80000000e+00  1.25875000e-08  1.19461362e-09  1.25875000e-08  1.19382452e-09 
 1.25925000e-08  0.00000000e+00  1.25925000e-08  1.80000000e+00  1.25925000e-08  1.19461362e-09  1.25925000e-08  1.19382452e-09 
 1.25975000e-08  0.00000000e+00  1.25975000e-08  1.80000000e+00  1.25975000e-08  1.19461362e-09  1.25975000e-08  1.19382452e-09 
 1.26025000e-08  0.00000000e+00  1.26025000e-08  1.80000000e+00  1.26025000e-08  1.19461362e-09  1.26025000e-08  1.19382452e-09 
 1.26075000e-08  0.00000000e+00  1.26075000e-08  1.80000000e+00  1.26075000e-08  1.19461362e-09  1.26075000e-08  1.19382452e-09 
 1.26125000e-08  0.00000000e+00  1.26125000e-08  1.80000000e+00  1.26125000e-08  1.19461362e-09  1.26125000e-08  1.19382452e-09 
 1.26175000e-08  0.00000000e+00  1.26175000e-08  1.80000000e+00  1.26175000e-08  1.19461362e-09  1.26175000e-08  1.19382452e-09 
 1.26225000e-08  0.00000000e+00  1.26225000e-08  1.80000000e+00  1.26225000e-08  1.19461362e-09  1.26225000e-08  1.19382452e-09 
 1.26275000e-08  0.00000000e+00  1.26275000e-08  1.80000000e+00  1.26275000e-08  1.19461362e-09  1.26275000e-08  1.19382452e-09 
 1.26325000e-08  0.00000000e+00  1.26325000e-08  1.80000000e+00  1.26325000e-08  1.19461362e-09  1.26325000e-08  1.19382452e-09 
 1.26375000e-08  0.00000000e+00  1.26375000e-08  1.80000000e+00  1.26375000e-08  1.19461362e-09  1.26375000e-08  1.19382452e-09 
 1.26425000e-08  0.00000000e+00  1.26425000e-08  1.80000000e+00  1.26425000e-08  1.19461362e-09  1.26425000e-08  1.19382452e-09 
 1.26475000e-08  0.00000000e+00  1.26475000e-08  1.80000000e+00  1.26475000e-08  1.19461362e-09  1.26475000e-08  1.19382452e-09 
 1.26525000e-08  0.00000000e+00  1.26525000e-08  1.80000000e+00  1.26525000e-08  1.19461362e-09  1.26525000e-08  1.19382452e-09 
 1.26575000e-08  0.00000000e+00  1.26575000e-08  1.80000000e+00  1.26575000e-08  1.19461362e-09  1.26575000e-08  1.19382452e-09 
 1.26625000e-08  0.00000000e+00  1.26625000e-08  1.80000000e+00  1.26625000e-08  1.19461362e-09  1.26625000e-08  1.19382452e-09 
 1.26675000e-08  0.00000000e+00  1.26675000e-08  1.80000000e+00  1.26675000e-08  1.19461362e-09  1.26675000e-08  1.19382452e-09 
 1.26725000e-08  0.00000000e+00  1.26725000e-08  1.80000000e+00  1.26725000e-08  1.19461362e-09  1.26725000e-08  1.19382452e-09 
 1.26775000e-08  0.00000000e+00  1.26775000e-08  1.80000000e+00  1.26775000e-08  1.19461362e-09  1.26775000e-08  1.19382452e-09 
 1.26825000e-08  0.00000000e+00  1.26825000e-08  1.80000000e+00  1.26825000e-08  1.19461362e-09  1.26825000e-08  1.19382452e-09 
 1.26875000e-08  0.00000000e+00  1.26875000e-08  1.80000000e+00  1.26875000e-08  1.19461362e-09  1.26875000e-08  1.19382452e-09 
 1.26925000e-08  0.00000000e+00  1.26925000e-08  1.80000000e+00  1.26925000e-08  1.19461362e-09  1.26925000e-08  1.19382452e-09 
 1.26975000e-08  0.00000000e+00  1.26975000e-08  1.80000000e+00  1.26975000e-08  1.19461362e-09  1.26975000e-08  1.19382452e-09 
 1.27025000e-08  0.00000000e+00  1.27025000e-08  1.80000000e+00  1.27025000e-08  1.19461362e-09  1.27025000e-08  1.19382452e-09 
 1.27075000e-08  0.00000000e+00  1.27075000e-08  1.80000000e+00  1.27075000e-08  1.19461362e-09  1.27075000e-08  1.19382452e-09 
 1.27125000e-08  0.00000000e+00  1.27125000e-08  1.80000000e+00  1.27125000e-08  1.19461362e-09  1.27125000e-08  1.19382452e-09 
 1.27175000e-08  0.00000000e+00  1.27175000e-08  1.80000000e+00  1.27175000e-08  1.19461362e-09  1.27175000e-08  1.19382452e-09 
 1.27225000e-08  0.00000000e+00  1.27225000e-08  1.80000000e+00  1.27225000e-08  1.19461362e-09  1.27225000e-08  1.19382452e-09 
 1.27275000e-08  0.00000000e+00  1.27275000e-08  1.80000000e+00  1.27275000e-08  1.19461362e-09  1.27275000e-08  1.19382452e-09 
 1.27325000e-08  0.00000000e+00  1.27325000e-08  1.80000000e+00  1.27325000e-08  1.19461362e-09  1.27325000e-08  1.19382452e-09 
 1.27375000e-08  0.00000000e+00  1.27375000e-08  1.80000000e+00  1.27375000e-08  1.19461362e-09  1.27375000e-08  1.19382452e-09 
 1.27425000e-08  0.00000000e+00  1.27425000e-08  1.80000000e+00  1.27425000e-08  1.19461362e-09  1.27425000e-08  1.19382452e-09 
 1.27475000e-08  0.00000000e+00  1.27475000e-08  1.80000000e+00  1.27475000e-08  1.19461362e-09  1.27475000e-08  1.19382452e-09 
 1.27525000e-08  0.00000000e+00  1.27525000e-08  1.80000000e+00  1.27525000e-08  1.19461362e-09  1.27525000e-08  1.19382452e-09 
 1.27575000e-08  0.00000000e+00  1.27575000e-08  1.80000000e+00  1.27575000e-08  1.19461362e-09  1.27575000e-08  1.19382452e-09 
 1.27625000e-08  0.00000000e+00  1.27625000e-08  1.80000000e+00  1.27625000e-08  1.19461362e-09  1.27625000e-08  1.19382452e-09 
 1.27675000e-08  0.00000000e+00  1.27675000e-08  1.80000000e+00  1.27675000e-08  1.19461362e-09  1.27675000e-08  1.19382452e-09 
 1.27725000e-08  0.00000000e+00  1.27725000e-08  1.80000000e+00  1.27725000e-08  1.19461362e-09  1.27725000e-08  1.19382452e-09 
 1.27775000e-08  0.00000000e+00  1.27775000e-08  1.80000000e+00  1.27775000e-08  1.19461362e-09  1.27775000e-08  1.19382452e-09 
 1.27825000e-08  0.00000000e+00  1.27825000e-08  1.80000000e+00  1.27825000e-08  1.19461362e-09  1.27825000e-08  1.19382452e-09 
 1.27875000e-08  0.00000000e+00  1.27875000e-08  1.80000000e+00  1.27875000e-08  1.19461362e-09  1.27875000e-08  1.19382452e-09 
 1.27925000e-08  0.00000000e+00  1.27925000e-08  1.80000000e+00  1.27925000e-08  1.19461362e-09  1.27925000e-08  1.19382452e-09 
 1.27975000e-08  0.00000000e+00  1.27975000e-08  1.80000000e+00  1.27975000e-08  1.19461362e-09  1.27975000e-08  1.19382452e-09 
 1.28025000e-08  0.00000000e+00  1.28025000e-08  1.80000000e+00  1.28025000e-08  1.19461362e-09  1.28025000e-08  1.19382452e-09 
 1.28075000e-08  0.00000000e+00  1.28075000e-08  1.80000000e+00  1.28075000e-08  1.19461362e-09  1.28075000e-08  1.19382452e-09 
 1.28125000e-08  0.00000000e+00  1.28125000e-08  1.80000000e+00  1.28125000e-08  1.19461362e-09  1.28125000e-08  1.19382452e-09 
 1.28175000e-08  0.00000000e+00  1.28175000e-08  1.80000000e+00  1.28175000e-08  1.19461362e-09  1.28175000e-08  1.19382452e-09 
 1.28225000e-08  0.00000000e+00  1.28225000e-08  1.80000000e+00  1.28225000e-08  1.19461362e-09  1.28225000e-08  1.19382452e-09 
 1.28275000e-08  0.00000000e+00  1.28275000e-08  1.80000000e+00  1.28275000e-08  1.19461362e-09  1.28275000e-08  1.19382452e-09 
 1.28325000e-08  0.00000000e+00  1.28325000e-08  1.80000000e+00  1.28325000e-08  1.19461362e-09  1.28325000e-08  1.19382452e-09 
 1.28375000e-08  0.00000000e+00  1.28375000e-08  1.80000000e+00  1.28375000e-08  1.19461362e-09  1.28375000e-08  1.19382452e-09 
 1.28425000e-08  0.00000000e+00  1.28425000e-08  1.80000000e+00  1.28425000e-08  1.19461362e-09  1.28425000e-08  1.19382452e-09 
 1.28475000e-08  0.00000000e+00  1.28475000e-08  1.80000000e+00  1.28475000e-08  1.19461362e-09  1.28475000e-08  1.19382452e-09 
 1.28525000e-08  0.00000000e+00  1.28525000e-08  1.80000000e+00  1.28525000e-08  1.19461362e-09  1.28525000e-08  1.19382452e-09 
 1.28575000e-08  0.00000000e+00  1.28575000e-08  1.80000000e+00  1.28575000e-08  1.19461362e-09  1.28575000e-08  1.19382452e-09 
 1.28625000e-08  0.00000000e+00  1.28625000e-08  1.80000000e+00  1.28625000e-08  1.19461362e-09  1.28625000e-08  1.19382452e-09 
 1.28675000e-08  0.00000000e+00  1.28675000e-08  1.80000000e+00  1.28675000e-08  1.19461362e-09  1.28675000e-08  1.19382452e-09 
 1.28725000e-08  0.00000000e+00  1.28725000e-08  1.80000000e+00  1.28725000e-08  1.19461362e-09  1.28725000e-08  1.19382452e-09 
 1.28775000e-08  0.00000000e+00  1.28775000e-08  1.80000000e+00  1.28775000e-08  1.19461362e-09  1.28775000e-08  1.19382452e-09 
 1.28825000e-08  0.00000000e+00  1.28825000e-08  1.80000000e+00  1.28825000e-08  1.19461362e-09  1.28825000e-08  1.19382452e-09 
 1.28875000e-08  0.00000000e+00  1.28875000e-08  1.80000000e+00  1.28875000e-08  1.19461362e-09  1.28875000e-08  1.19382452e-09 
 1.28925000e-08  0.00000000e+00  1.28925000e-08  1.80000000e+00  1.28925000e-08  1.19461362e-09  1.28925000e-08  1.19382452e-09 
 1.28975000e-08  0.00000000e+00  1.28975000e-08  1.80000000e+00  1.28975000e-08  1.19461362e-09  1.28975000e-08  1.19382452e-09 
 1.29025000e-08  0.00000000e+00  1.29025000e-08  1.80000000e+00  1.29025000e-08  1.19461362e-09  1.29025000e-08  1.19382452e-09 
 1.29075000e-08  0.00000000e+00  1.29075000e-08  1.80000000e+00  1.29075000e-08  1.19461362e-09  1.29075000e-08  1.19382452e-09 
 1.29125000e-08  0.00000000e+00  1.29125000e-08  1.80000000e+00  1.29125000e-08  1.19461362e-09  1.29125000e-08  1.19382452e-09 
 1.29175000e-08  0.00000000e+00  1.29175000e-08  1.80000000e+00  1.29175000e-08  1.19461362e-09  1.29175000e-08  1.19382452e-09 
 1.29225000e-08  0.00000000e+00  1.29225000e-08  1.80000000e+00  1.29225000e-08  1.19461362e-09  1.29225000e-08  1.19382452e-09 
 1.29275000e-08  0.00000000e+00  1.29275000e-08  1.80000000e+00  1.29275000e-08  1.19461362e-09  1.29275000e-08  1.19382452e-09 
 1.29325000e-08  0.00000000e+00  1.29325000e-08  1.80000000e+00  1.29325000e-08  1.19461362e-09  1.29325000e-08  1.19382452e-09 
 1.29375000e-08  0.00000000e+00  1.29375000e-08  1.80000000e+00  1.29375000e-08  1.19461362e-09  1.29375000e-08  1.19382452e-09 
 1.29425000e-08  0.00000000e+00  1.29425000e-08  1.80000000e+00  1.29425000e-08  1.19461362e-09  1.29425000e-08  1.19382452e-09 
 1.29475000e-08  0.00000000e+00  1.29475000e-08  1.80000000e+00  1.29475000e-08  1.19461362e-09  1.29475000e-08  1.19382452e-09 
 1.29525000e-08  0.00000000e+00  1.29525000e-08  1.80000000e+00  1.29525000e-08  1.19461362e-09  1.29525000e-08  1.19382452e-09 
 1.29575000e-08  0.00000000e+00  1.29575000e-08  1.80000000e+00  1.29575000e-08  1.19461362e-09  1.29575000e-08  1.19382452e-09 
 1.29625000e-08  0.00000000e+00  1.29625000e-08  1.80000000e+00  1.29625000e-08  1.19461362e-09  1.29625000e-08  1.19382452e-09 
 1.29675000e-08  0.00000000e+00  1.29675000e-08  1.80000000e+00  1.29675000e-08  1.19461362e-09  1.29675000e-08  1.19382452e-09 
 1.29725000e-08  0.00000000e+00  1.29725000e-08  1.80000000e+00  1.29725000e-08  1.19461362e-09  1.29725000e-08  1.19382452e-09 
 1.29775000e-08  0.00000000e+00  1.29775000e-08  1.80000000e+00  1.29775000e-08  1.19461362e-09  1.29775000e-08  1.19382452e-09 
 1.29825000e-08  0.00000000e+00  1.29825000e-08  1.80000000e+00  1.29825000e-08  1.19461362e-09  1.29825000e-08  1.19382452e-09 
 1.29875000e-08  0.00000000e+00  1.29875000e-08  1.80000000e+00  1.29875000e-08  1.19461362e-09  1.29875000e-08  1.19382452e-09 
 1.29925000e-08  0.00000000e+00  1.29925000e-08  1.80000000e+00  1.29925000e-08  1.19461362e-09  1.29925000e-08  1.19382452e-09 
 1.29975000e-08  0.00000000e+00  1.29975000e-08  1.80000000e+00  1.29975000e-08  1.19461362e-09  1.29975000e-08  1.19382452e-09 
 1.30025000e-08  0.00000000e+00  1.30025000e-08  1.80000000e+00  1.30025000e-08  1.19461362e-09  1.30025000e-08  1.19382452e-09 
 1.30075000e-08  0.00000000e+00  1.30075000e-08  1.80000000e+00  1.30075000e-08  1.19461362e-09  1.30075000e-08  1.19382452e-09 
 1.30125000e-08  0.00000000e+00  1.30125000e-08  1.80000000e+00  1.30125000e-08  1.19461362e-09  1.30125000e-08  1.19382452e-09 
 1.30175000e-08  0.00000000e+00  1.30175000e-08  1.80000000e+00  1.30175000e-08  1.19461362e-09  1.30175000e-08  1.19382452e-09 
 1.30225000e-08  0.00000000e+00  1.30225000e-08  1.80000000e+00  1.30225000e-08  1.19461362e-09  1.30225000e-08  1.19382452e-09 
 1.30275000e-08  0.00000000e+00  1.30275000e-08  1.80000000e+00  1.30275000e-08  1.19461362e-09  1.30275000e-08  1.19382452e-09 
 1.30325000e-08  0.00000000e+00  1.30325000e-08  1.80000000e+00  1.30325000e-08  1.19461362e-09  1.30325000e-08  1.19382452e-09 
 1.30375000e-08  0.00000000e+00  1.30375000e-08  1.80000000e+00  1.30375000e-08  1.19461362e-09  1.30375000e-08  1.19382452e-09 
 1.30425000e-08  0.00000000e+00  1.30425000e-08  1.80000000e+00  1.30425000e-08  1.19461362e-09  1.30425000e-08  1.19382452e-09 
 1.30475000e-08  0.00000000e+00  1.30475000e-08  1.80000000e+00  1.30475000e-08  1.19461362e-09  1.30475000e-08  1.19382452e-09 
 1.30525000e-08  0.00000000e+00  1.30525000e-08  1.80000000e+00  1.30525000e-08  1.19461362e-09  1.30525000e-08  1.19382452e-09 
 1.30575000e-08  0.00000000e+00  1.30575000e-08  1.80000000e+00  1.30575000e-08  1.19461362e-09  1.30575000e-08  1.19382452e-09 
 1.30625000e-08  0.00000000e+00  1.30625000e-08  1.80000000e+00  1.30625000e-08  1.19461362e-09  1.30625000e-08  1.19382452e-09 
 1.30675000e-08  0.00000000e+00  1.30675000e-08  1.80000000e+00  1.30675000e-08  1.19461362e-09  1.30675000e-08  1.19382452e-09 
 1.30725000e-08  0.00000000e+00  1.30725000e-08  1.80000000e+00  1.30725000e-08  1.19461362e-09  1.30725000e-08  1.19382452e-09 
 1.30775000e-08  0.00000000e+00  1.30775000e-08  1.80000000e+00  1.30775000e-08  1.19461362e-09  1.30775000e-08  1.19382452e-09 
 1.30825000e-08  0.00000000e+00  1.30825000e-08  1.80000000e+00  1.30825000e-08  1.19461362e-09  1.30825000e-08  1.19382452e-09 
 1.30875000e-08  0.00000000e+00  1.30875000e-08  1.80000000e+00  1.30875000e-08  1.19461362e-09  1.30875000e-08  1.19382452e-09 
 1.30925000e-08  0.00000000e+00  1.30925000e-08  1.80000000e+00  1.30925000e-08  1.19461362e-09  1.30925000e-08  1.19382452e-09 
 1.30975000e-08  0.00000000e+00  1.30975000e-08  1.80000000e+00  1.30975000e-08  1.19461362e-09  1.30975000e-08  1.19382452e-09 
 1.31025000e-08  0.00000000e+00  1.31025000e-08  1.80000000e+00  1.31025000e-08  1.19461362e-09  1.31025000e-08  1.19382452e-09 
 1.31075000e-08  0.00000000e+00  1.31075000e-08  1.80000000e+00  1.31075000e-08  1.19461362e-09  1.31075000e-08  1.19382452e-09 
 1.31125000e-08  0.00000000e+00  1.31125000e-08  1.80000000e+00  1.31125000e-08  1.19461362e-09  1.31125000e-08  1.19382452e-09 
 1.31175000e-08  0.00000000e+00  1.31175000e-08  1.80000000e+00  1.31175000e-08  1.19461362e-09  1.31175000e-08  1.19382452e-09 
 1.31225000e-08  0.00000000e+00  1.31225000e-08  1.80000000e+00  1.31225000e-08  1.19461362e-09  1.31225000e-08  1.19382452e-09 
 1.31275000e-08  0.00000000e+00  1.31275000e-08  1.80000000e+00  1.31275000e-08  1.19461362e-09  1.31275000e-08  1.19382452e-09 
 1.31325000e-08  0.00000000e+00  1.31325000e-08  1.80000000e+00  1.31325000e-08  1.19461362e-09  1.31325000e-08  1.19382452e-09 
 1.31375000e-08  0.00000000e+00  1.31375000e-08  1.80000000e+00  1.31375000e-08  1.19461362e-09  1.31375000e-08  1.19382452e-09 
 1.31425000e-08  0.00000000e+00  1.31425000e-08  1.80000000e+00  1.31425000e-08  1.19461362e-09  1.31425000e-08  1.19382452e-09 
 1.31475000e-08  0.00000000e+00  1.31475000e-08  1.80000000e+00  1.31475000e-08  1.19461362e-09  1.31475000e-08  1.19382452e-09 
 1.31525000e-08  0.00000000e+00  1.31525000e-08  1.80000000e+00  1.31525000e-08  1.19461362e-09  1.31525000e-08  1.19382452e-09 
 1.31575000e-08  0.00000000e+00  1.31575000e-08  1.80000000e+00  1.31575000e-08  1.19461362e-09  1.31575000e-08  1.19382452e-09 
 1.31625000e-08  0.00000000e+00  1.31625000e-08  1.80000000e+00  1.31625000e-08  1.19461362e-09  1.31625000e-08  1.19382452e-09 
 1.31675000e-08  0.00000000e+00  1.31675000e-08  1.80000000e+00  1.31675000e-08  1.19461362e-09  1.31675000e-08  1.19382452e-09 
 1.31725000e-08  0.00000000e+00  1.31725000e-08  1.80000000e+00  1.31725000e-08  1.19461362e-09  1.31725000e-08  1.19382452e-09 
 1.31775000e-08  0.00000000e+00  1.31775000e-08  1.80000000e+00  1.31775000e-08  1.19461362e-09  1.31775000e-08  1.19382452e-09 
 1.31825000e-08  0.00000000e+00  1.31825000e-08  1.80000000e+00  1.31825000e-08  1.19461362e-09  1.31825000e-08  1.19382452e-09 
 1.31875000e-08  0.00000000e+00  1.31875000e-08  1.80000000e+00  1.31875000e-08  1.19461362e-09  1.31875000e-08  1.19382452e-09 
 1.31925000e-08  0.00000000e+00  1.31925000e-08  1.80000000e+00  1.31925000e-08  1.19461362e-09  1.31925000e-08  1.19382452e-09 
 1.31975000e-08  0.00000000e+00  1.31975000e-08  1.80000000e+00  1.31975000e-08  1.19461362e-09  1.31975000e-08  1.19382452e-09 
 1.32025000e-08  0.00000000e+00  1.32025000e-08  1.80000000e+00  1.32025000e-08  1.19461362e-09  1.32025000e-08  1.19382452e-09 
 1.32075000e-08  0.00000000e+00  1.32075000e-08  1.80000000e+00  1.32075000e-08  1.19461362e-09  1.32075000e-08  1.19382452e-09 
 1.32125000e-08  0.00000000e+00  1.32125000e-08  1.80000000e+00  1.32125000e-08  1.19461362e-09  1.32125000e-08  1.19382452e-09 
 1.32175000e-08  0.00000000e+00  1.32175000e-08  1.80000000e+00  1.32175000e-08  1.19461362e-09  1.32175000e-08  1.19382452e-09 
 1.32225000e-08  0.00000000e+00  1.32225000e-08  1.80000000e+00  1.32225000e-08  1.19461362e-09  1.32225000e-08  1.19382452e-09 
 1.32275000e-08  0.00000000e+00  1.32275000e-08  1.80000000e+00  1.32275000e-08  1.19461362e-09  1.32275000e-08  1.19382452e-09 
 1.32325000e-08  0.00000000e+00  1.32325000e-08  1.80000000e+00  1.32325000e-08  1.19461362e-09  1.32325000e-08  1.19382452e-09 
 1.32375000e-08  0.00000000e+00  1.32375000e-08  1.80000000e+00  1.32375000e-08  1.19461362e-09  1.32375000e-08  1.19382452e-09 
 1.32425000e-08  0.00000000e+00  1.32425000e-08  1.80000000e+00  1.32425000e-08  1.19461362e-09  1.32425000e-08  1.19382452e-09 
 1.32475000e-08  0.00000000e+00  1.32475000e-08  1.80000000e+00  1.32475000e-08  1.19461362e-09  1.32475000e-08  1.19382452e-09 
 1.32525000e-08  0.00000000e+00  1.32525000e-08  1.80000000e+00  1.32525000e-08  1.19461362e-09  1.32525000e-08  1.19382452e-09 
 1.32575000e-08  0.00000000e+00  1.32575000e-08  1.80000000e+00  1.32575000e-08  1.19461362e-09  1.32575000e-08  1.19382452e-09 
 1.32625000e-08  0.00000000e+00  1.32625000e-08  1.80000000e+00  1.32625000e-08  1.19461362e-09  1.32625000e-08  1.19382452e-09 
 1.32675000e-08  0.00000000e+00  1.32675000e-08  1.80000000e+00  1.32675000e-08  1.19461362e-09  1.32675000e-08  1.19382452e-09 
 1.32725000e-08  0.00000000e+00  1.32725000e-08  1.80000000e+00  1.32725000e-08  1.19461362e-09  1.32725000e-08  1.19382452e-09 
 1.32775000e-08  0.00000000e+00  1.32775000e-08  1.80000000e+00  1.32775000e-08  1.19461362e-09  1.32775000e-08  1.19382452e-09 
 1.32825000e-08  0.00000000e+00  1.32825000e-08  1.80000000e+00  1.32825000e-08  1.19461362e-09  1.32825000e-08  1.19382452e-09 
 1.32875000e-08  0.00000000e+00  1.32875000e-08  1.80000000e+00  1.32875000e-08  1.19461362e-09  1.32875000e-08  1.19382452e-09 
 1.32925000e-08  0.00000000e+00  1.32925000e-08  1.80000000e+00  1.32925000e-08  1.19461362e-09  1.32925000e-08  1.19382452e-09 
 1.32975000e-08  0.00000000e+00  1.32975000e-08  1.80000000e+00  1.32975000e-08  1.19461362e-09  1.32975000e-08  1.19382452e-09 
 1.33025000e-08  0.00000000e+00  1.33025000e-08  1.80000000e+00  1.33025000e-08  1.19461362e-09  1.33025000e-08  1.19382452e-09 
 1.33075000e-08  0.00000000e+00  1.33075000e-08  1.80000000e+00  1.33075000e-08  1.19461362e-09  1.33075000e-08  1.19382452e-09 
 1.33125000e-08  0.00000000e+00  1.33125000e-08  1.80000000e+00  1.33125000e-08  1.19461362e-09  1.33125000e-08  1.19382452e-09 
 1.33175000e-08  0.00000000e+00  1.33175000e-08  1.80000000e+00  1.33175000e-08  1.19461362e-09  1.33175000e-08  1.19382452e-09 
 1.33225000e-08  0.00000000e+00  1.33225000e-08  1.80000000e+00  1.33225000e-08  1.19461362e-09  1.33225000e-08  1.19382452e-09 
 1.33275000e-08  0.00000000e+00  1.33275000e-08  1.80000000e+00  1.33275000e-08  1.19461362e-09  1.33275000e-08  1.19382452e-09 
 1.33325000e-08  0.00000000e+00  1.33325000e-08  1.80000000e+00  1.33325000e-08  1.19461362e-09  1.33325000e-08  1.19382452e-09 
 1.33375000e-08  0.00000000e+00  1.33375000e-08  1.80000000e+00  1.33375000e-08  1.19461362e-09  1.33375000e-08  1.19382452e-09 
 1.33425000e-08  0.00000000e+00  1.33425000e-08  1.80000000e+00  1.33425000e-08  1.19461362e-09  1.33425000e-08  1.19382452e-09 
 1.33475000e-08  0.00000000e+00  1.33475000e-08  1.80000000e+00  1.33475000e-08  1.19461362e-09  1.33475000e-08  1.19382452e-09 
 1.33525000e-08  0.00000000e+00  1.33525000e-08  1.80000000e+00  1.33525000e-08  1.19461362e-09  1.33525000e-08  1.19382452e-09 
 1.33575000e-08  0.00000000e+00  1.33575000e-08  1.80000000e+00  1.33575000e-08  1.19461362e-09  1.33575000e-08  1.19382452e-09 
 1.33625000e-08  0.00000000e+00  1.33625000e-08  1.80000000e+00  1.33625000e-08  1.19461362e-09  1.33625000e-08  1.19382452e-09 
 1.33675000e-08  0.00000000e+00  1.33675000e-08  1.80000000e+00  1.33675000e-08  1.19461362e-09  1.33675000e-08  1.19382452e-09 
 1.33725000e-08  0.00000000e+00  1.33725000e-08  1.80000000e+00  1.33725000e-08  1.19461362e-09  1.33725000e-08  1.19382452e-09 
 1.33775000e-08  0.00000000e+00  1.33775000e-08  1.80000000e+00  1.33775000e-08  1.19461362e-09  1.33775000e-08  1.19382452e-09 
 1.33825000e-08  0.00000000e+00  1.33825000e-08  1.80000000e+00  1.33825000e-08  1.19461362e-09  1.33825000e-08  1.19382452e-09 
 1.33875000e-08  0.00000000e+00  1.33875000e-08  1.80000000e+00  1.33875000e-08  1.19461362e-09  1.33875000e-08  1.19382452e-09 
 1.33925000e-08  0.00000000e+00  1.33925000e-08  1.80000000e+00  1.33925000e-08  1.19461362e-09  1.33925000e-08  1.19382452e-09 
 1.33975000e-08  0.00000000e+00  1.33975000e-08  1.80000000e+00  1.33975000e-08  1.19461362e-09  1.33975000e-08  1.19382452e-09 
 1.34025000e-08  0.00000000e+00  1.34025000e-08  1.80000000e+00  1.34025000e-08  1.19461362e-09  1.34025000e-08  1.19382452e-09 
 1.34075000e-08  0.00000000e+00  1.34075000e-08  1.80000000e+00  1.34075000e-08  1.19461362e-09  1.34075000e-08  1.19382452e-09 
 1.34125000e-08  0.00000000e+00  1.34125000e-08  1.80000000e+00  1.34125000e-08  1.19461362e-09  1.34125000e-08  1.19382452e-09 
 1.34175000e-08  0.00000000e+00  1.34175000e-08  1.80000000e+00  1.34175000e-08  1.19461362e-09  1.34175000e-08  1.19382452e-09 
 1.34225000e-08  0.00000000e+00  1.34225000e-08  1.80000000e+00  1.34225000e-08  1.19461362e-09  1.34225000e-08  1.19382452e-09 
 1.34275000e-08  0.00000000e+00  1.34275000e-08  1.80000000e+00  1.34275000e-08  1.19461362e-09  1.34275000e-08  1.19382452e-09 
 1.34325000e-08  0.00000000e+00  1.34325000e-08  1.80000000e+00  1.34325000e-08  1.19461362e-09  1.34325000e-08  1.19382452e-09 
 1.34375000e-08  0.00000000e+00  1.34375000e-08  1.80000000e+00  1.34375000e-08  1.19461362e-09  1.34375000e-08  1.19382452e-09 
 1.34425000e-08  0.00000000e+00  1.34425000e-08  1.80000000e+00  1.34425000e-08  1.19461362e-09  1.34425000e-08  1.19382452e-09 
 1.34475000e-08  0.00000000e+00  1.34475000e-08  1.80000000e+00  1.34475000e-08  1.19461362e-09  1.34475000e-08  1.19382452e-09 
 1.34525000e-08  0.00000000e+00  1.34525000e-08  1.80000000e+00  1.34525000e-08  1.19461362e-09  1.34525000e-08  1.19382452e-09 
 1.34575000e-08  0.00000000e+00  1.34575000e-08  1.80000000e+00  1.34575000e-08  1.19461362e-09  1.34575000e-08  1.19382452e-09 
 1.34625000e-08  0.00000000e+00  1.34625000e-08  1.80000000e+00  1.34625000e-08  1.19461362e-09  1.34625000e-08  1.19382452e-09 
 1.34675000e-08  0.00000000e+00  1.34675000e-08  1.80000000e+00  1.34675000e-08  1.19461362e-09  1.34675000e-08  1.19382452e-09 
 1.34725000e-08  0.00000000e+00  1.34725000e-08  1.80000000e+00  1.34725000e-08  1.19461362e-09  1.34725000e-08  1.19382452e-09 
 1.34775000e-08  0.00000000e+00  1.34775000e-08  1.80000000e+00  1.34775000e-08  1.19461362e-09  1.34775000e-08  1.19382452e-09 
 1.34825000e-08  0.00000000e+00  1.34825000e-08  1.80000000e+00  1.34825000e-08  1.19461362e-09  1.34825000e-08  1.19382452e-09 
 1.34875000e-08  0.00000000e+00  1.34875000e-08  1.80000000e+00  1.34875000e-08  1.19461362e-09  1.34875000e-08  1.19382452e-09 
 1.34925000e-08  0.00000000e+00  1.34925000e-08  1.80000000e+00  1.34925000e-08  1.19461362e-09  1.34925000e-08  1.19382452e-09 
 1.34975000e-08  0.00000000e+00  1.34975000e-08  1.80000000e+00  1.34975000e-08  1.19461362e-09  1.34975000e-08  1.19382452e-09 
 1.35025000e-08  0.00000000e+00  1.35025000e-08  1.80000000e+00  1.35025000e-08  1.19461362e-09  1.35025000e-08  1.19382452e-09 
 1.35075000e-08  0.00000000e+00  1.35075000e-08  1.80000000e+00  1.35075000e-08  1.19461362e-09  1.35075000e-08  1.19382452e-09 
 1.35125000e-08  0.00000000e+00  1.35125000e-08  1.80000000e+00  1.35125000e-08  1.19461362e-09  1.35125000e-08  1.19382452e-09 
 1.35175000e-08  0.00000000e+00  1.35175000e-08  1.80000000e+00  1.35175000e-08  1.19461362e-09  1.35175000e-08  1.19382452e-09 
 1.35225000e-08  0.00000000e+00  1.35225000e-08  1.80000000e+00  1.35225000e-08  1.19461362e-09  1.35225000e-08  1.19382452e-09 
 1.35275000e-08  0.00000000e+00  1.35275000e-08  1.80000000e+00  1.35275000e-08  1.19461362e-09  1.35275000e-08  1.19382452e-09 
 1.35325000e-08  0.00000000e+00  1.35325000e-08  1.80000000e+00  1.35325000e-08  1.19461362e-09  1.35325000e-08  1.19382452e-09 
 1.35375000e-08  0.00000000e+00  1.35375000e-08  1.80000000e+00  1.35375000e-08  1.19461362e-09  1.35375000e-08  1.19382452e-09 
 1.35425000e-08  0.00000000e+00  1.35425000e-08  1.80000000e+00  1.35425000e-08  1.19461362e-09  1.35425000e-08  1.19382452e-09 
 1.35475000e-08  0.00000000e+00  1.35475000e-08  1.80000000e+00  1.35475000e-08  1.19461362e-09  1.35475000e-08  1.19382452e-09 
 1.35525000e-08  0.00000000e+00  1.35525000e-08  1.80000000e+00  1.35525000e-08  1.19461362e-09  1.35525000e-08  1.19382452e-09 
 1.35575000e-08  0.00000000e+00  1.35575000e-08  1.80000000e+00  1.35575000e-08  1.19461362e-09  1.35575000e-08  1.19382452e-09 
 1.35625000e-08  0.00000000e+00  1.35625000e-08  1.80000000e+00  1.35625000e-08  1.19461362e-09  1.35625000e-08  1.19382452e-09 
 1.35675000e-08  0.00000000e+00  1.35675000e-08  1.80000000e+00  1.35675000e-08  1.19461362e-09  1.35675000e-08  1.19382452e-09 
 1.35725000e-08  0.00000000e+00  1.35725000e-08  1.80000000e+00  1.35725000e-08  1.19461362e-09  1.35725000e-08  1.19382452e-09 
 1.35775000e-08  0.00000000e+00  1.35775000e-08  1.80000000e+00  1.35775000e-08  1.19461362e-09  1.35775000e-08  1.19382452e-09 
 1.35825000e-08  0.00000000e+00  1.35825000e-08  1.80000000e+00  1.35825000e-08  1.19461362e-09  1.35825000e-08  1.19382452e-09 
 1.35875000e-08  0.00000000e+00  1.35875000e-08  1.80000000e+00  1.35875000e-08  1.19461362e-09  1.35875000e-08  1.19382452e-09 
 1.35925000e-08  0.00000000e+00  1.35925000e-08  1.80000000e+00  1.35925000e-08  1.19461362e-09  1.35925000e-08  1.19382452e-09 
 1.35975000e-08  0.00000000e+00  1.35975000e-08  1.80000000e+00  1.35975000e-08  1.19461362e-09  1.35975000e-08  1.19382452e-09 
 1.36025000e-08  0.00000000e+00  1.36025000e-08  1.80000000e+00  1.36025000e-08  1.19461362e-09  1.36025000e-08  1.19382452e-09 
 1.36075000e-08  0.00000000e+00  1.36075000e-08  1.80000000e+00  1.36075000e-08  1.19461362e-09  1.36075000e-08  1.19382452e-09 
 1.36125000e-08  0.00000000e+00  1.36125000e-08  1.80000000e+00  1.36125000e-08  1.19461362e-09  1.36125000e-08  1.19382452e-09 
 1.36175000e-08  0.00000000e+00  1.36175000e-08  1.80000000e+00  1.36175000e-08  1.19461362e-09  1.36175000e-08  1.19382452e-09 
 1.36225000e-08  0.00000000e+00  1.36225000e-08  1.80000000e+00  1.36225000e-08  1.19461362e-09  1.36225000e-08  1.19382452e-09 
 1.36275000e-08  0.00000000e+00  1.36275000e-08  1.80000000e+00  1.36275000e-08  1.19461362e-09  1.36275000e-08  1.19382452e-09 
 1.36325000e-08  0.00000000e+00  1.36325000e-08  1.80000000e+00  1.36325000e-08  1.19461362e-09  1.36325000e-08  1.19382452e-09 
 1.36375000e-08  0.00000000e+00  1.36375000e-08  1.80000000e+00  1.36375000e-08  1.19461362e-09  1.36375000e-08  1.19382452e-09 
 1.36425000e-08  0.00000000e+00  1.36425000e-08  1.80000000e+00  1.36425000e-08  1.19461362e-09  1.36425000e-08  1.19382452e-09 
 1.36475000e-08  0.00000000e+00  1.36475000e-08  1.80000000e+00  1.36475000e-08  1.19461362e-09  1.36475000e-08  1.19382452e-09 
 1.36525000e-08  0.00000000e+00  1.36525000e-08  1.80000000e+00  1.36525000e-08  1.19461362e-09  1.36525000e-08  1.19382452e-09 
 1.36575000e-08  0.00000000e+00  1.36575000e-08  1.80000000e+00  1.36575000e-08  1.19461362e-09  1.36575000e-08  1.19382452e-09 
 1.36625000e-08  0.00000000e+00  1.36625000e-08  1.80000000e+00  1.36625000e-08  1.19461362e-09  1.36625000e-08  1.19382452e-09 
 1.36675000e-08  0.00000000e+00  1.36675000e-08  1.80000000e+00  1.36675000e-08  1.19461362e-09  1.36675000e-08  1.19382452e-09 
 1.36725000e-08  0.00000000e+00  1.36725000e-08  1.80000000e+00  1.36725000e-08  1.19461362e-09  1.36725000e-08  1.19382452e-09 
 1.36775000e-08  0.00000000e+00  1.36775000e-08  1.80000000e+00  1.36775000e-08  1.19461362e-09  1.36775000e-08  1.19382452e-09 
 1.36825000e-08  0.00000000e+00  1.36825000e-08  1.80000000e+00  1.36825000e-08  1.19461362e-09  1.36825000e-08  1.19382452e-09 
 1.36875000e-08  0.00000000e+00  1.36875000e-08  1.80000000e+00  1.36875000e-08  1.19461362e-09  1.36875000e-08  1.19382452e-09 
 1.36925000e-08  0.00000000e+00  1.36925000e-08  1.80000000e+00  1.36925000e-08  1.19461362e-09  1.36925000e-08  1.19382452e-09 
 1.36975000e-08  0.00000000e+00  1.36975000e-08  1.80000000e+00  1.36975000e-08  1.19461362e-09  1.36975000e-08  1.19382452e-09 
 1.37025000e-08  0.00000000e+00  1.37025000e-08  1.80000000e+00  1.37025000e-08  1.19461362e-09  1.37025000e-08  1.19382452e-09 
 1.37075000e-08  0.00000000e+00  1.37075000e-08  1.80000000e+00  1.37075000e-08  1.19461362e-09  1.37075000e-08  1.19382452e-09 
 1.37125000e-08  0.00000000e+00  1.37125000e-08  1.80000000e+00  1.37125000e-08  1.19461362e-09  1.37125000e-08  1.19382452e-09 
 1.37175000e-08  0.00000000e+00  1.37175000e-08  1.80000000e+00  1.37175000e-08  1.19461362e-09  1.37175000e-08  1.19382452e-09 
 1.37225000e-08  0.00000000e+00  1.37225000e-08  1.80000000e+00  1.37225000e-08  1.19461362e-09  1.37225000e-08  1.19382452e-09 
 1.37275000e-08  0.00000000e+00  1.37275000e-08  1.80000000e+00  1.37275000e-08  1.19461362e-09  1.37275000e-08  1.19382452e-09 
 1.37325000e-08  0.00000000e+00  1.37325000e-08  1.80000000e+00  1.37325000e-08  1.19461362e-09  1.37325000e-08  1.19382452e-09 
 1.37375000e-08  0.00000000e+00  1.37375000e-08  1.80000000e+00  1.37375000e-08  1.19461362e-09  1.37375000e-08  1.19382452e-09 
 1.37425000e-08  0.00000000e+00  1.37425000e-08  1.80000000e+00  1.37425000e-08  1.19461362e-09  1.37425000e-08  1.19382452e-09 
 1.37475000e-08  0.00000000e+00  1.37475000e-08  1.80000000e+00  1.37475000e-08  1.19461362e-09  1.37475000e-08  1.19382452e-09 
 1.37525000e-08  0.00000000e+00  1.37525000e-08  1.80000000e+00  1.37525000e-08  1.19461362e-09  1.37525000e-08  1.19382452e-09 
 1.37575000e-08  0.00000000e+00  1.37575000e-08  1.80000000e+00  1.37575000e-08  1.19461362e-09  1.37575000e-08  1.19382452e-09 
 1.37625000e-08  0.00000000e+00  1.37625000e-08  1.80000000e+00  1.37625000e-08  1.19461362e-09  1.37625000e-08  1.19382452e-09 
 1.37675000e-08  0.00000000e+00  1.37675000e-08  1.80000000e+00  1.37675000e-08  1.19461362e-09  1.37675000e-08  1.19382452e-09 
 1.37725000e-08  0.00000000e+00  1.37725000e-08  1.80000000e+00  1.37725000e-08  1.19461362e-09  1.37725000e-08  1.19382452e-09 
 1.37775000e-08  0.00000000e+00  1.37775000e-08  1.80000000e+00  1.37775000e-08  1.19461362e-09  1.37775000e-08  1.19382452e-09 
 1.37825000e-08  0.00000000e+00  1.37825000e-08  1.80000000e+00  1.37825000e-08  1.19461362e-09  1.37825000e-08  1.19382452e-09 
 1.37875000e-08  0.00000000e+00  1.37875000e-08  1.80000000e+00  1.37875000e-08  1.19461362e-09  1.37875000e-08  1.19382452e-09 
 1.37925000e-08  0.00000000e+00  1.37925000e-08  1.80000000e+00  1.37925000e-08  1.19461362e-09  1.37925000e-08  1.19382452e-09 
 1.37975000e-08  0.00000000e+00  1.37975000e-08  1.80000000e+00  1.37975000e-08  1.19461362e-09  1.37975000e-08  1.19382452e-09 
 1.38025000e-08  0.00000000e+00  1.38025000e-08  1.80000000e+00  1.38025000e-08  1.19461362e-09  1.38025000e-08  1.19382452e-09 
 1.38075000e-08  0.00000000e+00  1.38075000e-08  1.80000000e+00  1.38075000e-08  1.19461362e-09  1.38075000e-08  1.19382452e-09 
 1.38125000e-08  0.00000000e+00  1.38125000e-08  1.80000000e+00  1.38125000e-08  1.19461362e-09  1.38125000e-08  1.19382452e-09 
 1.38175000e-08  0.00000000e+00  1.38175000e-08  1.80000000e+00  1.38175000e-08  1.19461362e-09  1.38175000e-08  1.19382452e-09 
 1.38225000e-08  0.00000000e+00  1.38225000e-08  1.80000000e+00  1.38225000e-08  1.19461362e-09  1.38225000e-08  1.19382452e-09 
 1.38275000e-08  0.00000000e+00  1.38275000e-08  1.80000000e+00  1.38275000e-08  1.19461362e-09  1.38275000e-08  1.19382452e-09 
 1.38325000e-08  0.00000000e+00  1.38325000e-08  1.80000000e+00  1.38325000e-08  1.19461362e-09  1.38325000e-08  1.19382452e-09 
 1.38375000e-08  0.00000000e+00  1.38375000e-08  1.80000000e+00  1.38375000e-08  1.19461362e-09  1.38375000e-08  1.19382452e-09 
 1.38425000e-08  0.00000000e+00  1.38425000e-08  1.80000000e+00  1.38425000e-08  1.19461362e-09  1.38425000e-08  1.19382452e-09 
 1.38475000e-08  0.00000000e+00  1.38475000e-08  1.80000000e+00  1.38475000e-08  1.19461362e-09  1.38475000e-08  1.19382452e-09 
 1.38525000e-08  0.00000000e+00  1.38525000e-08  1.80000000e+00  1.38525000e-08  1.19461362e-09  1.38525000e-08  1.19382452e-09 
 1.38575000e-08  0.00000000e+00  1.38575000e-08  1.80000000e+00  1.38575000e-08  1.19461362e-09  1.38575000e-08  1.19382452e-09 
 1.38625000e-08  0.00000000e+00  1.38625000e-08  1.80000000e+00  1.38625000e-08  1.19461362e-09  1.38625000e-08  1.19382452e-09 
 1.38675000e-08  0.00000000e+00  1.38675000e-08  1.80000000e+00  1.38675000e-08  1.19461362e-09  1.38675000e-08  1.19382452e-09 
 1.38725000e-08  0.00000000e+00  1.38725000e-08  1.80000000e+00  1.38725000e-08  1.19461362e-09  1.38725000e-08  1.19382452e-09 
 1.38775000e-08  0.00000000e+00  1.38775000e-08  1.80000000e+00  1.38775000e-08  1.19461362e-09  1.38775000e-08  1.19382452e-09 
 1.38825000e-08  0.00000000e+00  1.38825000e-08  1.80000000e+00  1.38825000e-08  1.19461362e-09  1.38825000e-08  1.19382452e-09 
 1.38875000e-08  0.00000000e+00  1.38875000e-08  1.80000000e+00  1.38875000e-08  1.19461362e-09  1.38875000e-08  1.19382452e-09 
 1.38925000e-08  0.00000000e+00  1.38925000e-08  1.80000000e+00  1.38925000e-08  1.19461362e-09  1.38925000e-08  1.19382452e-09 
 1.38975000e-08  0.00000000e+00  1.38975000e-08  1.80000000e+00  1.38975000e-08  1.19461362e-09  1.38975000e-08  1.19382452e-09 
 1.39025000e-08  0.00000000e+00  1.39025000e-08  1.80000000e+00  1.39025000e-08  1.19461362e-09  1.39025000e-08  1.19382452e-09 
 1.39075000e-08  0.00000000e+00  1.39075000e-08  1.80000000e+00  1.39075000e-08  1.19461362e-09  1.39075000e-08  1.19382452e-09 
 1.39125000e-08  0.00000000e+00  1.39125000e-08  1.80000000e+00  1.39125000e-08  1.19461362e-09  1.39125000e-08  1.19382452e-09 
 1.39175000e-08  0.00000000e+00  1.39175000e-08  1.80000000e+00  1.39175000e-08  1.19461362e-09  1.39175000e-08  1.19382452e-09 
 1.39225000e-08  0.00000000e+00  1.39225000e-08  1.80000000e+00  1.39225000e-08  1.19461362e-09  1.39225000e-08  1.19382452e-09 
 1.39275000e-08  0.00000000e+00  1.39275000e-08  1.80000000e+00  1.39275000e-08  1.19461362e-09  1.39275000e-08  1.19382452e-09 
 1.39325000e-08  0.00000000e+00  1.39325000e-08  1.80000000e+00  1.39325000e-08  1.19461362e-09  1.39325000e-08  1.19382452e-09 
 1.39375000e-08  0.00000000e+00  1.39375000e-08  1.80000000e+00  1.39375000e-08  1.19461362e-09  1.39375000e-08  1.19382452e-09 
 1.39425000e-08  0.00000000e+00  1.39425000e-08  1.80000000e+00  1.39425000e-08  1.19461362e-09  1.39425000e-08  1.19382452e-09 
 1.39475000e-08  0.00000000e+00  1.39475000e-08  1.80000000e+00  1.39475000e-08  1.19461362e-09  1.39475000e-08  1.19382452e-09 
 1.39525000e-08  0.00000000e+00  1.39525000e-08  1.80000000e+00  1.39525000e-08  1.19461362e-09  1.39525000e-08  1.19382452e-09 
 1.39575000e-08  0.00000000e+00  1.39575000e-08  1.80000000e+00  1.39575000e-08  1.19461362e-09  1.39575000e-08  1.19382452e-09 
 1.39625000e-08  0.00000000e+00  1.39625000e-08  1.80000000e+00  1.39625000e-08  1.19461362e-09  1.39625000e-08  1.19382452e-09 
 1.39675000e-08  0.00000000e+00  1.39675000e-08  1.80000000e+00  1.39675000e-08  1.19461362e-09  1.39675000e-08  1.19382452e-09 
 1.39725000e-08  0.00000000e+00  1.39725000e-08  1.80000000e+00  1.39725000e-08  1.19461362e-09  1.39725000e-08  1.19382452e-09 
 1.39775000e-08  0.00000000e+00  1.39775000e-08  1.80000000e+00  1.39775000e-08  1.19461362e-09  1.39775000e-08  1.19382452e-09 
 1.39825000e-08  0.00000000e+00  1.39825000e-08  1.80000000e+00  1.39825000e-08  1.19461362e-09  1.39825000e-08  1.19382452e-09 
 1.39875000e-08  0.00000000e+00  1.39875000e-08  1.80000000e+00  1.39875000e-08  1.19461362e-09  1.39875000e-08  1.19382452e-09 
 1.39925000e-08  0.00000000e+00  1.39925000e-08  1.80000000e+00  1.39925000e-08  1.19461362e-09  1.39925000e-08  1.19382452e-09 
 1.39975000e-08  0.00000000e+00  1.39975000e-08  1.80000000e+00  1.39975000e-08  1.19461362e-09  1.39975000e-08  1.19382452e-09 
 1.40000000e-08  0.00000000e+00  1.40000000e-08  1.80000000e+00  1.40000000e-08  1.19461362e-09  1.40000000e-08  1.19382452e-09 
