 0.00000000e+00  0.00000000e+00  0.00000000e+00  0.00000000e+00  0.00000000e+00  4.52697359e-01  0.00000000e+00  1.19461362e-09  0.00000000e+00  1.19461362e-09 
 5.00000000e-14  0.00000000e+00  5.00000000e-14  0.00000000e+00  5.00000000e-14  4.52697359e-01  5.00000000e-14  1.19461362e-09  5.00000000e-14  1.19461362e-09 
 1.00000000e-13  0.00000000e+00  1.00000000e-13  0.00000000e+00  1.00000000e-13  4.52697359e-01  1.00000000e-13  1.19461362e-09  1.00000000e-13  1.19461362e-09 
 2.00000000e-13  0.00000000e+00  2.00000000e-13  0.00000000e+00  2.00000000e-13  4.52697359e-01  2.00000000e-13  1.19461362e-09  2.00000000e-13  1.19461362e-09 
 4.00000000e-13  0.00000000e+00  4.00000000e-13  0.00000000e+00  4.00000000e-13  4.52697359e-01  4.00000000e-13  1.19461362e-09  4.00000000e-13  1.19461362e-09 
 8.00000000e-13  0.00000000e+00  8.00000000e-13  0.00000000e+00  8.00000000e-13  4.52697358e-01  8.00000000e-13  1.19461362e-09  8.00000000e-13  1.19461362e-09 
 1.60000000e-12  0.00000000e+00  1.60000000e-12  0.00000000e+00  1.60000000e-12  4.52697358e-01  1.60000000e-12  1.19461362e-09  1.60000000e-12  1.19461362e-09 
 3.20000000e-12  0.00000000e+00  3.20000000e-12  0.00000000e+00  3.20000000e-12  4.52697356e-01  3.20000000e-12  1.19461362e-09  3.20000000e-12  1.19461362e-09 
 6.40000000e-12  0.00000000e+00  6.40000000e-12  0.00000000e+00  6.40000000e-12  4.52697353e-01  6.40000000e-12  1.19461362e-09  6.40000000e-12  1.19461362e-09 
 1.14000000e-11  0.00000000e+00  1.14000000e-11  0.00000000e+00  1.14000000e-11  4.52697348e-01  1.14000000e-11  1.19461362e-09  1.14000000e-11  1.19461362e-09 
 1.64000000e-11  0.00000000e+00  1.64000000e-11  0.00000000e+00  1.64000000e-11  4.52697343e-01  1.64000000e-11  1.19461362e-09  1.64000000e-11  1.19461362e-09 
 2.14000000e-11  0.00000000e+00  2.14000000e-11  0.00000000e+00  2.14000000e-11  4.52697338e-01  2.14000000e-11  1.19461362e-09  2.14000000e-11  1.19461362e-09 
 2.64000000e-11  0.00000000e+00  2.64000000e-11  0.00000000e+00  2.64000000e-11  4.52697334e-01  2.64000000e-11  1.19461362e-09  2.64000000e-11  1.19461362e-09 
 3.14000000e-11  0.00000000e+00  3.14000000e-11  0.00000000e+00  3.14000000e-11  4.52697329e-01  3.14000000e-11  1.19461362e-09  3.14000000e-11  1.19461362e-09 
 3.64000000e-11  0.00000000e+00  3.64000000e-11  0.00000000e+00  3.64000000e-11  4.52697324e-01  3.64000000e-11  1.19461362e-09  3.64000000e-11  1.19461362e-09 
 4.14000000e-11  0.00000000e+00  4.14000000e-11  0.00000000e+00  4.14000000e-11  4.52697319e-01  4.14000000e-11  1.19461362e-09  4.14000000e-11  1.19461362e-09 
 4.64000000e-11  0.00000000e+00  4.64000000e-11  0.00000000e+00  4.64000000e-11  4.52697314e-01  4.64000000e-11  1.19461362e-09  4.64000000e-11  1.19461362e-09 
 5.14000000e-11  0.00000000e+00  5.14000000e-11  0.00000000e+00  5.14000000e-11  4.52697310e-01  5.14000000e-11  1.19461362e-09  5.14000000e-11  1.19461362e-09 
 5.64000000e-11  0.00000000e+00  5.64000000e-11  0.00000000e+00  5.64000000e-11  4.52697305e-01  5.64000000e-11  1.19461362e-09  5.64000000e-11  1.19461362e-09 
 6.14000000e-11  0.00000000e+00  6.14000000e-11  0.00000000e+00  6.14000000e-11  4.52697300e-01  6.14000000e-11  1.19461362e-09  6.14000000e-11  1.19461362e-09 
 6.64000000e-11  0.00000000e+00  6.64000000e-11  0.00000000e+00  6.64000000e-11  4.52697295e-01  6.64000000e-11  1.19461362e-09  6.64000000e-11  1.19461362e-09 
 7.14000000e-11  0.00000000e+00  7.14000000e-11  0.00000000e+00  7.14000000e-11  4.52697290e-01  7.14000000e-11  1.19461362e-09  7.14000000e-11  1.19461362e-09 
 7.64000000e-11  0.00000000e+00  7.64000000e-11  0.00000000e+00  7.64000000e-11  4.52697285e-01  7.64000000e-11  1.19461362e-09  7.64000000e-11  1.19461362e-09 
 8.14000000e-11  0.00000000e+00  8.14000000e-11  0.00000000e+00  8.14000000e-11  4.52697281e-01  8.14000000e-11  1.19461362e-09  8.14000000e-11  1.19461362e-09 
 8.64000000e-11  0.00000000e+00  8.64000000e-11  0.00000000e+00  8.64000000e-11  4.52697276e-01  8.64000000e-11  1.19461362e-09  8.64000000e-11  1.19461362e-09 
 9.14000000e-11  0.00000000e+00  9.14000000e-11  0.00000000e+00  9.14000000e-11  4.52697271e-01  9.14000000e-11  1.19461362e-09  9.14000000e-11  1.19461362e-09 
 9.64000000e-11  0.00000000e+00  9.64000000e-11  0.00000000e+00  9.64000000e-11  4.52697266e-01  9.64000000e-11  1.19461362e-09  9.64000000e-11  1.19461362e-09 
 1.01400000e-10  0.00000000e+00  1.01400000e-10  0.00000000e+00  1.01400000e-10  4.52697261e-01  1.01400000e-10  1.19461362e-09  1.01400000e-10  1.19461362e-09 
 1.06400000e-10  0.00000000e+00  1.06400000e-10  0.00000000e+00  1.06400000e-10  4.52697257e-01  1.06400000e-10  1.19461362e-09  1.06400000e-10  1.19461362e-09 
 1.11400000e-10  0.00000000e+00  1.11400000e-10  0.00000000e+00  1.11400000e-10  4.52697252e-01  1.11400000e-10  1.19461362e-09  1.11400000e-10  1.19461362e-09 
 1.16400000e-10  0.00000000e+00  1.16400000e-10  0.00000000e+00  1.16400000e-10  4.52697247e-01  1.16400000e-10  1.19461362e-09  1.16400000e-10  1.19461362e-09 
 1.21400000e-10  0.00000000e+00  1.21400000e-10  0.00000000e+00  1.21400000e-10  4.52697242e-01  1.21400000e-10  1.19461362e-09  1.21400000e-10  1.19461362e-09 
 1.26400000e-10  0.00000000e+00  1.26400000e-10  0.00000000e+00  1.26400000e-10  4.52697237e-01  1.26400000e-10  1.19461362e-09  1.26400000e-10  1.19461362e-09 
 1.31400000e-10  0.00000000e+00  1.31400000e-10  0.00000000e+00  1.31400000e-10  4.52697232e-01  1.31400000e-10  1.19461362e-09  1.31400000e-10  1.19461362e-09 
 1.36400000e-10  0.00000000e+00  1.36400000e-10  0.00000000e+00  1.36400000e-10  4.52697228e-01  1.36400000e-10  1.19461362e-09  1.36400000e-10  1.19461362e-09 
 1.41400000e-10  0.00000000e+00  1.41400000e-10  0.00000000e+00  1.41400000e-10  4.52697223e-01  1.41400000e-10  1.19461362e-09  1.41400000e-10  1.19461362e-09 
 1.46400000e-10  0.00000000e+00  1.46400000e-10  0.00000000e+00  1.46400000e-10  4.52697218e-01  1.46400000e-10  1.19461362e-09  1.46400000e-10  1.19461362e-09 
 1.51400000e-10  0.00000000e+00  1.51400000e-10  0.00000000e+00  1.51400000e-10  4.52697213e-01  1.51400000e-10  1.19461362e-09  1.51400000e-10  1.19461362e-09 
 1.56400000e-10  0.00000000e+00  1.56400000e-10  0.00000000e+00  1.56400000e-10  4.52697208e-01  1.56400000e-10  1.19461362e-09  1.56400000e-10  1.19461362e-09 
 1.61400000e-10  0.00000000e+00  1.61400000e-10  0.00000000e+00  1.61400000e-10  4.52697204e-01  1.61400000e-10  1.19461362e-09  1.61400000e-10  1.19461362e-09 
 1.66400000e-10  0.00000000e+00  1.66400000e-10  0.00000000e+00  1.66400000e-10  4.52697199e-01  1.66400000e-10  1.19461362e-09  1.66400000e-10  1.19461362e-09 
 1.71400000e-10  0.00000000e+00  1.71400000e-10  0.00000000e+00  1.71400000e-10  4.52697194e-01  1.71400000e-10  1.19461362e-09  1.71400000e-10  1.19461362e-09 
 1.76400000e-10  0.00000000e+00  1.76400000e-10  0.00000000e+00  1.76400000e-10  4.52697189e-01  1.76400000e-10  1.19461362e-09  1.76400000e-10  1.19461362e-09 
 1.81400000e-10  0.00000000e+00  1.81400000e-10  0.00000000e+00  1.81400000e-10  4.52697184e-01  1.81400000e-10  1.19461362e-09  1.81400000e-10  1.19461362e-09 
 1.86400000e-10  0.00000000e+00  1.86400000e-10  0.00000000e+00  1.86400000e-10  4.52697179e-01  1.86400000e-10  1.19461362e-09  1.86400000e-10  1.19461362e-09 
 1.91400000e-10  0.00000000e+00  1.91400000e-10  0.00000000e+00  1.91400000e-10  4.52697175e-01  1.91400000e-10  1.19461362e-09  1.91400000e-10  1.19461362e-09 
 1.96400000e-10  0.00000000e+00  1.96400000e-10  0.00000000e+00  1.96400000e-10  4.52697170e-01  1.96400000e-10  1.19461362e-09  1.96400000e-10  1.19461362e-09 
 2.01400000e-10  0.00000000e+00  2.01400000e-10  0.00000000e+00  2.01400000e-10  4.52697165e-01  2.01400000e-10  1.19461362e-09  2.01400000e-10  1.19461362e-09 
 2.06400000e-10  0.00000000e+00  2.06400000e-10  0.00000000e+00  2.06400000e-10  4.52697160e-01  2.06400000e-10  1.19461362e-09  2.06400000e-10  1.19461362e-09 
 2.11400000e-10  0.00000000e+00  2.11400000e-10  0.00000000e+00  2.11400000e-10  4.52697155e-01  2.11400000e-10  1.19461362e-09  2.11400000e-10  1.19461362e-09 
 2.16400000e-10  0.00000000e+00  2.16400000e-10  0.00000000e+00  2.16400000e-10  4.52697151e-01  2.16400000e-10  1.19461362e-09  2.16400000e-10  1.19461362e-09 
 2.21400000e-10  0.00000000e+00  2.21400000e-10  0.00000000e+00  2.21400000e-10  4.52697146e-01  2.21400000e-10  1.19461362e-09  2.21400000e-10  1.19461362e-09 
 2.26400000e-10  0.00000000e+00  2.26400000e-10  0.00000000e+00  2.26400000e-10  4.52697141e-01  2.26400000e-10  1.19461362e-09  2.26400000e-10  1.19461362e-09 
 2.31400000e-10  0.00000000e+00  2.31400000e-10  0.00000000e+00  2.31400000e-10  4.52697136e-01  2.31400000e-10  1.19461362e-09  2.31400000e-10  1.19461362e-09 
 2.36400000e-10  0.00000000e+00  2.36400000e-10  0.00000000e+00  2.36400000e-10  4.52697131e-01  2.36400000e-10  1.19461362e-09  2.36400000e-10  1.19461362e-09 
 2.41400000e-10  0.00000000e+00  2.41400000e-10  0.00000000e+00  2.41400000e-10  4.52697127e-01  2.41400000e-10  1.19461362e-09  2.41400000e-10  1.19461362e-09 
 2.46400000e-10  0.00000000e+00  2.46400000e-10  0.00000000e+00  2.46400000e-10  4.52697122e-01  2.46400000e-10  1.19461362e-09  2.46400000e-10  1.19461362e-09 
 2.51400000e-10  0.00000000e+00  2.51400000e-10  0.00000000e+00  2.51400000e-10  4.52697117e-01  2.51400000e-10  1.19461362e-09  2.51400000e-10  1.19461362e-09 
 2.56400000e-10  0.00000000e+00  2.56400000e-10  0.00000000e+00  2.56400000e-10  4.52697112e-01  2.56400000e-10  1.19461362e-09  2.56400000e-10  1.19461362e-09 
 2.61400000e-10  0.00000000e+00  2.61400000e-10  0.00000000e+00  2.61400000e-10  4.52697107e-01  2.61400000e-10  1.19461362e-09  2.61400000e-10  1.19461362e-09 
 2.66400000e-10  0.00000000e+00  2.66400000e-10  0.00000000e+00  2.66400000e-10  4.52697102e-01  2.66400000e-10  1.19461362e-09  2.66400000e-10  1.19461362e-09 
 2.71400000e-10  0.00000000e+00  2.71400000e-10  0.00000000e+00  2.71400000e-10  4.52697098e-01  2.71400000e-10  1.19461362e-09  2.71400000e-10  1.19461362e-09 
 2.76400000e-10  0.00000000e+00  2.76400000e-10  0.00000000e+00  2.76400000e-10  4.52697093e-01  2.76400000e-10  1.19461362e-09  2.76400000e-10  1.19461362e-09 
 2.81400000e-10  0.00000000e+00  2.81400000e-10  0.00000000e+00  2.81400000e-10  4.52697088e-01  2.81400000e-10  1.19461362e-09  2.81400000e-10  1.19461362e-09 
 2.86400000e-10  0.00000000e+00  2.86400000e-10  0.00000000e+00  2.86400000e-10  4.52697083e-01  2.86400000e-10  1.19461362e-09  2.86400000e-10  1.19461362e-09 
 2.91400000e-10  0.00000000e+00  2.91400000e-10  0.00000000e+00  2.91400000e-10  4.52697078e-01  2.91400000e-10  1.19461362e-09  2.91400000e-10  1.19461362e-09 
 2.96400000e-10  0.00000000e+00  2.96400000e-10  0.00000000e+00  2.96400000e-10  4.52697074e-01  2.96400000e-10  1.19461362e-09  2.96400000e-10  1.19461362e-09 
 3.01400000e-10  0.00000000e+00  3.01400000e-10  0.00000000e+00  3.01400000e-10  4.52697069e-01  3.01400000e-10  1.19461362e-09  3.01400000e-10  1.19461362e-09 
 3.06400000e-10  0.00000000e+00  3.06400000e-10  0.00000000e+00  3.06400000e-10  4.52697064e-01  3.06400000e-10  1.19461362e-09  3.06400000e-10  1.19461362e-09 
 3.11400000e-10  0.00000000e+00  3.11400000e-10  0.00000000e+00  3.11400000e-10  4.52697059e-01  3.11400000e-10  1.19461362e-09  3.11400000e-10  1.19461362e-09 
 3.16400000e-10  0.00000000e+00  3.16400000e-10  0.00000000e+00  3.16400000e-10  4.52697054e-01  3.16400000e-10  1.19461362e-09  3.16400000e-10  1.19461362e-09 
 3.21400000e-10  0.00000000e+00  3.21400000e-10  0.00000000e+00  3.21400000e-10  4.52697050e-01  3.21400000e-10  1.19461362e-09  3.21400000e-10  1.19461362e-09 
 3.26400000e-10  0.00000000e+00  3.26400000e-10  0.00000000e+00  3.26400000e-10  4.52697045e-01  3.26400000e-10  1.19461362e-09  3.26400000e-10  1.19461362e-09 
 3.31400000e-10  0.00000000e+00  3.31400000e-10  0.00000000e+00  3.31400000e-10  4.52697040e-01  3.31400000e-10  1.19461362e-09  3.31400000e-10  1.19461362e-09 
 3.36400000e-10  0.00000000e+00  3.36400000e-10  0.00000000e+00  3.36400000e-10  4.52697035e-01  3.36400000e-10  1.19461362e-09  3.36400000e-10  1.19461362e-09 
 3.41400000e-10  0.00000000e+00  3.41400000e-10  0.00000000e+00  3.41400000e-10  4.52697030e-01  3.41400000e-10  1.19461362e-09  3.41400000e-10  1.19461362e-09 
 3.46400000e-10  0.00000000e+00  3.46400000e-10  0.00000000e+00  3.46400000e-10  4.52697026e-01  3.46400000e-10  1.19461362e-09  3.46400000e-10  1.19461362e-09 
 3.51400000e-10  0.00000000e+00  3.51400000e-10  0.00000000e+00  3.51400000e-10  4.52697021e-01  3.51400000e-10  1.19461362e-09  3.51400000e-10  1.19461362e-09 
 3.56400000e-10  0.00000000e+00  3.56400000e-10  0.00000000e+00  3.56400000e-10  4.52697016e-01  3.56400000e-10  1.19461362e-09  3.56400000e-10  1.19461362e-09 
 3.61400000e-10  0.00000000e+00  3.61400000e-10  0.00000000e+00  3.61400000e-10  4.52697011e-01  3.61400000e-10  1.19461362e-09  3.61400000e-10  1.19461362e-09 
 3.66400000e-10  0.00000000e+00  3.66400000e-10  0.00000000e+00  3.66400000e-10  4.52697006e-01  3.66400000e-10  1.19461362e-09  3.66400000e-10  1.19461362e-09 
 3.71400000e-10  0.00000000e+00  3.71400000e-10  0.00000000e+00  3.71400000e-10  4.52697002e-01  3.71400000e-10  1.19461362e-09  3.71400000e-10  1.19461362e-09 
 3.76400000e-10  0.00000000e+00  3.76400000e-10  0.00000000e+00  3.76400000e-10  4.52696997e-01  3.76400000e-10  1.19461362e-09  3.76400000e-10  1.19461362e-09 
 3.81400000e-10  0.00000000e+00  3.81400000e-10  0.00000000e+00  3.81400000e-10  4.52696992e-01  3.81400000e-10  1.19461362e-09  3.81400000e-10  1.19461362e-09 
 3.86400000e-10  0.00000000e+00  3.86400000e-10  0.00000000e+00  3.86400000e-10  4.52696987e-01  3.86400000e-10  1.19461362e-09  3.86400000e-10  1.19461362e-09 
 3.91400000e-10  0.00000000e+00  3.91400000e-10  0.00000000e+00  3.91400000e-10  4.52696982e-01  3.91400000e-10  1.19461362e-09  3.91400000e-10  1.19461362e-09 
 3.96400000e-10  0.00000000e+00  3.96400000e-10  0.00000000e+00  3.96400000e-10  4.52696978e-01  3.96400000e-10  1.19461362e-09  3.96400000e-10  1.19461362e-09 
 4.01400000e-10  0.00000000e+00  4.01400000e-10  0.00000000e+00  4.01400000e-10  4.52696973e-01  4.01400000e-10  1.19461362e-09  4.01400000e-10  1.19461362e-09 
 4.06400000e-10  0.00000000e+00  4.06400000e-10  0.00000000e+00  4.06400000e-10  4.52696968e-01  4.06400000e-10  1.19461362e-09  4.06400000e-10  1.19461362e-09 
 4.11400000e-10  0.00000000e+00  4.11400000e-10  0.00000000e+00  4.11400000e-10  4.52696963e-01  4.11400000e-10  1.19461362e-09  4.11400000e-10  1.19461362e-09 
 4.16400000e-10  0.00000000e+00  4.16400000e-10  0.00000000e+00  4.16400000e-10  4.52696958e-01  4.16400000e-10  1.19461362e-09  4.16400000e-10  1.19461362e-09 
 4.21400000e-10  0.00000000e+00  4.21400000e-10  0.00000000e+00  4.21400000e-10  4.52696954e-01  4.21400000e-10  1.19461362e-09  4.21400000e-10  1.19461362e-09 
 4.26400000e-10  0.00000000e+00  4.26400000e-10  0.00000000e+00  4.26400000e-10  4.52696949e-01  4.26400000e-10  1.19461362e-09  4.26400000e-10  1.19461362e-09 
 4.31400000e-10  0.00000000e+00  4.31400000e-10  0.00000000e+00  4.31400000e-10  4.52696944e-01  4.31400000e-10  1.19461362e-09  4.31400000e-10  1.19461362e-09 
 4.36400000e-10  0.00000000e+00  4.36400000e-10  0.00000000e+00  4.36400000e-10  4.52696939e-01  4.36400000e-10  1.19461362e-09  4.36400000e-10  1.19461362e-09 
 4.41400000e-10  0.00000000e+00  4.41400000e-10  0.00000000e+00  4.41400000e-10  4.52696934e-01  4.41400000e-10  1.19461362e-09  4.41400000e-10  1.19461362e-09 
 4.46400000e-10  0.00000000e+00  4.46400000e-10  0.00000000e+00  4.46400000e-10  4.52696930e-01  4.46400000e-10  1.19461362e-09  4.46400000e-10  1.19461362e-09 
 4.51400000e-10  0.00000000e+00  4.51400000e-10  0.00000000e+00  4.51400000e-10  4.52696925e-01  4.51400000e-10  1.19461362e-09  4.51400000e-10  1.19461362e-09 
 4.56400000e-10  0.00000000e+00  4.56400000e-10  0.00000000e+00  4.56400000e-10  4.52696920e-01  4.56400000e-10  1.19461362e-09  4.56400000e-10  1.19461362e-09 
 4.61400000e-10  0.00000000e+00  4.61400000e-10  0.00000000e+00  4.61400000e-10  4.52696915e-01  4.61400000e-10  1.19461362e-09  4.61400000e-10  1.19461362e-09 
 4.66400000e-10  0.00000000e+00  4.66400000e-10  0.00000000e+00  4.66400000e-10  4.52696910e-01  4.66400000e-10  1.19461362e-09  4.66400000e-10  1.19461362e-09 
 4.71400000e-10  0.00000000e+00  4.71400000e-10  0.00000000e+00  4.71400000e-10  4.52696906e-01  4.71400000e-10  1.19461362e-09  4.71400000e-10  1.19461362e-09 
 4.76400000e-10  0.00000000e+00  4.76400000e-10  0.00000000e+00  4.76400000e-10  4.52696901e-01  4.76400000e-10  1.19461362e-09  4.76400000e-10  1.19461362e-09 
 4.81400000e-10  0.00000000e+00  4.81400000e-10  0.00000000e+00  4.81400000e-10  4.52696896e-01  4.81400000e-10  1.19461362e-09  4.81400000e-10  1.19461362e-09 
 4.86400000e-10  0.00000000e+00  4.86400000e-10  0.00000000e+00  4.86400000e-10  4.52696891e-01  4.86400000e-10  1.19461362e-09  4.86400000e-10  1.19461362e-09 
 4.91400000e-10  0.00000000e+00  4.91400000e-10  0.00000000e+00  4.91400000e-10  4.52696886e-01  4.91400000e-10  1.19461362e-09  4.91400000e-10  1.19461362e-09 
 4.96400000e-10  0.00000000e+00  4.96400000e-10  0.00000000e+00  4.96400000e-10  4.52696882e-01  4.96400000e-10  1.19461362e-09  4.96400000e-10  1.19461362e-09 
 5.01400000e-10  0.00000000e+00  5.01400000e-10  0.00000000e+00  5.01400000e-10  4.52696877e-01  5.01400000e-10  1.19461362e-09  5.01400000e-10  1.19461362e-09 
 5.06400000e-10  0.00000000e+00  5.06400000e-10  0.00000000e+00  5.06400000e-10  4.52696872e-01  5.06400000e-10  1.19461362e-09  5.06400000e-10  1.19461362e-09 
 5.11400000e-10  0.00000000e+00  5.11400000e-10  0.00000000e+00  5.11400000e-10  4.52696867e-01  5.11400000e-10  1.19461362e-09  5.11400000e-10  1.19461362e-09 
 5.16400000e-10  0.00000000e+00  5.16400000e-10  0.00000000e+00  5.16400000e-10  4.52696862e-01  5.16400000e-10  1.19461362e-09  5.16400000e-10  1.19461362e-09 
 5.21400000e-10  0.00000000e+00  5.21400000e-10  0.00000000e+00  5.21400000e-10  4.52696858e-01  5.21400000e-10  1.19461362e-09  5.21400000e-10  1.19461362e-09 
 5.26400000e-10  0.00000000e+00  5.26400000e-10  0.00000000e+00  5.26400000e-10  4.52696853e-01  5.26400000e-10  1.19461362e-09  5.26400000e-10  1.19461362e-09 
 5.31400000e-10  0.00000000e+00  5.31400000e-10  0.00000000e+00  5.31400000e-10  4.52696848e-01  5.31400000e-10  1.19461362e-09  5.31400000e-10  1.19461362e-09 
 5.36400000e-10  0.00000000e+00  5.36400000e-10  0.00000000e+00  5.36400000e-10  4.52696843e-01  5.36400000e-10  1.19461362e-09  5.36400000e-10  1.19461362e-09 
 5.41400000e-10  0.00000000e+00  5.41400000e-10  0.00000000e+00  5.41400000e-10  4.52696838e-01  5.41400000e-10  1.19461362e-09  5.41400000e-10  1.19461362e-09 
 5.46400000e-10  0.00000000e+00  5.46400000e-10  0.00000000e+00  5.46400000e-10  4.52696834e-01  5.46400000e-10  1.19461362e-09  5.46400000e-10  1.19461362e-09 
 5.51400000e-10  0.00000000e+00  5.51400000e-10  0.00000000e+00  5.51400000e-10  4.52696829e-01  5.51400000e-10  1.19461362e-09  5.51400000e-10  1.19461362e-09 
 5.56400000e-10  0.00000000e+00  5.56400000e-10  0.00000000e+00  5.56400000e-10  4.52696824e-01  5.56400000e-10  1.19461362e-09  5.56400000e-10  1.19461362e-09 
 5.61400000e-10  0.00000000e+00  5.61400000e-10  0.00000000e+00  5.61400000e-10  4.52696819e-01  5.61400000e-10  1.19461362e-09  5.61400000e-10  1.19461362e-09 
 5.66400000e-10  0.00000000e+00  5.66400000e-10  0.00000000e+00  5.66400000e-10  4.52696814e-01  5.66400000e-10  1.19461362e-09  5.66400000e-10  1.19461362e-09 
 5.71400000e-10  0.00000000e+00  5.71400000e-10  0.00000000e+00  5.71400000e-10  4.52696810e-01  5.71400000e-10  1.19461362e-09  5.71400000e-10  1.19461362e-09 
 5.76400000e-10  0.00000000e+00  5.76400000e-10  0.00000000e+00  5.76400000e-10  4.52696805e-01  5.76400000e-10  1.19461362e-09  5.76400000e-10  1.19461362e-09 
 5.81400000e-10  0.00000000e+00  5.81400000e-10  0.00000000e+00  5.81400000e-10  4.52696800e-01  5.81400000e-10  1.19461362e-09  5.81400000e-10  1.19461362e-09 
 5.86400000e-10  0.00000000e+00  5.86400000e-10  0.00000000e+00  5.86400000e-10  4.52696795e-01  5.86400000e-10  1.19461362e-09  5.86400000e-10  1.19461362e-09 
 5.91400000e-10  0.00000000e+00  5.91400000e-10  0.00000000e+00  5.91400000e-10  4.52696790e-01  5.91400000e-10  1.19461362e-09  5.91400000e-10  1.19461362e-09 
 5.96400000e-10  0.00000000e+00  5.96400000e-10  0.00000000e+00  5.96400000e-10  4.52696786e-01  5.96400000e-10  1.19461362e-09  5.96400000e-10  1.19461362e-09 
 6.01400000e-10  0.00000000e+00  6.01400000e-10  0.00000000e+00  6.01400000e-10  4.52696781e-01  6.01400000e-10  1.19461362e-09  6.01400000e-10  1.19461362e-09 
 6.06400000e-10  0.00000000e+00  6.06400000e-10  0.00000000e+00  6.06400000e-10  4.52696776e-01  6.06400000e-10  1.19461362e-09  6.06400000e-10  1.19461362e-09 
 6.11400000e-10  0.00000000e+00  6.11400000e-10  0.00000000e+00  6.11400000e-10  4.52696771e-01  6.11400000e-10  1.19461362e-09  6.11400000e-10  1.19461362e-09 
 6.16400000e-10  0.00000000e+00  6.16400000e-10  0.00000000e+00  6.16400000e-10  4.52696767e-01  6.16400000e-10  1.19461362e-09  6.16400000e-10  1.19461362e-09 
 6.21400000e-10  0.00000000e+00  6.21400000e-10  0.00000000e+00  6.21400000e-10  4.52696762e-01  6.21400000e-10  1.19461362e-09  6.21400000e-10  1.19461362e-09 
 6.26400000e-10  0.00000000e+00  6.26400000e-10  0.00000000e+00  6.26400000e-10  4.52696757e-01  6.26400000e-10  1.19461362e-09  6.26400000e-10  1.19461362e-09 
 6.31400000e-10  0.00000000e+00  6.31400000e-10  0.00000000e+00  6.31400000e-10  4.52696752e-01  6.31400000e-10  1.19461362e-09  6.31400000e-10  1.19461362e-09 
 6.36400000e-10  0.00000000e+00  6.36400000e-10  0.00000000e+00  6.36400000e-10  4.52696747e-01  6.36400000e-10  1.19461362e-09  6.36400000e-10  1.19461362e-09 
 6.41400000e-10  0.00000000e+00  6.41400000e-10  0.00000000e+00  6.41400000e-10  4.52696743e-01  6.41400000e-10  1.19461362e-09  6.41400000e-10  1.19461362e-09 
 6.46400000e-10  0.00000000e+00  6.46400000e-10  0.00000000e+00  6.46400000e-10  4.52696738e-01  6.46400000e-10  1.19461362e-09  6.46400000e-10  1.19461362e-09 
 6.51400000e-10  0.00000000e+00  6.51400000e-10  0.00000000e+00  6.51400000e-10  4.52696733e-01  6.51400000e-10  1.19461362e-09  6.51400000e-10  1.19461362e-09 
 6.56400000e-10  0.00000000e+00  6.56400000e-10  0.00000000e+00  6.56400000e-10  4.52696728e-01  6.56400000e-10  1.19461362e-09  6.56400000e-10  1.19461362e-09 
 6.61400000e-10  0.00000000e+00  6.61400000e-10  0.00000000e+00  6.61400000e-10  4.52696723e-01  6.61400000e-10  1.19461362e-09  6.61400000e-10  1.19461362e-09 
 6.66400000e-10  0.00000000e+00  6.66400000e-10  0.00000000e+00  6.66400000e-10  4.52696719e-01  6.66400000e-10  1.19461362e-09  6.66400000e-10  1.19461362e-09 
 6.71400000e-10  0.00000000e+00  6.71400000e-10  0.00000000e+00  6.71400000e-10  4.52696714e-01  6.71400000e-10  1.19461362e-09  6.71400000e-10  1.19461362e-09 
 6.76400000e-10  0.00000000e+00  6.76400000e-10  0.00000000e+00  6.76400000e-10  4.52696709e-01  6.76400000e-10  1.19461362e-09  6.76400000e-10  1.19461362e-09 
 6.81400000e-10  0.00000000e+00  6.81400000e-10  0.00000000e+00  6.81400000e-10  4.52696704e-01  6.81400000e-10  1.19461362e-09  6.81400000e-10  1.19461362e-09 
 6.86400000e-10  0.00000000e+00  6.86400000e-10  0.00000000e+00  6.86400000e-10  4.52696699e-01  6.86400000e-10  1.19461362e-09  6.86400000e-10  1.19461362e-09 
 6.91400000e-10  0.00000000e+00  6.91400000e-10  0.00000000e+00  6.91400000e-10  4.52696695e-01  6.91400000e-10  1.19461362e-09  6.91400000e-10  1.19461362e-09 
 6.96400000e-10  0.00000000e+00  6.96400000e-10  0.00000000e+00  6.96400000e-10  4.52696690e-01  6.96400000e-10  1.19461362e-09  6.96400000e-10  1.19461362e-09 
 7.01400000e-10  0.00000000e+00  7.01400000e-10  0.00000000e+00  7.01400000e-10  4.52696685e-01  7.01400000e-10  1.19461362e-09  7.01400000e-10  1.19461362e-09 
 7.06400000e-10  0.00000000e+00  7.06400000e-10  0.00000000e+00  7.06400000e-10  4.52696680e-01  7.06400000e-10  1.19461362e-09  7.06400000e-10  1.19461362e-09 
 7.11400000e-10  0.00000000e+00  7.11400000e-10  0.00000000e+00  7.11400000e-10  4.52696676e-01  7.11400000e-10  1.19461362e-09  7.11400000e-10  1.19461362e-09 
 7.16400000e-10  0.00000000e+00  7.16400000e-10  0.00000000e+00  7.16400000e-10  4.52696671e-01  7.16400000e-10  1.19461362e-09  7.16400000e-10  1.19461362e-09 
 7.21400000e-10  0.00000000e+00  7.21400000e-10  0.00000000e+00  7.21400000e-10  4.52696666e-01  7.21400000e-10  1.19461362e-09  7.21400000e-10  1.19461362e-09 
 7.26400000e-10  0.00000000e+00  7.26400000e-10  0.00000000e+00  7.26400000e-10  4.52696661e-01  7.26400000e-10  1.19461362e-09  7.26400000e-10  1.19461362e-09 
 7.31400000e-10  0.00000000e+00  7.31400000e-10  0.00000000e+00  7.31400000e-10  4.52696656e-01  7.31400000e-10  1.19461362e-09  7.31400000e-10  1.19461362e-09 
 7.36400000e-10  0.00000000e+00  7.36400000e-10  0.00000000e+00  7.36400000e-10  4.52696652e-01  7.36400000e-10  1.19461362e-09  7.36400000e-10  1.19461362e-09 
 7.41400000e-10  0.00000000e+00  7.41400000e-10  0.00000000e+00  7.41400000e-10  4.52696647e-01  7.41400000e-10  1.19461362e-09  7.41400000e-10  1.19461362e-09 
 7.46400000e-10  0.00000000e+00  7.46400000e-10  0.00000000e+00  7.46400000e-10  4.52696642e-01  7.46400000e-10  1.19461362e-09  7.46400000e-10  1.19461362e-09 
 7.51400000e-10  0.00000000e+00  7.51400000e-10  0.00000000e+00  7.51400000e-10  4.52696637e-01  7.51400000e-10  1.19461362e-09  7.51400000e-10  1.19461362e-09 
 7.56400000e-10  0.00000000e+00  7.56400000e-10  0.00000000e+00  7.56400000e-10  4.52696632e-01  7.56400000e-10  1.19461362e-09  7.56400000e-10  1.19461362e-09 
 7.61400000e-10  0.00000000e+00  7.61400000e-10  0.00000000e+00  7.61400000e-10  4.52696628e-01  7.61400000e-10  1.19461362e-09  7.61400000e-10  1.19461362e-09 
 7.66400000e-10  0.00000000e+00  7.66400000e-10  0.00000000e+00  7.66400000e-10  4.52696623e-01  7.66400000e-10  1.19461362e-09  7.66400000e-10  1.19461362e-09 
 7.71400000e-10  0.00000000e+00  7.71400000e-10  0.00000000e+00  7.71400000e-10  4.52696618e-01  7.71400000e-10  1.19461362e-09  7.71400000e-10  1.19461362e-09 
 7.76400000e-10  0.00000000e+00  7.76400000e-10  0.00000000e+00  7.76400000e-10  4.52696613e-01  7.76400000e-10  1.19461362e-09  7.76400000e-10  1.19461362e-09 
 7.81400000e-10  0.00000000e+00  7.81400000e-10  0.00000000e+00  7.81400000e-10  4.52696609e-01  7.81400000e-10  1.19461362e-09  7.81400000e-10  1.19461362e-09 
 7.86400000e-10  0.00000000e+00  7.86400000e-10  0.00000000e+00  7.86400000e-10  4.52696604e-01  7.86400000e-10  1.19461362e-09  7.86400000e-10  1.19461362e-09 
 7.91400000e-10  0.00000000e+00  7.91400000e-10  0.00000000e+00  7.91400000e-10  4.52696599e-01  7.91400000e-10  1.19461362e-09  7.91400000e-10  1.19461362e-09 
 7.96400000e-10  0.00000000e+00  7.96400000e-10  0.00000000e+00  7.96400000e-10  4.52696594e-01  7.96400000e-10  1.19461362e-09  7.96400000e-10  1.19461362e-09 
 8.01400000e-10  0.00000000e+00  8.01400000e-10  0.00000000e+00  8.01400000e-10  4.52696589e-01  8.01400000e-10  1.19461362e-09  8.01400000e-10  1.19461362e-09 
 8.06400000e-10  0.00000000e+00  8.06400000e-10  0.00000000e+00  8.06400000e-10  4.52696585e-01  8.06400000e-10  1.19461362e-09  8.06400000e-10  1.19461362e-09 
 8.11400000e-10  0.00000000e+00  8.11400000e-10  0.00000000e+00  8.11400000e-10  4.52696580e-01  8.11400000e-10  1.19461362e-09  8.11400000e-10  1.19461362e-09 
 8.16400000e-10  0.00000000e+00  8.16400000e-10  0.00000000e+00  8.16400000e-10  4.52696575e-01  8.16400000e-10  1.19461362e-09  8.16400000e-10  1.19461362e-09 
 8.21400000e-10  0.00000000e+00  8.21400000e-10  0.00000000e+00  8.21400000e-10  4.52696570e-01  8.21400000e-10  1.19461362e-09  8.21400000e-10  1.19461362e-09 
 8.26400000e-10  0.00000000e+00  8.26400000e-10  0.00000000e+00  8.26400000e-10  4.52696566e-01  8.26400000e-10  1.19461362e-09  8.26400000e-10  1.19461362e-09 
 8.31400000e-10  0.00000000e+00  8.31400000e-10  0.00000000e+00  8.31400000e-10  4.52696561e-01  8.31400000e-10  1.19461362e-09  8.31400000e-10  1.19461362e-09 
 8.36400000e-10  0.00000000e+00  8.36400000e-10  0.00000000e+00  8.36400000e-10  4.52696556e-01  8.36400000e-10  1.19461362e-09  8.36400000e-10  1.19461362e-09 
 8.41400000e-10  0.00000000e+00  8.41400000e-10  0.00000000e+00  8.41400000e-10  4.52696551e-01  8.41400000e-10  1.19461362e-09  8.41400000e-10  1.19461362e-09 
 8.46400000e-10  0.00000000e+00  8.46400000e-10  0.00000000e+00  8.46400000e-10  4.52696546e-01  8.46400000e-10  1.19461362e-09  8.46400000e-10  1.19461362e-09 
 8.51400000e-10  0.00000000e+00  8.51400000e-10  0.00000000e+00  8.51400000e-10  4.52696542e-01  8.51400000e-10  1.19461362e-09  8.51400000e-10  1.19461362e-09 
 8.56400000e-10  0.00000000e+00  8.56400000e-10  0.00000000e+00  8.56400000e-10  4.52696537e-01  8.56400000e-10  1.19461362e-09  8.56400000e-10  1.19461362e-09 
 8.61400000e-10  0.00000000e+00  8.61400000e-10  0.00000000e+00  8.61400000e-10  4.52696532e-01  8.61400000e-10  1.19461362e-09  8.61400000e-10  1.19461362e-09 
 8.66400000e-10  0.00000000e+00  8.66400000e-10  0.00000000e+00  8.66400000e-10  4.52696527e-01  8.66400000e-10  1.19461362e-09  8.66400000e-10  1.19461362e-09 
 8.71400000e-10  0.00000000e+00  8.71400000e-10  0.00000000e+00  8.71400000e-10  4.52696523e-01  8.71400000e-10  1.19461362e-09  8.71400000e-10  1.19461362e-09 
 8.76400000e-10  0.00000000e+00  8.76400000e-10  0.00000000e+00  8.76400000e-10  4.52696518e-01  8.76400000e-10  1.19461362e-09  8.76400000e-10  1.19461362e-09 
 8.81400000e-10  0.00000000e+00  8.81400000e-10  0.00000000e+00  8.81400000e-10  4.52696513e-01  8.81400000e-10  1.19461362e-09  8.81400000e-10  1.19461362e-09 
 8.86400000e-10  0.00000000e+00  8.86400000e-10  0.00000000e+00  8.86400000e-10  4.52696508e-01  8.86400000e-10  1.19461362e-09  8.86400000e-10  1.19461362e-09 
 8.91400000e-10  0.00000000e+00  8.91400000e-10  0.00000000e+00  8.91400000e-10  4.52696503e-01  8.91400000e-10  1.19461362e-09  8.91400000e-10  1.19461362e-09 
 8.96400000e-10  0.00000000e+00  8.96400000e-10  0.00000000e+00  8.96400000e-10  4.52696499e-01  8.96400000e-10  1.19461362e-09  8.96400000e-10  1.19461362e-09 
 9.01400000e-10  0.00000000e+00  9.01400000e-10  0.00000000e+00  9.01400000e-10  4.52696494e-01  9.01400000e-10  1.19461362e-09  9.01400000e-10  1.19461362e-09 
 9.06400000e-10  0.00000000e+00  9.06400000e-10  0.00000000e+00  9.06400000e-10  4.52696489e-01  9.06400000e-10  1.19461362e-09  9.06400000e-10  1.19461362e-09 
 9.11400000e-10  0.00000000e+00  9.11400000e-10  0.00000000e+00  9.11400000e-10  4.52696484e-01  9.11400000e-10  1.19461362e-09  9.11400000e-10  1.19461362e-09 
 9.16400000e-10  0.00000000e+00  9.16400000e-10  0.00000000e+00  9.16400000e-10  4.52696480e-01  9.16400000e-10  1.19461362e-09  9.16400000e-10  1.19461362e-09 
 9.21400000e-10  0.00000000e+00  9.21400000e-10  0.00000000e+00  9.21400000e-10  4.52696475e-01  9.21400000e-10  1.19461362e-09  9.21400000e-10  1.19461362e-09 
 9.26400000e-10  0.00000000e+00  9.26400000e-10  0.00000000e+00  9.26400000e-10  4.52696470e-01  9.26400000e-10  1.19461362e-09  9.26400000e-10  1.19461362e-09 
 9.31400000e-10  0.00000000e+00  9.31400000e-10  0.00000000e+00  9.31400000e-10  4.52696465e-01  9.31400000e-10  1.19461362e-09  9.31400000e-10  1.19461362e-09 
 9.36400000e-10  0.00000000e+00  9.36400000e-10  0.00000000e+00  9.36400000e-10  4.52696460e-01  9.36400000e-10  1.19461362e-09  9.36400000e-10  1.19461362e-09 
 9.41400000e-10  0.00000000e+00  9.41400000e-10  0.00000000e+00  9.41400000e-10  4.52696456e-01  9.41400000e-10  1.19461362e-09  9.41400000e-10  1.19461362e-09 
 9.46400000e-10  0.00000000e+00  9.46400000e-10  0.00000000e+00  9.46400000e-10  4.52696451e-01  9.46400000e-10  1.19461362e-09  9.46400000e-10  1.19461362e-09 
 9.51400000e-10  0.00000000e+00  9.51400000e-10  0.00000000e+00  9.51400000e-10  4.52696446e-01  9.51400000e-10  1.19461362e-09  9.51400000e-10  1.19461362e-09 
 9.56400000e-10  0.00000000e+00  9.56400000e-10  0.00000000e+00  9.56400000e-10  4.52696441e-01  9.56400000e-10  1.19461362e-09  9.56400000e-10  1.19461362e-09 
 9.61400000e-10  0.00000000e+00  9.61400000e-10  0.00000000e+00  9.61400000e-10  4.52696437e-01  9.61400000e-10  1.19461362e-09  9.61400000e-10  1.19461362e-09 
 9.66400000e-10  0.00000000e+00  9.66400000e-10  0.00000000e+00  9.66400000e-10  4.52696432e-01  9.66400000e-10  1.19461362e-09  9.66400000e-10  1.19461362e-09 
 9.71400000e-10  0.00000000e+00  9.71400000e-10  0.00000000e+00  9.71400000e-10  4.52696427e-01  9.71400000e-10  1.19461362e-09  9.71400000e-10  1.19461362e-09 
 9.76400000e-10  0.00000000e+00  9.76400000e-10  0.00000000e+00  9.76400000e-10  4.52696422e-01  9.76400000e-10  1.19461362e-09  9.76400000e-10  1.19461362e-09 
 9.81400000e-10  0.00000000e+00  9.81400000e-10  0.00000000e+00  9.81400000e-10  4.52696418e-01  9.81400000e-10  1.19461362e-09  9.81400000e-10  1.19461362e-09 
 9.86400000e-10  0.00000000e+00  9.86400000e-10  0.00000000e+00  9.86400000e-10  4.52696413e-01  9.86400000e-10  1.19461362e-09  9.86400000e-10  1.19461362e-09 
 9.91400000e-10  0.00000000e+00  9.91400000e-10  0.00000000e+00  9.91400000e-10  4.52696408e-01  9.91400000e-10  1.19461362e-09  9.91400000e-10  1.19461362e-09 
 9.96400000e-10  0.00000000e+00  9.96400000e-10  0.00000000e+00  9.96400000e-10  4.52696403e-01  9.96400000e-10  1.19461362e-09  9.96400000e-10  1.19461362e-09 
 1.00140000e-09  0.00000000e+00  1.00140000e-09  0.00000000e+00  1.00140000e-09  4.52696398e-01  1.00140000e-09  1.19461362e-09  1.00140000e-09  1.19461362e-09 
 1.00640000e-09  0.00000000e+00  1.00640000e-09  0.00000000e+00  1.00640000e-09  4.52696394e-01  1.00640000e-09  1.19461362e-09  1.00640000e-09  1.19461362e-09 
 1.01140000e-09  0.00000000e+00  1.01140000e-09  0.00000000e+00  1.01140000e-09  4.52696389e-01  1.01140000e-09  1.19461362e-09  1.01140000e-09  1.19461362e-09 
 1.01640000e-09  0.00000000e+00  1.01640000e-09  0.00000000e+00  1.01640000e-09  4.52696384e-01  1.01640000e-09  1.19461362e-09  1.01640000e-09  1.19461362e-09 
 1.02140000e-09  0.00000000e+00  1.02140000e-09  0.00000000e+00  1.02140000e-09  4.52696379e-01  1.02140000e-09  1.19461362e-09  1.02140000e-09  1.19461362e-09 
 1.02640000e-09  0.00000000e+00  1.02640000e-09  0.00000000e+00  1.02640000e-09  4.52696375e-01  1.02640000e-09  1.19461362e-09  1.02640000e-09  1.19461362e-09 
 1.03140000e-09  0.00000000e+00  1.03140000e-09  0.00000000e+00  1.03140000e-09  4.52696370e-01  1.03140000e-09  1.19461362e-09  1.03140000e-09  1.19461362e-09 
 1.03640000e-09  0.00000000e+00  1.03640000e-09  0.00000000e+00  1.03640000e-09  4.52696365e-01  1.03640000e-09  1.19461362e-09  1.03640000e-09  1.19461362e-09 
 1.04140000e-09  0.00000000e+00  1.04140000e-09  0.00000000e+00  1.04140000e-09  4.52696360e-01  1.04140000e-09  1.19461362e-09  1.04140000e-09  1.19461362e-09 
 1.04640000e-09  0.00000000e+00  1.04640000e-09  0.00000000e+00  1.04640000e-09  4.52696355e-01  1.04640000e-09  1.19461362e-09  1.04640000e-09  1.19461362e-09 
 1.05140000e-09  0.00000000e+00  1.05140000e-09  0.00000000e+00  1.05140000e-09  4.52696351e-01  1.05140000e-09  1.19461362e-09  1.05140000e-09  1.19461362e-09 
 1.05640000e-09  0.00000000e+00  1.05640000e-09  0.00000000e+00  1.05640000e-09  4.52696346e-01  1.05640000e-09  1.19461362e-09  1.05640000e-09  1.19461362e-09 
 1.06140000e-09  0.00000000e+00  1.06140000e-09  0.00000000e+00  1.06140000e-09  4.52696341e-01  1.06140000e-09  1.19461362e-09  1.06140000e-09  1.19461362e-09 
 1.06640000e-09  0.00000000e+00  1.06640000e-09  0.00000000e+00  1.06640000e-09  4.52696336e-01  1.06640000e-09  1.19461362e-09  1.06640000e-09  1.19461362e-09 
 1.07140000e-09  0.00000000e+00  1.07140000e-09  0.00000000e+00  1.07140000e-09  4.52696332e-01  1.07140000e-09  1.19461362e-09  1.07140000e-09  1.19461362e-09 
 1.07640000e-09  0.00000000e+00  1.07640000e-09  0.00000000e+00  1.07640000e-09  4.52696327e-01  1.07640000e-09  1.19461362e-09  1.07640000e-09  1.19461362e-09 
 1.08140000e-09  0.00000000e+00  1.08140000e-09  0.00000000e+00  1.08140000e-09  4.52696322e-01  1.08140000e-09  1.19461362e-09  1.08140000e-09  1.19461362e-09 
 1.08640000e-09  0.00000000e+00  1.08640000e-09  0.00000000e+00  1.08640000e-09  4.52696317e-01  1.08640000e-09  1.19461362e-09  1.08640000e-09  1.19461362e-09 
 1.09140000e-09  0.00000000e+00  1.09140000e-09  0.00000000e+00  1.09140000e-09  4.52696313e-01  1.09140000e-09  1.19461362e-09  1.09140000e-09  1.19461362e-09 
 1.09640000e-09  0.00000000e+00  1.09640000e-09  0.00000000e+00  1.09640000e-09  4.52696308e-01  1.09640000e-09  1.19461362e-09  1.09640000e-09  1.19461362e-09 
 1.10140000e-09  0.00000000e+00  1.10140000e-09  0.00000000e+00  1.10140000e-09  4.52696303e-01  1.10140000e-09  1.19461362e-09  1.10140000e-09  1.19461362e-09 
 1.10640000e-09  0.00000000e+00  1.10640000e-09  0.00000000e+00  1.10640000e-09  4.52696298e-01  1.10640000e-09  1.19461362e-09  1.10640000e-09  1.19461362e-09 
 1.11140000e-09  0.00000000e+00  1.11140000e-09  0.00000000e+00  1.11140000e-09  4.52696294e-01  1.11140000e-09  1.19461362e-09  1.11140000e-09  1.19461362e-09 
 1.11640000e-09  0.00000000e+00  1.11640000e-09  0.00000000e+00  1.11640000e-09  4.52696289e-01  1.11640000e-09  1.19461362e-09  1.11640000e-09  1.19461362e-09 
 1.12140000e-09  0.00000000e+00  1.12140000e-09  0.00000000e+00  1.12140000e-09  4.52696284e-01  1.12140000e-09  1.19461362e-09  1.12140000e-09  1.19461362e-09 
 1.12640000e-09  0.00000000e+00  1.12640000e-09  0.00000000e+00  1.12640000e-09  4.52696279e-01  1.12640000e-09  1.19461362e-09  1.12640000e-09  1.19461362e-09 
 1.13140000e-09  0.00000000e+00  1.13140000e-09  0.00000000e+00  1.13140000e-09  4.52696274e-01  1.13140000e-09  1.19461362e-09  1.13140000e-09  1.19461362e-09 
 1.13640000e-09  0.00000000e+00  1.13640000e-09  0.00000000e+00  1.13640000e-09  4.52696270e-01  1.13640000e-09  1.19461362e-09  1.13640000e-09  1.19461362e-09 
 1.14140000e-09  0.00000000e+00  1.14140000e-09  0.00000000e+00  1.14140000e-09  4.52696265e-01  1.14140000e-09  1.19461362e-09  1.14140000e-09  1.19461362e-09 
 1.14640000e-09  0.00000000e+00  1.14640000e-09  0.00000000e+00  1.14640000e-09  4.52696260e-01  1.14640000e-09  1.19461362e-09  1.14640000e-09  1.19461362e-09 
 1.15140000e-09  0.00000000e+00  1.15140000e-09  0.00000000e+00  1.15140000e-09  4.52696255e-01  1.15140000e-09  1.19461362e-09  1.15140000e-09  1.19461362e-09 
 1.15640000e-09  0.00000000e+00  1.15640000e-09  0.00000000e+00  1.15640000e-09  4.52696251e-01  1.15640000e-09  1.19461362e-09  1.15640000e-09  1.19461362e-09 
 1.16140000e-09  0.00000000e+00  1.16140000e-09  0.00000000e+00  1.16140000e-09  4.52696246e-01  1.16140000e-09  1.19461362e-09  1.16140000e-09  1.19461362e-09 
 1.16640000e-09  0.00000000e+00  1.16640000e-09  0.00000000e+00  1.16640000e-09  4.52696241e-01  1.16640000e-09  1.19461362e-09  1.16640000e-09  1.19461362e-09 
 1.17140000e-09  0.00000000e+00  1.17140000e-09  0.00000000e+00  1.17140000e-09  4.52696236e-01  1.17140000e-09  1.19461362e-09  1.17140000e-09  1.19461362e-09 
 1.17640000e-09  0.00000000e+00  1.17640000e-09  0.00000000e+00  1.17640000e-09  4.52696232e-01  1.17640000e-09  1.19461362e-09  1.17640000e-09  1.19461362e-09 
 1.18140000e-09  0.00000000e+00  1.18140000e-09  0.00000000e+00  1.18140000e-09  4.52696227e-01  1.18140000e-09  1.19461362e-09  1.18140000e-09  1.19461362e-09 
 1.18640000e-09  0.00000000e+00  1.18640000e-09  0.00000000e+00  1.18640000e-09  4.52696222e-01  1.18640000e-09  1.19461362e-09  1.18640000e-09  1.19461362e-09 
 1.19140000e-09  0.00000000e+00  1.19140000e-09  0.00000000e+00  1.19140000e-09  4.52696217e-01  1.19140000e-09  1.19461362e-09  1.19140000e-09  1.19461362e-09 
 1.19640000e-09  0.00000000e+00  1.19640000e-09  0.00000000e+00  1.19640000e-09  4.52696213e-01  1.19640000e-09  1.19461362e-09  1.19640000e-09  1.19461362e-09 
 1.20140000e-09  0.00000000e+00  1.20140000e-09  0.00000000e+00  1.20140000e-09  4.52696208e-01  1.20140000e-09  1.19461362e-09  1.20140000e-09  1.19461362e-09 
 1.20640000e-09  0.00000000e+00  1.20640000e-09  0.00000000e+00  1.20640000e-09  4.52696203e-01  1.20640000e-09  1.19461362e-09  1.20640000e-09  1.19461362e-09 
 1.21140000e-09  0.00000000e+00  1.21140000e-09  0.00000000e+00  1.21140000e-09  4.52696198e-01  1.21140000e-09  1.19461362e-09  1.21140000e-09  1.19461362e-09 
 1.21640000e-09  0.00000000e+00  1.21640000e-09  0.00000000e+00  1.21640000e-09  4.52696194e-01  1.21640000e-09  1.19461362e-09  1.21640000e-09  1.19461362e-09 
 1.22140000e-09  0.00000000e+00  1.22140000e-09  0.00000000e+00  1.22140000e-09  4.52696189e-01  1.22140000e-09  1.19461362e-09  1.22140000e-09  1.19461362e-09 
 1.22640000e-09  0.00000000e+00  1.22640000e-09  0.00000000e+00  1.22640000e-09  4.52696184e-01  1.22640000e-09  1.19461362e-09  1.22640000e-09  1.19461362e-09 
 1.23140000e-09  0.00000000e+00  1.23140000e-09  0.00000000e+00  1.23140000e-09  4.52696179e-01  1.23140000e-09  1.19461362e-09  1.23140000e-09  1.19461362e-09 
 1.23640000e-09  0.00000000e+00  1.23640000e-09  0.00000000e+00  1.23640000e-09  4.52696174e-01  1.23640000e-09  1.19461362e-09  1.23640000e-09  1.19461362e-09 
 1.24140000e-09  0.00000000e+00  1.24140000e-09  0.00000000e+00  1.24140000e-09  4.52696170e-01  1.24140000e-09  1.19461362e-09  1.24140000e-09  1.19461362e-09 
 1.24640000e-09  0.00000000e+00  1.24640000e-09  0.00000000e+00  1.24640000e-09  4.52696165e-01  1.24640000e-09  1.19461362e-09  1.24640000e-09  1.19461362e-09 
 1.25140000e-09  0.00000000e+00  1.25140000e-09  0.00000000e+00  1.25140000e-09  4.52696160e-01  1.25140000e-09  1.19461362e-09  1.25140000e-09  1.19461362e-09 
 1.25640000e-09  0.00000000e+00  1.25640000e-09  0.00000000e+00  1.25640000e-09  4.52696155e-01  1.25640000e-09  1.19461362e-09  1.25640000e-09  1.19461362e-09 
 1.26140000e-09  0.00000000e+00  1.26140000e-09  0.00000000e+00  1.26140000e-09  4.52696151e-01  1.26140000e-09  1.19461362e-09  1.26140000e-09  1.19461362e-09 
 1.26640000e-09  0.00000000e+00  1.26640000e-09  0.00000000e+00  1.26640000e-09  4.52696146e-01  1.26640000e-09  1.19461362e-09  1.26640000e-09  1.19461362e-09 
 1.27140000e-09  0.00000000e+00  1.27140000e-09  0.00000000e+00  1.27140000e-09  4.52696141e-01  1.27140000e-09  1.19461362e-09  1.27140000e-09  1.19461362e-09 
 1.27640000e-09  0.00000000e+00  1.27640000e-09  0.00000000e+00  1.27640000e-09  4.52696136e-01  1.27640000e-09  1.19461362e-09  1.27640000e-09  1.19461362e-09 
 1.28140000e-09  0.00000000e+00  1.28140000e-09  0.00000000e+00  1.28140000e-09  4.52696132e-01  1.28140000e-09  1.19461362e-09  1.28140000e-09  1.19461362e-09 
 1.28640000e-09  0.00000000e+00  1.28640000e-09  0.00000000e+00  1.28640000e-09  4.52696127e-01  1.28640000e-09  1.19461362e-09  1.28640000e-09  1.19461362e-09 
 1.29140000e-09  0.00000000e+00  1.29140000e-09  0.00000000e+00  1.29140000e-09  4.52696122e-01  1.29140000e-09  1.19461362e-09  1.29140000e-09  1.19461362e-09 
 1.29640000e-09  0.00000000e+00  1.29640000e-09  0.00000000e+00  1.29640000e-09  4.52696117e-01  1.29640000e-09  1.19461362e-09  1.29640000e-09  1.19461362e-09 
 1.30140000e-09  0.00000000e+00  1.30140000e-09  0.00000000e+00  1.30140000e-09  4.52696113e-01  1.30140000e-09  1.19461362e-09  1.30140000e-09  1.19461362e-09 
 1.30640000e-09  0.00000000e+00  1.30640000e-09  0.00000000e+00  1.30640000e-09  4.52696108e-01  1.30640000e-09  1.19461362e-09  1.30640000e-09  1.19461362e-09 
 1.31140000e-09  0.00000000e+00  1.31140000e-09  0.00000000e+00  1.31140000e-09  4.52696103e-01  1.31140000e-09  1.19461362e-09  1.31140000e-09  1.19461362e-09 
 1.31640000e-09  0.00000000e+00  1.31640000e-09  0.00000000e+00  1.31640000e-09  4.52696098e-01  1.31640000e-09  1.19461362e-09  1.31640000e-09  1.19461362e-09 
 1.32140000e-09  0.00000000e+00  1.32140000e-09  0.00000000e+00  1.32140000e-09  4.52696094e-01  1.32140000e-09  1.19461362e-09  1.32140000e-09  1.19461362e-09 
 1.32640000e-09  0.00000000e+00  1.32640000e-09  0.00000000e+00  1.32640000e-09  4.52696089e-01  1.32640000e-09  1.19461362e-09  1.32640000e-09  1.19461362e-09 
 1.33140000e-09  0.00000000e+00  1.33140000e-09  0.00000000e+00  1.33140000e-09  4.52696084e-01  1.33140000e-09  1.19461362e-09  1.33140000e-09  1.19461362e-09 
 1.33640000e-09  0.00000000e+00  1.33640000e-09  0.00000000e+00  1.33640000e-09  4.52696079e-01  1.33640000e-09  1.19461362e-09  1.33640000e-09  1.19461362e-09 
 1.34140000e-09  0.00000000e+00  1.34140000e-09  0.00000000e+00  1.34140000e-09  4.52696075e-01  1.34140000e-09  1.19461362e-09  1.34140000e-09  1.19461362e-09 
 1.34640000e-09  0.00000000e+00  1.34640000e-09  0.00000000e+00  1.34640000e-09  4.52696070e-01  1.34640000e-09  1.19461362e-09  1.34640000e-09  1.19461362e-09 
 1.35140000e-09  0.00000000e+00  1.35140000e-09  0.00000000e+00  1.35140000e-09  4.52696065e-01  1.35140000e-09  1.19461362e-09  1.35140000e-09  1.19461362e-09 
 1.35640000e-09  0.00000000e+00  1.35640000e-09  0.00000000e+00  1.35640000e-09  4.52696060e-01  1.35640000e-09  1.19461362e-09  1.35640000e-09  1.19461362e-09 
 1.36140000e-09  0.00000000e+00  1.36140000e-09  0.00000000e+00  1.36140000e-09  4.52696056e-01  1.36140000e-09  1.19461362e-09  1.36140000e-09  1.19461362e-09 
 1.36640000e-09  0.00000000e+00  1.36640000e-09  0.00000000e+00  1.36640000e-09  4.52696051e-01  1.36640000e-09  1.19461362e-09  1.36640000e-09  1.19461362e-09 
 1.37140000e-09  0.00000000e+00  1.37140000e-09  0.00000000e+00  1.37140000e-09  4.52696046e-01  1.37140000e-09  1.19461362e-09  1.37140000e-09  1.19461362e-09 
 1.37640000e-09  0.00000000e+00  1.37640000e-09  0.00000000e+00  1.37640000e-09  4.52696041e-01  1.37640000e-09  1.19461362e-09  1.37640000e-09  1.19461362e-09 
 1.38140000e-09  0.00000000e+00  1.38140000e-09  0.00000000e+00  1.38140000e-09  4.52696037e-01  1.38140000e-09  1.19461362e-09  1.38140000e-09  1.19461362e-09 
 1.38640000e-09  0.00000000e+00  1.38640000e-09  0.00000000e+00  1.38640000e-09  4.52696032e-01  1.38640000e-09  1.19461362e-09  1.38640000e-09  1.19461362e-09 
 1.39140000e-09  0.00000000e+00  1.39140000e-09  0.00000000e+00  1.39140000e-09  4.52696027e-01  1.39140000e-09  1.19461362e-09  1.39140000e-09  1.19461362e-09 
 1.39640000e-09  0.00000000e+00  1.39640000e-09  0.00000000e+00  1.39640000e-09  4.52696022e-01  1.39640000e-09  1.19461362e-09  1.39640000e-09  1.19461362e-09 
 1.40140000e-09  0.00000000e+00  1.40140000e-09  0.00000000e+00  1.40140000e-09  4.52696018e-01  1.40140000e-09  1.19461362e-09  1.40140000e-09  1.19461362e-09 
 1.40640000e-09  0.00000000e+00  1.40640000e-09  0.00000000e+00  1.40640000e-09  4.52696013e-01  1.40640000e-09  1.19461362e-09  1.40640000e-09  1.19461362e-09 
 1.41140000e-09  0.00000000e+00  1.41140000e-09  0.00000000e+00  1.41140000e-09  4.52696008e-01  1.41140000e-09  1.19461362e-09  1.41140000e-09  1.19461362e-09 
 1.41640000e-09  0.00000000e+00  1.41640000e-09  0.00000000e+00  1.41640000e-09  4.52696003e-01  1.41640000e-09  1.19461362e-09  1.41640000e-09  1.19461362e-09 
 1.42140000e-09  0.00000000e+00  1.42140000e-09  0.00000000e+00  1.42140000e-09  4.52695999e-01  1.42140000e-09  1.19461362e-09  1.42140000e-09  1.19461362e-09 
 1.42640000e-09  0.00000000e+00  1.42640000e-09  0.00000000e+00  1.42640000e-09  4.52695994e-01  1.42640000e-09  1.19461362e-09  1.42640000e-09  1.19461362e-09 
 1.43140000e-09  0.00000000e+00  1.43140000e-09  0.00000000e+00  1.43140000e-09  4.52695989e-01  1.43140000e-09  1.19461362e-09  1.43140000e-09  1.19461362e-09 
 1.43640000e-09  0.00000000e+00  1.43640000e-09  0.00000000e+00  1.43640000e-09  4.52695984e-01  1.43640000e-09  1.19461362e-09  1.43640000e-09  1.19461362e-09 
 1.44140000e-09  0.00000000e+00  1.44140000e-09  0.00000000e+00  1.44140000e-09  4.52695980e-01  1.44140000e-09  1.19461362e-09  1.44140000e-09  1.19461362e-09 
 1.44640000e-09  0.00000000e+00  1.44640000e-09  0.00000000e+00  1.44640000e-09  4.52695975e-01  1.44640000e-09  1.19461362e-09  1.44640000e-09  1.19461362e-09 
 1.45140000e-09  0.00000000e+00  1.45140000e-09  0.00000000e+00  1.45140000e-09  4.52695970e-01  1.45140000e-09  1.19461362e-09  1.45140000e-09  1.19461362e-09 
 1.45640000e-09  0.00000000e+00  1.45640000e-09  0.00000000e+00  1.45640000e-09  4.52695965e-01  1.45640000e-09  1.19461362e-09  1.45640000e-09  1.19461362e-09 
 1.46140000e-09  0.00000000e+00  1.46140000e-09  0.00000000e+00  1.46140000e-09  4.52695961e-01  1.46140000e-09  1.19461362e-09  1.46140000e-09  1.19461362e-09 
 1.46640000e-09  0.00000000e+00  1.46640000e-09  0.00000000e+00  1.46640000e-09  4.52695956e-01  1.46640000e-09  1.19461362e-09  1.46640000e-09  1.19461362e-09 
 1.47140000e-09  0.00000000e+00  1.47140000e-09  0.00000000e+00  1.47140000e-09  4.52695951e-01  1.47140000e-09  1.19461362e-09  1.47140000e-09  1.19461362e-09 
 1.47640000e-09  0.00000000e+00  1.47640000e-09  0.00000000e+00  1.47640000e-09  4.52695946e-01  1.47640000e-09  1.19461362e-09  1.47640000e-09  1.19461362e-09 
 1.48140000e-09  0.00000000e+00  1.48140000e-09  0.00000000e+00  1.48140000e-09  4.52695942e-01  1.48140000e-09  1.19461362e-09  1.48140000e-09  1.19461362e-09 
 1.48640000e-09  0.00000000e+00  1.48640000e-09  0.00000000e+00  1.48640000e-09  4.52695937e-01  1.48640000e-09  1.19461362e-09  1.48640000e-09  1.19461362e-09 
 1.49140000e-09  0.00000000e+00  1.49140000e-09  0.00000000e+00  1.49140000e-09  4.52695932e-01  1.49140000e-09  1.19461362e-09  1.49140000e-09  1.19461362e-09 
 1.49640000e-09  0.00000000e+00  1.49640000e-09  0.00000000e+00  1.49640000e-09  4.52695927e-01  1.49640000e-09  1.19461362e-09  1.49640000e-09  1.19461362e-09 
 1.50140000e-09  0.00000000e+00  1.50140000e-09  0.00000000e+00  1.50140000e-09  4.52695923e-01  1.50140000e-09  1.19461362e-09  1.50140000e-09  1.19461362e-09 
 1.50640000e-09  0.00000000e+00  1.50640000e-09  0.00000000e+00  1.50640000e-09  4.52695918e-01  1.50640000e-09  1.19461362e-09  1.50640000e-09  1.19461362e-09 
 1.51140000e-09  0.00000000e+00  1.51140000e-09  0.00000000e+00  1.51140000e-09  4.52695913e-01  1.51140000e-09  1.19461362e-09  1.51140000e-09  1.19461362e-09 
 1.51640000e-09  0.00000000e+00  1.51640000e-09  0.00000000e+00  1.51640000e-09  4.52695908e-01  1.51640000e-09  1.19461362e-09  1.51640000e-09  1.19461362e-09 
 1.52140000e-09  0.00000000e+00  1.52140000e-09  0.00000000e+00  1.52140000e-09  4.52695904e-01  1.52140000e-09  1.19461362e-09  1.52140000e-09  1.19461362e-09 
 1.52640000e-09  0.00000000e+00  1.52640000e-09  0.00000000e+00  1.52640000e-09  4.52695899e-01  1.52640000e-09  1.19461362e-09  1.52640000e-09  1.19461362e-09 
 1.53140000e-09  0.00000000e+00  1.53140000e-09  0.00000000e+00  1.53140000e-09  4.52695894e-01  1.53140000e-09  1.19461362e-09  1.53140000e-09  1.19461362e-09 
 1.53640000e-09  0.00000000e+00  1.53640000e-09  0.00000000e+00  1.53640000e-09  4.52695889e-01  1.53640000e-09  1.19461362e-09  1.53640000e-09  1.19461362e-09 
 1.54140000e-09  0.00000000e+00  1.54140000e-09  0.00000000e+00  1.54140000e-09  4.52695885e-01  1.54140000e-09  1.19461362e-09  1.54140000e-09  1.19461362e-09 
 1.54640000e-09  0.00000000e+00  1.54640000e-09  0.00000000e+00  1.54640000e-09  4.52695880e-01  1.54640000e-09  1.19461362e-09  1.54640000e-09  1.19461362e-09 
 1.55140000e-09  0.00000000e+00  1.55140000e-09  0.00000000e+00  1.55140000e-09  4.52695875e-01  1.55140000e-09  1.19461362e-09  1.55140000e-09  1.19461362e-09 
 1.55640000e-09  0.00000000e+00  1.55640000e-09  0.00000000e+00  1.55640000e-09  4.52695870e-01  1.55640000e-09  1.19461362e-09  1.55640000e-09  1.19461362e-09 
 1.56140000e-09  0.00000000e+00  1.56140000e-09  0.00000000e+00  1.56140000e-09  4.52695866e-01  1.56140000e-09  1.19461362e-09  1.56140000e-09  1.19461362e-09 
 1.56640000e-09  0.00000000e+00  1.56640000e-09  0.00000000e+00  1.56640000e-09  4.52695861e-01  1.56640000e-09  1.19461362e-09  1.56640000e-09  1.19461362e-09 
 1.57140000e-09  0.00000000e+00  1.57140000e-09  0.00000000e+00  1.57140000e-09  4.52695856e-01  1.57140000e-09  1.19461362e-09  1.57140000e-09  1.19461362e-09 
 1.57640000e-09  0.00000000e+00  1.57640000e-09  0.00000000e+00  1.57640000e-09  4.52695851e-01  1.57640000e-09  1.19461362e-09  1.57640000e-09  1.19461362e-09 
 1.58140000e-09  0.00000000e+00  1.58140000e-09  0.00000000e+00  1.58140000e-09  4.52695847e-01  1.58140000e-09  1.19461362e-09  1.58140000e-09  1.19461362e-09 
 1.58640000e-09  0.00000000e+00  1.58640000e-09  0.00000000e+00  1.58640000e-09  4.52695842e-01  1.58640000e-09  1.19461362e-09  1.58640000e-09  1.19461362e-09 
 1.59140000e-09  0.00000000e+00  1.59140000e-09  0.00000000e+00  1.59140000e-09  4.52695837e-01  1.59140000e-09  1.19461362e-09  1.59140000e-09  1.19461362e-09 
 1.59640000e-09  0.00000000e+00  1.59640000e-09  0.00000000e+00  1.59640000e-09  4.52695833e-01  1.59640000e-09  1.19461362e-09  1.59640000e-09  1.19461362e-09 
 1.60140000e-09  0.00000000e+00  1.60140000e-09  0.00000000e+00  1.60140000e-09  4.52695828e-01  1.60140000e-09  1.19461362e-09  1.60140000e-09  1.19461362e-09 
 1.60640000e-09  0.00000000e+00  1.60640000e-09  0.00000000e+00  1.60640000e-09  4.52695823e-01  1.60640000e-09  1.19461362e-09  1.60640000e-09  1.19461362e-09 
 1.61140000e-09  0.00000000e+00  1.61140000e-09  0.00000000e+00  1.61140000e-09  4.52695818e-01  1.61140000e-09  1.19461362e-09  1.61140000e-09  1.19461362e-09 
 1.61640000e-09  0.00000000e+00  1.61640000e-09  0.00000000e+00  1.61640000e-09  4.52695814e-01  1.61640000e-09  1.19461362e-09  1.61640000e-09  1.19461362e-09 
 1.62140000e-09  0.00000000e+00  1.62140000e-09  0.00000000e+00  1.62140000e-09  4.52695809e-01  1.62140000e-09  1.19461362e-09  1.62140000e-09  1.19461362e-09 
 1.62640000e-09  0.00000000e+00  1.62640000e-09  0.00000000e+00  1.62640000e-09  4.52695804e-01  1.62640000e-09  1.19461362e-09  1.62640000e-09  1.19461362e-09 
 1.63140000e-09  0.00000000e+00  1.63140000e-09  0.00000000e+00  1.63140000e-09  4.52695799e-01  1.63140000e-09  1.19461362e-09  1.63140000e-09  1.19461362e-09 
 1.63640000e-09  0.00000000e+00  1.63640000e-09  0.00000000e+00  1.63640000e-09  4.52695795e-01  1.63640000e-09  1.19461362e-09  1.63640000e-09  1.19461362e-09 
 1.64140000e-09  0.00000000e+00  1.64140000e-09  0.00000000e+00  1.64140000e-09  4.52695790e-01  1.64140000e-09  1.19461362e-09  1.64140000e-09  1.19461362e-09 
 1.64640000e-09  0.00000000e+00  1.64640000e-09  0.00000000e+00  1.64640000e-09  4.52695785e-01  1.64640000e-09  1.19461362e-09  1.64640000e-09  1.19461362e-09 
 1.65140000e-09  0.00000000e+00  1.65140000e-09  0.00000000e+00  1.65140000e-09  4.52695780e-01  1.65140000e-09  1.19461362e-09  1.65140000e-09  1.19461362e-09 
 1.65640000e-09  0.00000000e+00  1.65640000e-09  0.00000000e+00  1.65640000e-09  4.52695776e-01  1.65640000e-09  1.19461362e-09  1.65640000e-09  1.19461362e-09 
 1.66140000e-09  0.00000000e+00  1.66140000e-09  0.00000000e+00  1.66140000e-09  4.52695771e-01  1.66140000e-09  1.19461362e-09  1.66140000e-09  1.19461362e-09 
 1.66640000e-09  0.00000000e+00  1.66640000e-09  0.00000000e+00  1.66640000e-09  4.52695766e-01  1.66640000e-09  1.19461362e-09  1.66640000e-09  1.19461362e-09 
 1.67140000e-09  0.00000000e+00  1.67140000e-09  0.00000000e+00  1.67140000e-09  4.52695761e-01  1.67140000e-09  1.19461362e-09  1.67140000e-09  1.19461362e-09 
 1.67640000e-09  0.00000000e+00  1.67640000e-09  0.00000000e+00  1.67640000e-09  4.52695757e-01  1.67640000e-09  1.19461362e-09  1.67640000e-09  1.19461362e-09 
 1.68140000e-09  0.00000000e+00  1.68140000e-09  0.00000000e+00  1.68140000e-09  4.52695752e-01  1.68140000e-09  1.19461362e-09  1.68140000e-09  1.19461362e-09 
 1.68640000e-09  0.00000000e+00  1.68640000e-09  0.00000000e+00  1.68640000e-09  4.52695747e-01  1.68640000e-09  1.19461362e-09  1.68640000e-09  1.19461362e-09 
 1.69140000e-09  0.00000000e+00  1.69140000e-09  0.00000000e+00  1.69140000e-09  4.52695743e-01  1.69140000e-09  1.19461362e-09  1.69140000e-09  1.19461362e-09 
 1.69640000e-09  0.00000000e+00  1.69640000e-09  0.00000000e+00  1.69640000e-09  4.52695738e-01  1.69640000e-09  1.19461362e-09  1.69640000e-09  1.19461362e-09 
 1.70140000e-09  0.00000000e+00  1.70140000e-09  0.00000000e+00  1.70140000e-09  4.52695733e-01  1.70140000e-09  1.19461362e-09  1.70140000e-09  1.19461362e-09 
 1.70640000e-09  0.00000000e+00  1.70640000e-09  0.00000000e+00  1.70640000e-09  4.52695728e-01  1.70640000e-09  1.19461362e-09  1.70640000e-09  1.19461362e-09 
 1.71140000e-09  0.00000000e+00  1.71140000e-09  0.00000000e+00  1.71140000e-09  4.52695724e-01  1.71140000e-09  1.19461362e-09  1.71140000e-09  1.19461362e-09 
 1.71640000e-09  0.00000000e+00  1.71640000e-09  0.00000000e+00  1.71640000e-09  4.52695719e-01  1.71640000e-09  1.19461362e-09  1.71640000e-09  1.19461362e-09 
 1.72140000e-09  0.00000000e+00  1.72140000e-09  0.00000000e+00  1.72140000e-09  4.52695714e-01  1.72140000e-09  1.19461362e-09  1.72140000e-09  1.19461362e-09 
 1.72640000e-09  0.00000000e+00  1.72640000e-09  0.00000000e+00  1.72640000e-09  4.52695709e-01  1.72640000e-09  1.19461362e-09  1.72640000e-09  1.19461362e-09 
 1.73140000e-09  0.00000000e+00  1.73140000e-09  0.00000000e+00  1.73140000e-09  4.52695705e-01  1.73140000e-09  1.19461362e-09  1.73140000e-09  1.19461362e-09 
 1.73640000e-09  0.00000000e+00  1.73640000e-09  0.00000000e+00  1.73640000e-09  4.52695700e-01  1.73640000e-09  1.19461362e-09  1.73640000e-09  1.19461362e-09 
 1.74140000e-09  0.00000000e+00  1.74140000e-09  0.00000000e+00  1.74140000e-09  4.52695695e-01  1.74140000e-09  1.19461362e-09  1.74140000e-09  1.19461362e-09 
 1.74640000e-09  0.00000000e+00  1.74640000e-09  0.00000000e+00  1.74640000e-09  4.52695690e-01  1.74640000e-09  1.19461362e-09  1.74640000e-09  1.19461362e-09 
 1.75140000e-09  0.00000000e+00  1.75140000e-09  0.00000000e+00  1.75140000e-09  4.52695686e-01  1.75140000e-09  1.19461362e-09  1.75140000e-09  1.19461362e-09 
 1.75640000e-09  0.00000000e+00  1.75640000e-09  0.00000000e+00  1.75640000e-09  4.52695681e-01  1.75640000e-09  1.19461362e-09  1.75640000e-09  1.19461362e-09 
 1.76140000e-09  0.00000000e+00  1.76140000e-09  0.00000000e+00  1.76140000e-09  4.52695676e-01  1.76140000e-09  1.19461362e-09  1.76140000e-09  1.19461362e-09 
 1.76640000e-09  0.00000000e+00  1.76640000e-09  0.00000000e+00  1.76640000e-09  4.52695672e-01  1.76640000e-09  1.19461362e-09  1.76640000e-09  1.19461362e-09 
 1.77140000e-09  0.00000000e+00  1.77140000e-09  0.00000000e+00  1.77140000e-09  4.52695667e-01  1.77140000e-09  1.19461362e-09  1.77140000e-09  1.19461362e-09 
 1.77640000e-09  0.00000000e+00  1.77640000e-09  0.00000000e+00  1.77640000e-09  4.52695662e-01  1.77640000e-09  1.19461362e-09  1.77640000e-09  1.19461362e-09 
 1.78140000e-09  0.00000000e+00  1.78140000e-09  0.00000000e+00  1.78140000e-09  4.52695657e-01  1.78140000e-09  1.19461362e-09  1.78140000e-09  1.19461362e-09 
 1.78640000e-09  0.00000000e+00  1.78640000e-09  0.00000000e+00  1.78640000e-09  4.52695653e-01  1.78640000e-09  1.19461362e-09  1.78640000e-09  1.19461362e-09 
 1.79140000e-09  0.00000000e+00  1.79140000e-09  0.00000000e+00  1.79140000e-09  4.52695648e-01  1.79140000e-09  1.19461362e-09  1.79140000e-09  1.19461362e-09 
 1.79640000e-09  0.00000000e+00  1.79640000e-09  0.00000000e+00  1.79640000e-09  4.52695643e-01  1.79640000e-09  1.19461362e-09  1.79640000e-09  1.19461362e-09 
 1.80140000e-09  0.00000000e+00  1.80140000e-09  0.00000000e+00  1.80140000e-09  4.52695638e-01  1.80140000e-09  1.19461362e-09  1.80140000e-09  1.19461362e-09 
 1.80640000e-09  0.00000000e+00  1.80640000e-09  0.00000000e+00  1.80640000e-09  4.52695634e-01  1.80640000e-09  1.19461362e-09  1.80640000e-09  1.19461362e-09 
 1.81140000e-09  0.00000000e+00  1.81140000e-09  0.00000000e+00  1.81140000e-09  4.52695629e-01  1.81140000e-09  1.19461362e-09  1.81140000e-09  1.19461362e-09 
 1.81640000e-09  0.00000000e+00  1.81640000e-09  0.00000000e+00  1.81640000e-09  4.52695624e-01  1.81640000e-09  1.19461362e-09  1.81640000e-09  1.19461362e-09 
 1.82140000e-09  0.00000000e+00  1.82140000e-09  0.00000000e+00  1.82140000e-09  4.52695619e-01  1.82140000e-09  1.19461362e-09  1.82140000e-09  1.19461362e-09 
 1.82640000e-09  0.00000000e+00  1.82640000e-09  0.00000000e+00  1.82640000e-09  4.52695615e-01  1.82640000e-09  1.19461362e-09  1.82640000e-09  1.19461362e-09 
 1.83140000e-09  0.00000000e+00  1.83140000e-09  0.00000000e+00  1.83140000e-09  4.52695610e-01  1.83140000e-09  1.19461362e-09  1.83140000e-09  1.19461362e-09 
 1.83640000e-09  0.00000000e+00  1.83640000e-09  0.00000000e+00  1.83640000e-09  4.52695605e-01  1.83640000e-09  1.19461362e-09  1.83640000e-09  1.19461362e-09 
 1.84140000e-09  0.00000000e+00  1.84140000e-09  0.00000000e+00  1.84140000e-09  4.52695601e-01  1.84140000e-09  1.19461362e-09  1.84140000e-09  1.19461362e-09 
 1.84640000e-09  0.00000000e+00  1.84640000e-09  0.00000000e+00  1.84640000e-09  4.52695596e-01  1.84640000e-09  1.19461362e-09  1.84640000e-09  1.19461362e-09 
 1.85140000e-09  0.00000000e+00  1.85140000e-09  0.00000000e+00  1.85140000e-09  4.52695591e-01  1.85140000e-09  1.19461362e-09  1.85140000e-09  1.19461362e-09 
 1.85640000e-09  0.00000000e+00  1.85640000e-09  0.00000000e+00  1.85640000e-09  4.52695586e-01  1.85640000e-09  1.19461362e-09  1.85640000e-09  1.19461362e-09 
 1.86140000e-09  0.00000000e+00  1.86140000e-09  0.00000000e+00  1.86140000e-09  4.52695582e-01  1.86140000e-09  1.19461362e-09  1.86140000e-09  1.19461362e-09 
 1.86640000e-09  0.00000000e+00  1.86640000e-09  0.00000000e+00  1.86640000e-09  4.52695577e-01  1.86640000e-09  1.19461362e-09  1.86640000e-09  1.19461362e-09 
 1.87140000e-09  0.00000000e+00  1.87140000e-09  0.00000000e+00  1.87140000e-09  4.52695572e-01  1.87140000e-09  1.19461362e-09  1.87140000e-09  1.19461362e-09 
 1.87640000e-09  0.00000000e+00  1.87640000e-09  0.00000000e+00  1.87640000e-09  4.52695567e-01  1.87640000e-09  1.19461362e-09  1.87640000e-09  1.19461362e-09 
 1.88140000e-09  0.00000000e+00  1.88140000e-09  0.00000000e+00  1.88140000e-09  4.52695563e-01  1.88140000e-09  1.19461362e-09  1.88140000e-09  1.19461362e-09 
 1.88640000e-09  0.00000000e+00  1.88640000e-09  0.00000000e+00  1.88640000e-09  4.52695558e-01  1.88640000e-09  1.19461362e-09  1.88640000e-09  1.19461362e-09 
 1.89140000e-09  0.00000000e+00  1.89140000e-09  0.00000000e+00  1.89140000e-09  4.52695553e-01  1.89140000e-09  1.19461362e-09  1.89140000e-09  1.19461362e-09 
 1.89640000e-09  0.00000000e+00  1.89640000e-09  0.00000000e+00  1.89640000e-09  4.52695549e-01  1.89640000e-09  1.19461362e-09  1.89640000e-09  1.19461362e-09 
 1.90140000e-09  0.00000000e+00  1.90140000e-09  0.00000000e+00  1.90140000e-09  4.52695544e-01  1.90140000e-09  1.19461362e-09  1.90140000e-09  1.19461362e-09 
 1.90640000e-09  0.00000000e+00  1.90640000e-09  0.00000000e+00  1.90640000e-09  4.52695539e-01  1.90640000e-09  1.19461362e-09  1.90640000e-09  1.19461362e-09 
 1.91140000e-09  0.00000000e+00  1.91140000e-09  0.00000000e+00  1.91140000e-09  4.52695534e-01  1.91140000e-09  1.19461362e-09  1.91140000e-09  1.19461362e-09 
 1.91640000e-09  0.00000000e+00  1.91640000e-09  0.00000000e+00  1.91640000e-09  4.52695530e-01  1.91640000e-09  1.19461362e-09  1.91640000e-09  1.19461362e-09 
 1.92140000e-09  0.00000000e+00  1.92140000e-09  0.00000000e+00  1.92140000e-09  4.52695525e-01  1.92140000e-09  1.19461362e-09  1.92140000e-09  1.19461362e-09 
 1.92640000e-09  0.00000000e+00  1.92640000e-09  0.00000000e+00  1.92640000e-09  4.52695520e-01  1.92640000e-09  1.19461362e-09  1.92640000e-09  1.19461362e-09 
 1.93140000e-09  0.00000000e+00  1.93140000e-09  0.00000000e+00  1.93140000e-09  4.52695516e-01  1.93140000e-09  1.19461362e-09  1.93140000e-09  1.19461362e-09 
 1.93640000e-09  0.00000000e+00  1.93640000e-09  0.00000000e+00  1.93640000e-09  4.52695511e-01  1.93640000e-09  1.19461362e-09  1.93640000e-09  1.19461362e-09 
 1.94140000e-09  0.00000000e+00  1.94140000e-09  0.00000000e+00  1.94140000e-09  4.52695506e-01  1.94140000e-09  1.19461362e-09  1.94140000e-09  1.19461362e-09 
 1.94640000e-09  0.00000000e+00  1.94640000e-09  0.00000000e+00  1.94640000e-09  4.52695501e-01  1.94640000e-09  1.19461362e-09  1.94640000e-09  1.19461362e-09 
 1.95140000e-09  0.00000000e+00  1.95140000e-09  0.00000000e+00  1.95140000e-09  4.52695497e-01  1.95140000e-09  1.19461362e-09  1.95140000e-09  1.19461362e-09 
 1.95640000e-09  0.00000000e+00  1.95640000e-09  0.00000000e+00  1.95640000e-09  4.52695492e-01  1.95640000e-09  1.19461362e-09  1.95640000e-09  1.19461362e-09 
 1.96140000e-09  0.00000000e+00  1.96140000e-09  0.00000000e+00  1.96140000e-09  4.52695487e-01  1.96140000e-09  1.19461362e-09  1.96140000e-09  1.19461362e-09 
 1.96640000e-09  0.00000000e+00  1.96640000e-09  0.00000000e+00  1.96640000e-09  4.52695482e-01  1.96640000e-09  1.19461362e-09  1.96640000e-09  1.19461362e-09 
 1.97140000e-09  0.00000000e+00  1.97140000e-09  0.00000000e+00  1.97140000e-09  4.52695478e-01  1.97140000e-09  1.19461362e-09  1.97140000e-09  1.19461362e-09 
 1.97640000e-09  0.00000000e+00  1.97640000e-09  0.00000000e+00  1.97640000e-09  4.52695473e-01  1.97640000e-09  1.19461362e-09  1.97640000e-09  1.19461362e-09 
 1.98140000e-09  0.00000000e+00  1.98140000e-09  0.00000000e+00  1.98140000e-09  4.52695468e-01  1.98140000e-09  1.19461362e-09  1.98140000e-09  1.19461362e-09 
 1.98640000e-09  0.00000000e+00  1.98640000e-09  0.00000000e+00  1.98640000e-09  4.52695464e-01  1.98640000e-09  1.19461362e-09  1.98640000e-09  1.19461362e-09 
 1.99140000e-09  0.00000000e+00  1.99140000e-09  0.00000000e+00  1.99140000e-09  4.52695459e-01  1.99140000e-09  1.19461362e-09  1.99140000e-09  1.19461362e-09 
 1.99640000e-09  0.00000000e+00  1.99640000e-09  0.00000000e+00  1.99640000e-09  4.52695454e-01  1.99640000e-09  1.19461362e-09  1.99640000e-09  1.19461362e-09 
 2.00000000e-09  0.00000000e+00  2.00000000e-09  0.00000000e+00  2.00000000e-09  4.52695451e-01  2.00000000e-09  1.19461362e-09  2.00000000e-09  1.19461362e-09 
 2.00050000e-09  1.80000000e-02  2.00050000e-09  6.52056737e-04  2.00050000e-09  4.52695450e-01  2.00050000e-09  6.52057931e-04  2.00050000e-09  6.52057931e-04 
 2.00150000e-09  5.40000000e-02  2.00150000e-09  3.18895229e-03  2.00150000e-09  4.52695449e-01  2.00150000e-09  3.18895348e-03  2.00150000e-09  3.18895348e-03 
 2.00350000e-09  1.26000000e-01  2.00350000e-09  1.49535506e-02  2.00350000e-09  4.52695447e-01  2.00350000e-09  1.49535518e-02  2.00350000e-09  1.49535518e-02 
 2.00750000e-09  2.70000000e-01  2.00750000e-09  5.91569429e-02  2.00750000e-09  4.52695444e-01  2.00750000e-09  5.91569441e-02  2.00750000e-09  5.91569441e-02 
 2.01250000e-09  4.50000000e-01  2.01250000e-09  1.40625372e-01  2.01250000e-09  4.52695439e-01  2.01250000e-09  1.40625373e-01  2.01250000e-09  1.40625373e-01 
 2.01750000e-09  6.30000000e-01  2.01750000e-09  2.37880111e-01  2.01750000e-09  4.54920656e-01  2.01750000e-09  2.39810450e-01  2.01750000e-09  2.39810450e-01 
 2.02250000e-09  8.10000000e-01  2.02250000e-09  3.40749698e-01  2.02250000e-09  4.66226148e-01  2.02250000e-09  3.52083529e-01  2.02250000e-09  3.52083529e-01 
 2.02750000e-09  9.90000000e-01  2.02750000e-09  4.42194386e-01  2.02750000e-09  4.95861100e-01  2.02750000e-09  4.77126912e-01  2.02750000e-09  4.77126912e-01 
 2.03250000e-09  1.17000000e+00  2.03250000e-09  5.36862719e-01  2.03250000e-09  5.52748213e-01  2.03250000e-09  6.14251514e-01  2.03250000e-09  6.14251514e-01 
 2.03750000e-09  1.35000000e+00  2.03750000e-09  6.20141415e-01  2.03750000e-09  6.44601415e-01  2.03750000e-09  7.61320060e-01  2.03750000e-09  7.61320060e-01 
 2.04250000e-09  1.53000000e+00  2.04250000e-09  6.89780136e-01  2.04250000e-09  7.76540124e-01  2.04250000e-09  9.18146270e-01  2.04250000e-09  9.18146270e-01 
 2.04750000e-09  1.71000000e+00  2.04750000e-09  7.47444347e-01  2.04750000e-09  9.49514149e-01  2.04750000e-09  1.08868875e+00  2.04750000e-09  1.08868875e+00 
 2.05000000e-09  1.80000000e+00  2.05000000e-09  7.72663439e-01  2.05000000e-09  1.05047398e+00  2.05000000e-09  1.18060913e+00  2.05000000e-09  1.18060913e+00 
 2.05050000e-09  1.80000000e+00  2.05050000e-09  7.77417989e-01  2.05050000e-09  1.07115836e+00  2.05050000e-09  1.19900253e+00  2.05050000e-09  1.19900253e+00 
 2.05150000e-09  1.80000000e+00  2.05150000e-09  7.86770848e-01  2.05150000e-09  1.11175190e+00  2.05150000e-09  1.23484770e+00  2.05150000e-09  1.23484770e+00 
 2.05350000e-09  1.80000000e+00  2.05350000e-09  8.04583663e-01  2.05350000e-09  1.18820512e+00  2.05350000e-09  1.30116508e+00  2.05350000e-09  1.30116508e+00 
 2.05750000e-09  1.80000000e+00  2.05750000e-09  8.37032425e-01  2.05750000e-09  1.32208876e+00  2.05750000e-09  1.41471794e+00  2.05750000e-09  1.41471794e+00 
 2.06250000e-09  1.80000000e+00  2.06250000e-09  8.72502572e-01  2.06250000e-09  1.45544554e+00  2.06250000e-09  1.52527619e+00  2.06250000e-09  1.52527619e+00 
 2.06750000e-09  1.80000000e+00  2.06750000e-09  9.03321705e-01  2.06750000e-09  1.55547630e+00  2.06750000e-09  1.60662300e+00  2.06750000e-09  1.60662300e+00 
 2.07250000e-09  1.80000000e+00  2.07250000e-09  9.30353534e-01  2.07250000e-09  1.62848526e+00  2.07250000e-09  1.66516273e+00  2.07250000e-09  1.66516273e+00 
 2.07750000e-09  1.80000000e+00  2.07750000e-09  9.54259180e-01  2.07750000e-09  1.68073154e+00  2.07750000e-09  1.70662868e+00  2.07750000e-09  1.70662868e+00 
 2.08250000e-09  1.80000000e+00  2.08250000e-09  9.75554359e-01  2.08250000e-09  1.71757913e+00  2.08250000e-09  1.73566220e+00  2.08250000e-09  1.73566220e+00 
 2.08750000e-09  1.80000000e+00  2.08750000e-09  9.94647477e-01  2.08750000e-09  1.74327688e+00  2.08750000e-09  1.75581046e+00  2.08750000e-09  1.75581046e+00 
 2.09250000e-09  1.80000000e+00  2.09250000e-09  1.01186493e+00  2.09250000e-09  1.76107323e+00  2.09250000e-09  1.76971624e+00  2.09250000e-09  1.76971624e+00 
 2.09750000e-09  1.80000000e+00  2.09750000e-09  1.02747143e+00  2.09750000e-09  1.77333826e+00  2.09750000e-09  1.77927760e+00  2.09750000e-09  1.77927760e+00 
 2.10250000e-09  1.80000000e+00  2.10250000e-09  1.04168394e+00  2.10250000e-09  1.78176326e+00  2.10250000e-09  1.78583495e+00  2.10250000e-09  1.78583495e+00 
 2.10750000e-09  1.80000000e+00  2.10750000e-09  1.05468203e+00  2.10750000e-09  1.78753741e+00  2.10750000e-09  1.79032418e+00  2.10750000e-09  1.79032418e+00 
 2.11250000e-09  1.80000000e+00  2.11250000e-09  1.06661559e+00  2.11250000e-09  1.79148867e+00  2.11250000e-09  1.79339389e+00  2.11250000e-09  1.79339389e+00 
 2.11750000e-09  1.80000000e+00  2.11750000e-09  1.07761076e+00  2.11750000e-09  1.79418966e+00  2.11750000e-09  1.79549121e+00  2.11750000e-09  1.79549121e+00 
 2.12250000e-09  1.80000000e+00  2.12250000e-09  1.08777443e+00  2.12250000e-09  1.79603468e+00  2.12250000e-09  1.79692336e+00  2.12250000e-09  1.79692336e+00 
 2.12750000e-09  1.80000000e+00  2.12750000e-09  1.09719782e+00  2.12750000e-09  1.79729437e+00  2.12750000e-09  1.79790094e+00  2.12750000e-09  1.79790094e+00 
 2.13250000e-09  1.80000000e+00  2.13250000e-09  1.10595925e+00  2.13250000e-09  1.79815414e+00  2.13250000e-09  1.79856805e+00  2.13250000e-09  1.79856805e+00 
 2.13750000e-09  1.80000000e+00  2.13750000e-09  1.11412633e+00  2.13750000e-09  1.79874081e+00  2.13750000e-09  1.79902321e+00  2.13750000e-09  1.79902321e+00 
 2.14250000e-09  1.80000000e+00  2.14250000e-09  1.12175775e+00  2.14250000e-09  1.79914108e+00  2.14250000e-09  1.79933373e+00  2.14250000e-09  1.79933373e+00 
 2.14750000e-09  1.80000000e+00  2.14750000e-09  1.12890469e+00  2.14750000e-09  1.79941413e+00  2.14750000e-09  1.79954555e+00  2.14750000e-09  1.79954555e+00 
 2.15250000e-09  1.80000000e+00  2.15250000e-09  1.13561200e+00  2.15250000e-09  1.79960039e+00  2.15250000e-09  1.79969003e+00  2.15250000e-09  1.79969003e+00 
 2.15750000e-09  1.80000000e+00  2.15750000e-09  1.14191916e+00  2.15750000e-09  1.79972744e+00  2.15750000e-09  1.79978859e+00  2.15750000e-09  1.79978859e+00 
 2.16250000e-09  1.80000000e+00  2.16250000e-09  1.14786104e+00  2.16250000e-09  1.79981410e+00  2.16250000e-09  1.79985581e+00  2.16250000e-09  1.79985581e+00 
 2.16750000e-09  1.80000000e+00  2.16750000e-09  1.15346857e+00  2.16750000e-09  1.79987321e+00  2.16750000e-09  1.79990165e+00  2.16750000e-09  1.79990165e+00 
 2.17250000e-09  1.80000000e+00  2.17250000e-09  1.15876926e+00  2.17250000e-09  1.79991352e+00  2.17250000e-09  1.79993292e+00  2.17250000e-09  1.79993292e+00 
 2.17750000e-09  1.80000000e+00  2.17750000e-09  1.16378769e+00  2.17750000e-09  1.79994102e+00  2.17750000e-09  1.79995425e+00  2.17750000e-09  1.79995425e+00 
 2.18250000e-09  1.80000000e+00  2.18250000e-09  1.16854589e+00  2.18250000e-09  1.79995977e+00  2.18250000e-09  1.79996880e+00  2.18250000e-09  1.79996880e+00 
 2.18750000e-09  1.80000000e+00  2.18750000e-09  1.17306363e+00  2.18750000e-09  1.79997256e+00  2.18750000e-09  1.79997872e+00  2.18750000e-09  1.79997872e+00 
 2.19250000e-09  1.80000000e+00  2.19250000e-09  1.17735873e+00  2.19250000e-09  1.79998129e+00  2.19250000e-09  1.79998548e+00  2.19250000e-09  1.79998548e+00 
 2.19750000e-09  1.80000000e+00  2.19750000e-09  1.18144730e+00  2.19750000e-09  1.79998724e+00  2.19750000e-09  1.79999010e+00  2.19750000e-09  1.79999010e+00 
 2.20250000e-09  1.80000000e+00  2.20250000e-09  1.18534390e+00  2.20250000e-09  1.79999130e+00  2.20250000e-09  1.79999325e+00  2.20250000e-09  1.79999325e+00 
 2.20750000e-09  1.80000000e+00  2.20750000e-09  1.18906179e+00  2.20750000e-09  1.79999406e+00  2.20750000e-09  1.79999539e+00  2.20750000e-09  1.79999539e+00 
 2.21250000e-09  1.80000000e+00  2.21250000e-09  1.19261301e+00  2.21250000e-09  1.79999595e+00  2.21250000e-09  1.79999686e+00  2.21250000e-09  1.79999686e+00 
 2.21750000e-09  1.80000000e+00  2.21750000e-09  1.19600854e+00  2.21750000e-09  1.79999724e+00  2.21750000e-09  1.79999786e+00  2.21750000e-09  1.79999786e+00 
 2.22250000e-09  1.80000000e+00  2.22250000e-09  1.19925842e+00  2.22250000e-09  1.79999812e+00  2.22250000e-09  1.79999854e+00  2.22250000e-09  1.79999854e+00 
 2.22750000e-09  1.80000000e+00  2.22750000e-09  1.20237185e+00  2.22750000e-09  1.79999872e+00  2.22750000e-09  1.79999900e+00  2.22750000e-09  1.79999900e+00 
 2.23250000e-09  1.80000000e+00  2.23250000e-09  1.20535725e+00  2.23250000e-09  1.79999912e+00  2.23250000e-09  1.79999932e+00  2.23250000e-09  1.79999932e+00 
 2.23750000e-09  1.80000000e+00  2.23750000e-09  1.20822239e+00  2.23750000e-09  1.79999940e+00  2.23750000e-09  1.79999954e+00  2.23750000e-09  1.79999954e+00 
 2.24250000e-09  1.80000000e+00  2.24250000e-09  1.21097440e+00  2.24250000e-09  1.79999959e+00  2.24250000e-09  1.79999968e+00  2.24250000e-09  1.79999968e+00 
 2.24750000e-09  1.80000000e+00  2.24750000e-09  1.21361986e+00  2.24750000e-09  1.79999972e+00  2.24750000e-09  1.79999978e+00  2.24750000e-09  1.79999978e+00 
 2.25250000e-09  1.80000000e+00  2.25250000e-09  1.21616486e+00  2.25250000e-09  1.79999981e+00  2.25250000e-09  1.79999985e+00  2.25250000e-09  1.79999985e+00 
 2.25750000e-09  1.80000000e+00  2.25750000e-09  1.21861501e+00  2.25750000e-09  1.79999987e+00  2.25750000e-09  1.79999990e+00  2.25750000e-09  1.79999990e+00 
 2.26250000e-09  1.80000000e+00  2.26250000e-09  1.22097554e+00  2.26250000e-09  1.79999991e+00  2.26250000e-09  1.79999993e+00  2.26250000e-09  1.79999993e+00 
 2.26750000e-09  1.80000000e+00  2.26750000e-09  1.22325129e+00  2.26750000e-09  1.79999994e+00  2.26750000e-09  1.79999995e+00  2.26750000e-09  1.79999995e+00 
 2.27250000e-09  1.80000000e+00  2.27250000e-09  1.22544673e+00  2.27250000e-09  1.79999996e+00  2.27250000e-09  1.79999997e+00  2.27250000e-09  1.79999997e+00 
 2.27750000e-09  1.80000000e+00  2.27750000e-09  1.22756607e+00  2.27750000e-09  1.79999997e+00  2.27750000e-09  1.79999998e+00  2.27750000e-09  1.79999998e+00 
 2.28250000e-09  1.80000000e+00  2.28250000e-09  1.22961320e+00  2.28250000e-09  1.79999998e+00  2.28250000e-09  1.79999998e+00  2.28250000e-09  1.79999998e+00 
 2.28750000e-09  1.80000000e+00  2.28750000e-09  1.23159174e+00  2.28750000e-09  1.79999999e+00  2.28750000e-09  1.79999999e+00  2.28750000e-09  1.79999999e+00 
 2.29250000e-09  1.80000000e+00  2.29250000e-09  1.23350511e+00  2.29250000e-09  1.79999999e+00  2.29250000e-09  1.79999999e+00  2.29250000e-09  1.79999999e+00 
 2.29750000e-09  1.80000000e+00  2.29750000e-09  1.23535646e+00  2.29750000e-09  1.79999999e+00  2.29750000e-09  1.79999999e+00  2.29750000e-09  1.79999999e+00 
 2.30250000e-09  1.80000000e+00  2.30250000e-09  1.23714877e+00  2.30250000e-09  1.80000000e+00  2.30250000e-09  1.80000000e+00  2.30250000e-09  1.80000000e+00 
 2.30750000e-09  1.80000000e+00  2.30750000e-09  1.23888483e+00  2.30750000e-09  1.80000000e+00  2.30750000e-09  1.80000000e+00  2.30750000e-09  1.80000000e+00 
 2.31250000e-09  1.80000000e+00  2.31250000e-09  1.24056725e+00  2.31250000e-09  1.80000000e+00  2.31250000e-09  1.80000000e+00  2.31250000e-09  1.80000000e+00 
 2.31750000e-09  1.80000000e+00  2.31750000e-09  1.24219847e+00  2.31750000e-09  1.80000000e+00  2.31750000e-09  1.80000000e+00  2.31750000e-09  1.80000000e+00 
 2.32250000e-09  1.80000000e+00  2.32250000e-09  1.24378081e+00  2.32250000e-09  1.80000000e+00  2.32250000e-09  1.80000000e+00  2.32250000e-09  1.80000000e+00 
 2.32750000e-09  1.80000000e+00  2.32750000e-09  1.24531642e+00  2.32750000e-09  1.80000000e+00  2.32750000e-09  1.80000000e+00  2.32750000e-09  1.80000000e+00 
 2.33250000e-09  1.80000000e+00  2.33250000e-09  1.24680737e+00  2.33250000e-09  1.80000000e+00  2.33250000e-09  1.80000000e+00  2.33250000e-09  1.80000000e+00 
 2.33750000e-09  1.80000000e+00  2.33750000e-09  1.24825555e+00  2.33750000e-09  1.80000000e+00  2.33750000e-09  1.80000000e+00  2.33750000e-09  1.80000000e+00 
 2.34250000e-09  1.80000000e+00  2.34250000e-09  1.24966281e+00  2.34250000e-09  1.80000000e+00  2.34250000e-09  1.80000000e+00  2.34250000e-09  1.80000000e+00 
 2.34750000e-09  1.80000000e+00  2.34750000e-09  1.25103083e+00  2.34750000e-09  1.80000000e+00  2.34750000e-09  1.80000000e+00  2.34750000e-09  1.80000000e+00 
 2.35250000e-09  1.80000000e+00  2.35250000e-09  1.25236126e+00  2.35250000e-09  1.80000000e+00  2.35250000e-09  1.80000000e+00  2.35250000e-09  1.80000000e+00 
 2.35750000e-09  1.80000000e+00  2.35750000e-09  1.25365561e+00  2.35750000e-09  1.80000000e+00  2.35750000e-09  1.80000000e+00  2.35750000e-09  1.80000000e+00 
 2.36250000e-09  1.80000000e+00  2.36250000e-09  1.25491534e+00  2.36250000e-09  1.80000000e+00  2.36250000e-09  1.80000000e+00  2.36250000e-09  1.80000000e+00 
 2.36750000e-09  1.80000000e+00  2.36750000e-09  1.25614182e+00  2.36750000e-09  1.80000000e+00  2.36750000e-09  1.80000000e+00  2.36750000e-09  1.80000000e+00 
 2.37250000e-09  1.80000000e+00  2.37250000e-09  1.25733635e+00  2.37250000e-09  1.80000000e+00  2.37250000e-09  1.80000000e+00  2.37250000e-09  1.80000000e+00 
 2.37750000e-09  1.80000000e+00  2.37750000e-09  1.25850017e+00  2.37750000e-09  1.80000000e+00  2.37750000e-09  1.80000000e+00  2.37750000e-09  1.80000000e+00 
 2.38250000e-09  1.80000000e+00  2.38250000e-09  1.25963444e+00  2.38250000e-09  1.80000000e+00  2.38250000e-09  1.80000000e+00  2.38250000e-09  1.80000000e+00 
 2.38750000e-09  1.80000000e+00  2.38750000e-09  1.26074027e+00  2.38750000e-09  1.80000000e+00  2.38750000e-09  1.80000000e+00  2.38750000e-09  1.80000000e+00 
 2.39250000e-09  1.80000000e+00  2.39250000e-09  1.26181874e+00  2.39250000e-09  1.80000000e+00  2.39250000e-09  1.80000000e+00  2.39250000e-09  1.80000000e+00 
 2.39750000e-09  1.80000000e+00  2.39750000e-09  1.26287083e+00  2.39750000e-09  1.80000000e+00  2.39750000e-09  1.80000000e+00  2.39750000e-09  1.80000000e+00 
 2.40250000e-09  1.80000000e+00  2.40250000e-09  1.26389751e+00  2.40250000e-09  1.80000000e+00  2.40250000e-09  1.80000000e+00  2.40250000e-09  1.80000000e+00 
 2.40750000e-09  1.80000000e+00  2.40750000e-09  1.26489968e+00  2.40750000e-09  1.80000000e+00  2.40750000e-09  1.80000000e+00  2.40750000e-09  1.80000000e+00 
 2.41250000e-09  1.80000000e+00  2.41250000e-09  1.26587822e+00  2.41250000e-09  1.80000000e+00  2.41250000e-09  1.80000000e+00  2.41250000e-09  1.80000000e+00 
 2.41750000e-09  1.80000000e+00  2.41750000e-09  1.26683396e+00  2.41750000e-09  1.80000000e+00  2.41750000e-09  1.80000000e+00  2.41750000e-09  1.80000000e+00 
 2.42250000e-09  1.80000000e+00  2.42250000e-09  1.26776767e+00  2.42250000e-09  1.80000000e+00  2.42250000e-09  1.80000000e+00  2.42250000e-09  1.80000000e+00 
 2.42750000e-09  1.80000000e+00  2.42750000e-09  1.26868012e+00  2.42750000e-09  1.80000000e+00  2.42750000e-09  1.80000000e+00  2.42750000e-09  1.80000000e+00 
 2.43250000e-09  1.80000000e+00  2.43250000e-09  1.26957203e+00  2.43250000e-09  1.80000000e+00  2.43250000e-09  1.80000000e+00  2.43250000e-09  1.80000000e+00 
 2.43750000e-09  1.80000000e+00  2.43750000e-09  1.27044407e+00  2.43750000e-09  1.80000000e+00  2.43750000e-09  1.80000000e+00  2.43750000e-09  1.80000000e+00 
 2.44250000e-09  1.80000000e+00  2.44250000e-09  1.27129692e+00  2.44250000e-09  1.80000000e+00  2.44250000e-09  1.80000000e+00  2.44250000e-09  1.80000000e+00 
 2.44750000e-09  1.80000000e+00  2.44750000e-09  1.27213118e+00  2.44750000e-09  1.80000000e+00  2.44750000e-09  1.80000000e+00  2.44750000e-09  1.80000000e+00 
 2.45250000e-09  1.80000000e+00  2.45250000e-09  1.27294748e+00  2.45250000e-09  1.80000000e+00  2.45250000e-09  1.80000000e+00  2.45250000e-09  1.80000000e+00 
 2.45750000e-09  1.80000000e+00  2.45750000e-09  1.27374637e+00  2.45750000e-09  1.80000000e+00  2.45750000e-09  1.80000000e+00  2.45750000e-09  1.80000000e+00 
 2.46250000e-09  1.80000000e+00  2.46250000e-09  1.27452842e+00  2.46250000e-09  1.80000000e+00  2.46250000e-09  1.80000000e+00  2.46250000e-09  1.80000000e+00 
 2.46750000e-09  1.80000000e+00  2.46750000e-09  1.27529415e+00  2.46750000e-09  1.80000000e+00  2.46750000e-09  1.80000000e+00  2.46750000e-09  1.80000000e+00 
 2.47250000e-09  1.80000000e+00  2.47250000e-09  1.27604406e+00  2.47250000e-09  1.80000000e+00  2.47250000e-09  1.80000000e+00  2.47250000e-09  1.80000000e+00 
 2.47750000e-09  1.80000000e+00  2.47750000e-09  1.27677865e+00  2.47750000e-09  1.80000000e+00  2.47750000e-09  1.80000000e+00  2.47750000e-09  1.80000000e+00 
 2.48250000e-09  1.80000000e+00  2.48250000e-09  1.27749837e+00  2.48250000e-09  1.80000000e+00  2.48250000e-09  1.80000000e+00  2.48250000e-09  1.80000000e+00 
 2.48750000e-09  1.80000000e+00  2.48750000e-09  1.27820368e+00  2.48750000e-09  1.80000000e+00  2.48750000e-09  1.80000000e+00  2.48750000e-09  1.80000000e+00 
 2.49250000e-09  1.80000000e+00  2.49250000e-09  1.27889500e+00  2.49250000e-09  1.80000000e+00  2.49250000e-09  1.80000000e+00  2.49250000e-09  1.80000000e+00 
 2.49750000e-09  1.80000000e+00  2.49750000e-09  1.27957274e+00  2.49750000e-09  1.80000000e+00  2.49750000e-09  1.80000000e+00  2.49750000e-09  1.80000000e+00 
 2.50250000e-09  1.80000000e+00  2.50250000e-09  1.28023731e+00  2.50250000e-09  1.80000000e+00  2.50250000e-09  1.80000000e+00  2.50250000e-09  1.80000000e+00 
 2.50750000e-09  1.80000000e+00  2.50750000e-09  1.28088908e+00  2.50750000e-09  1.80000000e+00  2.50750000e-09  1.80000000e+00  2.50750000e-09  1.80000000e+00 
 2.51250000e-09  1.80000000e+00  2.51250000e-09  1.28152843e+00  2.51250000e-09  1.80000000e+00  2.51250000e-09  1.80000000e+00  2.51250000e-09  1.80000000e+00 
 2.51750000e-09  1.80000000e+00  2.51750000e-09  1.28215569e+00  2.51750000e-09  1.80000000e+00  2.51750000e-09  1.80000000e+00  2.51750000e-09  1.80000000e+00 
 2.52250000e-09  1.80000000e+00  2.52250000e-09  1.28277121e+00  2.52250000e-09  1.80000000e+00  2.52250000e-09  1.80000000e+00  2.52250000e-09  1.80000000e+00 
 2.52750000e-09  1.80000000e+00  2.52750000e-09  1.28337533e+00  2.52750000e-09  1.80000000e+00  2.52750000e-09  1.80000000e+00  2.52750000e-09  1.80000000e+00 
 2.53250000e-09  1.80000000e+00  2.53250000e-09  1.28396834e+00  2.53250000e-09  1.80000000e+00  2.53250000e-09  1.80000000e+00  2.53250000e-09  1.80000000e+00 
 2.53750000e-09  1.80000000e+00  2.53750000e-09  1.28455057e+00  2.53750000e-09  1.80000000e+00  2.53750000e-09  1.80000000e+00  2.53750000e-09  1.80000000e+00 
 2.54250000e-09  1.80000000e+00  2.54250000e-09  1.28512229e+00  2.54250000e-09  1.80000000e+00  2.54250000e-09  1.80000000e+00  2.54250000e-09  1.80000000e+00 
 2.54750000e-09  1.80000000e+00  2.54750000e-09  1.28568379e+00  2.54750000e-09  1.80000000e+00  2.54750000e-09  1.80000000e+00  2.54750000e-09  1.80000000e+00 
 2.55250000e-09  1.80000000e+00  2.55250000e-09  1.28623534e+00  2.55250000e-09  1.80000000e+00  2.55250000e-09  1.80000000e+00  2.55250000e-09  1.80000000e+00 
 2.55750000e-09  1.80000000e+00  2.55750000e-09  1.28677721e+00  2.55750000e-09  1.80000000e+00  2.55750000e-09  1.80000000e+00  2.55750000e-09  1.80000000e+00 
 2.56250000e-09  1.80000000e+00  2.56250000e-09  1.28730964e+00  2.56250000e-09  1.80000000e+00  2.56250000e-09  1.80000000e+00  2.56250000e-09  1.80000000e+00 
 2.56750000e-09  1.80000000e+00  2.56750000e-09  1.28783289e+00  2.56750000e-09  1.80000000e+00  2.56750000e-09  1.80000000e+00  2.56750000e-09  1.80000000e+00 
 2.57250000e-09  1.80000000e+00  2.57250000e-09  1.28834719e+00  2.57250000e-09  1.80000000e+00  2.57250000e-09  1.80000000e+00  2.57250000e-09  1.80000000e+00 
 2.57750000e-09  1.80000000e+00  2.57750000e-09  1.28885276e+00  2.57750000e-09  1.80000000e+00  2.57750000e-09  1.80000000e+00  2.57750000e-09  1.80000000e+00 
 2.58250000e-09  1.80000000e+00  2.58250000e-09  1.28934982e+00  2.58250000e-09  1.80000000e+00  2.58250000e-09  1.80000000e+00  2.58250000e-09  1.80000000e+00 
 2.58750000e-09  1.80000000e+00  2.58750000e-09  1.28983860e+00  2.58750000e-09  1.80000000e+00  2.58750000e-09  1.80000000e+00  2.58750000e-09  1.80000000e+00 
 2.59250000e-09  1.80000000e+00  2.59250000e-09  1.29031929e+00  2.59250000e-09  1.80000000e+00  2.59250000e-09  1.80000000e+00  2.59250000e-09  1.80000000e+00 
 2.59750000e-09  1.80000000e+00  2.59750000e-09  1.29079209e+00  2.59750000e-09  1.80000000e+00  2.59750000e-09  1.80000000e+00  2.59750000e-09  1.80000000e+00 
 2.60250000e-09  1.80000000e+00  2.60250000e-09  1.29125720e+00  2.60250000e-09  1.80000000e+00  2.60250000e-09  1.80000000e+00  2.60250000e-09  1.80000000e+00 
 2.60750000e-09  1.80000000e+00  2.60750000e-09  1.29171481e+00  2.60750000e-09  1.80000000e+00  2.60750000e-09  1.80000000e+00  2.60750000e-09  1.80000000e+00 
 2.61250000e-09  1.80000000e+00  2.61250000e-09  1.29216509e+00  2.61250000e-09  1.80000000e+00  2.61250000e-09  1.80000000e+00  2.61250000e-09  1.80000000e+00 
 2.61750000e-09  1.80000000e+00  2.61750000e-09  1.29260821e+00  2.61750000e-09  1.80000000e+00  2.61750000e-09  1.80000000e+00  2.61750000e-09  1.80000000e+00 
 2.62250000e-09  1.80000000e+00  2.62250000e-09  1.29304436e+00  2.62250000e-09  1.80000000e+00  2.62250000e-09  1.80000000e+00  2.62250000e-09  1.80000000e+00 
 2.62750000e-09  1.80000000e+00  2.62750000e-09  1.29347368e+00  2.62750000e-09  1.80000000e+00  2.62750000e-09  1.80000000e+00  2.62750000e-09  1.80000000e+00 
 2.63250000e-09  1.80000000e+00  2.63250000e-09  1.29389634e+00  2.63250000e-09  1.80000000e+00  2.63250000e-09  1.80000000e+00  2.63250000e-09  1.80000000e+00 
 2.63750000e-09  1.80000000e+00  2.63750000e-09  1.29431250e+00  2.63750000e-09  1.80000000e+00  2.63750000e-09  1.80000000e+00  2.63750000e-09  1.80000000e+00 
 2.64250000e-09  1.80000000e+00  2.64250000e-09  1.29472230e+00  2.64250000e-09  1.80000000e+00  2.64250000e-09  1.80000000e+00  2.64250000e-09  1.80000000e+00 
 2.64750000e-09  1.80000000e+00  2.64750000e-09  1.29512589e+00  2.64750000e-09  1.80000000e+00  2.64750000e-09  1.80000000e+00  2.64750000e-09  1.80000000e+00 
 2.65250000e-09  1.80000000e+00  2.65250000e-09  1.29552341e+00  2.65250000e-09  1.80000000e+00  2.65250000e-09  1.80000000e+00  2.65250000e-09  1.80000000e+00 
 2.65750000e-09  1.80000000e+00  2.65750000e-09  1.29591499e+00  2.65750000e-09  1.80000000e+00  2.65750000e-09  1.80000000e+00  2.65750000e-09  1.80000000e+00 
 2.66250000e-09  1.80000000e+00  2.66250000e-09  1.29630077e+00  2.66250000e-09  1.80000000e+00  2.66250000e-09  1.80000000e+00  2.66250000e-09  1.80000000e+00 
 2.66750000e-09  1.80000000e+00  2.66750000e-09  1.29668087e+00  2.66750000e-09  1.80000000e+00  2.66750000e-09  1.80000000e+00  2.66750000e-09  1.80000000e+00 
 2.67250000e-09  1.80000000e+00  2.67250000e-09  1.29705542e+00  2.67250000e-09  1.80000000e+00  2.67250000e-09  1.80000000e+00  2.67250000e-09  1.80000000e+00 
 2.67750000e-09  1.80000000e+00  2.67750000e-09  1.29742454e+00  2.67750000e-09  1.80000000e+00  2.67750000e-09  1.80000000e+00  2.67750000e-09  1.80000000e+00 
 2.68250000e-09  1.80000000e+00  2.68250000e-09  1.29778835e+00  2.68250000e-09  1.80000000e+00  2.68250000e-09  1.80000000e+00  2.68250000e-09  1.80000000e+00 
 2.68750000e-09  1.80000000e+00  2.68750000e-09  1.29814696e+00  2.68750000e-09  1.80000000e+00  2.68750000e-09  1.80000000e+00  2.68750000e-09  1.80000000e+00 
 2.69250000e-09  1.80000000e+00  2.69250000e-09  1.29850048e+00  2.69250000e-09  1.80000000e+00  2.69250000e-09  1.80000000e+00  2.69250000e-09  1.80000000e+00 
 2.69750000e-09  1.80000000e+00  2.69750000e-09  1.29884902e+00  2.69750000e-09  1.80000000e+00  2.69750000e-09  1.80000000e+00  2.69750000e-09  1.80000000e+00 
 2.70250000e-09  1.80000000e+00  2.70250000e-09  1.29919268e+00  2.70250000e-09  1.80000000e+00  2.70250000e-09  1.80000000e+00  2.70250000e-09  1.80000000e+00 
 2.70750000e-09  1.80000000e+00  2.70750000e-09  1.29953157e+00  2.70750000e-09  1.80000000e+00  2.70750000e-09  1.80000000e+00  2.70750000e-09  1.80000000e+00 
 2.71250000e-09  1.80000000e+00  2.71250000e-09  1.29986578e+00  2.71250000e-09  1.80000000e+00  2.71250000e-09  1.80000000e+00  2.71250000e-09  1.80000000e+00 
 2.71750000e-09  1.80000000e+00  2.71750000e-09  1.30019541e+00  2.71750000e-09  1.80000000e+00  2.71750000e-09  1.80000000e+00  2.71750000e-09  1.80000000e+00 
 2.72250000e-09  1.80000000e+00  2.72250000e-09  1.30052056e+00  2.72250000e-09  1.80000000e+00  2.72250000e-09  1.80000000e+00  2.72250000e-09  1.80000000e+00 
 2.72750000e-09  1.80000000e+00  2.72750000e-09  1.30084131e+00  2.72750000e-09  1.80000000e+00  2.72750000e-09  1.80000000e+00  2.72750000e-09  1.80000000e+00 
 2.73250000e-09  1.80000000e+00  2.73250000e-09  1.30115776e+00  2.73250000e-09  1.80000000e+00  2.73250000e-09  1.80000000e+00  2.73250000e-09  1.80000000e+00 
 2.73750000e-09  1.80000000e+00  2.73750000e-09  1.30146998e+00  2.73750000e-09  1.80000000e+00  2.73750000e-09  1.80000000e+00  2.73750000e-09  1.80000000e+00 
 2.74250000e-09  1.80000000e+00  2.74250000e-09  1.30177807e+00  2.74250000e-09  1.80000000e+00  2.74250000e-09  1.80000000e+00  2.74250000e-09  1.80000000e+00 
 2.74750000e-09  1.80000000e+00  2.74750000e-09  1.30208211e+00  2.74750000e-09  1.80000000e+00  2.74750000e-09  1.80000000e+00  2.74750000e-09  1.80000000e+00 
 2.75250000e-09  1.80000000e+00  2.75250000e-09  1.30238217e+00  2.75250000e-09  1.80000000e+00  2.75250000e-09  1.80000000e+00  2.75250000e-09  1.80000000e+00 
 2.75750000e-09  1.80000000e+00  2.75750000e-09  1.30267833e+00  2.75750000e-09  1.80000000e+00  2.75750000e-09  1.80000000e+00  2.75750000e-09  1.80000000e+00 
 2.76250000e-09  1.80000000e+00  2.76250000e-09  1.30297067e+00  2.76250000e-09  1.80000000e+00  2.76250000e-09  1.80000000e+00  2.76250000e-09  1.80000000e+00 
 2.76750000e-09  1.80000000e+00  2.76750000e-09  1.30325926e+00  2.76750000e-09  1.80000000e+00  2.76750000e-09  1.80000000e+00  2.76750000e-09  1.80000000e+00 
 2.77250000e-09  1.80000000e+00  2.77250000e-09  1.30354418e+00  2.77250000e-09  1.80000000e+00  2.77250000e-09  1.80000000e+00  2.77250000e-09  1.80000000e+00 
 2.77750000e-09  1.80000000e+00  2.77750000e-09  1.30382549e+00  2.77750000e-09  1.80000000e+00  2.77750000e-09  1.80000000e+00  2.77750000e-09  1.80000000e+00 
 2.78250000e-09  1.80000000e+00  2.78250000e-09  1.30410326e+00  2.78250000e-09  1.80000000e+00  2.78250000e-09  1.80000000e+00  2.78250000e-09  1.80000000e+00 
 2.78750000e-09  1.80000000e+00  2.78750000e-09  1.30437756e+00  2.78750000e-09  1.80000000e+00  2.78750000e-09  1.80000000e+00  2.78750000e-09  1.80000000e+00 
 2.79250000e-09  1.80000000e+00  2.79250000e-09  1.30464844e+00  2.79250000e-09  1.80000000e+00  2.79250000e-09  1.80000000e+00  2.79250000e-09  1.80000000e+00 
 2.79750000e-09  1.80000000e+00  2.79750000e-09  1.30491599e+00  2.79750000e-09  1.80000000e+00  2.79750000e-09  1.80000000e+00  2.79750000e-09  1.80000000e+00 
 2.80250000e-09  1.80000000e+00  2.80250000e-09  1.30518025e+00  2.80250000e-09  1.80000000e+00  2.80250000e-09  1.80000000e+00  2.80250000e-09  1.80000000e+00 
 2.80750000e-09  1.80000000e+00  2.80750000e-09  1.30544129e+00  2.80750000e-09  1.80000000e+00  2.80750000e-09  1.80000000e+00  2.80750000e-09  1.80000000e+00 
 2.81250000e-09  1.80000000e+00  2.81250000e-09  1.30569917e+00  2.81250000e-09  1.80000000e+00  2.81250000e-09  1.80000000e+00  2.81250000e-09  1.80000000e+00 
 2.81750000e-09  1.80000000e+00  2.81750000e-09  1.30595394e+00  2.81750000e-09  1.80000000e+00  2.81750000e-09  1.80000000e+00  2.81750000e-09  1.80000000e+00 
 2.82250000e-09  1.80000000e+00  2.82250000e-09  1.30620565e+00  2.82250000e-09  1.80000000e+00  2.82250000e-09  1.80000000e+00  2.82250000e-09  1.80000000e+00 
 2.82750000e-09  1.80000000e+00  2.82750000e-09  1.30645437e+00  2.82750000e-09  1.80000000e+00  2.82750000e-09  1.80000000e+00  2.82750000e-09  1.80000000e+00 
 2.83250000e-09  1.80000000e+00  2.83250000e-09  1.30670015e+00  2.83250000e-09  1.80000000e+00  2.83250000e-09  1.80000000e+00  2.83250000e-09  1.80000000e+00 
 2.83750000e-09  1.80000000e+00  2.83750000e-09  1.30694304e+00  2.83750000e-09  1.80000000e+00  2.83750000e-09  1.80000000e+00  2.83750000e-09  1.80000000e+00 
 2.84250000e-09  1.80000000e+00  2.84250000e-09  1.30718308e+00  2.84250000e-09  1.80000000e+00  2.84250000e-09  1.80000000e+00  2.84250000e-09  1.80000000e+00 
 2.84750000e-09  1.80000000e+00  2.84750000e-09  1.30742034e+00  2.84750000e-09  1.80000000e+00  2.84750000e-09  1.80000000e+00  2.84750000e-09  1.80000000e+00 
 2.85250000e-09  1.80000000e+00  2.85250000e-09  1.30765485e+00  2.85250000e-09  1.80000000e+00  2.85250000e-09  1.80000000e+00  2.85250000e-09  1.80000000e+00 
 2.85750000e-09  1.80000000e+00  2.85750000e-09  1.30788666e+00  2.85750000e-09  1.80000000e+00  2.85750000e-09  1.80000000e+00  2.85750000e-09  1.80000000e+00 
 2.86250000e-09  1.80000000e+00  2.86250000e-09  1.30811583e+00  2.86250000e-09  1.80000000e+00  2.86250000e-09  1.80000000e+00  2.86250000e-09  1.80000000e+00 
 2.86750000e-09  1.80000000e+00  2.86750000e-09  1.30834239e+00  2.86750000e-09  1.80000000e+00  2.86750000e-09  1.80000000e+00  2.86750000e-09  1.80000000e+00 
 2.87250000e-09  1.80000000e+00  2.87250000e-09  1.30856640e+00  2.87250000e-09  1.80000000e+00  2.87250000e-09  1.80000000e+00  2.87250000e-09  1.80000000e+00 
 2.87750000e-09  1.80000000e+00  2.87750000e-09  1.30878788e+00  2.87750000e-09  1.80000000e+00  2.87750000e-09  1.80000000e+00  2.87750000e-09  1.80000000e+00 
 2.88250000e-09  1.80000000e+00  2.88250000e-09  1.30900690e+00  2.88250000e-09  1.80000000e+00  2.88250000e-09  1.80000000e+00  2.88250000e-09  1.80000000e+00 
 2.88750000e-09  1.80000000e+00  2.88750000e-09  1.30922348e+00  2.88750000e-09  1.80000000e+00  2.88750000e-09  1.80000000e+00  2.88750000e-09  1.80000000e+00 
 2.89250000e-09  1.80000000e+00  2.89250000e-09  1.30943766e+00  2.89250000e-09  1.80000000e+00  2.89250000e-09  1.80000000e+00  2.89250000e-09  1.80000000e+00 
 2.89750000e-09  1.80000000e+00  2.89750000e-09  1.30964950e+00  2.89750000e-09  1.80000000e+00  2.89750000e-09  1.80000000e+00  2.89750000e-09  1.80000000e+00 
 2.90250000e-09  1.80000000e+00  2.90250000e-09  1.30985901e+00  2.90250000e-09  1.80000000e+00  2.90250000e-09  1.80000000e+00  2.90250000e-09  1.80000000e+00 
 2.90750000e-09  1.80000000e+00  2.90750000e-09  1.31006625e+00  2.90750000e-09  1.80000000e+00  2.90750000e-09  1.80000000e+00  2.90750000e-09  1.80000000e+00 
 2.91250000e-09  1.80000000e+00  2.91250000e-09  1.31027126e+00  2.91250000e-09  1.80000000e+00  2.91250000e-09  1.80000000e+00  2.91250000e-09  1.80000000e+00 
 2.91750000e-09  1.80000000e+00  2.91750000e-09  1.31047405e+00  2.91750000e-09  1.80000000e+00  2.91750000e-09  1.80000000e+00  2.91750000e-09  1.80000000e+00 
 2.92250000e-09  1.80000000e+00  2.92250000e-09  1.31067468e+00  2.92250000e-09  1.80000000e+00  2.92250000e-09  1.80000000e+00  2.92250000e-09  1.80000000e+00 
 2.92750000e-09  1.80000000e+00  2.92750000e-09  1.31087318e+00  2.92750000e-09  1.80000000e+00  2.92750000e-09  1.80000000e+00  2.92750000e-09  1.80000000e+00 
 2.93250000e-09  1.80000000e+00  2.93250000e-09  1.31106957e+00  2.93250000e-09  1.80000000e+00  2.93250000e-09  1.80000000e+00  2.93250000e-09  1.80000000e+00 
 2.93750000e-09  1.80000000e+00  2.93750000e-09  1.31126390e+00  2.93750000e-09  1.80000000e+00  2.93750000e-09  1.80000000e+00  2.93750000e-09  1.80000000e+00 
 2.94250000e-09  1.80000000e+00  2.94250000e-09  1.31145619e+00  2.94250000e-09  1.80000000e+00  2.94250000e-09  1.80000000e+00  2.94250000e-09  1.80000000e+00 
 2.94750000e-09  1.80000000e+00  2.94750000e-09  1.31164648e+00  2.94750000e-09  1.80000000e+00  2.94750000e-09  1.80000000e+00  2.94750000e-09  1.80000000e+00 
 2.95250000e-09  1.80000000e+00  2.95250000e-09  1.31183480e+00  2.95250000e-09  1.80000000e+00  2.95250000e-09  1.80000000e+00  2.95250000e-09  1.80000000e+00 
 2.95750000e-09  1.80000000e+00  2.95750000e-09  1.31202118e+00  2.95750000e-09  1.80000000e+00  2.95750000e-09  1.80000000e+00  2.95750000e-09  1.80000000e+00 
 2.96250000e-09  1.80000000e+00  2.96250000e-09  1.31220564e+00  2.96250000e-09  1.80000000e+00  2.96250000e-09  1.80000000e+00  2.96250000e-09  1.80000000e+00 
 2.96750000e-09  1.80000000e+00  2.96750000e-09  1.31238823e+00  2.96750000e-09  1.80000000e+00  2.96750000e-09  1.80000000e+00  2.96750000e-09  1.80000000e+00 
 2.97250000e-09  1.80000000e+00  2.97250000e-09  1.31256896e+00  2.97250000e-09  1.80000000e+00  2.97250000e-09  1.80000000e+00  2.97250000e-09  1.80000000e+00 
 2.97750000e-09  1.80000000e+00  2.97750000e-09  1.31274787e+00  2.97750000e-09  1.80000000e+00  2.97750000e-09  1.80000000e+00  2.97750000e-09  1.80000000e+00 
 2.98250000e-09  1.80000000e+00  2.98250000e-09  1.31292498e+00  2.98250000e-09  1.80000000e+00  2.98250000e-09  1.80000000e+00  2.98250000e-09  1.80000000e+00 
 2.98750000e-09  1.80000000e+00  2.98750000e-09  1.31310031e+00  2.98750000e-09  1.80000000e+00  2.98750000e-09  1.80000000e+00  2.98750000e-09  1.80000000e+00 
 2.99250000e-09  1.80000000e+00  2.99250000e-09  1.31327391e+00  2.99250000e-09  1.80000000e+00  2.99250000e-09  1.80000000e+00  2.99250000e-09  1.80000000e+00 
 2.99750000e-09  1.80000000e+00  2.99750000e-09  1.31344578e+00  2.99750000e-09  1.80000000e+00  2.99750000e-09  1.80000000e+00  2.99750000e-09  1.80000000e+00 
 3.00250000e-09  1.80000000e+00  3.00250000e-09  1.31361597e+00  3.00250000e-09  1.80000000e+00  3.00250000e-09  1.80000000e+00  3.00250000e-09  1.80000000e+00 
 3.00750000e-09  1.80000000e+00  3.00750000e-09  1.31378448e+00  3.00750000e-09  1.80000000e+00  3.00750000e-09  1.80000000e+00  3.00750000e-09  1.80000000e+00 
 3.01250000e-09  1.80000000e+00  3.01250000e-09  1.31395135e+00  3.01250000e-09  1.80000000e+00  3.01250000e-09  1.80000000e+00  3.01250000e-09  1.80000000e+00 
 3.01750000e-09  1.80000000e+00  3.01750000e-09  1.31411660e+00  3.01750000e-09  1.80000000e+00  3.01750000e-09  1.80000000e+00  3.01750000e-09  1.80000000e+00 
 3.02250000e-09  1.80000000e+00  3.02250000e-09  1.31428026e+00  3.02250000e-09  1.80000000e+00  3.02250000e-09  1.80000000e+00  3.02250000e-09  1.80000000e+00 
 3.02750000e-09  1.80000000e+00  3.02750000e-09  1.31444234e+00  3.02750000e-09  1.80000000e+00  3.02750000e-09  1.80000000e+00  3.02750000e-09  1.80000000e+00 
 3.03250000e-09  1.80000000e+00  3.03250000e-09  1.31460287e+00  3.03250000e-09  1.80000000e+00  3.03250000e-09  1.80000000e+00  3.03250000e-09  1.80000000e+00 
 3.03750000e-09  1.80000000e+00  3.03750000e-09  1.31476188e+00  3.03750000e-09  1.80000000e+00  3.03750000e-09  1.80000000e+00  3.03750000e-09  1.80000000e+00 
 3.04250000e-09  1.80000000e+00  3.04250000e-09  1.31491937e+00  3.04250000e-09  1.80000000e+00  3.04250000e-09  1.80000000e+00  3.04250000e-09  1.80000000e+00 
 3.04750000e-09  1.80000000e+00  3.04750000e-09  1.31507539e+00  3.04750000e-09  1.80000000e+00  3.04750000e-09  1.80000000e+00  3.04750000e-09  1.80000000e+00 
 3.05250000e-09  1.80000000e+00  3.05250000e-09  1.31522993e+00  3.05250000e-09  1.80000000e+00  3.05250000e-09  1.80000000e+00  3.05250000e-09  1.80000000e+00 
 3.05750000e-09  1.80000000e+00  3.05750000e-09  1.31538304e+00  3.05750000e-09  1.80000000e+00  3.05750000e-09  1.80000000e+00  3.05750000e-09  1.80000000e+00 
 3.06250000e-09  1.80000000e+00  3.06250000e-09  1.31553471e+00  3.06250000e-09  1.80000000e+00  3.06250000e-09  1.80000000e+00  3.06250000e-09  1.80000000e+00 
 3.06750000e-09  1.80000000e+00  3.06750000e-09  1.31568499e+00  3.06750000e-09  1.80000000e+00  3.06750000e-09  1.80000000e+00  3.06750000e-09  1.80000000e+00 
 3.07250000e-09  1.80000000e+00  3.07250000e-09  1.31583388e+00  3.07250000e-09  1.80000000e+00  3.07250000e-09  1.80000000e+00  3.07250000e-09  1.80000000e+00 
 3.07750000e-09  1.80000000e+00  3.07750000e-09  1.31598141e+00  3.07750000e-09  1.80000000e+00  3.07750000e-09  1.80000000e+00  3.07750000e-09  1.80000000e+00 
 3.08250000e-09  1.80000000e+00  3.08250000e-09  1.31612758e+00  3.08250000e-09  1.80000000e+00  3.08250000e-09  1.80000000e+00  3.08250000e-09  1.80000000e+00 
 3.08750000e-09  1.80000000e+00  3.08750000e-09  1.31627243e+00  3.08750000e-09  1.80000000e+00  3.08750000e-09  1.80000000e+00  3.08750000e-09  1.80000000e+00 
 3.09250000e-09  1.80000000e+00  3.09250000e-09  1.31641597e+00  3.09250000e-09  1.80000000e+00  3.09250000e-09  1.80000000e+00  3.09250000e-09  1.80000000e+00 
 3.09750000e-09  1.80000000e+00  3.09750000e-09  1.31655822e+00  3.09750000e-09  1.80000000e+00  3.09750000e-09  1.80000000e+00  3.09750000e-09  1.80000000e+00 
 3.10250000e-09  1.80000000e+00  3.10250000e-09  1.31669919e+00  3.10250000e-09  1.80000000e+00  3.10250000e-09  1.80000000e+00  3.10250000e-09  1.80000000e+00 
 3.10750000e-09  1.80000000e+00  3.10750000e-09  1.31683891e+00  3.10750000e-09  1.80000000e+00  3.10750000e-09  1.80000000e+00  3.10750000e-09  1.80000000e+00 
 3.11250000e-09  1.80000000e+00  3.11250000e-09  1.31697738e+00  3.11250000e-09  1.80000000e+00  3.11250000e-09  1.80000000e+00  3.11250000e-09  1.80000000e+00 
 3.11750000e-09  1.80000000e+00  3.11750000e-09  1.31711463e+00  3.11750000e-09  1.80000000e+00  3.11750000e-09  1.80000000e+00  3.11750000e-09  1.80000000e+00 
 3.12250000e-09  1.80000000e+00  3.12250000e-09  1.31725066e+00  3.12250000e-09  1.80000000e+00  3.12250000e-09  1.80000000e+00  3.12250000e-09  1.80000000e+00 
 3.12750000e-09  1.80000000e+00  3.12750000e-09  1.31738551e+00  3.12750000e-09  1.80000000e+00  3.12750000e-09  1.80000000e+00  3.12750000e-09  1.80000000e+00 
 3.13250000e-09  1.80000000e+00  3.13250000e-09  1.31751918e+00  3.13250000e-09  1.80000000e+00  3.13250000e-09  1.80000000e+00  3.13250000e-09  1.80000000e+00 
 3.13750000e-09  1.80000000e+00  3.13750000e-09  1.31765168e+00  3.13750000e-09  1.80000000e+00  3.13750000e-09  1.80000000e+00  3.13750000e-09  1.80000000e+00 
 3.14250000e-09  1.80000000e+00  3.14250000e-09  1.31778304e+00  3.14250000e-09  1.80000000e+00  3.14250000e-09  1.80000000e+00  3.14250000e-09  1.80000000e+00 
 3.14750000e-09  1.80000000e+00  3.14750000e-09  1.31791327e+00  3.14750000e-09  1.80000000e+00  3.14750000e-09  1.80000000e+00  3.14750000e-09  1.80000000e+00 
 3.15250000e-09  1.80000000e+00  3.15250000e-09  1.31804238e+00  3.15250000e-09  1.80000000e+00  3.15250000e-09  1.80000000e+00  3.15250000e-09  1.80000000e+00 
 3.15750000e-09  1.80000000e+00  3.15750000e-09  1.31817039e+00  3.15750000e-09  1.80000000e+00  3.15750000e-09  1.80000000e+00  3.15750000e-09  1.80000000e+00 
 3.16250000e-09  1.80000000e+00  3.16250000e-09  1.31829731e+00  3.16250000e-09  1.80000000e+00  3.16250000e-09  1.80000000e+00  3.16250000e-09  1.80000000e+00 
 3.16750000e-09  1.80000000e+00  3.16750000e-09  1.31842315e+00  3.16750000e-09  1.80000000e+00  3.16750000e-09  1.80000000e+00  3.16750000e-09  1.80000000e+00 
 3.17250000e-09  1.80000000e+00  3.17250000e-09  1.31854793e+00  3.17250000e-09  1.80000000e+00  3.17250000e-09  1.80000000e+00  3.17250000e-09  1.80000000e+00 
 3.17750000e-09  1.80000000e+00  3.17750000e-09  1.31867167e+00  3.17750000e-09  1.80000000e+00  3.17750000e-09  1.80000000e+00  3.17750000e-09  1.80000000e+00 
 3.18250000e-09  1.80000000e+00  3.18250000e-09  1.31879436e+00  3.18250000e-09  1.80000000e+00  3.18250000e-09  1.80000000e+00  3.18250000e-09  1.80000000e+00 
 3.18750000e-09  1.80000000e+00  3.18750000e-09  1.31891604e+00  3.18750000e-09  1.80000000e+00  3.18750000e-09  1.80000000e+00  3.18750000e-09  1.80000000e+00 
 3.19250000e-09  1.80000000e+00  3.19250000e-09  1.31903671e+00  3.19250000e-09  1.80000000e+00  3.19250000e-09  1.80000000e+00  3.19250000e-09  1.80000000e+00 
 3.19750000e-09  1.80000000e+00  3.19750000e-09  1.31915638e+00  3.19750000e-09  1.80000000e+00  3.19750000e-09  1.80000000e+00  3.19750000e-09  1.80000000e+00 
 3.20250000e-09  1.80000000e+00  3.20250000e-09  1.31927506e+00  3.20250000e-09  1.80000000e+00  3.20250000e-09  1.80000000e+00  3.20250000e-09  1.80000000e+00 
 3.20750000e-09  1.80000000e+00  3.20750000e-09  1.31939278e+00  3.20750000e-09  1.80000000e+00  3.20750000e-09  1.80000000e+00  3.20750000e-09  1.80000000e+00 
 3.21250000e-09  1.80000000e+00  3.21250000e-09  1.31950953e+00  3.21250000e-09  1.80000000e+00  3.21250000e-09  1.80000000e+00  3.21250000e-09  1.80000000e+00 
 3.21750000e-09  1.80000000e+00  3.21750000e-09  1.31962533e+00  3.21750000e-09  1.80000000e+00  3.21750000e-09  1.80000000e+00  3.21750000e-09  1.80000000e+00 
 3.22250000e-09  1.80000000e+00  3.22250000e-09  1.31974020e+00  3.22250000e-09  1.80000000e+00  3.22250000e-09  1.80000000e+00  3.22250000e-09  1.80000000e+00 
 3.22750000e-09  1.80000000e+00  3.22750000e-09  1.31985414e+00  3.22750000e-09  1.80000000e+00  3.22750000e-09  1.80000000e+00  3.22750000e-09  1.80000000e+00 
 3.23250000e-09  1.80000000e+00  3.23250000e-09  1.31996717e+00  3.23250000e-09  1.80000000e+00  3.23250000e-09  1.80000000e+00  3.23250000e-09  1.80000000e+00 
 3.23750000e-09  1.80000000e+00  3.23750000e-09  1.32007929e+00  3.23750000e-09  1.80000000e+00  3.23750000e-09  1.80000000e+00  3.23750000e-09  1.80000000e+00 
 3.24250000e-09  1.80000000e+00  3.24250000e-09  1.32019052e+00  3.24250000e-09  1.80000000e+00  3.24250000e-09  1.80000000e+00  3.24250000e-09  1.80000000e+00 
 3.24750000e-09  1.80000000e+00  3.24750000e-09  1.32030087e+00  3.24750000e-09  1.80000000e+00  3.24750000e-09  1.80000000e+00  3.24750000e-09  1.80000000e+00 
 3.25250000e-09  1.80000000e+00  3.25250000e-09  1.32041034e+00  3.25250000e-09  1.80000000e+00  3.25250000e-09  1.80000000e+00  3.25250000e-09  1.80000000e+00 
 3.25750000e-09  1.80000000e+00  3.25750000e-09  1.32051895e+00  3.25750000e-09  1.80000000e+00  3.25750000e-09  1.80000000e+00  3.25750000e-09  1.80000000e+00 
 3.26250000e-09  1.80000000e+00  3.26250000e-09  1.32062672e+00  3.26250000e-09  1.80000000e+00  3.26250000e-09  1.80000000e+00  3.26250000e-09  1.80000000e+00 
 3.26750000e-09  1.80000000e+00  3.26750000e-09  1.32073364e+00  3.26750000e-09  1.80000000e+00  3.26750000e-09  1.80000000e+00  3.26750000e-09  1.80000000e+00 
 3.27250000e-09  1.80000000e+00  3.27250000e-09  1.32083972e+00  3.27250000e-09  1.80000000e+00  3.27250000e-09  1.80000000e+00  3.27250000e-09  1.80000000e+00 
 3.27750000e-09  1.80000000e+00  3.27750000e-09  1.32094499e+00  3.27750000e-09  1.80000000e+00  3.27750000e-09  1.80000000e+00  3.27750000e-09  1.80000000e+00 
 3.28250000e-09  1.80000000e+00  3.28250000e-09  1.32104945e+00  3.28250000e-09  1.80000000e+00  3.28250000e-09  1.80000000e+00  3.28250000e-09  1.80000000e+00 
 3.28750000e-09  1.80000000e+00  3.28750000e-09  1.32115310e+00  3.28750000e-09  1.80000000e+00  3.28750000e-09  1.80000000e+00  3.28750000e-09  1.80000000e+00 
 3.29250000e-09  1.80000000e+00  3.29250000e-09  1.32125595e+00  3.29250000e-09  1.80000000e+00  3.29250000e-09  1.80000000e+00  3.29250000e-09  1.80000000e+00 
 3.29750000e-09  1.80000000e+00  3.29750000e-09  1.32135803e+00  3.29750000e-09  1.80000000e+00  3.29750000e-09  1.80000000e+00  3.29750000e-09  1.80000000e+00 
 3.30250000e-09  1.80000000e+00  3.30250000e-09  1.32145932e+00  3.30250000e-09  1.80000000e+00  3.30250000e-09  1.80000000e+00  3.30250000e-09  1.80000000e+00 
 3.30750000e-09  1.80000000e+00  3.30750000e-09  1.32155985e+00  3.30750000e-09  1.80000000e+00  3.30750000e-09  1.80000000e+00  3.30750000e-09  1.80000000e+00 
 3.31250000e-09  1.80000000e+00  3.31250000e-09  1.32165962e+00  3.31250000e-09  1.80000000e+00  3.31250000e-09  1.80000000e+00  3.31250000e-09  1.80000000e+00 
 3.31750000e-09  1.80000000e+00  3.31750000e-09  1.32175865e+00  3.31750000e-09  1.80000000e+00  3.31750000e-09  1.80000000e+00  3.31750000e-09  1.80000000e+00 
 3.32250000e-09  1.80000000e+00  3.32250000e-09  1.32185693e+00  3.32250000e-09  1.80000000e+00  3.32250000e-09  1.80000000e+00  3.32250000e-09  1.80000000e+00 
 3.32750000e-09  1.80000000e+00  3.32750000e-09  1.32195447e+00  3.32750000e-09  1.80000000e+00  3.32750000e-09  1.80000000e+00  3.32750000e-09  1.80000000e+00 
 3.33250000e-09  1.80000000e+00  3.33250000e-09  1.32205129e+00  3.33250000e-09  1.80000000e+00  3.33250000e-09  1.80000000e+00  3.33250000e-09  1.80000000e+00 
 3.33750000e-09  1.80000000e+00  3.33750000e-09  1.32214740e+00  3.33750000e-09  1.80000000e+00  3.33750000e-09  1.80000000e+00  3.33750000e-09  1.80000000e+00 
 3.34250000e-09  1.80000000e+00  3.34250000e-09  1.32224280e+00  3.34250000e-09  1.80000000e+00  3.34250000e-09  1.80000000e+00  3.34250000e-09  1.80000000e+00 
 3.34750000e-09  1.80000000e+00  3.34750000e-09  1.32233749e+00  3.34750000e-09  1.80000000e+00  3.34750000e-09  1.80000000e+00  3.34750000e-09  1.80000000e+00 
 3.35250000e-09  1.80000000e+00  3.35250000e-09  1.32243149e+00  3.35250000e-09  1.80000000e+00  3.35250000e-09  1.80000000e+00  3.35250000e-09  1.80000000e+00 
 3.35750000e-09  1.80000000e+00  3.35750000e-09  1.32252481e+00  3.35750000e-09  1.80000000e+00  3.35750000e-09  1.80000000e+00  3.35750000e-09  1.80000000e+00 
 3.36250000e-09  1.80000000e+00  3.36250000e-09  1.32261745e+00  3.36250000e-09  1.80000000e+00  3.36250000e-09  1.80000000e+00  3.36250000e-09  1.80000000e+00 
 3.36750000e-09  1.80000000e+00  3.36750000e-09  1.32270941e+00  3.36750000e-09  1.80000000e+00  3.36750000e-09  1.80000000e+00  3.36750000e-09  1.80000000e+00 
 3.37250000e-09  1.80000000e+00  3.37250000e-09  1.32280072e+00  3.37250000e-09  1.80000000e+00  3.37250000e-09  1.80000000e+00  3.37250000e-09  1.80000000e+00 
 3.37750000e-09  1.80000000e+00  3.37750000e-09  1.32289136e+00  3.37750000e-09  1.80000000e+00  3.37750000e-09  1.80000000e+00  3.37750000e-09  1.80000000e+00 
 3.38250000e-09  1.80000000e+00  3.38250000e-09  1.32298136e+00  3.38250000e-09  1.80000000e+00  3.38250000e-09  1.80000000e+00  3.38250000e-09  1.80000000e+00 
 3.38750000e-09  1.80000000e+00  3.38750000e-09  1.32307072e+00  3.38750000e-09  1.80000000e+00  3.38750000e-09  1.80000000e+00  3.38750000e-09  1.80000000e+00 
 3.39250000e-09  1.80000000e+00  3.39250000e-09  1.32315944e+00  3.39250000e-09  1.80000000e+00  3.39250000e-09  1.80000000e+00  3.39250000e-09  1.80000000e+00 
 3.39750000e-09  1.80000000e+00  3.39750000e-09  1.32324753e+00  3.39750000e-09  1.80000000e+00  3.39750000e-09  1.80000000e+00  3.39750000e-09  1.80000000e+00 
 3.40250000e-09  1.80000000e+00  3.40250000e-09  1.32333499e+00  3.40250000e-09  1.80000000e+00  3.40250000e-09  1.80000000e+00  3.40250000e-09  1.80000000e+00 
 3.40750000e-09  1.80000000e+00  3.40750000e-09  1.32342185e+00  3.40750000e-09  1.80000000e+00  3.40750000e-09  1.80000000e+00  3.40750000e-09  1.80000000e+00 
 3.41250000e-09  1.80000000e+00  3.41250000e-09  1.32350809e+00  3.41250000e-09  1.80000000e+00  3.41250000e-09  1.80000000e+00  3.41250000e-09  1.80000000e+00 
 3.41750000e-09  1.80000000e+00  3.41750000e-09  1.32359373e+00  3.41750000e-09  1.80000000e+00  3.41750000e-09  1.80000000e+00  3.41750000e-09  1.80000000e+00 
 3.42250000e-09  1.80000000e+00  3.42250000e-09  1.32367877e+00  3.42250000e-09  1.80000000e+00  3.42250000e-09  1.80000000e+00  3.42250000e-09  1.80000000e+00 
 3.42750000e-09  1.80000000e+00  3.42750000e-09  1.32376323e+00  3.42750000e-09  1.80000000e+00  3.42750000e-09  1.80000000e+00  3.42750000e-09  1.80000000e+00 
 3.43250000e-09  1.80000000e+00  3.43250000e-09  1.32384710e+00  3.43250000e-09  1.80000000e+00  3.43250000e-09  1.80000000e+00  3.43250000e-09  1.80000000e+00 
 3.43750000e-09  1.80000000e+00  3.43750000e-09  1.32393039e+00  3.43750000e-09  1.80000000e+00  3.43750000e-09  1.80000000e+00  3.43750000e-09  1.80000000e+00 
 3.44250000e-09  1.80000000e+00  3.44250000e-09  1.32401311e+00  3.44250000e-09  1.80000000e+00  3.44250000e-09  1.80000000e+00  3.44250000e-09  1.80000000e+00 
 3.44750000e-09  1.80000000e+00  3.44750000e-09  1.32409526e+00  3.44750000e-09  1.80000000e+00  3.44750000e-09  1.80000000e+00  3.44750000e-09  1.80000000e+00 
 3.45250000e-09  1.80000000e+00  3.45250000e-09  1.32417685e+00  3.45250000e-09  1.80000000e+00  3.45250000e-09  1.80000000e+00  3.45250000e-09  1.80000000e+00 
 3.45750000e-09  1.80000000e+00  3.45750000e-09  1.32425789e+00  3.45750000e-09  1.80000000e+00  3.45750000e-09  1.80000000e+00  3.45750000e-09  1.80000000e+00 
 3.46250000e-09  1.80000000e+00  3.46250000e-09  1.32433838e+00  3.46250000e-09  1.80000000e+00  3.46250000e-09  1.80000000e+00  3.46250000e-09  1.80000000e+00 
 3.46750000e-09  1.80000000e+00  3.46750000e-09  1.32441832e+00  3.46750000e-09  1.80000000e+00  3.46750000e-09  1.80000000e+00  3.46750000e-09  1.80000000e+00 
 3.47250000e-09  1.80000000e+00  3.47250000e-09  1.32449773e+00  3.47250000e-09  1.80000000e+00  3.47250000e-09  1.80000000e+00  3.47250000e-09  1.80000000e+00 
 3.47750000e-09  1.80000000e+00  3.47750000e-09  1.32457661e+00  3.47750000e-09  1.80000000e+00  3.47750000e-09  1.80000000e+00  3.47750000e-09  1.80000000e+00 
 3.48250000e-09  1.80000000e+00  3.48250000e-09  1.32465495e+00  3.48250000e-09  1.80000000e+00  3.48250000e-09  1.80000000e+00  3.48250000e-09  1.80000000e+00 
 3.48750000e-09  1.80000000e+00  3.48750000e-09  1.32473278e+00  3.48750000e-09  1.80000000e+00  3.48750000e-09  1.80000000e+00  3.48750000e-09  1.80000000e+00 
 3.49250000e-09  1.80000000e+00  3.49250000e-09  1.32481009e+00  3.49250000e-09  1.80000000e+00  3.49250000e-09  1.80000000e+00  3.49250000e-09  1.80000000e+00 
 3.49750000e-09  1.80000000e+00  3.49750000e-09  1.32488688e+00  3.49750000e-09  1.80000000e+00  3.49750000e-09  1.80000000e+00  3.49750000e-09  1.80000000e+00 
 3.50250000e-09  1.80000000e+00  3.50250000e-09  1.32496317e+00  3.50250000e-09  1.80000000e+00  3.50250000e-09  1.80000000e+00  3.50250000e-09  1.80000000e+00 
 3.50750000e-09  1.80000000e+00  3.50750000e-09  1.32503896e+00  3.50750000e-09  1.80000000e+00  3.50750000e-09  1.80000000e+00  3.50750000e-09  1.80000000e+00 
 3.51250000e-09  1.80000000e+00  3.51250000e-09  1.32511425e+00  3.51250000e-09  1.80000000e+00  3.51250000e-09  1.80000000e+00  3.51250000e-09  1.80000000e+00 
 3.51750000e-09  1.80000000e+00  3.51750000e-09  1.32518905e+00  3.51750000e-09  1.80000000e+00  3.51750000e-09  1.80000000e+00  3.51750000e-09  1.80000000e+00 
 3.52250000e-09  1.80000000e+00  3.52250000e-09  1.32526336e+00  3.52250000e-09  1.80000000e+00  3.52250000e-09  1.80000000e+00  3.52250000e-09  1.80000000e+00 
 3.52750000e-09  1.80000000e+00  3.52750000e-09  1.32533720e+00  3.52750000e-09  1.80000000e+00  3.52750000e-09  1.80000000e+00  3.52750000e-09  1.80000000e+00 
 3.53250000e-09  1.80000000e+00  3.53250000e-09  1.32541055e+00  3.53250000e-09  1.80000000e+00  3.53250000e-09  1.80000000e+00  3.53250000e-09  1.80000000e+00 
 3.53750000e-09  1.80000000e+00  3.53750000e-09  1.32548343e+00  3.53750000e-09  1.80000000e+00  3.53750000e-09  1.80000000e+00  3.53750000e-09  1.80000000e+00 
 3.54250000e-09  1.80000000e+00  3.54250000e-09  1.32555584e+00  3.54250000e-09  1.80000000e+00  3.54250000e-09  1.80000000e+00  3.54250000e-09  1.80000000e+00 
 3.54750000e-09  1.80000000e+00  3.54750000e-09  1.32562779e+00  3.54750000e-09  1.80000000e+00  3.54750000e-09  1.80000000e+00  3.54750000e-09  1.80000000e+00 
 3.55250000e-09  1.80000000e+00  3.55250000e-09  1.32569928e+00  3.55250000e-09  1.80000000e+00  3.55250000e-09  1.80000000e+00  3.55250000e-09  1.80000000e+00 
 3.55750000e-09  1.80000000e+00  3.55750000e-09  1.32577031e+00  3.55750000e-09  1.80000000e+00  3.55750000e-09  1.80000000e+00  3.55750000e-09  1.80000000e+00 
 3.56250000e-09  1.80000000e+00  3.56250000e-09  1.32584089e+00  3.56250000e-09  1.80000000e+00  3.56250000e-09  1.80000000e+00  3.56250000e-09  1.80000000e+00 
 3.56750000e-09  1.80000000e+00  3.56750000e-09  1.32591103e+00  3.56750000e-09  1.80000000e+00  3.56750000e-09  1.80000000e+00  3.56750000e-09  1.80000000e+00 
 3.57250000e-09  1.80000000e+00  3.57250000e-09  1.32598072e+00  3.57250000e-09  1.80000000e+00  3.57250000e-09  1.80000000e+00  3.57250000e-09  1.80000000e+00 
 3.57750000e-09  1.80000000e+00  3.57750000e-09  1.32604998e+00  3.57750000e-09  1.80000000e+00  3.57750000e-09  1.80000000e+00  3.57750000e-09  1.80000000e+00 
 3.58250000e-09  1.80000000e+00  3.58250000e-09  1.32611880e+00  3.58250000e-09  1.80000000e+00  3.58250000e-09  1.80000000e+00  3.58250000e-09  1.80000000e+00 
 3.58750000e-09  1.80000000e+00  3.58750000e-09  1.32618719e+00  3.58750000e-09  1.80000000e+00  3.58750000e-09  1.80000000e+00  3.58750000e-09  1.80000000e+00 
 3.59250000e-09  1.80000000e+00  3.59250000e-09  1.32625515e+00  3.59250000e-09  1.80000000e+00  3.59250000e-09  1.80000000e+00  3.59250000e-09  1.80000000e+00 
 3.59750000e-09  1.80000000e+00  3.59750000e-09  1.32632270e+00  3.59750000e-09  1.80000000e+00  3.59750000e-09  1.80000000e+00  3.59750000e-09  1.80000000e+00 
 3.60250000e-09  1.80000000e+00  3.60250000e-09  1.32638982e+00  3.60250000e-09  1.80000000e+00  3.60250000e-09  1.80000000e+00  3.60250000e-09  1.80000000e+00 
 3.60750000e-09  1.80000000e+00  3.60750000e-09  1.32645654e+00  3.60750000e-09  1.80000000e+00  3.60750000e-09  1.80000000e+00  3.60750000e-09  1.80000000e+00 
 3.61250000e-09  1.80000000e+00  3.61250000e-09  1.32652284e+00  3.61250000e-09  1.80000000e+00  3.61250000e-09  1.80000000e+00  3.61250000e-09  1.80000000e+00 
 3.61750000e-09  1.80000000e+00  3.61750000e-09  1.32658873e+00  3.61750000e-09  1.80000000e+00  3.61750000e-09  1.80000000e+00  3.61750000e-09  1.80000000e+00 
 3.62250000e-09  1.80000000e+00  3.62250000e-09  1.32665422e+00  3.62250000e-09  1.80000000e+00  3.62250000e-09  1.80000000e+00  3.62250000e-09  1.80000000e+00 
 3.62750000e-09  1.80000000e+00  3.62750000e-09  1.32671932e+00  3.62750000e-09  1.80000000e+00  3.62750000e-09  1.80000000e+00  3.62750000e-09  1.80000000e+00 
 3.63250000e-09  1.80000000e+00  3.63250000e-09  1.32678401e+00  3.63250000e-09  1.80000000e+00  3.63250000e-09  1.80000000e+00  3.63250000e-09  1.80000000e+00 
 3.63750000e-09  1.80000000e+00  3.63750000e-09  1.32684832e+00  3.63750000e-09  1.80000000e+00  3.63750000e-09  1.80000000e+00  3.63750000e-09  1.80000000e+00 
 3.64250000e-09  1.80000000e+00  3.64250000e-09  1.32691224e+00  3.64250000e-09  1.80000000e+00  3.64250000e-09  1.80000000e+00  3.64250000e-09  1.80000000e+00 
 3.64750000e-09  1.80000000e+00  3.64750000e-09  1.32697577e+00  3.64750000e-09  1.80000000e+00  3.64750000e-09  1.80000000e+00  3.64750000e-09  1.80000000e+00 
 3.65250000e-09  1.80000000e+00  3.65250000e-09  1.32703892e+00  3.65250000e-09  1.80000000e+00  3.65250000e-09  1.80000000e+00  3.65250000e-09  1.80000000e+00 
 3.65750000e-09  1.80000000e+00  3.65750000e-09  1.32710169e+00  3.65750000e-09  1.80000000e+00  3.65750000e-09  1.80000000e+00  3.65750000e-09  1.80000000e+00 
 3.66250000e-09  1.80000000e+00  3.66250000e-09  1.32716409e+00  3.66250000e-09  1.80000000e+00  3.66250000e-09  1.80000000e+00  3.66250000e-09  1.80000000e+00 
 3.66750000e-09  1.80000000e+00  3.66750000e-09  1.32722612e+00  3.66750000e-09  1.80000000e+00  3.66750000e-09  1.80000000e+00  3.66750000e-09  1.80000000e+00 
 3.67250000e-09  1.80000000e+00  3.67250000e-09  1.32728778e+00  3.67250000e-09  1.80000000e+00  3.67250000e-09  1.80000000e+00  3.67250000e-09  1.80000000e+00 
 3.67750000e-09  1.80000000e+00  3.67750000e-09  1.32734908e+00  3.67750000e-09  1.80000000e+00  3.67750000e-09  1.80000000e+00  3.67750000e-09  1.80000000e+00 
 3.68250000e-09  1.80000000e+00  3.68250000e-09  1.32741001e+00  3.68250000e-09  1.80000000e+00  3.68250000e-09  1.80000000e+00  3.68250000e-09  1.80000000e+00 
 3.68750000e-09  1.80000000e+00  3.68750000e-09  1.32747058e+00  3.68750000e-09  1.80000000e+00  3.68750000e-09  1.80000000e+00  3.68750000e-09  1.80000000e+00 
 3.69250000e-09  1.80000000e+00  3.69250000e-09  1.32753080e+00  3.69250000e-09  1.80000000e+00  3.69250000e-09  1.80000000e+00  3.69250000e-09  1.80000000e+00 
 3.69750000e-09  1.80000000e+00  3.69750000e-09  1.32759067e+00  3.69750000e-09  1.80000000e+00  3.69750000e-09  1.80000000e+00  3.69750000e-09  1.80000000e+00 
 3.70250000e-09  1.80000000e+00  3.70250000e-09  1.32765019e+00  3.70250000e-09  1.80000000e+00  3.70250000e-09  1.80000000e+00  3.70250000e-09  1.80000000e+00 
 3.70750000e-09  1.80000000e+00  3.70750000e-09  1.32770937e+00  3.70750000e-09  1.80000000e+00  3.70750000e-09  1.80000000e+00  3.70750000e-09  1.80000000e+00 
 3.71250000e-09  1.80000000e+00  3.71250000e-09  1.32776820e+00  3.71250000e-09  1.80000000e+00  3.71250000e-09  1.80000000e+00  3.71250000e-09  1.80000000e+00 
 3.71750000e-09  1.80000000e+00  3.71750000e-09  1.32782669e+00  3.71750000e-09  1.80000000e+00  3.71750000e-09  1.80000000e+00  3.71750000e-09  1.80000000e+00 
 3.72250000e-09  1.80000000e+00  3.72250000e-09  1.32788484e+00  3.72250000e-09  1.80000000e+00  3.72250000e-09  1.80000000e+00  3.72250000e-09  1.80000000e+00 
 3.72750000e-09  1.80000000e+00  3.72750000e-09  1.32794266e+00  3.72750000e-09  1.80000000e+00  3.72750000e-09  1.80000000e+00  3.72750000e-09  1.80000000e+00 
 3.73250000e-09  1.80000000e+00  3.73250000e-09  1.32800015e+00  3.73250000e-09  1.80000000e+00  3.73250000e-09  1.80000000e+00  3.73250000e-09  1.80000000e+00 
 3.73750000e-09  1.80000000e+00  3.73750000e-09  1.32805731e+00  3.73750000e-09  1.80000000e+00  3.73750000e-09  1.80000000e+00  3.73750000e-09  1.80000000e+00 
 3.74250000e-09  1.80000000e+00  3.74250000e-09  1.32811415e+00  3.74250000e-09  1.80000000e+00  3.74250000e-09  1.80000000e+00  3.74250000e-09  1.80000000e+00 
 3.74750000e-09  1.80000000e+00  3.74750000e-09  1.32817066e+00  3.74750000e-09  1.80000000e+00  3.74750000e-09  1.80000000e+00  3.74750000e-09  1.80000000e+00 
 3.75250000e-09  1.80000000e+00  3.75250000e-09  1.32822685e+00  3.75250000e-09  1.80000000e+00  3.75250000e-09  1.80000000e+00  3.75250000e-09  1.80000000e+00 
 3.75750000e-09  1.80000000e+00  3.75750000e-09  1.32828272e+00  3.75750000e-09  1.80000000e+00  3.75750000e-09  1.80000000e+00  3.75750000e-09  1.80000000e+00 
 3.76250000e-09  1.80000000e+00  3.76250000e-09  1.32833828e+00  3.76250000e-09  1.80000000e+00  3.76250000e-09  1.80000000e+00  3.76250000e-09  1.80000000e+00 
 3.76750000e-09  1.80000000e+00  3.76750000e-09  1.32839353e+00  3.76750000e-09  1.80000000e+00  3.76750000e-09  1.80000000e+00  3.76750000e-09  1.80000000e+00 
 3.77250000e-09  1.80000000e+00  3.77250000e-09  1.32844847e+00  3.77250000e-09  1.80000000e+00  3.77250000e-09  1.80000000e+00  3.77250000e-09  1.80000000e+00 
 3.77750000e-09  1.80000000e+00  3.77750000e-09  1.32850310e+00  3.77750000e-09  1.80000000e+00  3.77750000e-09  1.80000000e+00  3.77750000e-09  1.80000000e+00 
 3.78250000e-09  1.80000000e+00  3.78250000e-09  1.32855743e+00  3.78250000e-09  1.80000000e+00  3.78250000e-09  1.80000000e+00  3.78250000e-09  1.80000000e+00 
 3.78750000e-09  1.80000000e+00  3.78750000e-09  1.32861146e+00  3.78750000e-09  1.80000000e+00  3.78750000e-09  1.80000000e+00  3.78750000e-09  1.80000000e+00 
 3.79250000e-09  1.80000000e+00  3.79250000e-09  1.32866519e+00  3.79250000e-09  1.80000000e+00  3.79250000e-09  1.80000000e+00  3.79250000e-09  1.80000000e+00 
 3.79750000e-09  1.80000000e+00  3.79750000e-09  1.32871862e+00  3.79750000e-09  1.80000000e+00  3.79750000e-09  1.80000000e+00  3.79750000e-09  1.80000000e+00 
 3.80250000e-09  1.80000000e+00  3.80250000e-09  1.32877175e+00  3.80250000e-09  1.80000000e+00  3.80250000e-09  1.80000000e+00  3.80250000e-09  1.80000000e+00 
 3.80750000e-09  1.80000000e+00  3.80750000e-09  1.32882460e+00  3.80750000e-09  1.80000000e+00  3.80750000e-09  1.80000000e+00  3.80750000e-09  1.80000000e+00 
 3.81250000e-09  1.80000000e+00  3.81250000e-09  1.32887715e+00  3.81250000e-09  1.80000000e+00  3.81250000e-09  1.80000000e+00  3.81250000e-09  1.80000000e+00 
 3.81750000e-09  1.80000000e+00  3.81750000e-09  1.32892942e+00  3.81750000e-09  1.80000000e+00  3.81750000e-09  1.80000000e+00  3.81750000e-09  1.80000000e+00 
 3.82250000e-09  1.80000000e+00  3.82250000e-09  1.32898141e+00  3.82250000e-09  1.80000000e+00  3.82250000e-09  1.80000000e+00  3.82250000e-09  1.80000000e+00 
 3.82750000e-09  1.80000000e+00  3.82750000e-09  1.32903311e+00  3.82750000e-09  1.80000000e+00  3.82750000e-09  1.80000000e+00  3.82750000e-09  1.80000000e+00 
 3.83250000e-09  1.80000000e+00  3.83250000e-09  1.32908453e+00  3.83250000e-09  1.80000000e+00  3.83250000e-09  1.80000000e+00  3.83250000e-09  1.80000000e+00 
 3.83750000e-09  1.80000000e+00  3.83750000e-09  1.32913567e+00  3.83750000e-09  1.80000000e+00  3.83750000e-09  1.80000000e+00  3.83750000e-09  1.80000000e+00 
 3.84250000e-09  1.80000000e+00  3.84250000e-09  1.32918654e+00  3.84250000e-09  1.80000000e+00  3.84250000e-09  1.80000000e+00  3.84250000e-09  1.80000000e+00 
 3.84750000e-09  1.80000000e+00  3.84750000e-09  1.32923713e+00  3.84750000e-09  1.80000000e+00  3.84750000e-09  1.80000000e+00  3.84750000e-09  1.80000000e+00 
 3.85250000e-09  1.80000000e+00  3.85250000e-09  1.32928746e+00  3.85250000e-09  1.80000000e+00  3.85250000e-09  1.80000000e+00  3.85250000e-09  1.80000000e+00 
 3.85750000e-09  1.80000000e+00  3.85750000e-09  1.32933751e+00  3.85750000e-09  1.80000000e+00  3.85750000e-09  1.80000000e+00  3.85750000e-09  1.80000000e+00 
 3.86250000e-09  1.80000000e+00  3.86250000e-09  1.32938730e+00  3.86250000e-09  1.80000000e+00  3.86250000e-09  1.80000000e+00  3.86250000e-09  1.80000000e+00 
 3.86750000e-09  1.80000000e+00  3.86750000e-09  1.32943682e+00  3.86750000e-09  1.80000000e+00  3.86750000e-09  1.80000000e+00  3.86750000e-09  1.80000000e+00 
 3.87250000e-09  1.80000000e+00  3.87250000e-09  1.32948608e+00  3.87250000e-09  1.80000000e+00  3.87250000e-09  1.80000000e+00  3.87250000e-09  1.80000000e+00 
 3.87750000e-09  1.80000000e+00  3.87750000e-09  1.32953508e+00  3.87750000e-09  1.80000000e+00  3.87750000e-09  1.80000000e+00  3.87750000e-09  1.80000000e+00 
 3.88250000e-09  1.80000000e+00  3.88250000e-09  1.32958383e+00  3.88250000e-09  1.80000000e+00  3.88250000e-09  1.80000000e+00  3.88250000e-09  1.80000000e+00 
 3.88750000e-09  1.80000000e+00  3.88750000e-09  1.32963231e+00  3.88750000e-09  1.80000000e+00  3.88750000e-09  1.80000000e+00  3.88750000e-09  1.80000000e+00 
 3.89250000e-09  1.80000000e+00  3.89250000e-09  1.32968054e+00  3.89250000e-09  1.80000000e+00  3.89250000e-09  1.80000000e+00  3.89250000e-09  1.80000000e+00 
 3.89750000e-09  1.80000000e+00  3.89750000e-09  1.32972852e+00  3.89750000e-09  1.80000000e+00  3.89750000e-09  1.80000000e+00  3.89750000e-09  1.80000000e+00 
 3.90250000e-09  1.80000000e+00  3.90250000e-09  1.32977625e+00  3.90250000e-09  1.80000000e+00  3.90250000e-09  1.80000000e+00  3.90250000e-09  1.80000000e+00 
 3.90750000e-09  1.80000000e+00  3.90750000e-09  1.32982373e+00  3.90750000e-09  1.80000000e+00  3.90750000e-09  1.80000000e+00  3.90750000e-09  1.80000000e+00 
 3.91250000e-09  1.80000000e+00  3.91250000e-09  1.32987096e+00  3.91250000e-09  1.80000000e+00  3.91250000e-09  1.80000000e+00  3.91250000e-09  1.80000000e+00 
 3.91750000e-09  1.80000000e+00  3.91750000e-09  1.32991795e+00  3.91750000e-09  1.80000000e+00  3.91750000e-09  1.80000000e+00  3.91750000e-09  1.80000000e+00 
 3.92250000e-09  1.80000000e+00  3.92250000e-09  1.32996470e+00  3.92250000e-09  1.80000000e+00  3.92250000e-09  1.80000000e+00  3.92250000e-09  1.80000000e+00 
 3.92750000e-09  1.80000000e+00  3.92750000e-09  1.33001120e+00  3.92750000e-09  1.80000000e+00  3.92750000e-09  1.80000000e+00  3.92750000e-09  1.80000000e+00 
 3.93250000e-09  1.80000000e+00  3.93250000e-09  1.33005747e+00  3.93250000e-09  1.80000000e+00  3.93250000e-09  1.80000000e+00  3.93250000e-09  1.80000000e+00 
 3.93750000e-09  1.80000000e+00  3.93750000e-09  1.33010350e+00  3.93750000e-09  1.80000000e+00  3.93750000e-09  1.80000000e+00  3.93750000e-09  1.80000000e+00 
 3.94250000e-09  1.80000000e+00  3.94250000e-09  1.33014929e+00  3.94250000e-09  1.80000000e+00  3.94250000e-09  1.80000000e+00  3.94250000e-09  1.80000000e+00 
 3.94750000e-09  1.80000000e+00  3.94750000e-09  1.33019485e+00  3.94750000e-09  1.80000000e+00  3.94750000e-09  1.80000000e+00  3.94750000e-09  1.80000000e+00 
 3.95250000e-09  1.80000000e+00  3.95250000e-09  1.33024018e+00  3.95250000e-09  1.80000000e+00  3.95250000e-09  1.80000000e+00  3.95250000e-09  1.80000000e+00 
 3.95750000e-09  1.80000000e+00  3.95750000e-09  1.33028528e+00  3.95750000e-09  1.80000000e+00  3.95750000e-09  1.80000000e+00  3.95750000e-09  1.80000000e+00 
 3.96250000e-09  1.80000000e+00  3.96250000e-09  1.33033015e+00  3.96250000e-09  1.80000000e+00  3.96250000e-09  1.80000000e+00  3.96250000e-09  1.80000000e+00 
 3.96750000e-09  1.80000000e+00  3.96750000e-09  1.33037479e+00  3.96750000e-09  1.80000000e+00  3.96750000e-09  1.80000000e+00  3.96750000e-09  1.80000000e+00 
 3.97250000e-09  1.80000000e+00  3.97250000e-09  1.33041921e+00  3.97250000e-09  1.80000000e+00  3.97250000e-09  1.80000000e+00  3.97250000e-09  1.80000000e+00 
 3.97750000e-09  1.80000000e+00  3.97750000e-09  1.33046341e+00  3.97750000e-09  1.80000000e+00  3.97750000e-09  1.80000000e+00  3.97750000e-09  1.80000000e+00 
 3.98250000e-09  1.80000000e+00  3.98250000e-09  1.33050738e+00  3.98250000e-09  1.80000000e+00  3.98250000e-09  1.80000000e+00  3.98250000e-09  1.80000000e+00 
 3.98750000e-09  1.80000000e+00  3.98750000e-09  1.33055114e+00  3.98750000e-09  1.80000000e+00  3.98750000e-09  1.80000000e+00  3.98750000e-09  1.80000000e+00 
 3.99250000e-09  1.80000000e+00  3.99250000e-09  1.33059467e+00  3.99250000e-09  1.80000000e+00  3.99250000e-09  1.80000000e+00  3.99250000e-09  1.80000000e+00 
 3.99750000e-09  1.80000000e+00  3.99750000e-09  1.33063799e+00  3.99750000e-09  1.80000000e+00  3.99750000e-09  1.80000000e+00  3.99750000e-09  1.80000000e+00 
 4.00250000e-09  1.80000000e+00  4.00250000e-09  1.33068110e+00  4.00250000e-09  1.80000000e+00  4.00250000e-09  1.80000000e+00  4.00250000e-09  1.80000000e+00 
 4.00750000e-09  1.80000000e+00  4.00750000e-09  1.33072399e+00  4.00750000e-09  1.80000000e+00  4.00750000e-09  1.80000000e+00  4.00750000e-09  1.80000000e+00 
 4.01250000e-09  1.80000000e+00  4.01250000e-09  1.33076667e+00  4.01250000e-09  1.80000000e+00  4.01250000e-09  1.80000000e+00  4.01250000e-09  1.80000000e+00 
 4.01750000e-09  1.80000000e+00  4.01750000e-09  1.33080914e+00  4.01750000e-09  1.80000000e+00  4.01750000e-09  1.80000000e+00  4.01750000e-09  1.80000000e+00 
 4.02250000e-09  1.80000000e+00  4.02250000e-09  1.33085140e+00  4.02250000e-09  1.80000000e+00  4.02250000e-09  1.80000000e+00  4.02250000e-09  1.80000000e+00 
 4.02750000e-09  1.80000000e+00  4.02750000e-09  1.33089346e+00  4.02750000e-09  1.80000000e+00  4.02750000e-09  1.80000000e+00  4.02750000e-09  1.80000000e+00 
 4.03250000e-09  1.80000000e+00  4.03250000e-09  1.33093531e+00  4.03250000e-09  1.80000000e+00  4.03250000e-09  1.80000000e+00  4.03250000e-09  1.80000000e+00 
 4.03750000e-09  1.80000000e+00  4.03750000e-09  1.33097695e+00  4.03750000e-09  1.80000000e+00  4.03750000e-09  1.80000000e+00  4.03750000e-09  1.80000000e+00 
 4.04250000e-09  1.80000000e+00  4.04250000e-09  1.33101839e+00  4.04250000e-09  1.80000000e+00  4.04250000e-09  1.80000000e+00  4.04250000e-09  1.80000000e+00 
 4.04750000e-09  1.80000000e+00  4.04750000e-09  1.33105964e+00  4.04750000e-09  1.80000000e+00  4.04750000e-09  1.80000000e+00  4.04750000e-09  1.80000000e+00 
 4.05250000e-09  1.80000000e+00  4.05250000e-09  1.33110068e+00  4.05250000e-09  1.80000000e+00  4.05250000e-09  1.80000000e+00  4.05250000e-09  1.80000000e+00 
 4.05750000e-09  1.80000000e+00  4.05750000e-09  1.33114152e+00  4.05750000e-09  1.80000000e+00  4.05750000e-09  1.80000000e+00  4.05750000e-09  1.80000000e+00 
 4.06250000e-09  1.80000000e+00  4.06250000e-09  1.33118217e+00  4.06250000e-09  1.80000000e+00  4.06250000e-09  1.80000000e+00  4.06250000e-09  1.80000000e+00 
 4.06750000e-09  1.80000000e+00  4.06750000e-09  1.33122262e+00  4.06750000e-09  1.80000000e+00  4.06750000e-09  1.80000000e+00  4.06750000e-09  1.80000000e+00 
 4.07250000e-09  1.80000000e+00  4.07250000e-09  1.33126288e+00  4.07250000e-09  1.80000000e+00  4.07250000e-09  1.80000000e+00  4.07250000e-09  1.80000000e+00 
 4.07750000e-09  1.80000000e+00  4.07750000e-09  1.33130294e+00  4.07750000e-09  1.80000000e+00  4.07750000e-09  1.80000000e+00  4.07750000e-09  1.80000000e+00 
 4.08250000e-09  1.80000000e+00  4.08250000e-09  1.33134282e+00  4.08250000e-09  1.80000000e+00  4.08250000e-09  1.80000000e+00  4.08250000e-09  1.80000000e+00 
 4.08750000e-09  1.80000000e+00  4.08750000e-09  1.33138250e+00  4.08750000e-09  1.80000000e+00  4.08750000e-09  1.80000000e+00  4.08750000e-09  1.80000000e+00 
 4.09250000e-09  1.80000000e+00  4.09250000e-09  1.33142200e+00  4.09250000e-09  1.80000000e+00  4.09250000e-09  1.80000000e+00  4.09250000e-09  1.80000000e+00 
 4.09750000e-09  1.80000000e+00  4.09750000e-09  1.33146131e+00  4.09750000e-09  1.80000000e+00  4.09750000e-09  1.80000000e+00  4.09750000e-09  1.80000000e+00 
 4.10250000e-09  1.80000000e+00  4.10250000e-09  1.33150043e+00  4.10250000e-09  1.80000000e+00  4.10250000e-09  1.80000000e+00  4.10250000e-09  1.80000000e+00 
 4.10750000e-09  1.80000000e+00  4.10750000e-09  1.33153937e+00  4.10750000e-09  1.80000000e+00  4.10750000e-09  1.80000000e+00  4.10750000e-09  1.80000000e+00 
 4.11250000e-09  1.80000000e+00  4.11250000e-09  1.33157813e+00  4.11250000e-09  1.80000000e+00  4.11250000e-09  1.80000000e+00  4.11250000e-09  1.80000000e+00 
 4.11750000e-09  1.80000000e+00  4.11750000e-09  1.33161670e+00  4.11750000e-09  1.80000000e+00  4.11750000e-09  1.80000000e+00  4.11750000e-09  1.80000000e+00 
 4.12250000e-09  1.80000000e+00  4.12250000e-09  1.33165509e+00  4.12250000e-09  1.80000000e+00  4.12250000e-09  1.80000000e+00  4.12250000e-09  1.80000000e+00 
 4.12750000e-09  1.80000000e+00  4.12750000e-09  1.33169331e+00  4.12750000e-09  1.80000000e+00  4.12750000e-09  1.80000000e+00  4.12750000e-09  1.80000000e+00 
 4.13250000e-09  1.80000000e+00  4.13250000e-09  1.33173134e+00  4.13250000e-09  1.80000000e+00  4.13250000e-09  1.80000000e+00  4.13250000e-09  1.80000000e+00 
 4.13750000e-09  1.80000000e+00  4.13750000e-09  1.33176920e+00  4.13750000e-09  1.80000000e+00  4.13750000e-09  1.80000000e+00  4.13750000e-09  1.80000000e+00 
 4.14250000e-09  1.80000000e+00  4.14250000e-09  1.33180689e+00  4.14250000e-09  1.80000000e+00  4.14250000e-09  1.80000000e+00  4.14250000e-09  1.80000000e+00 
 4.14750000e-09  1.80000000e+00  4.14750000e-09  1.33184440e+00  4.14750000e-09  1.80000000e+00  4.14750000e-09  1.80000000e+00  4.14750000e-09  1.80000000e+00 
 4.15250000e-09  1.80000000e+00  4.15250000e-09  1.33188173e+00  4.15250000e-09  1.80000000e+00  4.15250000e-09  1.80000000e+00  4.15250000e-09  1.80000000e+00 
 4.15750000e-09  1.80000000e+00  4.15750000e-09  1.33191890e+00  4.15750000e-09  1.80000000e+00  4.15750000e-09  1.80000000e+00  4.15750000e-09  1.80000000e+00 
 4.16250000e-09  1.80000000e+00  4.16250000e-09  1.33195589e+00  4.16250000e-09  1.80000000e+00  4.16250000e-09  1.80000000e+00  4.16250000e-09  1.80000000e+00 
 4.16750000e-09  1.80000000e+00  4.16750000e-09  1.33199272e+00  4.16750000e-09  1.80000000e+00  4.16750000e-09  1.80000000e+00  4.16750000e-09  1.80000000e+00 
 4.17250000e-09  1.80000000e+00  4.17250000e-09  1.33202937e+00  4.17250000e-09  1.80000000e+00  4.17250000e-09  1.80000000e+00  4.17250000e-09  1.80000000e+00 
 4.17750000e-09  1.80000000e+00  4.17750000e-09  1.33206586e+00  4.17750000e-09  1.80000000e+00  4.17750000e-09  1.80000000e+00  4.17750000e-09  1.80000000e+00 
 4.18250000e-09  1.80000000e+00  4.18250000e-09  1.33210218e+00  4.18250000e-09  1.80000000e+00  4.18250000e-09  1.80000000e+00  4.18250000e-09  1.80000000e+00 
 4.18750000e-09  1.80000000e+00  4.18750000e-09  1.33213834e+00  4.18750000e-09  1.80000000e+00  4.18750000e-09  1.80000000e+00  4.18750000e-09  1.80000000e+00 
 4.19250000e-09  1.80000000e+00  4.19250000e-09  1.33217433e+00  4.19250000e-09  1.80000000e+00  4.19250000e-09  1.80000000e+00  4.19250000e-09  1.80000000e+00 
 4.19750000e-09  1.80000000e+00  4.19750000e-09  1.33221016e+00  4.19750000e-09  1.80000000e+00  4.19750000e-09  1.80000000e+00  4.19750000e-09  1.80000000e+00 
 4.20250000e-09  1.80000000e+00  4.20250000e-09  1.33224583e+00  4.20250000e-09  1.80000000e+00  4.20250000e-09  1.80000000e+00  4.20250000e-09  1.80000000e+00 
 4.20750000e-09  1.80000000e+00  4.20750000e-09  1.33228134e+00  4.20750000e-09  1.80000000e+00  4.20750000e-09  1.80000000e+00  4.20750000e-09  1.80000000e+00 
 4.21250000e-09  1.80000000e+00  4.21250000e-09  1.33231669e+00  4.21250000e-09  1.80000000e+00  4.21250000e-09  1.80000000e+00  4.21250000e-09  1.80000000e+00 
 4.21750000e-09  1.80000000e+00  4.21750000e-09  1.33235188e+00  4.21750000e-09  1.80000000e+00  4.21750000e-09  1.80000000e+00  4.21750000e-09  1.80000000e+00 
 4.22250000e-09  1.80000000e+00  4.22250000e-09  1.33238691e+00  4.22250000e-09  1.80000000e+00  4.22250000e-09  1.80000000e+00  4.22250000e-09  1.80000000e+00 
 4.22750000e-09  1.80000000e+00  4.22750000e-09  1.33242179e+00  4.22750000e-09  1.80000000e+00  4.22750000e-09  1.80000000e+00  4.22750000e-09  1.80000000e+00 
 4.23250000e-09  1.80000000e+00  4.23250000e-09  1.33245651e+00  4.23250000e-09  1.80000000e+00  4.23250000e-09  1.80000000e+00  4.23250000e-09  1.80000000e+00 
 4.23750000e-09  1.80000000e+00  4.23750000e-09  1.33249108e+00  4.23750000e-09  1.80000000e+00  4.23750000e-09  1.80000000e+00  4.23750000e-09  1.80000000e+00 
 4.24250000e-09  1.80000000e+00  4.24250000e-09  1.33252549e+00  4.24250000e-09  1.80000000e+00  4.24250000e-09  1.80000000e+00  4.24250000e-09  1.80000000e+00 
 4.24750000e-09  1.80000000e+00  4.24750000e-09  1.33255975e+00  4.24750000e-09  1.80000000e+00  4.24750000e-09  1.80000000e+00  4.24750000e-09  1.80000000e+00 
 4.25250000e-09  1.80000000e+00  4.25250000e-09  1.33259386e+00  4.25250000e-09  1.80000000e+00  4.25250000e-09  1.80000000e+00  4.25250000e-09  1.80000000e+00 
 4.25750000e-09  1.80000000e+00  4.25750000e-09  1.33262782e+00  4.25750000e-09  1.80000000e+00  4.25750000e-09  1.80000000e+00  4.25750000e-09  1.80000000e+00 
 4.26250000e-09  1.80000000e+00  4.26250000e-09  1.33266163e+00  4.26250000e-09  1.80000000e+00  4.26250000e-09  1.80000000e+00  4.26250000e-09  1.80000000e+00 
 4.26750000e-09  1.80000000e+00  4.26750000e-09  1.33269530e+00  4.26750000e-09  1.80000000e+00  4.26750000e-09  1.80000000e+00  4.26750000e-09  1.80000000e+00 
 4.27250000e-09  1.80000000e+00  4.27250000e-09  1.33272881e+00  4.27250000e-09  1.80000000e+00  4.27250000e-09  1.80000000e+00  4.27250000e-09  1.80000000e+00 
 4.27750000e-09  1.80000000e+00  4.27750000e-09  1.33276218e+00  4.27750000e-09  1.80000000e+00  4.27750000e-09  1.80000000e+00  4.27750000e-09  1.80000000e+00 
 4.28250000e-09  1.80000000e+00  4.28250000e-09  1.33279541e+00  4.28250000e-09  1.80000000e+00  4.28250000e-09  1.80000000e+00  4.28250000e-09  1.80000000e+00 
 4.28750000e-09  1.80000000e+00  4.28750000e-09  1.33282849e+00  4.28750000e-09  1.80000000e+00  4.28750000e-09  1.80000000e+00  4.28750000e-09  1.80000000e+00 
 4.29250000e-09  1.80000000e+00  4.29250000e-09  1.33286142e+00  4.29250000e-09  1.80000000e+00  4.29250000e-09  1.80000000e+00  4.29250000e-09  1.80000000e+00 
 4.29750000e-09  1.80000000e+00  4.29750000e-09  1.33289422e+00  4.29750000e-09  1.80000000e+00  4.29750000e-09  1.80000000e+00  4.29750000e-09  1.80000000e+00 
 4.30250000e-09  1.80000000e+00  4.30250000e-09  1.33292687e+00  4.30250000e-09  1.80000000e+00  4.30250000e-09  1.80000000e+00  4.30250000e-09  1.80000000e+00 
 4.30750000e-09  1.80000000e+00  4.30750000e-09  1.33295938e+00  4.30750000e-09  1.80000000e+00  4.30750000e-09  1.80000000e+00  4.30750000e-09  1.80000000e+00 
 4.31250000e-09  1.80000000e+00  4.31250000e-09  1.33299175e+00  4.31250000e-09  1.80000000e+00  4.31250000e-09  1.80000000e+00  4.31250000e-09  1.80000000e+00 
 4.31750000e-09  1.80000000e+00  4.31750000e-09  1.33302399e+00  4.31750000e-09  1.80000000e+00  4.31750000e-09  1.80000000e+00  4.31750000e-09  1.80000000e+00 
 4.32250000e-09  1.80000000e+00  4.32250000e-09  1.33305608e+00  4.32250000e-09  1.80000000e+00  4.32250000e-09  1.80000000e+00  4.32250000e-09  1.80000000e+00 
 4.32750000e-09  1.80000000e+00  4.32750000e-09  1.33308804e+00  4.32750000e-09  1.80000000e+00  4.32750000e-09  1.80000000e+00  4.32750000e-09  1.80000000e+00 
 4.33250000e-09  1.80000000e+00  4.33250000e-09  1.33311986e+00  4.33250000e-09  1.80000000e+00  4.33250000e-09  1.80000000e+00  4.33250000e-09  1.80000000e+00 
 4.33750000e-09  1.80000000e+00  4.33750000e-09  1.33315155e+00  4.33750000e-09  1.80000000e+00  4.33750000e-09  1.80000000e+00  4.33750000e-09  1.80000000e+00 
 4.34250000e-09  1.80000000e+00  4.34250000e-09  1.33318310e+00  4.34250000e-09  1.80000000e+00  4.34250000e-09  1.80000000e+00  4.34250000e-09  1.80000000e+00 
 4.34750000e-09  1.80000000e+00  4.34750000e-09  1.33321452e+00  4.34750000e-09  1.80000000e+00  4.34750000e-09  1.80000000e+00  4.34750000e-09  1.80000000e+00 
 4.35250000e-09  1.80000000e+00  4.35250000e-09  1.33324580e+00  4.35250000e-09  1.80000000e+00  4.35250000e-09  1.80000000e+00  4.35250000e-09  1.80000000e+00 
 4.35750000e-09  1.80000000e+00  4.35750000e-09  1.33327696e+00  4.35750000e-09  1.80000000e+00  4.35750000e-09  1.80000000e+00  4.35750000e-09  1.80000000e+00 
 4.36250000e-09  1.80000000e+00  4.36250000e-09  1.33330798e+00  4.36250000e-09  1.80000000e+00  4.36250000e-09  1.80000000e+00  4.36250000e-09  1.80000000e+00 
 4.36750000e-09  1.80000000e+00  4.36750000e-09  1.33333887e+00  4.36750000e-09  1.80000000e+00  4.36750000e-09  1.80000000e+00  4.36750000e-09  1.80000000e+00 
 4.37250000e-09  1.80000000e+00  4.37250000e-09  1.33336964e+00  4.37250000e-09  1.80000000e+00  4.37250000e-09  1.80000000e+00  4.37250000e-09  1.80000000e+00 
 4.37750000e-09  1.80000000e+00  4.37750000e-09  1.33340027e+00  4.37750000e-09  1.80000000e+00  4.37750000e-09  1.80000000e+00  4.37750000e-09  1.80000000e+00 
 4.38250000e-09  1.80000000e+00  4.38250000e-09  1.33343078e+00  4.38250000e-09  1.80000000e+00  4.38250000e-09  1.80000000e+00  4.38250000e-09  1.80000000e+00 
 4.38750000e-09  1.80000000e+00  4.38750000e-09  1.33346116e+00  4.38750000e-09  1.80000000e+00  4.38750000e-09  1.80000000e+00  4.38750000e-09  1.80000000e+00 
 4.39250000e-09  1.80000000e+00  4.39250000e-09  1.33349141e+00  4.39250000e-09  1.80000000e+00  4.39250000e-09  1.80000000e+00  4.39250000e-09  1.80000000e+00 
 4.39750000e-09  1.80000000e+00  4.39750000e-09  1.33352154e+00  4.39750000e-09  1.80000000e+00  4.39750000e-09  1.80000000e+00  4.39750000e-09  1.80000000e+00 
 4.40250000e-09  1.80000000e+00  4.40250000e-09  1.33355154e+00  4.40250000e-09  1.80000000e+00  4.40250000e-09  1.80000000e+00  4.40250000e-09  1.80000000e+00 
 4.40750000e-09  1.80000000e+00  4.40750000e-09  1.33358142e+00  4.40750000e-09  1.80000000e+00  4.40750000e-09  1.80000000e+00  4.40750000e-09  1.80000000e+00 
 4.41250000e-09  1.80000000e+00  4.41250000e-09  1.33361117e+00  4.41250000e-09  1.80000000e+00  4.41250000e-09  1.80000000e+00  4.41250000e-09  1.80000000e+00 
 4.41750000e-09  1.80000000e+00  4.41750000e-09  1.33364081e+00  4.41750000e-09  1.80000000e+00  4.41750000e-09  1.80000000e+00  4.41750000e-09  1.80000000e+00 
 4.42250000e-09  1.80000000e+00  4.42250000e-09  1.33367032e+00  4.42250000e-09  1.80000000e+00  4.42250000e-09  1.80000000e+00  4.42250000e-09  1.80000000e+00 
 4.42750000e-09  1.80000000e+00  4.42750000e-09  1.33369971e+00  4.42750000e-09  1.80000000e+00  4.42750000e-09  1.80000000e+00  4.42750000e-09  1.80000000e+00 
 4.43250000e-09  1.80000000e+00  4.43250000e-09  1.33372898e+00  4.43250000e-09  1.80000000e+00  4.43250000e-09  1.80000000e+00  4.43250000e-09  1.80000000e+00 
 4.43750000e-09  1.80000000e+00  4.43750000e-09  1.33375813e+00  4.43750000e-09  1.80000000e+00  4.43750000e-09  1.80000000e+00  4.43750000e-09  1.80000000e+00 
 4.44250000e-09  1.80000000e+00  4.44250000e-09  1.33378717e+00  4.44250000e-09  1.80000000e+00  4.44250000e-09  1.80000000e+00  4.44250000e-09  1.80000000e+00 
 4.44750000e-09  1.80000000e+00  4.44750000e-09  1.33381608e+00  4.44750000e-09  1.80000000e+00  4.44750000e-09  1.80000000e+00  4.44750000e-09  1.80000000e+00 
 4.45250000e-09  1.80000000e+00  4.45250000e-09  1.33384488e+00  4.45250000e-09  1.80000000e+00  4.45250000e-09  1.80000000e+00  4.45250000e-09  1.80000000e+00 
 4.45750000e-09  1.80000000e+00  4.45750000e-09  1.33387356e+00  4.45750000e-09  1.80000000e+00  4.45750000e-09  1.80000000e+00  4.45750000e-09  1.80000000e+00 
 4.46250000e-09  1.80000000e+00  4.46250000e-09  1.33390213e+00  4.46250000e-09  1.80000000e+00  4.46250000e-09  1.80000000e+00  4.46250000e-09  1.80000000e+00 
 4.46750000e-09  1.80000000e+00  4.46750000e-09  1.33393058e+00  4.46750000e-09  1.80000000e+00  4.46750000e-09  1.80000000e+00  4.46750000e-09  1.80000000e+00 
 4.47250000e-09  1.80000000e+00  4.47250000e-09  1.33395891e+00  4.47250000e-09  1.80000000e+00  4.47250000e-09  1.80000000e+00  4.47250000e-09  1.80000000e+00 
 4.47750000e-09  1.80000000e+00  4.47750000e-09  1.33398714e+00  4.47750000e-09  1.80000000e+00  4.47750000e-09  1.80000000e+00  4.47750000e-09  1.80000000e+00 
 4.48250000e-09  1.80000000e+00  4.48250000e-09  1.33401524e+00  4.48250000e-09  1.80000000e+00  4.48250000e-09  1.80000000e+00  4.48250000e-09  1.80000000e+00 
 4.48750000e-09  1.80000000e+00  4.48750000e-09  1.33404324e+00  4.48750000e-09  1.80000000e+00  4.48750000e-09  1.80000000e+00  4.48750000e-09  1.80000000e+00 
 4.49250000e-09  1.80000000e+00  4.49250000e-09  1.33407113e+00  4.49250000e-09  1.80000000e+00  4.49250000e-09  1.80000000e+00  4.49250000e-09  1.80000000e+00 
 4.49750000e-09  1.80000000e+00  4.49750000e-09  1.33409890e+00  4.49750000e-09  1.80000000e+00  4.49750000e-09  1.80000000e+00  4.49750000e-09  1.80000000e+00 
 4.50250000e-09  1.80000000e+00  4.50250000e-09  1.33412656e+00  4.50250000e-09  1.80000000e+00  4.50250000e-09  1.80000000e+00  4.50250000e-09  1.80000000e+00 
 4.50750000e-09  1.80000000e+00  4.50750000e-09  1.33415412e+00  4.50750000e-09  1.80000000e+00  4.50750000e-09  1.80000000e+00  4.50750000e-09  1.80000000e+00 
 4.51250000e-09  1.80000000e+00  4.51250000e-09  1.33418156e+00  4.51250000e-09  1.80000000e+00  4.51250000e-09  1.80000000e+00  4.51250000e-09  1.80000000e+00 
 4.51750000e-09  1.80000000e+00  4.51750000e-09  1.33420890e+00  4.51750000e-09  1.80000000e+00  4.51750000e-09  1.80000000e+00  4.51750000e-09  1.80000000e+00 
 4.52250000e-09  1.80000000e+00  4.52250000e-09  1.33423613e+00  4.52250000e-09  1.80000000e+00  4.52250000e-09  1.80000000e+00  4.52250000e-09  1.80000000e+00 
 4.52750000e-09  1.80000000e+00  4.52750000e-09  1.33426325e+00  4.52750000e-09  1.80000000e+00  4.52750000e-09  1.80000000e+00  4.52750000e-09  1.80000000e+00 
 4.53250000e-09  1.80000000e+00  4.53250000e-09  1.33429027e+00  4.53250000e-09  1.80000000e+00  4.53250000e-09  1.80000000e+00  4.53250000e-09  1.80000000e+00 
 4.53750000e-09  1.80000000e+00  4.53750000e-09  1.33431717e+00  4.53750000e-09  1.80000000e+00  4.53750000e-09  1.80000000e+00  4.53750000e-09  1.80000000e+00 
 4.54250000e-09  1.80000000e+00  4.54250000e-09  1.33434398e+00  4.54250000e-09  1.80000000e+00  4.54250000e-09  1.80000000e+00  4.54250000e-09  1.80000000e+00 
 4.54750000e-09  1.80000000e+00  4.54750000e-09  1.33437068e+00  4.54750000e-09  1.80000000e+00  4.54750000e-09  1.80000000e+00  4.54750000e-09  1.80000000e+00 
 4.55250000e-09  1.80000000e+00  4.55250000e-09  1.33439727e+00  4.55250000e-09  1.80000000e+00  4.55250000e-09  1.80000000e+00  4.55250000e-09  1.80000000e+00 
 4.55750000e-09  1.80000000e+00  4.55750000e-09  1.33442376e+00  4.55750000e-09  1.80000000e+00  4.55750000e-09  1.80000000e+00  4.55750000e-09  1.80000000e+00 
 4.56250000e-09  1.80000000e+00  4.56250000e-09  1.33445015e+00  4.56250000e-09  1.80000000e+00  4.56250000e-09  1.80000000e+00  4.56250000e-09  1.80000000e+00 
 4.56750000e-09  1.80000000e+00  4.56750000e-09  1.33447644e+00  4.56750000e-09  1.80000000e+00  4.56750000e-09  1.80000000e+00  4.56750000e-09  1.80000000e+00 
 4.57250000e-09  1.80000000e+00  4.57250000e-09  1.33450263e+00  4.57250000e-09  1.80000000e+00  4.57250000e-09  1.80000000e+00  4.57250000e-09  1.80000000e+00 
 4.57750000e-09  1.80000000e+00  4.57750000e-09  1.33452871e+00  4.57750000e-09  1.80000000e+00  4.57750000e-09  1.80000000e+00  4.57750000e-09  1.80000000e+00 
 4.58250000e-09  1.80000000e+00  4.58250000e-09  1.33455469e+00  4.58250000e-09  1.80000000e+00  4.58250000e-09  1.80000000e+00  4.58250000e-09  1.80000000e+00 
 4.58750000e-09  1.80000000e+00  4.58750000e-09  1.33458058e+00  4.58750000e-09  1.80000000e+00  4.58750000e-09  1.80000000e+00  4.58750000e-09  1.80000000e+00 
 4.59250000e-09  1.80000000e+00  4.59250000e-09  1.33460636e+00  4.59250000e-09  1.80000000e+00  4.59250000e-09  1.80000000e+00  4.59250000e-09  1.80000000e+00 
 4.59750000e-09  1.80000000e+00  4.59750000e-09  1.33463205e+00  4.59750000e-09  1.80000000e+00  4.59750000e-09  1.80000000e+00  4.59750000e-09  1.80000000e+00 
 4.60250000e-09  1.80000000e+00  4.60250000e-09  1.33465764e+00  4.60250000e-09  1.80000000e+00  4.60250000e-09  1.80000000e+00  4.60250000e-09  1.80000000e+00 
 4.60750000e-09  1.80000000e+00  4.60750000e-09  1.33468313e+00  4.60750000e-09  1.80000000e+00  4.60750000e-09  1.80000000e+00  4.60750000e-09  1.80000000e+00 
 4.61250000e-09  1.80000000e+00  4.61250000e-09  1.33470852e+00  4.61250000e-09  1.80000000e+00  4.61250000e-09  1.80000000e+00  4.61250000e-09  1.80000000e+00 
 4.61750000e-09  1.80000000e+00  4.61750000e-09  1.33473382e+00  4.61750000e-09  1.80000000e+00  4.61750000e-09  1.80000000e+00  4.61750000e-09  1.80000000e+00 
 4.62250000e-09  1.80000000e+00  4.62250000e-09  1.33475902e+00  4.62250000e-09  1.80000000e+00  4.62250000e-09  1.80000000e+00  4.62250000e-09  1.80000000e+00 
 4.62750000e-09  1.80000000e+00  4.62750000e-09  1.33478412e+00  4.62750000e-09  1.80000000e+00  4.62750000e-09  1.80000000e+00  4.62750000e-09  1.80000000e+00 
 4.63250000e-09  1.80000000e+00  4.63250000e-09  1.33480913e+00  4.63250000e-09  1.80000000e+00  4.63250000e-09  1.80000000e+00  4.63250000e-09  1.80000000e+00 
 4.63750000e-09  1.80000000e+00  4.63750000e-09  1.33483405e+00  4.63750000e-09  1.80000000e+00  4.63750000e-09  1.80000000e+00  4.63750000e-09  1.80000000e+00 
 4.64250000e-09  1.80000000e+00  4.64250000e-09  1.33485887e+00  4.64250000e-09  1.80000000e+00  4.64250000e-09  1.80000000e+00  4.64250000e-09  1.80000000e+00 
 4.64750000e-09  1.80000000e+00  4.64750000e-09  1.33488360e+00  4.64750000e-09  1.80000000e+00  4.64750000e-09  1.80000000e+00  4.64750000e-09  1.80000000e+00 
 4.65250000e-09  1.80000000e+00  4.65250000e-09  1.33490823e+00  4.65250000e-09  1.80000000e+00  4.65250000e-09  1.80000000e+00  4.65250000e-09  1.80000000e+00 
 4.65750000e-09  1.80000000e+00  4.65750000e-09  1.33493278e+00  4.65750000e-09  1.80000000e+00  4.65750000e-09  1.80000000e+00  4.65750000e-09  1.80000000e+00 
 4.66250000e-09  1.80000000e+00  4.66250000e-09  1.33495723e+00  4.66250000e-09  1.80000000e+00  4.66250000e-09  1.80000000e+00  4.66250000e-09  1.80000000e+00 
 4.66750000e-09  1.80000000e+00  4.66750000e-09  1.33498159e+00  4.66750000e-09  1.80000000e+00  4.66750000e-09  1.80000000e+00  4.66750000e-09  1.80000000e+00 
 4.67250000e-09  1.80000000e+00  4.67250000e-09  1.33500586e+00  4.67250000e-09  1.80000000e+00  4.67250000e-09  1.80000000e+00  4.67250000e-09  1.80000000e+00 
 4.67750000e-09  1.80000000e+00  4.67750000e-09  1.33503004e+00  4.67750000e-09  1.80000000e+00  4.67750000e-09  1.80000000e+00  4.67750000e-09  1.80000000e+00 
 4.68250000e-09  1.80000000e+00  4.68250000e-09  1.33505413e+00  4.68250000e-09  1.80000000e+00  4.68250000e-09  1.80000000e+00  4.68250000e-09  1.80000000e+00 
 4.68750000e-09  1.80000000e+00  4.68750000e-09  1.33507813e+00  4.68750000e-09  1.80000000e+00  4.68750000e-09  1.80000000e+00  4.68750000e-09  1.80000000e+00 
 4.69250000e-09  1.80000000e+00  4.69250000e-09  1.33510205e+00  4.69250000e-09  1.80000000e+00  4.69250000e-09  1.80000000e+00  4.69250000e-09  1.80000000e+00 
 4.69750000e-09  1.80000000e+00  4.69750000e-09  1.33512587e+00  4.69750000e-09  1.80000000e+00  4.69750000e-09  1.80000000e+00  4.69750000e-09  1.80000000e+00 
 4.70250000e-09  1.80000000e+00  4.70250000e-09  1.33514961e+00  4.70250000e-09  1.80000000e+00  4.70250000e-09  1.80000000e+00  4.70250000e-09  1.80000000e+00 
 4.70750000e-09  1.80000000e+00  4.70750000e-09  1.33517326e+00  4.70750000e-09  1.80000000e+00  4.70750000e-09  1.80000000e+00  4.70750000e-09  1.80000000e+00 
 4.71250000e-09  1.80000000e+00  4.71250000e-09  1.33519682e+00  4.71250000e-09  1.80000000e+00  4.71250000e-09  1.80000000e+00  4.71250000e-09  1.80000000e+00 
 4.71750000e-09  1.80000000e+00  4.71750000e-09  1.33522030e+00  4.71750000e-09  1.80000000e+00  4.71750000e-09  1.80000000e+00  4.71750000e-09  1.80000000e+00 
 4.72250000e-09  1.80000000e+00  4.72250000e-09  1.33524369e+00  4.72250000e-09  1.80000000e+00  4.72250000e-09  1.80000000e+00  4.72250000e-09  1.80000000e+00 
 4.72750000e-09  1.80000000e+00  4.72750000e-09  1.33526699e+00  4.72750000e-09  1.80000000e+00  4.72750000e-09  1.80000000e+00  4.72750000e-09  1.80000000e+00 
 4.73250000e-09  1.80000000e+00  4.73250000e-09  1.33529022e+00  4.73250000e-09  1.80000000e+00  4.73250000e-09  1.80000000e+00  4.73250000e-09  1.80000000e+00 
 4.73750000e-09  1.80000000e+00  4.73750000e-09  1.33531335e+00  4.73750000e-09  1.80000000e+00  4.73750000e-09  1.80000000e+00  4.73750000e-09  1.80000000e+00 
 4.74250000e-09  1.80000000e+00  4.74250000e-09  1.33533640e+00  4.74250000e-09  1.80000000e+00  4.74250000e-09  1.80000000e+00  4.74250000e-09  1.80000000e+00 
 4.74750000e-09  1.80000000e+00  4.74750000e-09  1.33535937e+00  4.74750000e-09  1.80000000e+00  4.74750000e-09  1.80000000e+00  4.74750000e-09  1.80000000e+00 
 4.75250000e-09  1.80000000e+00  4.75250000e-09  1.33538226e+00  4.75250000e-09  1.80000000e+00  4.75250000e-09  1.80000000e+00  4.75250000e-09  1.80000000e+00 
 4.75750000e-09  1.80000000e+00  4.75750000e-09  1.33540506e+00  4.75750000e-09  1.80000000e+00  4.75750000e-09  1.80000000e+00  4.75750000e-09  1.80000000e+00 
 4.76250000e-09  1.80000000e+00  4.76250000e-09  1.33542778e+00  4.76250000e-09  1.80000000e+00  4.76250000e-09  1.80000000e+00  4.76250000e-09  1.80000000e+00 
 4.76750000e-09  1.80000000e+00  4.76750000e-09  1.33545042e+00  4.76750000e-09  1.80000000e+00  4.76750000e-09  1.80000000e+00  4.76750000e-09  1.80000000e+00 
 4.77250000e-09  1.80000000e+00  4.77250000e-09  1.33547298e+00  4.77250000e-09  1.80000000e+00  4.77250000e-09  1.80000000e+00  4.77250000e-09  1.80000000e+00 
 4.77750000e-09  1.80000000e+00  4.77750000e-09  1.33549546e+00  4.77750000e-09  1.80000000e+00  4.77750000e-09  1.80000000e+00  4.77750000e-09  1.80000000e+00 
 4.78250000e-09  1.80000000e+00  4.78250000e-09  1.33551786e+00  4.78250000e-09  1.80000000e+00  4.78250000e-09  1.80000000e+00  4.78250000e-09  1.80000000e+00 
 4.78750000e-09  1.80000000e+00  4.78750000e-09  1.33554017e+00  4.78750000e-09  1.80000000e+00  4.78750000e-09  1.80000000e+00  4.78750000e-09  1.80000000e+00 
 4.79250000e-09  1.80000000e+00  4.79250000e-09  1.33556241e+00  4.79250000e-09  1.80000000e+00  4.79250000e-09  1.80000000e+00  4.79250000e-09  1.80000000e+00 
 4.79750000e-09  1.80000000e+00  4.79750000e-09  1.33558457e+00  4.79750000e-09  1.80000000e+00  4.79750000e-09  1.80000000e+00  4.79750000e-09  1.80000000e+00 
 4.80250000e-09  1.80000000e+00  4.80250000e-09  1.33560665e+00  4.80250000e-09  1.80000000e+00  4.80250000e-09  1.80000000e+00  4.80250000e-09  1.80000000e+00 
 4.80750000e-09  1.80000000e+00  4.80750000e-09  1.33562865e+00  4.80750000e-09  1.80000000e+00  4.80750000e-09  1.80000000e+00  4.80750000e-09  1.80000000e+00 
 4.81250000e-09  1.80000000e+00  4.81250000e-09  1.33565057e+00  4.81250000e-09  1.80000000e+00  4.81250000e-09  1.80000000e+00  4.81250000e-09  1.80000000e+00 
 4.81750000e-09  1.80000000e+00  4.81750000e-09  1.33567242e+00  4.81750000e-09  1.80000000e+00  4.81750000e-09  1.80000000e+00  4.81750000e-09  1.80000000e+00 
 4.82250000e-09  1.80000000e+00  4.82250000e-09  1.33569419e+00  4.82250000e-09  1.80000000e+00  4.82250000e-09  1.80000000e+00  4.82250000e-09  1.80000000e+00 
 4.82750000e-09  1.80000000e+00  4.82750000e-09  1.33571588e+00  4.82750000e-09  1.80000000e+00  4.82750000e-09  1.80000000e+00  4.82750000e-09  1.80000000e+00 
 4.83250000e-09  1.80000000e+00  4.83250000e-09  1.33573750e+00  4.83250000e-09  1.80000000e+00  4.83250000e-09  1.80000000e+00  4.83250000e-09  1.80000000e+00 
 4.83750000e-09  1.80000000e+00  4.83750000e-09  1.33575904e+00  4.83750000e-09  1.80000000e+00  4.83750000e-09  1.80000000e+00  4.83750000e-09  1.80000000e+00 
 4.84250000e-09  1.80000000e+00  4.84250000e-09  1.33578051e+00  4.84250000e-09  1.80000000e+00  4.84250000e-09  1.80000000e+00  4.84250000e-09  1.80000000e+00 
 4.84750000e-09  1.80000000e+00  4.84750000e-09  1.33580190e+00  4.84750000e-09  1.80000000e+00  4.84750000e-09  1.80000000e+00  4.84750000e-09  1.80000000e+00 
 4.85250000e-09  1.80000000e+00  4.85250000e-09  1.33582321e+00  4.85250000e-09  1.80000000e+00  4.85250000e-09  1.80000000e+00  4.85250000e-09  1.80000000e+00 
 4.85750000e-09  1.80000000e+00  4.85750000e-09  1.33584445e+00  4.85750000e-09  1.80000000e+00  4.85750000e-09  1.80000000e+00  4.85750000e-09  1.80000000e+00 
 4.86250000e-09  1.80000000e+00  4.86250000e-09  1.33586562e+00  4.86250000e-09  1.80000000e+00  4.86250000e-09  1.80000000e+00  4.86250000e-09  1.80000000e+00 
 4.86750000e-09  1.80000000e+00  4.86750000e-09  1.33588671e+00  4.86750000e-09  1.80000000e+00  4.86750000e-09  1.80000000e+00  4.86750000e-09  1.80000000e+00 
 4.87250000e-09  1.80000000e+00  4.87250000e-09  1.33590774e+00  4.87250000e-09  1.80000000e+00  4.87250000e-09  1.80000000e+00  4.87250000e-09  1.80000000e+00 
 4.87750000e-09  1.80000000e+00  4.87750000e-09  1.33592868e+00  4.87750000e-09  1.80000000e+00  4.87750000e-09  1.80000000e+00  4.87750000e-09  1.80000000e+00 
 4.88250000e-09  1.80000000e+00  4.88250000e-09  1.33594956e+00  4.88250000e-09  1.80000000e+00  4.88250000e-09  1.80000000e+00  4.88250000e-09  1.80000000e+00 
 4.88750000e-09  1.80000000e+00  4.88750000e-09  1.33597036e+00  4.88750000e-09  1.80000000e+00  4.88750000e-09  1.80000000e+00  4.88750000e-09  1.80000000e+00 
 4.89250000e-09  1.80000000e+00  4.89250000e-09  1.33599110e+00  4.89250000e-09  1.80000000e+00  4.89250000e-09  1.80000000e+00  4.89250000e-09  1.80000000e+00 
 4.89750000e-09  1.80000000e+00  4.89750000e-09  1.33601176e+00  4.89750000e-09  1.80000000e+00  4.89750000e-09  1.80000000e+00  4.89750000e-09  1.80000000e+00 
 4.90250000e-09  1.80000000e+00  4.90250000e-09  1.33603235e+00  4.90250000e-09  1.80000000e+00  4.90250000e-09  1.80000000e+00  4.90250000e-09  1.80000000e+00 
 4.90750000e-09  1.80000000e+00  4.90750000e-09  1.33605287e+00  4.90750000e-09  1.80000000e+00  4.90750000e-09  1.80000000e+00  4.90750000e-09  1.80000000e+00 
 4.91250000e-09  1.80000000e+00  4.91250000e-09  1.33607332e+00  4.91250000e-09  1.80000000e+00  4.91250000e-09  1.80000000e+00  4.91250000e-09  1.80000000e+00 
 4.91750000e-09  1.80000000e+00  4.91750000e-09  1.33609370e+00  4.91750000e-09  1.80000000e+00  4.91750000e-09  1.80000000e+00  4.91750000e-09  1.80000000e+00 
 4.92250000e-09  1.80000000e+00  4.92250000e-09  1.33611401e+00  4.92250000e-09  1.80000000e+00  4.92250000e-09  1.80000000e+00  4.92250000e-09  1.80000000e+00 
 4.92750000e-09  1.80000000e+00  4.92750000e-09  1.33613425e+00  4.92750000e-09  1.80000000e+00  4.92750000e-09  1.80000000e+00  4.92750000e-09  1.80000000e+00 
 4.93250000e-09  1.80000000e+00  4.93250000e-09  1.33615442e+00  4.93250000e-09  1.80000000e+00  4.93250000e-09  1.80000000e+00  4.93250000e-09  1.80000000e+00 
 4.93750000e-09  1.80000000e+00  4.93750000e-09  1.33617453e+00  4.93750000e-09  1.80000000e+00  4.93750000e-09  1.80000000e+00  4.93750000e-09  1.80000000e+00 
 4.94250000e-09  1.80000000e+00  4.94250000e-09  1.33619457e+00  4.94250000e-09  1.80000000e+00  4.94250000e-09  1.80000000e+00  4.94250000e-09  1.80000000e+00 
 4.94750000e-09  1.80000000e+00  4.94750000e-09  1.33621454e+00  4.94750000e-09  1.80000000e+00  4.94750000e-09  1.80000000e+00  4.94750000e-09  1.80000000e+00 
 4.95250000e-09  1.80000000e+00  4.95250000e-09  1.33623444e+00  4.95250000e-09  1.80000000e+00  4.95250000e-09  1.80000000e+00  4.95250000e-09  1.80000000e+00 
 4.95750000e-09  1.80000000e+00  4.95750000e-09  1.33625427e+00  4.95750000e-09  1.80000000e+00  4.95750000e-09  1.80000000e+00  4.95750000e-09  1.80000000e+00 
 4.96250000e-09  1.80000000e+00  4.96250000e-09  1.33627404e+00  4.96250000e-09  1.80000000e+00  4.96250000e-09  1.80000000e+00  4.96250000e-09  1.80000000e+00 
 4.96750000e-09  1.80000000e+00  4.96750000e-09  1.33629374e+00  4.96750000e-09  1.80000000e+00  4.96750000e-09  1.80000000e+00  4.96750000e-09  1.80000000e+00 
 4.97250000e-09  1.80000000e+00  4.97250000e-09  1.33631338e+00  4.97250000e-09  1.80000000e+00  4.97250000e-09  1.80000000e+00  4.97250000e-09  1.80000000e+00 
 4.97750000e-09  1.80000000e+00  4.97750000e-09  1.33633295e+00  4.97750000e-09  1.80000000e+00  4.97750000e-09  1.80000000e+00  4.97750000e-09  1.80000000e+00 
 4.98250000e-09  1.80000000e+00  4.98250000e-09  1.33635245e+00  4.98250000e-09  1.80000000e+00  4.98250000e-09  1.80000000e+00  4.98250000e-09  1.80000000e+00 
 4.98750000e-09  1.80000000e+00  4.98750000e-09  1.33637189e+00  4.98750000e-09  1.80000000e+00  4.98750000e-09  1.80000000e+00  4.98750000e-09  1.80000000e+00 
 4.99250000e-09  1.80000000e+00  4.99250000e-09  1.33639127e+00  4.99250000e-09  1.80000000e+00  4.99250000e-09  1.80000000e+00  4.99250000e-09  1.80000000e+00 
 4.99750000e-09  1.80000000e+00  4.99750000e-09  1.33641058e+00  4.99750000e-09  1.80000000e+00  4.99750000e-09  1.80000000e+00  4.99750000e-09  1.80000000e+00 
 5.00250000e-09  1.80000000e+00  5.00250000e-09  1.33642983e+00  5.00250000e-09  1.80000000e+00  5.00250000e-09  1.80000000e+00  5.00250000e-09  1.80000000e+00 
 5.00750000e-09  1.80000000e+00  5.00750000e-09  1.33644901e+00  5.00750000e-09  1.80000000e+00  5.00750000e-09  1.80000000e+00  5.00750000e-09  1.80000000e+00 
 5.01250000e-09  1.80000000e+00  5.01250000e-09  1.33646813e+00  5.01250000e-09  1.80000000e+00  5.01250000e-09  1.80000000e+00  5.01250000e-09  1.80000000e+00 
 5.01750000e-09  1.80000000e+00  5.01750000e-09  1.33648719e+00  5.01750000e-09  1.80000000e+00  5.01750000e-09  1.80000000e+00  5.01750000e-09  1.80000000e+00 
 5.02250000e-09  1.80000000e+00  5.02250000e-09  1.33650618e+00  5.02250000e-09  1.80000000e+00  5.02250000e-09  1.80000000e+00  5.02250000e-09  1.80000000e+00 
 5.02750000e-09  1.80000000e+00  5.02750000e-09  1.33652511e+00  5.02750000e-09  1.80000000e+00  5.02750000e-09  1.80000000e+00  5.02750000e-09  1.80000000e+00 
 5.03250000e-09  1.80000000e+00  5.03250000e-09  1.33654398e+00  5.03250000e-09  1.80000000e+00  5.03250000e-09  1.80000000e+00  5.03250000e-09  1.80000000e+00 
 5.03750000e-09  1.80000000e+00  5.03750000e-09  1.33656279e+00  5.03750000e-09  1.80000000e+00  5.03750000e-09  1.80000000e+00  5.03750000e-09  1.80000000e+00 
 5.04250000e-09  1.80000000e+00  5.04250000e-09  1.33658154e+00  5.04250000e-09  1.80000000e+00  5.04250000e-09  1.80000000e+00  5.04250000e-09  1.80000000e+00 
 5.04750000e-09  1.80000000e+00  5.04750000e-09  1.33660022e+00  5.04750000e-09  1.80000000e+00  5.04750000e-09  1.80000000e+00  5.04750000e-09  1.80000000e+00 
 5.05250000e-09  1.80000000e+00  5.05250000e-09  1.33661884e+00  5.05250000e-09  1.80000000e+00  5.05250000e-09  1.80000000e+00  5.05250000e-09  1.80000000e+00 
 5.05750000e-09  1.80000000e+00  5.05750000e-09  1.33663741e+00  5.05750000e-09  1.80000000e+00  5.05750000e-09  1.80000000e+00  5.05750000e-09  1.80000000e+00 
 5.06250000e-09  1.80000000e+00  5.06250000e-09  1.33665591e+00  5.06250000e-09  1.80000000e+00  5.06250000e-09  1.80000000e+00  5.06250000e-09  1.80000000e+00 
 5.06750000e-09  1.80000000e+00  5.06750000e-09  1.33667435e+00  5.06750000e-09  1.80000000e+00  5.06750000e-09  1.80000000e+00  5.06750000e-09  1.80000000e+00 
 5.07250000e-09  1.80000000e+00  5.07250000e-09  1.33669274e+00  5.07250000e-09  1.80000000e+00  5.07250000e-09  1.80000000e+00  5.07250000e-09  1.80000000e+00 
 5.07750000e-09  1.80000000e+00  5.07750000e-09  1.33671106e+00  5.07750000e-09  1.80000000e+00  5.07750000e-09  1.80000000e+00  5.07750000e-09  1.80000000e+00 
 5.08250000e-09  1.80000000e+00  5.08250000e-09  1.33672933e+00  5.08250000e-09  1.80000000e+00  5.08250000e-09  1.80000000e+00  5.08250000e-09  1.80000000e+00 
 5.08750000e-09  1.80000000e+00  5.08750000e-09  1.33674753e+00  5.08750000e-09  1.80000000e+00  5.08750000e-09  1.80000000e+00  5.08750000e-09  1.80000000e+00 
 5.09250000e-09  1.80000000e+00  5.09250000e-09  1.33676568e+00  5.09250000e-09  1.80000000e+00  5.09250000e-09  1.80000000e+00  5.09250000e-09  1.80000000e+00 
 5.09750000e-09  1.80000000e+00  5.09750000e-09  1.33678377e+00  5.09750000e-09  1.80000000e+00  5.09750000e-09  1.80000000e+00  5.09750000e-09  1.80000000e+00 
 5.10250000e-09  1.80000000e+00  5.10250000e-09  1.33680180e+00  5.10250000e-09  1.80000000e+00  5.10250000e-09  1.80000000e+00  5.10250000e-09  1.80000000e+00 
 5.10750000e-09  1.80000000e+00  5.10750000e-09  1.33681977e+00  5.10750000e-09  1.80000000e+00  5.10750000e-09  1.80000000e+00  5.10750000e-09  1.80000000e+00 
 5.11250000e-09  1.80000000e+00  5.11250000e-09  1.33683769e+00  5.11250000e-09  1.80000000e+00  5.11250000e-09  1.80000000e+00  5.11250000e-09  1.80000000e+00 
 5.11750000e-09  1.80000000e+00  5.11750000e-09  1.33685555e+00  5.11750000e-09  1.80000000e+00  5.11750000e-09  1.80000000e+00  5.11750000e-09  1.80000000e+00 
 5.12250000e-09  1.80000000e+00  5.12250000e-09  1.33687335e+00  5.12250000e-09  1.80000000e+00  5.12250000e-09  1.80000000e+00  5.12250000e-09  1.80000000e+00 
 5.12750000e-09  1.80000000e+00  5.12750000e-09  1.33689109e+00  5.12750000e-09  1.80000000e+00  5.12750000e-09  1.80000000e+00  5.12750000e-09  1.80000000e+00 
 5.13250000e-09  1.80000000e+00  5.13250000e-09  1.33690878e+00  5.13250000e-09  1.80000000e+00  5.13250000e-09  1.80000000e+00  5.13250000e-09  1.80000000e+00 
 5.13750000e-09  1.80000000e+00  5.13750000e-09  1.33692641e+00  5.13750000e-09  1.80000000e+00  5.13750000e-09  1.80000000e+00  5.13750000e-09  1.80000000e+00 
 5.14250000e-09  1.80000000e+00  5.14250000e-09  1.33694399e+00  5.14250000e-09  1.80000000e+00  5.14250000e-09  1.80000000e+00  5.14250000e-09  1.80000000e+00 
 5.14750000e-09  1.80000000e+00  5.14750000e-09  1.33696151e+00  5.14750000e-09  1.80000000e+00  5.14750000e-09  1.80000000e+00  5.14750000e-09  1.80000000e+00 
 5.15250000e-09  1.80000000e+00  5.15250000e-09  1.33697897e+00  5.15250000e-09  1.80000000e+00  5.15250000e-09  1.80000000e+00  5.15250000e-09  1.80000000e+00 
 5.15750000e-09  1.80000000e+00  5.15750000e-09  1.33699639e+00  5.15750000e-09  1.80000000e+00  5.15750000e-09  1.80000000e+00  5.15750000e-09  1.80000000e+00 
 5.16250000e-09  1.80000000e+00  5.16250000e-09  1.33701374e+00  5.16250000e-09  1.80000000e+00  5.16250000e-09  1.80000000e+00  5.16250000e-09  1.80000000e+00 
 5.16750000e-09  1.80000000e+00  5.16750000e-09  1.33703104e+00  5.16750000e-09  1.80000000e+00  5.16750000e-09  1.80000000e+00  5.16750000e-09  1.80000000e+00 
 5.17250000e-09  1.80000000e+00  5.17250000e-09  1.33704829e+00  5.17250000e-09  1.80000000e+00  5.17250000e-09  1.80000000e+00  5.17250000e-09  1.80000000e+00 
 5.17750000e-09  1.80000000e+00  5.17750000e-09  1.33706548e+00  5.17750000e-09  1.80000000e+00  5.17750000e-09  1.80000000e+00  5.17750000e-09  1.80000000e+00 
 5.18250000e-09  1.80000000e+00  5.18250000e-09  1.33708262e+00  5.18250000e-09  1.80000000e+00  5.18250000e-09  1.80000000e+00  5.18250000e-09  1.80000000e+00 
 5.18750000e-09  1.80000000e+00  5.18750000e-09  1.33709971e+00  5.18750000e-09  1.80000000e+00  5.18750000e-09  1.80000000e+00  5.18750000e-09  1.80000000e+00 
 5.19250000e-09  1.80000000e+00  5.19250000e-09  1.33711674e+00  5.19250000e-09  1.80000000e+00  5.19250000e-09  1.80000000e+00  5.19250000e-09  1.80000000e+00 
 5.19750000e-09  1.80000000e+00  5.19750000e-09  1.33713372e+00  5.19750000e-09  1.80000000e+00  5.19750000e-09  1.80000000e+00  5.19750000e-09  1.80000000e+00 
 5.20250000e-09  1.80000000e+00  5.20250000e-09  1.33715064e+00  5.20250000e-09  1.80000000e+00  5.20250000e-09  1.80000000e+00  5.20250000e-09  1.80000000e+00 
 5.20750000e-09  1.80000000e+00  5.20750000e-09  1.33716752e+00  5.20750000e-09  1.80000000e+00  5.20750000e-09  1.80000000e+00  5.20750000e-09  1.80000000e+00 
 5.21250000e-09  1.80000000e+00  5.21250000e-09  1.33718434e+00  5.21250000e-09  1.80000000e+00  5.21250000e-09  1.80000000e+00  5.21250000e-09  1.80000000e+00 
 5.21750000e-09  1.80000000e+00  5.21750000e-09  1.33720111e+00  5.21750000e-09  1.80000000e+00  5.21750000e-09  1.80000000e+00  5.21750000e-09  1.80000000e+00 
 5.22250000e-09  1.80000000e+00  5.22250000e-09  1.33721783e+00  5.22250000e-09  1.80000000e+00  5.22250000e-09  1.80000000e+00  5.22250000e-09  1.80000000e+00 
 5.22750000e-09  1.80000000e+00  5.22750000e-09  1.33723449e+00  5.22750000e-09  1.80000000e+00  5.22750000e-09  1.80000000e+00  5.22750000e-09  1.80000000e+00 
 5.23250000e-09  1.80000000e+00  5.23250000e-09  1.33725111e+00  5.23250000e-09  1.80000000e+00  5.23250000e-09  1.80000000e+00  5.23250000e-09  1.80000000e+00 
 5.23750000e-09  1.80000000e+00  5.23750000e-09  1.33726767e+00  5.23750000e-09  1.80000000e+00  5.23750000e-09  1.80000000e+00  5.23750000e-09  1.80000000e+00 
 5.24250000e-09  1.80000000e+00  5.24250000e-09  1.33728418e+00  5.24250000e-09  1.80000000e+00  5.24250000e-09  1.80000000e+00  5.24250000e-09  1.80000000e+00 
 5.24750000e-09  1.80000000e+00  5.24750000e-09  1.33730065e+00  5.24750000e-09  1.80000000e+00  5.24750000e-09  1.80000000e+00  5.24750000e-09  1.80000000e+00 
 5.25250000e-09  1.80000000e+00  5.25250000e-09  1.33731706e+00  5.25250000e-09  1.80000000e+00  5.25250000e-09  1.80000000e+00  5.25250000e-09  1.80000000e+00 
 5.25750000e-09  1.80000000e+00  5.25750000e-09  1.33733342e+00  5.25750000e-09  1.80000000e+00  5.25750000e-09  1.80000000e+00  5.25750000e-09  1.80000000e+00 
 5.26250000e-09  1.80000000e+00  5.26250000e-09  1.33734973e+00  5.26250000e-09  1.80000000e+00  5.26250000e-09  1.80000000e+00  5.26250000e-09  1.80000000e+00 
 5.26750000e-09  1.80000000e+00  5.26750000e-09  1.33736599e+00  5.26750000e-09  1.80000000e+00  5.26750000e-09  1.80000000e+00  5.26750000e-09  1.80000000e+00 
 5.27250000e-09  1.80000000e+00  5.27250000e-09  1.33738221e+00  5.27250000e-09  1.80000000e+00  5.27250000e-09  1.80000000e+00  5.27250000e-09  1.80000000e+00 
 5.27750000e-09  1.80000000e+00  5.27750000e-09  1.33739837e+00  5.27750000e-09  1.80000000e+00  5.27750000e-09  1.80000000e+00  5.27750000e-09  1.80000000e+00 
 5.28250000e-09  1.80000000e+00  5.28250000e-09  1.33741448e+00  5.28250000e-09  1.80000000e+00  5.28250000e-09  1.80000000e+00  5.28250000e-09  1.80000000e+00 
 5.28750000e-09  1.80000000e+00  5.28750000e-09  1.33743055e+00  5.28750000e-09  1.80000000e+00  5.28750000e-09  1.80000000e+00  5.28750000e-09  1.80000000e+00 
 5.29250000e-09  1.80000000e+00  5.29250000e-09  1.33744657e+00  5.29250000e-09  1.80000000e+00  5.29250000e-09  1.80000000e+00  5.29250000e-09  1.80000000e+00 
 5.29750000e-09  1.80000000e+00  5.29750000e-09  1.33746253e+00  5.29750000e-09  1.80000000e+00  5.29750000e-09  1.80000000e+00  5.29750000e-09  1.80000000e+00 
 5.30250000e-09  1.80000000e+00  5.30250000e-09  1.33747845e+00  5.30250000e-09  1.80000000e+00  5.30250000e-09  1.80000000e+00  5.30250000e-09  1.80000000e+00 
 5.30750000e-09  1.80000000e+00  5.30750000e-09  1.33749433e+00  5.30750000e-09  1.80000000e+00  5.30750000e-09  1.80000000e+00  5.30750000e-09  1.80000000e+00 
 5.31250000e-09  1.80000000e+00  5.31250000e-09  1.33751015e+00  5.31250000e-09  1.80000000e+00  5.31250000e-09  1.80000000e+00  5.31250000e-09  1.80000000e+00 
 5.31750000e-09  1.80000000e+00  5.31750000e-09  1.33752593e+00  5.31750000e-09  1.80000000e+00  5.31750000e-09  1.80000000e+00  5.31750000e-09  1.80000000e+00 
 5.32250000e-09  1.80000000e+00  5.32250000e-09  1.33754166e+00  5.32250000e-09  1.80000000e+00  5.32250000e-09  1.80000000e+00  5.32250000e-09  1.80000000e+00 
 5.32750000e-09  1.80000000e+00  5.32750000e-09  1.33755734e+00  5.32750000e-09  1.80000000e+00  5.32750000e-09  1.80000000e+00  5.32750000e-09  1.80000000e+00 
 5.33250000e-09  1.80000000e+00  5.33250000e-09  1.33757298e+00  5.33250000e-09  1.80000000e+00  5.33250000e-09  1.80000000e+00  5.33250000e-09  1.80000000e+00 
 5.33750000e-09  1.80000000e+00  5.33750000e-09  1.33758857e+00  5.33750000e-09  1.80000000e+00  5.33750000e-09  1.80000000e+00  5.33750000e-09  1.80000000e+00 
 5.34250000e-09  1.80000000e+00  5.34250000e-09  1.33760411e+00  5.34250000e-09  1.80000000e+00  5.34250000e-09  1.80000000e+00  5.34250000e-09  1.80000000e+00 
 5.34750000e-09  1.80000000e+00  5.34750000e-09  1.33761961e+00  5.34750000e-09  1.80000000e+00  5.34750000e-09  1.80000000e+00  5.34750000e-09  1.80000000e+00 
 5.35250000e-09  1.80000000e+00  5.35250000e-09  1.33763506e+00  5.35250000e-09  1.80000000e+00  5.35250000e-09  1.80000000e+00  5.35250000e-09  1.80000000e+00 
 5.35750000e-09  1.80000000e+00  5.35750000e-09  1.33765046e+00  5.35750000e-09  1.80000000e+00  5.35750000e-09  1.80000000e+00  5.35750000e-09  1.80000000e+00 
 5.36250000e-09  1.80000000e+00  5.36250000e-09  1.33766582e+00  5.36250000e-09  1.80000000e+00  5.36250000e-09  1.80000000e+00  5.36250000e-09  1.80000000e+00 
 5.36750000e-09  1.80000000e+00  5.36750000e-09  1.33768114e+00  5.36750000e-09  1.80000000e+00  5.36750000e-09  1.80000000e+00  5.36750000e-09  1.80000000e+00 
 5.37250000e-09  1.80000000e+00  5.37250000e-09  1.33769640e+00  5.37250000e-09  1.80000000e+00  5.37250000e-09  1.80000000e+00  5.37250000e-09  1.80000000e+00 
 5.37750000e-09  1.80000000e+00  5.37750000e-09  1.33771163e+00  5.37750000e-09  1.80000000e+00  5.37750000e-09  1.80000000e+00  5.37750000e-09  1.80000000e+00 
 5.38250000e-09  1.80000000e+00  5.38250000e-09  1.33772681e+00  5.38250000e-09  1.80000000e+00  5.38250000e-09  1.80000000e+00  5.38250000e-09  1.80000000e+00 
 5.38750000e-09  1.80000000e+00  5.38750000e-09  1.33774194e+00  5.38750000e-09  1.80000000e+00  5.38750000e-09  1.80000000e+00  5.38750000e-09  1.80000000e+00 
 5.39250000e-09  1.80000000e+00  5.39250000e-09  1.33775703e+00  5.39250000e-09  1.80000000e+00  5.39250000e-09  1.80000000e+00  5.39250000e-09  1.80000000e+00 
 5.39750000e-09  1.80000000e+00  5.39750000e-09  1.33777208e+00  5.39750000e-09  1.80000000e+00  5.39750000e-09  1.80000000e+00  5.39750000e-09  1.80000000e+00 
 5.40250000e-09  1.80000000e+00  5.40250000e-09  1.33778708e+00  5.40250000e-09  1.80000000e+00  5.40250000e-09  1.80000000e+00  5.40250000e-09  1.80000000e+00 
 5.40750000e-09  1.80000000e+00  5.40750000e-09  1.33780204e+00  5.40750000e-09  1.80000000e+00  5.40750000e-09  1.80000000e+00  5.40750000e-09  1.80000000e+00 
 5.41250000e-09  1.80000000e+00  5.41250000e-09  1.33781695e+00  5.41250000e-09  1.80000000e+00  5.41250000e-09  1.80000000e+00  5.41250000e-09  1.80000000e+00 
 5.41750000e-09  1.80000000e+00  5.41750000e-09  1.33783182e+00  5.41750000e-09  1.80000000e+00  5.41750000e-09  1.80000000e+00  5.41750000e-09  1.80000000e+00 
 5.42250000e-09  1.80000000e+00  5.42250000e-09  1.33784665e+00  5.42250000e-09  1.80000000e+00  5.42250000e-09  1.80000000e+00  5.42250000e-09  1.80000000e+00 
 5.42750000e-09  1.80000000e+00  5.42750000e-09  1.33786143e+00  5.42750000e-09  1.80000000e+00  5.42750000e-09  1.80000000e+00  5.42750000e-09  1.80000000e+00 
 5.43250000e-09  1.80000000e+00  5.43250000e-09  1.33787617e+00  5.43250000e-09  1.80000000e+00  5.43250000e-09  1.80000000e+00  5.43250000e-09  1.80000000e+00 
 5.43750000e-09  1.80000000e+00  5.43750000e-09  1.33789087e+00  5.43750000e-09  1.80000000e+00  5.43750000e-09  1.80000000e+00  5.43750000e-09  1.80000000e+00 
 5.44250000e-09  1.80000000e+00  5.44250000e-09  1.33790553e+00  5.44250000e-09  1.80000000e+00  5.44250000e-09  1.80000000e+00  5.44250000e-09  1.80000000e+00 
 5.44750000e-09  1.80000000e+00  5.44750000e-09  1.33792014e+00  5.44750000e-09  1.80000000e+00  5.44750000e-09  1.80000000e+00  5.44750000e-09  1.80000000e+00 
 5.45250000e-09  1.80000000e+00  5.45250000e-09  1.33793471e+00  5.45250000e-09  1.80000000e+00  5.45250000e-09  1.80000000e+00  5.45250000e-09  1.80000000e+00 
 5.45750000e-09  1.80000000e+00  5.45750000e-09  1.33794924e+00  5.45750000e-09  1.80000000e+00  5.45750000e-09  1.80000000e+00  5.45750000e-09  1.80000000e+00 
 5.46250000e-09  1.80000000e+00  5.46250000e-09  1.33796373e+00  5.46250000e-09  1.80000000e+00  5.46250000e-09  1.80000000e+00  5.46250000e-09  1.80000000e+00 
 5.46750000e-09  1.80000000e+00  5.46750000e-09  1.33797818e+00  5.46750000e-09  1.80000000e+00  5.46750000e-09  1.80000000e+00  5.46750000e-09  1.80000000e+00 
 5.47250000e-09  1.80000000e+00  5.47250000e-09  1.33799258e+00  5.47250000e-09  1.80000000e+00  5.47250000e-09  1.80000000e+00  5.47250000e-09  1.80000000e+00 
 5.47750000e-09  1.80000000e+00  5.47750000e-09  1.33800694e+00  5.47750000e-09  1.80000000e+00  5.47750000e-09  1.80000000e+00  5.47750000e-09  1.80000000e+00 
 5.48250000e-09  1.80000000e+00  5.48250000e-09  1.33802127e+00  5.48250000e-09  1.80000000e+00  5.48250000e-09  1.80000000e+00  5.48250000e-09  1.80000000e+00 
 5.48750000e-09  1.80000000e+00  5.48750000e-09  1.33803555e+00  5.48750000e-09  1.80000000e+00  5.48750000e-09  1.80000000e+00  5.48750000e-09  1.80000000e+00 
 5.49250000e-09  1.80000000e+00  5.49250000e-09  1.33804979e+00  5.49250000e-09  1.80000000e+00  5.49250000e-09  1.80000000e+00  5.49250000e-09  1.80000000e+00 
 5.49750000e-09  1.80000000e+00  5.49750000e-09  1.33806399e+00  5.49750000e-09  1.80000000e+00  5.49750000e-09  1.80000000e+00  5.49750000e-09  1.80000000e+00 
 5.50250000e-09  1.80000000e+00  5.50250000e-09  1.33807815e+00  5.50250000e-09  1.80000000e+00  5.50250000e-09  1.80000000e+00  5.50250000e-09  1.80000000e+00 
 5.50750000e-09  1.80000000e+00  5.50750000e-09  1.33809227e+00  5.50750000e-09  1.80000000e+00  5.50750000e-09  1.80000000e+00  5.50750000e-09  1.80000000e+00 
 5.51250000e-09  1.80000000e+00  5.51250000e-09  1.33810635e+00  5.51250000e-09  1.80000000e+00  5.51250000e-09  1.80000000e+00  5.51250000e-09  1.80000000e+00 
 5.51750000e-09  1.80000000e+00  5.51750000e-09  1.33812039e+00  5.51750000e-09  1.80000000e+00  5.51750000e-09  1.80000000e+00  5.51750000e-09  1.80000000e+00 
 5.52250000e-09  1.80000000e+00  5.52250000e-09  1.33813439e+00  5.52250000e-09  1.80000000e+00  5.52250000e-09  1.80000000e+00  5.52250000e-09  1.80000000e+00 
 5.52750000e-09  1.80000000e+00  5.52750000e-09  1.33814835e+00  5.52750000e-09  1.80000000e+00  5.52750000e-09  1.80000000e+00  5.52750000e-09  1.80000000e+00 
 5.53250000e-09  1.80000000e+00  5.53250000e-09  1.33816227e+00  5.53250000e-09  1.80000000e+00  5.53250000e-09  1.80000000e+00  5.53250000e-09  1.80000000e+00 
 5.53750000e-09  1.80000000e+00  5.53750000e-09  1.33817615e+00  5.53750000e-09  1.80000000e+00  5.53750000e-09  1.80000000e+00  5.53750000e-09  1.80000000e+00 
 5.54250000e-09  1.80000000e+00  5.54250000e-09  1.33819000e+00  5.54250000e-09  1.80000000e+00  5.54250000e-09  1.80000000e+00  5.54250000e-09  1.80000000e+00 
 5.54750000e-09  1.80000000e+00  5.54750000e-09  1.33820380e+00  5.54750000e-09  1.80000000e+00  5.54750000e-09  1.80000000e+00  5.54750000e-09  1.80000000e+00 
 5.55250000e-09  1.80000000e+00  5.55250000e-09  1.33821757e+00  5.55250000e-09  1.80000000e+00  5.55250000e-09  1.80000000e+00  5.55250000e-09  1.80000000e+00 
 5.55750000e-09  1.80000000e+00  5.55750000e-09  1.33823129e+00  5.55750000e-09  1.80000000e+00  5.55750000e-09  1.80000000e+00  5.55750000e-09  1.80000000e+00 
 5.56250000e-09  1.80000000e+00  5.56250000e-09  1.33824498e+00  5.56250000e-09  1.80000000e+00  5.56250000e-09  1.80000000e+00  5.56250000e-09  1.80000000e+00 
 5.56750000e-09  1.80000000e+00  5.56750000e-09  1.33825863e+00  5.56750000e-09  1.80000000e+00  5.56750000e-09  1.80000000e+00  5.56750000e-09  1.80000000e+00 
 5.57250000e-09  1.80000000e+00  5.57250000e-09  1.33827224e+00  5.57250000e-09  1.80000000e+00  5.57250000e-09  1.80000000e+00  5.57250000e-09  1.80000000e+00 
 5.57750000e-09  1.80000000e+00  5.57750000e-09  1.33828582e+00  5.57750000e-09  1.80000000e+00  5.57750000e-09  1.80000000e+00  5.57750000e-09  1.80000000e+00 
 5.58250000e-09  1.80000000e+00  5.58250000e-09  1.33829936e+00  5.58250000e-09  1.80000000e+00  5.58250000e-09  1.80000000e+00  5.58250000e-09  1.80000000e+00 
 5.58750000e-09  1.80000000e+00  5.58750000e-09  1.33831285e+00  5.58750000e-09  1.80000000e+00  5.58750000e-09  1.80000000e+00  5.58750000e-09  1.80000000e+00 
 5.59250000e-09  1.80000000e+00  5.59250000e-09  1.33832632e+00  5.59250000e-09  1.80000000e+00  5.59250000e-09  1.80000000e+00  5.59250000e-09  1.80000000e+00 
 5.59750000e-09  1.80000000e+00  5.59750000e-09  1.33833974e+00  5.59750000e-09  1.80000000e+00  5.59750000e-09  1.80000000e+00  5.59750000e-09  1.80000000e+00 
 5.60250000e-09  1.80000000e+00  5.60250000e-09  1.33835313e+00  5.60250000e-09  1.80000000e+00  5.60250000e-09  1.80000000e+00  5.60250000e-09  1.80000000e+00 
 5.60750000e-09  1.80000000e+00  5.60750000e-09  1.33836648e+00  5.60750000e-09  1.80000000e+00  5.60750000e-09  1.80000000e+00  5.60750000e-09  1.80000000e+00 
 5.61250000e-09  1.80000000e+00  5.61250000e-09  1.33837979e+00  5.61250000e-09  1.80000000e+00  5.61250000e-09  1.80000000e+00  5.61250000e-09  1.80000000e+00 
 5.61750000e-09  1.80000000e+00  5.61750000e-09  1.33839307e+00  5.61750000e-09  1.80000000e+00  5.61750000e-09  1.80000000e+00  5.61750000e-09  1.80000000e+00 
 5.62250000e-09  1.80000000e+00  5.62250000e-09  1.33840631e+00  5.62250000e-09  1.80000000e+00  5.62250000e-09  1.80000000e+00  5.62250000e-09  1.80000000e+00 
 5.62750000e-09  1.80000000e+00  5.62750000e-09  1.33841951e+00  5.62750000e-09  1.80000000e+00  5.62750000e-09  1.80000000e+00  5.62750000e-09  1.80000000e+00 
 5.63250000e-09  1.80000000e+00  5.63250000e-09  1.33843268e+00  5.63250000e-09  1.80000000e+00  5.63250000e-09  1.80000000e+00  5.63250000e-09  1.80000000e+00 
 5.63750000e-09  1.80000000e+00  5.63750000e-09  1.33844581e+00  5.63750000e-09  1.80000000e+00  5.63750000e-09  1.80000000e+00  5.63750000e-09  1.80000000e+00 
 5.64250000e-09  1.80000000e+00  5.64250000e-09  1.33845891e+00  5.64250000e-09  1.80000000e+00  5.64250000e-09  1.80000000e+00  5.64250000e-09  1.80000000e+00 
 5.64750000e-09  1.80000000e+00  5.64750000e-09  1.33847197e+00  5.64750000e-09  1.80000000e+00  5.64750000e-09  1.80000000e+00  5.64750000e-09  1.80000000e+00 
 5.65250000e-09  1.80000000e+00  5.65250000e-09  1.33848499e+00  5.65250000e-09  1.80000000e+00  5.65250000e-09  1.80000000e+00  5.65250000e-09  1.80000000e+00 
 5.65750000e-09  1.80000000e+00  5.65750000e-09  1.33849798e+00  5.65750000e-09  1.80000000e+00  5.65750000e-09  1.80000000e+00  5.65750000e-09  1.80000000e+00 
 5.66250000e-09  1.80000000e+00  5.66250000e-09  1.33851094e+00  5.66250000e-09  1.80000000e+00  5.66250000e-09  1.80000000e+00  5.66250000e-09  1.80000000e+00 
 5.66750000e-09  1.80000000e+00  5.66750000e-09  1.33852385e+00  5.66750000e-09  1.80000000e+00  5.66750000e-09  1.80000000e+00  5.66750000e-09  1.80000000e+00 
 5.67250000e-09  1.80000000e+00  5.67250000e-09  1.33853674e+00  5.67250000e-09  1.80000000e+00  5.67250000e-09  1.80000000e+00  5.67250000e-09  1.80000000e+00 
 5.67750000e-09  1.80000000e+00  5.67750000e-09  1.33854959e+00  5.67750000e-09  1.80000000e+00  5.67750000e-09  1.80000000e+00  5.67750000e-09  1.80000000e+00 
 5.68250000e-09  1.80000000e+00  5.68250000e-09  1.33856240e+00  5.68250000e-09  1.80000000e+00  5.68250000e-09  1.80000000e+00  5.68250000e-09  1.80000000e+00 
 5.68750000e-09  1.80000000e+00  5.68750000e-09  1.33857518e+00  5.68750000e-09  1.80000000e+00  5.68750000e-09  1.80000000e+00  5.68750000e-09  1.80000000e+00 
 5.69250000e-09  1.80000000e+00  5.69250000e-09  1.33858792e+00  5.69250000e-09  1.80000000e+00  5.69250000e-09  1.80000000e+00  5.69250000e-09  1.80000000e+00 
 5.69750000e-09  1.80000000e+00  5.69750000e-09  1.33860063e+00  5.69750000e-09  1.80000000e+00  5.69750000e-09  1.80000000e+00  5.69750000e-09  1.80000000e+00 
 5.70250000e-09  1.80000000e+00  5.70250000e-09  1.33861331e+00  5.70250000e-09  1.80000000e+00  5.70250000e-09  1.80000000e+00  5.70250000e-09  1.80000000e+00 
 5.70750000e-09  1.80000000e+00  5.70750000e-09  1.33862595e+00  5.70750000e-09  1.80000000e+00  5.70750000e-09  1.80000000e+00  5.70750000e-09  1.80000000e+00 
 5.71250000e-09  1.80000000e+00  5.71250000e-09  1.33863856e+00  5.71250000e-09  1.80000000e+00  5.71250000e-09  1.80000000e+00  5.71250000e-09  1.80000000e+00 
 5.71750000e-09  1.80000000e+00  5.71750000e-09  1.33865113e+00  5.71750000e-09  1.80000000e+00  5.71750000e-09  1.80000000e+00  5.71750000e-09  1.80000000e+00 
 5.72250000e-09  1.80000000e+00  5.72250000e-09  1.33866368e+00  5.72250000e-09  1.80000000e+00  5.72250000e-09  1.80000000e+00  5.72250000e-09  1.80000000e+00 
 5.72750000e-09  1.80000000e+00  5.72750000e-09  1.33867618e+00  5.72750000e-09  1.80000000e+00  5.72750000e-09  1.80000000e+00  5.72750000e-09  1.80000000e+00 
 5.73250000e-09  1.80000000e+00  5.73250000e-09  1.33868866e+00  5.73250000e-09  1.80000000e+00  5.73250000e-09  1.80000000e+00  5.73250000e-09  1.80000000e+00 
 5.73750000e-09  1.80000000e+00  5.73750000e-09  1.33870110e+00  5.73750000e-09  1.80000000e+00  5.73750000e-09  1.80000000e+00  5.73750000e-09  1.80000000e+00 
 5.74250000e-09  1.80000000e+00  5.74250000e-09  1.33871350e+00  5.74250000e-09  1.80000000e+00  5.74250000e-09  1.80000000e+00  5.74250000e-09  1.80000000e+00 
 5.74750000e-09  1.80000000e+00  5.74750000e-09  1.33872588e+00  5.74750000e-09  1.80000000e+00  5.74750000e-09  1.80000000e+00  5.74750000e-09  1.80000000e+00 
 5.75250000e-09  1.80000000e+00  5.75250000e-09  1.33873822e+00  5.75250000e-09  1.80000000e+00  5.75250000e-09  1.80000000e+00  5.75250000e-09  1.80000000e+00 
 5.75750000e-09  1.80000000e+00  5.75750000e-09  1.33875053e+00  5.75750000e-09  1.80000000e+00  5.75750000e-09  1.80000000e+00  5.75750000e-09  1.80000000e+00 
 5.76250000e-09  1.80000000e+00  5.76250000e-09  1.33876281e+00  5.76250000e-09  1.80000000e+00  5.76250000e-09  1.80000000e+00  5.76250000e-09  1.80000000e+00 
 5.76750000e-09  1.80000000e+00  5.76750000e-09  1.33877505e+00  5.76750000e-09  1.80000000e+00  5.76750000e-09  1.80000000e+00  5.76750000e-09  1.80000000e+00 
 5.77250000e-09  1.80000000e+00  5.77250000e-09  1.33878726e+00  5.77250000e-09  1.80000000e+00  5.77250000e-09  1.80000000e+00  5.77250000e-09  1.80000000e+00 
 5.77750000e-09  1.80000000e+00  5.77750000e-09  1.33879944e+00  5.77750000e-09  1.80000000e+00  5.77750000e-09  1.80000000e+00  5.77750000e-09  1.80000000e+00 
 5.78250000e-09  1.80000000e+00  5.78250000e-09  1.33881159e+00  5.78250000e-09  1.80000000e+00  5.78250000e-09  1.80000000e+00  5.78250000e-09  1.80000000e+00 
 5.78750000e-09  1.80000000e+00  5.78750000e-09  1.33882370e+00  5.78750000e-09  1.80000000e+00  5.78750000e-09  1.80000000e+00  5.78750000e-09  1.80000000e+00 
 5.79250000e-09  1.80000000e+00  5.79250000e-09  1.33883579e+00  5.79250000e-09  1.80000000e+00  5.79250000e-09  1.80000000e+00  5.79250000e-09  1.80000000e+00 
 5.79750000e-09  1.80000000e+00  5.79750000e-09  1.33884784e+00  5.79750000e-09  1.80000000e+00  5.79750000e-09  1.80000000e+00  5.79750000e-09  1.80000000e+00 
 5.80250000e-09  1.80000000e+00  5.80250000e-09  1.33885986e+00  5.80250000e-09  1.80000000e+00  5.80250000e-09  1.80000000e+00  5.80250000e-09  1.80000000e+00 
 5.80750000e-09  1.80000000e+00  5.80750000e-09  1.33887185e+00  5.80750000e-09  1.80000000e+00  5.80750000e-09  1.80000000e+00  5.80750000e-09  1.80000000e+00 
 5.81250000e-09  1.80000000e+00  5.81250000e-09  1.33888381e+00  5.81250000e-09  1.80000000e+00  5.81250000e-09  1.80000000e+00  5.81250000e-09  1.80000000e+00 
 5.81750000e-09  1.80000000e+00  5.81750000e-09  1.33889573e+00  5.81750000e-09  1.80000000e+00  5.81750000e-09  1.80000000e+00  5.81750000e-09  1.80000000e+00 
 5.82250000e-09  1.80000000e+00  5.82250000e-09  1.33890763e+00  5.82250000e-09  1.80000000e+00  5.82250000e-09  1.80000000e+00  5.82250000e-09  1.80000000e+00 
 5.82750000e-09  1.80000000e+00  5.82750000e-09  1.33891949e+00  5.82750000e-09  1.80000000e+00  5.82750000e-09  1.80000000e+00  5.82750000e-09  1.80000000e+00 
 5.83250000e-09  1.80000000e+00  5.83250000e-09  1.33893132e+00  5.83250000e-09  1.80000000e+00  5.83250000e-09  1.80000000e+00  5.83250000e-09  1.80000000e+00 
 5.83750000e-09  1.80000000e+00  5.83750000e-09  1.33894313e+00  5.83750000e-09  1.80000000e+00  5.83750000e-09  1.80000000e+00  5.83750000e-09  1.80000000e+00 
 5.84250000e-09  1.80000000e+00  5.84250000e-09  1.33895490e+00  5.84250000e-09  1.80000000e+00  5.84250000e-09  1.80000000e+00  5.84250000e-09  1.80000000e+00 
 5.84750000e-09  1.80000000e+00  5.84750000e-09  1.33896664e+00  5.84750000e-09  1.80000000e+00  5.84750000e-09  1.80000000e+00  5.84750000e-09  1.80000000e+00 
 5.85250000e-09  1.80000000e+00  5.85250000e-09  1.33897835e+00  5.85250000e-09  1.80000000e+00  5.85250000e-09  1.80000000e+00  5.85250000e-09  1.80000000e+00 
 5.85750000e-09  1.80000000e+00  5.85750000e-09  1.33899003e+00  5.85750000e-09  1.80000000e+00  5.85750000e-09  1.80000000e+00  5.85750000e-09  1.80000000e+00 
 5.86250000e-09  1.80000000e+00  5.86250000e-09  1.33900168e+00  5.86250000e-09  1.80000000e+00  5.86250000e-09  1.80000000e+00  5.86250000e-09  1.80000000e+00 
 5.86750000e-09  1.80000000e+00  5.86750000e-09  1.33901331e+00  5.86750000e-09  1.80000000e+00  5.86750000e-09  1.80000000e+00  5.86750000e-09  1.80000000e+00 
 5.87250000e-09  1.80000000e+00  5.87250000e-09  1.33902490e+00  5.87250000e-09  1.80000000e+00  5.87250000e-09  1.80000000e+00  5.87250000e-09  1.80000000e+00 
 5.87750000e-09  1.80000000e+00  5.87750000e-09  1.33903646e+00  5.87750000e-09  1.80000000e+00  5.87750000e-09  1.80000000e+00  5.87750000e-09  1.80000000e+00 
 5.88250000e-09  1.80000000e+00  5.88250000e-09  1.33904799e+00  5.88250000e-09  1.80000000e+00  5.88250000e-09  1.80000000e+00  5.88250000e-09  1.80000000e+00 
 5.88750000e-09  1.80000000e+00  5.88750000e-09  1.33905949e+00  5.88750000e-09  1.80000000e+00  5.88750000e-09  1.80000000e+00  5.88750000e-09  1.80000000e+00 
 5.89250000e-09  1.80000000e+00  5.89250000e-09  1.33907096e+00  5.89250000e-09  1.80000000e+00  5.89250000e-09  1.80000000e+00  5.89250000e-09  1.80000000e+00 
 5.89750000e-09  1.80000000e+00  5.89750000e-09  1.33908241e+00  5.89750000e-09  1.80000000e+00  5.89750000e-09  1.80000000e+00  5.89750000e-09  1.80000000e+00 
 5.90250000e-09  1.80000000e+00  5.90250000e-09  1.33909382e+00  5.90250000e-09  1.80000000e+00  5.90250000e-09  1.80000000e+00  5.90250000e-09  1.80000000e+00 
 5.90750000e-09  1.80000000e+00  5.90750000e-09  1.33910521e+00  5.90750000e-09  1.80000000e+00  5.90750000e-09  1.80000000e+00  5.90750000e-09  1.80000000e+00 
 5.91250000e-09  1.80000000e+00  5.91250000e-09  1.33911656e+00  5.91250000e-09  1.80000000e+00  5.91250000e-09  1.80000000e+00  5.91250000e-09  1.80000000e+00 
 5.91750000e-09  1.80000000e+00  5.91750000e-09  1.33912789e+00  5.91750000e-09  1.80000000e+00  5.91750000e-09  1.80000000e+00  5.91750000e-09  1.80000000e+00 
 5.92250000e-09  1.80000000e+00  5.92250000e-09  1.33913919e+00  5.92250000e-09  1.80000000e+00  5.92250000e-09  1.80000000e+00  5.92250000e-09  1.80000000e+00 
 5.92750000e-09  1.80000000e+00  5.92750000e-09  1.33915046e+00  5.92750000e-09  1.80000000e+00  5.92750000e-09  1.80000000e+00  5.92750000e-09  1.80000000e+00 
 5.93250000e-09  1.80000000e+00  5.93250000e-09  1.33916170e+00  5.93250000e-09  1.80000000e+00  5.93250000e-09  1.80000000e+00  5.93250000e-09  1.80000000e+00 
 5.93750000e-09  1.80000000e+00  5.93750000e-09  1.33917291e+00  5.93750000e-09  1.80000000e+00  5.93750000e-09  1.80000000e+00  5.93750000e-09  1.80000000e+00 
 5.94250000e-09  1.80000000e+00  5.94250000e-09  1.33918409e+00  5.94250000e-09  1.80000000e+00  5.94250000e-09  1.80000000e+00  5.94250000e-09  1.80000000e+00 
 5.94750000e-09  1.80000000e+00  5.94750000e-09  1.33919525e+00  5.94750000e-09  1.80000000e+00  5.94750000e-09  1.80000000e+00  5.94750000e-09  1.80000000e+00 
 5.95250000e-09  1.80000000e+00  5.95250000e-09  1.33920638e+00  5.95250000e-09  1.80000000e+00  5.95250000e-09  1.80000000e+00  5.95250000e-09  1.80000000e+00 
 5.95750000e-09  1.80000000e+00  5.95750000e-09  1.33921748e+00  5.95750000e-09  1.80000000e+00  5.95750000e-09  1.80000000e+00  5.95750000e-09  1.80000000e+00 
 5.96250000e-09  1.80000000e+00  5.96250000e-09  1.33922855e+00  5.96250000e-09  1.80000000e+00  5.96250000e-09  1.80000000e+00  5.96250000e-09  1.80000000e+00 
 5.96750000e-09  1.80000000e+00  5.96750000e-09  1.33923959e+00  5.96750000e-09  1.80000000e+00  5.96750000e-09  1.80000000e+00  5.96750000e-09  1.80000000e+00 
 5.97250000e-09  1.80000000e+00  5.97250000e-09  1.33925061e+00  5.97250000e-09  1.80000000e+00  5.97250000e-09  1.80000000e+00  5.97250000e-09  1.80000000e+00 
 5.97750000e-09  1.80000000e+00  5.97750000e-09  1.33926160e+00  5.97750000e-09  1.80000000e+00  5.97750000e-09  1.80000000e+00  5.97750000e-09  1.80000000e+00 
 5.98250000e-09  1.80000000e+00  5.98250000e-09  1.33927256e+00  5.98250000e-09  1.80000000e+00  5.98250000e-09  1.80000000e+00  5.98250000e-09  1.80000000e+00 
 5.98750000e-09  1.80000000e+00  5.98750000e-09  1.33928349e+00  5.98750000e-09  1.80000000e+00  5.98750000e-09  1.80000000e+00  5.98750000e-09  1.80000000e+00 
 5.99250000e-09  1.80000000e+00  5.99250000e-09  1.33929440e+00  5.99250000e-09  1.80000000e+00  5.99250000e-09  1.80000000e+00  5.99250000e-09  1.80000000e+00 
 5.99750000e-09  1.80000000e+00  5.99750000e-09  1.33930528e+00  5.99750000e-09  1.80000000e+00  5.99750000e-09  1.80000000e+00  5.99750000e-09  1.80000000e+00 
 6.00250000e-09  1.80000000e+00  6.00250000e-09  1.33931613e+00  6.00250000e-09  1.80000000e+00  6.00250000e-09  1.80000000e+00  6.00250000e-09  1.80000000e+00 
 6.00750000e-09  1.80000000e+00  6.00750000e-09  1.33932696e+00  6.00750000e-09  1.80000000e+00  6.00750000e-09  1.80000000e+00  6.00750000e-09  1.80000000e+00 
 6.01250000e-09  1.80000000e+00  6.01250000e-09  1.33933776e+00  6.01250000e-09  1.80000000e+00  6.01250000e-09  1.80000000e+00  6.01250000e-09  1.80000000e+00 
 6.01750000e-09  1.80000000e+00  6.01750000e-09  1.33934853e+00  6.01750000e-09  1.80000000e+00  6.01750000e-09  1.80000000e+00  6.01750000e-09  1.80000000e+00 
 6.02250000e-09  1.80000000e+00  6.02250000e-09  1.33935927e+00  6.02250000e-09  1.80000000e+00  6.02250000e-09  1.80000000e+00  6.02250000e-09  1.80000000e+00 
 6.02750000e-09  1.80000000e+00  6.02750000e-09  1.33936999e+00  6.02750000e-09  1.80000000e+00  6.02750000e-09  1.80000000e+00  6.02750000e-09  1.80000000e+00 
 6.03250000e-09  1.80000000e+00  6.03250000e-09  1.33938069e+00  6.03250000e-09  1.80000000e+00  6.03250000e-09  1.80000000e+00  6.03250000e-09  1.80000000e+00 
 6.03750000e-09  1.80000000e+00  6.03750000e-09  1.33939135e+00  6.03750000e-09  1.80000000e+00  6.03750000e-09  1.80000000e+00  6.03750000e-09  1.80000000e+00 
 6.04250000e-09  1.80000000e+00  6.04250000e-09  1.33940199e+00  6.04250000e-09  1.80000000e+00  6.04250000e-09  1.80000000e+00  6.04250000e-09  1.80000000e+00 
 6.04750000e-09  1.80000000e+00  6.04750000e-09  1.33941260e+00  6.04750000e-09  1.80000000e+00  6.04750000e-09  1.80000000e+00  6.04750000e-09  1.80000000e+00 
 6.05250000e-09  1.80000000e+00  6.05250000e-09  1.33942319e+00  6.05250000e-09  1.80000000e+00  6.05250000e-09  1.80000000e+00  6.05250000e-09  1.80000000e+00 
 6.05750000e-09  1.80000000e+00  6.05750000e-09  1.33943375e+00  6.05750000e-09  1.80000000e+00  6.05750000e-09  1.80000000e+00  6.05750000e-09  1.80000000e+00 
 6.06250000e-09  1.80000000e+00  6.06250000e-09  1.33944429e+00  6.06250000e-09  1.80000000e+00  6.06250000e-09  1.80000000e+00  6.06250000e-09  1.80000000e+00 
 6.06750000e-09  1.80000000e+00  6.06750000e-09  1.33945480e+00  6.06750000e-09  1.80000000e+00  6.06750000e-09  1.80000000e+00  6.06750000e-09  1.80000000e+00 
 6.07250000e-09  1.80000000e+00  6.07250000e-09  1.33946528e+00  6.07250000e-09  1.80000000e+00  6.07250000e-09  1.80000000e+00  6.07250000e-09  1.80000000e+00 
 6.07750000e-09  1.80000000e+00  6.07750000e-09  1.33947574e+00  6.07750000e-09  1.80000000e+00  6.07750000e-09  1.80000000e+00  6.07750000e-09  1.80000000e+00 
 6.08250000e-09  1.80000000e+00  6.08250000e-09  1.33948617e+00  6.08250000e-09  1.80000000e+00  6.08250000e-09  1.80000000e+00  6.08250000e-09  1.80000000e+00 
 6.08750000e-09  1.80000000e+00  6.08750000e-09  1.33949658e+00  6.08750000e-09  1.80000000e+00  6.08750000e-09  1.80000000e+00  6.08750000e-09  1.80000000e+00 
 6.09250000e-09  1.80000000e+00  6.09250000e-09  1.33950696e+00  6.09250000e-09  1.80000000e+00  6.09250000e-09  1.80000000e+00  6.09250000e-09  1.80000000e+00 
 6.09750000e-09  1.80000000e+00  6.09750000e-09  1.33951732e+00  6.09750000e-09  1.80000000e+00  6.09750000e-09  1.80000000e+00  6.09750000e-09  1.80000000e+00 
 6.10250000e-09  1.80000000e+00  6.10250000e-09  1.33952765e+00  6.10250000e-09  1.80000000e+00  6.10250000e-09  1.80000000e+00  6.10250000e-09  1.80000000e+00 
 6.10750000e-09  1.80000000e+00  6.10750000e-09  1.33953795e+00  6.10750000e-09  1.80000000e+00  6.10750000e-09  1.80000000e+00  6.10750000e-09  1.80000000e+00 
 6.11250000e-09  1.80000000e+00  6.11250000e-09  1.33954823e+00  6.11250000e-09  1.80000000e+00  6.11250000e-09  1.80000000e+00  6.11250000e-09  1.80000000e+00 
 6.11750000e-09  1.80000000e+00  6.11750000e-09  1.33955849e+00  6.11750000e-09  1.80000000e+00  6.11750000e-09  1.80000000e+00  6.11750000e-09  1.80000000e+00 
 6.12250000e-09  1.80000000e+00  6.12250000e-09  1.33956872e+00  6.12250000e-09  1.80000000e+00  6.12250000e-09  1.80000000e+00  6.12250000e-09  1.80000000e+00 
 6.12750000e-09  1.80000000e+00  6.12750000e-09  1.33957893e+00  6.12750000e-09  1.80000000e+00  6.12750000e-09  1.80000000e+00  6.12750000e-09  1.80000000e+00 
 6.13250000e-09  1.80000000e+00  6.13250000e-09  1.33958911e+00  6.13250000e-09  1.80000000e+00  6.13250000e-09  1.80000000e+00  6.13250000e-09  1.80000000e+00 
 6.13750000e-09  1.80000000e+00  6.13750000e-09  1.33959927e+00  6.13750000e-09  1.80000000e+00  6.13750000e-09  1.80000000e+00  6.13750000e-09  1.80000000e+00 
 6.14250000e-09  1.80000000e+00  6.14250000e-09  1.33960940e+00  6.14250000e-09  1.80000000e+00  6.14250000e-09  1.80000000e+00  6.14250000e-09  1.80000000e+00 
 6.14750000e-09  1.80000000e+00  6.14750000e-09  1.33961951e+00  6.14750000e-09  1.80000000e+00  6.14750000e-09  1.80000000e+00  6.14750000e-09  1.80000000e+00 
 6.15250000e-09  1.80000000e+00  6.15250000e-09  1.33962960e+00  6.15250000e-09  1.80000000e+00  6.15250000e-09  1.80000000e+00  6.15250000e-09  1.80000000e+00 
 6.15750000e-09  1.80000000e+00  6.15750000e-09  1.33963966e+00  6.15750000e-09  1.80000000e+00  6.15750000e-09  1.80000000e+00  6.15750000e-09  1.80000000e+00 
 6.16250000e-09  1.80000000e+00  6.16250000e-09  1.33964969e+00  6.16250000e-09  1.80000000e+00  6.16250000e-09  1.80000000e+00  6.16250000e-09  1.80000000e+00 
 6.16750000e-09  1.80000000e+00  6.16750000e-09  1.33965971e+00  6.16750000e-09  1.80000000e+00  6.16750000e-09  1.80000000e+00  6.16750000e-09  1.80000000e+00 
 6.17250000e-09  1.80000000e+00  6.17250000e-09  1.33966970e+00  6.17250000e-09  1.80000000e+00  6.17250000e-09  1.80000000e+00  6.17250000e-09  1.80000000e+00 
 6.17750000e-09  1.80000000e+00  6.17750000e-09  1.33967966e+00  6.17750000e-09  1.80000000e+00  6.17750000e-09  1.80000000e+00  6.17750000e-09  1.80000000e+00 
 6.18250000e-09  1.80000000e+00  6.18250000e-09  1.33968960e+00  6.18250000e-09  1.80000000e+00  6.18250000e-09  1.80000000e+00  6.18250000e-09  1.80000000e+00 
 6.18750000e-09  1.80000000e+00  6.18750000e-09  1.33969952e+00  6.18750000e-09  1.80000000e+00  6.18750000e-09  1.80000000e+00  6.18750000e-09  1.80000000e+00 
 6.19250000e-09  1.80000000e+00  6.19250000e-09  1.33970941e+00  6.19250000e-09  1.80000000e+00  6.19250000e-09  1.80000000e+00  6.19250000e-09  1.80000000e+00 
 6.19750000e-09  1.80000000e+00  6.19750000e-09  1.33971928e+00  6.19750000e-09  1.80000000e+00  6.19750000e-09  1.80000000e+00  6.19750000e-09  1.80000000e+00 
 6.20250000e-09  1.80000000e+00  6.20250000e-09  1.33972913e+00  6.20250000e-09  1.80000000e+00  6.20250000e-09  1.80000000e+00  6.20250000e-09  1.80000000e+00 
 6.20750000e-09  1.80000000e+00  6.20750000e-09  1.33973895e+00  6.20750000e-09  1.80000000e+00  6.20750000e-09  1.80000000e+00  6.20750000e-09  1.80000000e+00 
 6.21250000e-09  1.80000000e+00  6.21250000e-09  1.33974875e+00  6.21250000e-09  1.80000000e+00  6.21250000e-09  1.80000000e+00  6.21250000e-09  1.80000000e+00 
 6.21750000e-09  1.80000000e+00  6.21750000e-09  1.33975853e+00  6.21750000e-09  1.80000000e+00  6.21750000e-09  1.80000000e+00  6.21750000e-09  1.80000000e+00 
 6.22250000e-09  1.80000000e+00  6.22250000e-09  1.33976828e+00  6.22250000e-09  1.80000000e+00  6.22250000e-09  1.80000000e+00  6.22250000e-09  1.80000000e+00 
 6.22750000e-09  1.80000000e+00  6.22750000e-09  1.33977802e+00  6.22750000e-09  1.80000000e+00  6.22750000e-09  1.80000000e+00  6.22750000e-09  1.80000000e+00 
 6.23250000e-09  1.80000000e+00  6.23250000e-09  1.33978772e+00  6.23250000e-09  1.80000000e+00  6.23250000e-09  1.80000000e+00  6.23250000e-09  1.80000000e+00 
 6.23750000e-09  1.80000000e+00  6.23750000e-09  1.33979741e+00  6.23750000e-09  1.80000000e+00  6.23750000e-09  1.80000000e+00  6.23750000e-09  1.80000000e+00 
 6.24250000e-09  1.80000000e+00  6.24250000e-09  1.33980707e+00  6.24250000e-09  1.80000000e+00  6.24250000e-09  1.80000000e+00  6.24250000e-09  1.80000000e+00 
 6.24750000e-09  1.80000000e+00  6.24750000e-09  1.33981671e+00  6.24750000e-09  1.80000000e+00  6.24750000e-09  1.80000000e+00  6.24750000e-09  1.80000000e+00 
 6.25250000e-09  1.80000000e+00  6.25250000e-09  1.33982633e+00  6.25250000e-09  1.80000000e+00  6.25250000e-09  1.80000000e+00  6.25250000e-09  1.80000000e+00 
 6.25750000e-09  1.80000000e+00  6.25750000e-09  1.33983592e+00  6.25750000e-09  1.80000000e+00  6.25750000e-09  1.80000000e+00  6.25750000e-09  1.80000000e+00 
 6.26250000e-09  1.80000000e+00  6.26250000e-09  1.33984550e+00  6.26250000e-09  1.80000000e+00  6.26250000e-09  1.80000000e+00  6.26250000e-09  1.80000000e+00 
 6.26750000e-09  1.80000000e+00  6.26750000e-09  1.33985505e+00  6.26750000e-09  1.80000000e+00  6.26750000e-09  1.80000000e+00  6.26750000e-09  1.80000000e+00 
 6.27250000e-09  1.80000000e+00  6.27250000e-09  1.33986457e+00  6.27250000e-09  1.80000000e+00  6.27250000e-09  1.80000000e+00  6.27250000e-09  1.80000000e+00 
 6.27750000e-09  1.80000000e+00  6.27750000e-09  1.33987408e+00  6.27750000e-09  1.80000000e+00  6.27750000e-09  1.80000000e+00  6.27750000e-09  1.80000000e+00 
 6.28250000e-09  1.80000000e+00  6.28250000e-09  1.33988356e+00  6.28250000e-09  1.80000000e+00  6.28250000e-09  1.80000000e+00  6.28250000e-09  1.80000000e+00 
 6.28750000e-09  1.80000000e+00  6.28750000e-09  1.33989303e+00  6.28750000e-09  1.80000000e+00  6.28750000e-09  1.80000000e+00  6.28750000e-09  1.80000000e+00 
 6.29250000e-09  1.80000000e+00  6.29250000e-09  1.33990246e+00  6.29250000e-09  1.80000000e+00  6.29250000e-09  1.80000000e+00  6.29250000e-09  1.80000000e+00 
 6.29750000e-09  1.80000000e+00  6.29750000e-09  1.33991188e+00  6.29750000e-09  1.80000000e+00  6.29750000e-09  1.80000000e+00  6.29750000e-09  1.80000000e+00 
 6.30250000e-09  1.80000000e+00  6.30250000e-09  1.33992128e+00  6.30250000e-09  1.80000000e+00  6.30250000e-09  1.80000000e+00  6.30250000e-09  1.80000000e+00 
 6.30750000e-09  1.80000000e+00  6.30750000e-09  1.33993065e+00  6.30750000e-09  1.80000000e+00  6.30750000e-09  1.80000000e+00  6.30750000e-09  1.80000000e+00 
 6.31250000e-09  1.80000000e+00  6.31250000e-09  1.33994000e+00  6.31250000e-09  1.80000000e+00  6.31250000e-09  1.80000000e+00  6.31250000e-09  1.80000000e+00 
 6.31750000e-09  1.80000000e+00  6.31750000e-09  1.33994934e+00  6.31750000e-09  1.80000000e+00  6.31750000e-09  1.80000000e+00  6.31750000e-09  1.80000000e+00 
 6.32250000e-09  1.80000000e+00  6.32250000e-09  1.33995864e+00  6.32250000e-09  1.80000000e+00  6.32250000e-09  1.80000000e+00  6.32250000e-09  1.80000000e+00 
 6.32750000e-09  1.80000000e+00  6.32750000e-09  1.33996793e+00  6.32750000e-09  1.80000000e+00  6.32750000e-09  1.80000000e+00  6.32750000e-09  1.80000000e+00 
 6.33250000e-09  1.80000000e+00  6.33250000e-09  1.33997720e+00  6.33250000e-09  1.80000000e+00  6.33250000e-09  1.80000000e+00  6.33250000e-09  1.80000000e+00 
 6.33750000e-09  1.80000000e+00  6.33750000e-09  1.33998644e+00  6.33750000e-09  1.80000000e+00  6.33750000e-09  1.80000000e+00  6.33750000e-09  1.80000000e+00 
 6.34250000e-09  1.80000000e+00  6.34250000e-09  1.33999567e+00  6.34250000e-09  1.80000000e+00  6.34250000e-09  1.80000000e+00  6.34250000e-09  1.80000000e+00 
 6.34750000e-09  1.80000000e+00  6.34750000e-09  1.34000487e+00  6.34750000e-09  1.80000000e+00  6.34750000e-09  1.80000000e+00  6.34750000e-09  1.80000000e+00 
 6.35250000e-09  1.80000000e+00  6.35250000e-09  1.34001405e+00  6.35250000e-09  1.80000000e+00  6.35250000e-09  1.80000000e+00  6.35250000e-09  1.80000000e+00 
 6.35750000e-09  1.80000000e+00  6.35750000e-09  1.34002321e+00  6.35750000e-09  1.80000000e+00  6.35750000e-09  1.80000000e+00  6.35750000e-09  1.80000000e+00 
 6.36250000e-09  1.80000000e+00  6.36250000e-09  1.34003235e+00  6.36250000e-09  1.80000000e+00  6.36250000e-09  1.80000000e+00  6.36250000e-09  1.80000000e+00 
 6.36750000e-09  1.80000000e+00  6.36750000e-09  1.34004147e+00  6.36750000e-09  1.80000000e+00  6.36750000e-09  1.80000000e+00  6.36750000e-09  1.80000000e+00 
 6.37250000e-09  1.80000000e+00  6.37250000e-09  1.34005057e+00  6.37250000e-09  1.80000000e+00  6.37250000e-09  1.80000000e+00  6.37250000e-09  1.80000000e+00 
 6.37750000e-09  1.80000000e+00  6.37750000e-09  1.34005965e+00  6.37750000e-09  1.80000000e+00  6.37750000e-09  1.80000000e+00  6.37750000e-09  1.80000000e+00 
 6.38250000e-09  1.80000000e+00  6.38250000e-09  1.34006870e+00  6.38250000e-09  1.80000000e+00  6.38250000e-09  1.80000000e+00  6.38250000e-09  1.80000000e+00 
 6.38750000e-09  1.80000000e+00  6.38750000e-09  1.34007774e+00  6.38750000e-09  1.80000000e+00  6.38750000e-09  1.80000000e+00  6.38750000e-09  1.80000000e+00 
 6.39250000e-09  1.80000000e+00  6.39250000e-09  1.34008676e+00  6.39250000e-09  1.80000000e+00  6.39250000e-09  1.80000000e+00  6.39250000e-09  1.80000000e+00 
 6.39750000e-09  1.80000000e+00  6.39750000e-09  1.34009575e+00  6.39750000e-09  1.80000000e+00  6.39750000e-09  1.80000000e+00  6.39750000e-09  1.80000000e+00 
 6.40250000e-09  1.80000000e+00  6.40250000e-09  1.34010473e+00  6.40250000e-09  1.80000000e+00  6.40250000e-09  1.80000000e+00  6.40250000e-09  1.80000000e+00 
 6.40750000e-09  1.80000000e+00  6.40750000e-09  1.34011368e+00  6.40750000e-09  1.80000000e+00  6.40750000e-09  1.80000000e+00  6.40750000e-09  1.80000000e+00 
 6.41250000e-09  1.80000000e+00  6.41250000e-09  1.34012262e+00  6.41250000e-09  1.80000000e+00  6.41250000e-09  1.80000000e+00  6.41250000e-09  1.80000000e+00 
 6.41750000e-09  1.80000000e+00  6.41750000e-09  1.34013153e+00  6.41750000e-09  1.80000000e+00  6.41750000e-09  1.80000000e+00  6.41750000e-09  1.80000000e+00 
 6.42250000e-09  1.80000000e+00  6.42250000e-09  1.34014042e+00  6.42250000e-09  1.80000000e+00  6.42250000e-09  1.80000000e+00  6.42250000e-09  1.80000000e+00 
 6.42750000e-09  1.80000000e+00  6.42750000e-09  1.34014930e+00  6.42750000e-09  1.80000000e+00  6.42750000e-09  1.80000000e+00  6.42750000e-09  1.80000000e+00 
 6.43250000e-09  1.80000000e+00  6.43250000e-09  1.34015815e+00  6.43250000e-09  1.80000000e+00  6.43250000e-09  1.80000000e+00  6.43250000e-09  1.80000000e+00 
 6.43750000e-09  1.80000000e+00  6.43750000e-09  1.34016699e+00  6.43750000e-09  1.80000000e+00  6.43750000e-09  1.80000000e+00  6.43750000e-09  1.80000000e+00 
 6.44250000e-09  1.80000000e+00  6.44250000e-09  1.34017580e+00  6.44250000e-09  1.80000000e+00  6.44250000e-09  1.80000000e+00  6.44250000e-09  1.80000000e+00 
 6.44750000e-09  1.80000000e+00  6.44750000e-09  1.34018460e+00  6.44750000e-09  1.80000000e+00  6.44750000e-09  1.80000000e+00  6.44750000e-09  1.80000000e+00 
 6.45250000e-09  1.80000000e+00  6.45250000e-09  1.34019337e+00  6.45250000e-09  1.80000000e+00  6.45250000e-09  1.80000000e+00  6.45250000e-09  1.80000000e+00 
 6.45750000e-09  1.80000000e+00  6.45750000e-09  1.34020213e+00  6.45750000e-09  1.80000000e+00  6.45750000e-09  1.80000000e+00  6.45750000e-09  1.80000000e+00 
 6.46250000e-09  1.80000000e+00  6.46250000e-09  1.34021086e+00  6.46250000e-09  1.80000000e+00  6.46250000e-09  1.80000000e+00  6.46250000e-09  1.80000000e+00 
 6.46750000e-09  1.80000000e+00  6.46750000e-09  1.34021958e+00  6.46750000e-09  1.80000000e+00  6.46750000e-09  1.80000000e+00  6.46750000e-09  1.80000000e+00 
 6.47250000e-09  1.80000000e+00  6.47250000e-09  1.34022828e+00  6.47250000e-09  1.80000000e+00  6.47250000e-09  1.80000000e+00  6.47250000e-09  1.80000000e+00 
 6.47750000e-09  1.80000000e+00  6.47750000e-09  1.34023695e+00  6.47750000e-09  1.80000000e+00  6.47750000e-09  1.80000000e+00  6.47750000e-09  1.80000000e+00 
 6.48250000e-09  1.80000000e+00  6.48250000e-09  1.34024561e+00  6.48250000e-09  1.80000000e+00  6.48250000e-09  1.80000000e+00  6.48250000e-09  1.80000000e+00 
 6.48750000e-09  1.80000000e+00  6.48750000e-09  1.34025425e+00  6.48750000e-09  1.80000000e+00  6.48750000e-09  1.80000000e+00  6.48750000e-09  1.80000000e+00 
 6.49250000e-09  1.80000000e+00  6.49250000e-09  1.34026287e+00  6.49250000e-09  1.80000000e+00  6.49250000e-09  1.80000000e+00  6.49250000e-09  1.80000000e+00 
 6.49750000e-09  1.80000000e+00  6.49750000e-09  1.34027147e+00  6.49750000e-09  1.80000000e+00  6.49750000e-09  1.80000000e+00  6.49750000e-09  1.80000000e+00 
 6.50250000e-09  1.80000000e+00  6.50250000e-09  1.34028005e+00  6.50250000e-09  1.80000000e+00  6.50250000e-09  1.80000000e+00  6.50250000e-09  1.80000000e+00 
 6.50750000e-09  1.80000000e+00  6.50750000e-09  1.34028862e+00  6.50750000e-09  1.80000000e+00  6.50750000e-09  1.80000000e+00  6.50750000e-09  1.80000000e+00 
 6.51250000e-09  1.80000000e+00  6.51250000e-09  1.34029716e+00  6.51250000e-09  1.80000000e+00  6.51250000e-09  1.80000000e+00  6.51250000e-09  1.80000000e+00 
 6.51750000e-09  1.80000000e+00  6.51750000e-09  1.34030569e+00  6.51750000e-09  1.80000000e+00  6.51750000e-09  1.80000000e+00  6.51750000e-09  1.80000000e+00 
 6.52250000e-09  1.80000000e+00  6.52250000e-09  1.34031419e+00  6.52250000e-09  1.80000000e+00  6.52250000e-09  1.80000000e+00  6.52250000e-09  1.80000000e+00 
 6.52750000e-09  1.80000000e+00  6.52750000e-09  1.34032268e+00  6.52750000e-09  1.80000000e+00  6.52750000e-09  1.80000000e+00  6.52750000e-09  1.80000000e+00 
 6.53250000e-09  1.80000000e+00  6.53250000e-09  1.34033115e+00  6.53250000e-09  1.80000000e+00  6.53250000e-09  1.80000000e+00  6.53250000e-09  1.80000000e+00 
 6.53750000e-09  1.80000000e+00  6.53750000e-09  1.34033960e+00  6.53750000e-09  1.80000000e+00  6.53750000e-09  1.80000000e+00  6.53750000e-09  1.80000000e+00 
 6.54250000e-09  1.80000000e+00  6.54250000e-09  1.34034803e+00  6.54250000e-09  1.80000000e+00  6.54250000e-09  1.80000000e+00  6.54250000e-09  1.80000000e+00 
 6.54750000e-09  1.80000000e+00  6.54750000e-09  1.34035644e+00  6.54750000e-09  1.80000000e+00  6.54750000e-09  1.80000000e+00  6.54750000e-09  1.80000000e+00 
 6.55250000e-09  1.80000000e+00  6.55250000e-09  1.34036484e+00  6.55250000e-09  1.80000000e+00  6.55250000e-09  1.80000000e+00  6.55250000e-09  1.80000000e+00 
 6.55750000e-09  1.80000000e+00  6.55750000e-09  1.34037321e+00  6.55750000e-09  1.80000000e+00  6.55750000e-09  1.80000000e+00  6.55750000e-09  1.80000000e+00 
 6.56250000e-09  1.80000000e+00  6.56250000e-09  1.34038157e+00  6.56250000e-09  1.80000000e+00  6.56250000e-09  1.80000000e+00  6.56250000e-09  1.80000000e+00 
 6.56750000e-09  1.80000000e+00  6.56750000e-09  1.34038991e+00  6.56750000e-09  1.80000000e+00  6.56750000e-09  1.80000000e+00  6.56750000e-09  1.80000000e+00 
 6.57250000e-09  1.80000000e+00  6.57250000e-09  1.34039823e+00  6.57250000e-09  1.80000000e+00  6.57250000e-09  1.80000000e+00  6.57250000e-09  1.80000000e+00 
 6.57750000e-09  1.80000000e+00  6.57750000e-09  1.34040654e+00  6.57750000e-09  1.80000000e+00  6.57750000e-09  1.80000000e+00  6.57750000e-09  1.80000000e+00 
 6.58250000e-09  1.80000000e+00  6.58250000e-09  1.34041482e+00  6.58250000e-09  1.80000000e+00  6.58250000e-09  1.80000000e+00  6.58250000e-09  1.80000000e+00 
 6.58750000e-09  1.80000000e+00  6.58750000e-09  1.34042309e+00  6.58750000e-09  1.80000000e+00  6.58750000e-09  1.80000000e+00  6.58750000e-09  1.80000000e+00 
 6.59250000e-09  1.80000000e+00  6.59250000e-09  1.34043134e+00  6.59250000e-09  1.80000000e+00  6.59250000e-09  1.80000000e+00  6.59250000e-09  1.80000000e+00 
 6.59750000e-09  1.80000000e+00  6.59750000e-09  1.34043957e+00  6.59750000e-09  1.80000000e+00  6.59750000e-09  1.80000000e+00  6.59750000e-09  1.80000000e+00 
 6.60250000e-09  1.80000000e+00  6.60250000e-09  1.34044779e+00  6.60250000e-09  1.80000000e+00  6.60250000e-09  1.80000000e+00  6.60250000e-09  1.80000000e+00 
 6.60750000e-09  1.80000000e+00  6.60750000e-09  1.34045598e+00  6.60750000e-09  1.80000000e+00  6.60750000e-09  1.80000000e+00  6.60750000e-09  1.80000000e+00 
 6.61250000e-09  1.80000000e+00  6.61250000e-09  1.34046416e+00  6.61250000e-09  1.80000000e+00  6.61250000e-09  1.80000000e+00  6.61250000e-09  1.80000000e+00 
 6.61750000e-09  1.80000000e+00  6.61750000e-09  1.34047232e+00  6.61750000e-09  1.80000000e+00  6.61750000e-09  1.80000000e+00  6.61750000e-09  1.80000000e+00 
 6.62250000e-09  1.80000000e+00  6.62250000e-09  1.34048046e+00  6.62250000e-09  1.80000000e+00  6.62250000e-09  1.80000000e+00  6.62250000e-09  1.80000000e+00 
 6.62750000e-09  1.80000000e+00  6.62750000e-09  1.34048859e+00  6.62750000e-09  1.80000000e+00  6.62750000e-09  1.80000000e+00  6.62750000e-09  1.80000000e+00 
 6.63250000e-09  1.80000000e+00  6.63250000e-09  1.34049670e+00  6.63250000e-09  1.80000000e+00  6.63250000e-09  1.80000000e+00  6.63250000e-09  1.80000000e+00 
 6.63750000e-09  1.80000000e+00  6.63750000e-09  1.34050479e+00  6.63750000e-09  1.80000000e+00  6.63750000e-09  1.80000000e+00  6.63750000e-09  1.80000000e+00 
 6.64250000e-09  1.80000000e+00  6.64250000e-09  1.34051286e+00  6.64250000e-09  1.80000000e+00  6.64250000e-09  1.80000000e+00  6.64250000e-09  1.80000000e+00 
 6.64750000e-09  1.80000000e+00  6.64750000e-09  1.34052092e+00  6.64750000e-09  1.80000000e+00  6.64750000e-09  1.80000000e+00  6.64750000e-09  1.80000000e+00 
 6.65250000e-09  1.80000000e+00  6.65250000e-09  1.34052896e+00  6.65250000e-09  1.80000000e+00  6.65250000e-09  1.80000000e+00  6.65250000e-09  1.80000000e+00 
 6.65750000e-09  1.80000000e+00  6.65750000e-09  1.34053698e+00  6.65750000e-09  1.80000000e+00  6.65750000e-09  1.80000000e+00  6.65750000e-09  1.80000000e+00 
 6.66250000e-09  1.80000000e+00  6.66250000e-09  1.34054498e+00  6.66250000e-09  1.80000000e+00  6.66250000e-09  1.80000000e+00  6.66250000e-09  1.80000000e+00 
 6.66750000e-09  1.80000000e+00  6.66750000e-09  1.34055297e+00  6.66750000e-09  1.80000000e+00  6.66750000e-09  1.80000000e+00  6.66750000e-09  1.80000000e+00 
 6.67250000e-09  1.80000000e+00  6.67250000e-09  1.34056094e+00  6.67250000e-09  1.80000000e+00  6.67250000e-09  1.80000000e+00  6.67250000e-09  1.80000000e+00 
 6.67750000e-09  1.80000000e+00  6.67750000e-09  1.34056889e+00  6.67750000e-09  1.80000000e+00  6.67750000e-09  1.80000000e+00  6.67750000e-09  1.80000000e+00 
 6.68250000e-09  1.80000000e+00  6.68250000e-09  1.34057683e+00  6.68250000e-09  1.80000000e+00  6.68250000e-09  1.80000000e+00  6.68250000e-09  1.80000000e+00 
 6.68750000e-09  1.80000000e+00  6.68750000e-09  1.34058475e+00  6.68750000e-09  1.80000000e+00  6.68750000e-09  1.80000000e+00  6.68750000e-09  1.80000000e+00 
 6.69250000e-09  1.80000000e+00  6.69250000e-09  1.34059265e+00  6.69250000e-09  1.80000000e+00  6.69250000e-09  1.80000000e+00  6.69250000e-09  1.80000000e+00 
 6.69750000e-09  1.80000000e+00  6.69750000e-09  1.34060054e+00  6.69750000e-09  1.80000000e+00  6.69750000e-09  1.80000000e+00  6.69750000e-09  1.80000000e+00 
 6.70250000e-09  1.80000000e+00  6.70250000e-09  1.34060841e+00  6.70250000e-09  1.80000000e+00  6.70250000e-09  1.80000000e+00  6.70250000e-09  1.80000000e+00 
 6.70750000e-09  1.80000000e+00  6.70750000e-09  1.34061626e+00  6.70750000e-09  1.80000000e+00  6.70750000e-09  1.80000000e+00  6.70750000e-09  1.80000000e+00 
 6.71250000e-09  1.80000000e+00  6.71250000e-09  1.34062410e+00  6.71250000e-09  1.80000000e+00  6.71250000e-09  1.80000000e+00  6.71250000e-09  1.80000000e+00 
 6.71750000e-09  1.80000000e+00  6.71750000e-09  1.34063191e+00  6.71750000e-09  1.80000000e+00  6.71750000e-09  1.80000000e+00  6.71750000e-09  1.80000000e+00 
 6.72250000e-09  1.80000000e+00  6.72250000e-09  1.34063972e+00  6.72250000e-09  1.80000000e+00  6.72250000e-09  1.80000000e+00  6.72250000e-09  1.80000000e+00 
 6.72750000e-09  1.80000000e+00  6.72750000e-09  1.34064750e+00  6.72750000e-09  1.80000000e+00  6.72750000e-09  1.80000000e+00  6.72750000e-09  1.80000000e+00 
 6.73250000e-09  1.80000000e+00  6.73250000e-09  1.34065527e+00  6.73250000e-09  1.80000000e+00  6.73250000e-09  1.80000000e+00  6.73250000e-09  1.80000000e+00 
 6.73750000e-09  1.80000000e+00  6.73750000e-09  1.34066303e+00  6.73750000e-09  1.80000000e+00  6.73750000e-09  1.80000000e+00  6.73750000e-09  1.80000000e+00 
 6.74250000e-09  1.80000000e+00  6.74250000e-09  1.34067076e+00  6.74250000e-09  1.80000000e+00  6.74250000e-09  1.80000000e+00  6.74250000e-09  1.80000000e+00 
 6.74750000e-09  1.80000000e+00  6.74750000e-09  1.34067849e+00  6.74750000e-09  1.80000000e+00  6.74750000e-09  1.80000000e+00  6.74750000e-09  1.80000000e+00 
 6.75250000e-09  1.80000000e+00  6.75250000e-09  1.34068619e+00  6.75250000e-09  1.80000000e+00  6.75250000e-09  1.80000000e+00  6.75250000e-09  1.80000000e+00 
 6.75750000e-09  1.80000000e+00  6.75750000e-09  1.34069388e+00  6.75750000e-09  1.80000000e+00  6.75750000e-09  1.80000000e+00  6.75750000e-09  1.80000000e+00 
 6.76250000e-09  1.80000000e+00  6.76250000e-09  1.34070155e+00  6.76250000e-09  1.80000000e+00  6.76250000e-09  1.80000000e+00  6.76250000e-09  1.80000000e+00 
 6.76750000e-09  1.80000000e+00  6.76750000e-09  1.34070921e+00  6.76750000e-09  1.80000000e+00  6.76750000e-09  1.80000000e+00  6.76750000e-09  1.80000000e+00 
 6.77250000e-09  1.80000000e+00  6.77250000e-09  1.34071685e+00  6.77250000e-09  1.80000000e+00  6.77250000e-09  1.80000000e+00  6.77250000e-09  1.80000000e+00 
 6.77750000e-09  1.80000000e+00  6.77750000e-09  1.34072447e+00  6.77750000e-09  1.80000000e+00  6.77750000e-09  1.80000000e+00  6.77750000e-09  1.80000000e+00 
 6.78250000e-09  1.80000000e+00  6.78250000e-09  1.34073208e+00  6.78250000e-09  1.80000000e+00  6.78250000e-09  1.80000000e+00  6.78250000e-09  1.80000000e+00 
 6.78750000e-09  1.80000000e+00  6.78750000e-09  1.34073968e+00  6.78750000e-09  1.80000000e+00  6.78750000e-09  1.80000000e+00  6.78750000e-09  1.80000000e+00 
 6.79250000e-09  1.80000000e+00  6.79250000e-09  1.34074725e+00  6.79250000e-09  1.80000000e+00  6.79250000e-09  1.80000000e+00  6.79250000e-09  1.80000000e+00 
 6.79750000e-09  1.80000000e+00  6.79750000e-09  1.34075481e+00  6.79750000e-09  1.80000000e+00  6.79750000e-09  1.80000000e+00  6.79750000e-09  1.80000000e+00 
 6.80250000e-09  1.80000000e+00  6.80250000e-09  1.34076236e+00  6.80250000e-09  1.80000000e+00  6.80250000e-09  1.80000000e+00  6.80250000e-09  1.80000000e+00 
 6.80750000e-09  1.80000000e+00  6.80750000e-09  1.34076989e+00  6.80750000e-09  1.80000000e+00  6.80750000e-09  1.80000000e+00  6.80750000e-09  1.80000000e+00 
 6.81250000e-09  1.80000000e+00  6.81250000e-09  1.34077740e+00  6.81250000e-09  1.80000000e+00  6.81250000e-09  1.80000000e+00  6.81250000e-09  1.80000000e+00 
 6.81750000e-09  1.80000000e+00  6.81750000e-09  1.34078490e+00  6.81750000e-09  1.80000000e+00  6.81750000e-09  1.80000000e+00  6.81750000e-09  1.80000000e+00 
 6.82250000e-09  1.80000000e+00  6.82250000e-09  1.34079239e+00  6.82250000e-09  1.80000000e+00  6.82250000e-09  1.80000000e+00  6.82250000e-09  1.80000000e+00 
 6.82750000e-09  1.80000000e+00  6.82750000e-09  1.34079985e+00  6.82750000e-09  1.80000000e+00  6.82750000e-09  1.80000000e+00  6.82750000e-09  1.80000000e+00 
 6.83250000e-09  1.80000000e+00  6.83250000e-09  1.34080731e+00  6.83250000e-09  1.80000000e+00  6.83250000e-09  1.80000000e+00  6.83250000e-09  1.80000000e+00 
 6.83750000e-09  1.80000000e+00  6.83750000e-09  1.34081474e+00  6.83750000e-09  1.80000000e+00  6.83750000e-09  1.80000000e+00  6.83750000e-09  1.80000000e+00 
 6.84250000e-09  1.80000000e+00  6.84250000e-09  1.34082217e+00  6.84250000e-09  1.80000000e+00  6.84250000e-09  1.80000000e+00  6.84250000e-09  1.80000000e+00 
 6.84750000e-09  1.80000000e+00  6.84750000e-09  1.34082957e+00  6.84750000e-09  1.80000000e+00  6.84750000e-09  1.80000000e+00  6.84750000e-09  1.80000000e+00 
 6.85250000e-09  1.80000000e+00  6.85250000e-09  1.34083696e+00  6.85250000e-09  1.80000000e+00  6.85250000e-09  1.80000000e+00  6.85250000e-09  1.80000000e+00 
 6.85750000e-09  1.80000000e+00  6.85750000e-09  1.34084434e+00  6.85750000e-09  1.80000000e+00  6.85750000e-09  1.80000000e+00  6.85750000e-09  1.80000000e+00 
 6.86250000e-09  1.80000000e+00  6.86250000e-09  1.34085170e+00  6.86250000e-09  1.80000000e+00  6.86250000e-09  1.80000000e+00  6.86250000e-09  1.80000000e+00 
 6.86750000e-09  1.80000000e+00  6.86750000e-09  1.34085905e+00  6.86750000e-09  1.80000000e+00  6.86750000e-09  1.80000000e+00  6.86750000e-09  1.80000000e+00 
 6.87250000e-09  1.80000000e+00  6.87250000e-09  1.34086638e+00  6.87250000e-09  1.80000000e+00  6.87250000e-09  1.80000000e+00  6.87250000e-09  1.80000000e+00 
 6.87750000e-09  1.80000000e+00  6.87750000e-09  1.34087369e+00  6.87750000e-09  1.80000000e+00  6.87750000e-09  1.80000000e+00  6.87750000e-09  1.80000000e+00 
 6.88250000e-09  1.80000000e+00  6.88250000e-09  1.34088099e+00  6.88250000e-09  1.80000000e+00  6.88250000e-09  1.80000000e+00  6.88250000e-09  1.80000000e+00 
 6.88750000e-09  1.80000000e+00  6.88750000e-09  1.34088828e+00  6.88750000e-09  1.80000000e+00  6.88750000e-09  1.80000000e+00  6.88750000e-09  1.80000000e+00 
 6.89250000e-09  1.80000000e+00  6.89250000e-09  1.34089555e+00  6.89250000e-09  1.80000000e+00  6.89250000e-09  1.80000000e+00  6.89250000e-09  1.80000000e+00 
 6.89750000e-09  1.80000000e+00  6.89750000e-09  1.34090281e+00  6.89750000e-09  1.80000000e+00  6.89750000e-09  1.80000000e+00  6.89750000e-09  1.80000000e+00 
 6.90250000e-09  1.80000000e+00  6.90250000e-09  1.34091005e+00  6.90250000e-09  1.80000000e+00  6.90250000e-09  1.80000000e+00  6.90250000e-09  1.80000000e+00 
 6.90750000e-09  1.80000000e+00  6.90750000e-09  1.34091728e+00  6.90750000e-09  1.80000000e+00  6.90750000e-09  1.80000000e+00  6.90750000e-09  1.80000000e+00 
 6.91250000e-09  1.80000000e+00  6.91250000e-09  1.34092449e+00  6.91250000e-09  1.80000000e+00  6.91250000e-09  1.80000000e+00  6.91250000e-09  1.80000000e+00 
 6.91750000e-09  1.80000000e+00  6.91750000e-09  1.34093169e+00  6.91750000e-09  1.80000000e+00  6.91750000e-09  1.80000000e+00  6.91750000e-09  1.80000000e+00 
 6.92250000e-09  1.80000000e+00  6.92250000e-09  1.34093887e+00  6.92250000e-09  1.80000000e+00  6.92250000e-09  1.80000000e+00  6.92250000e-09  1.80000000e+00 
 6.92750000e-09  1.80000000e+00  6.92750000e-09  1.34094604e+00  6.92750000e-09  1.80000000e+00  6.92750000e-09  1.80000000e+00  6.92750000e-09  1.80000000e+00 
 6.93250000e-09  1.80000000e+00  6.93250000e-09  1.34095319e+00  6.93250000e-09  1.80000000e+00  6.93250000e-09  1.80000000e+00  6.93250000e-09  1.80000000e+00 
 6.93750000e-09  1.80000000e+00  6.93750000e-09  1.34096033e+00  6.93750000e-09  1.80000000e+00  6.93750000e-09  1.80000000e+00  6.93750000e-09  1.80000000e+00 
 6.94250000e-09  1.80000000e+00  6.94250000e-09  1.34096746e+00  6.94250000e-09  1.80000000e+00  6.94250000e-09  1.80000000e+00  6.94250000e-09  1.80000000e+00 
 6.94750000e-09  1.80000000e+00  6.94750000e-09  1.34097457e+00  6.94750000e-09  1.80000000e+00  6.94750000e-09  1.80000000e+00  6.94750000e-09  1.80000000e+00 
 6.95250000e-09  1.80000000e+00  6.95250000e-09  1.34098167e+00  6.95250000e-09  1.80000000e+00  6.95250000e-09  1.80000000e+00  6.95250000e-09  1.80000000e+00 
 6.95750000e-09  1.80000000e+00  6.95750000e-09  1.34098875e+00  6.95750000e-09  1.80000000e+00  6.95750000e-09  1.80000000e+00  6.95750000e-09  1.80000000e+00 
 6.96250000e-09  1.80000000e+00  6.96250000e-09  1.34099582e+00  6.96250000e-09  1.80000000e+00  6.96250000e-09  1.80000000e+00  6.96250000e-09  1.80000000e+00 
 6.96750000e-09  1.80000000e+00  6.96750000e-09  1.34100287e+00  6.96750000e-09  1.80000000e+00  6.96750000e-09  1.80000000e+00  6.96750000e-09  1.80000000e+00 
 6.97250000e-09  1.80000000e+00  6.97250000e-09  1.34100991e+00  6.97250000e-09  1.80000000e+00  6.97250000e-09  1.80000000e+00  6.97250000e-09  1.80000000e+00 
 6.97750000e-09  1.80000000e+00  6.97750000e-09  1.34101694e+00  6.97750000e-09  1.80000000e+00  6.97750000e-09  1.80000000e+00  6.97750000e-09  1.80000000e+00 
 6.98250000e-09  1.80000000e+00  6.98250000e-09  1.34102395e+00  6.98250000e-09  1.80000000e+00  6.98250000e-09  1.80000000e+00  6.98250000e-09  1.80000000e+00 
 6.98750000e-09  1.80000000e+00  6.98750000e-09  1.34103094e+00  6.98750000e-09  1.80000000e+00  6.98750000e-09  1.80000000e+00  6.98750000e-09  1.80000000e+00 
 6.99250000e-09  1.80000000e+00  6.99250000e-09  1.34103793e+00  6.99250000e-09  1.80000000e+00  6.99250000e-09  1.80000000e+00  6.99250000e-09  1.80000000e+00 
 6.99750000e-09  1.80000000e+00  6.99750000e-09  1.34104490e+00  6.99750000e-09  1.80000000e+00  6.99750000e-09  1.80000000e+00  6.99750000e-09  1.80000000e+00 
 7.00250000e-09  1.80000000e+00  7.00250000e-09  1.34105185e+00  7.00250000e-09  1.80000000e+00  7.00250000e-09  1.80000000e+00  7.00250000e-09  1.80000000e+00 
 7.00750000e-09  1.80000000e+00  7.00750000e-09  1.34105880e+00  7.00750000e-09  1.80000000e+00  7.00750000e-09  1.80000000e+00  7.00750000e-09  1.80000000e+00 
 7.01250000e-09  1.80000000e+00  7.01250000e-09  1.34106572e+00  7.01250000e-09  1.80000000e+00  7.01250000e-09  1.80000000e+00  7.01250000e-09  1.80000000e+00 
 7.01750000e-09  1.80000000e+00  7.01750000e-09  1.34107264e+00  7.01750000e-09  1.80000000e+00  7.01750000e-09  1.80000000e+00  7.01750000e-09  1.80000000e+00 
 7.02250000e-09  1.80000000e+00  7.02250000e-09  1.34107954e+00  7.02250000e-09  1.80000000e+00  7.02250000e-09  1.80000000e+00  7.02250000e-09  1.80000000e+00 
 7.02750000e-09  1.80000000e+00  7.02750000e-09  1.34108643e+00  7.02750000e-09  1.80000000e+00  7.02750000e-09  1.80000000e+00  7.02750000e-09  1.80000000e+00 
 7.03250000e-09  1.80000000e+00  7.03250000e-09  1.34109330e+00  7.03250000e-09  1.80000000e+00  7.03250000e-09  1.80000000e+00  7.03250000e-09  1.80000000e+00 
 7.03750000e-09  1.80000000e+00  7.03750000e-09  1.34110016e+00  7.03750000e-09  1.80000000e+00  7.03750000e-09  1.80000000e+00  7.03750000e-09  1.80000000e+00 
 7.04250000e-09  1.80000000e+00  7.04250000e-09  1.34110701e+00  7.04250000e-09  1.80000000e+00  7.04250000e-09  1.80000000e+00  7.04250000e-09  1.80000000e+00 
 7.04750000e-09  1.80000000e+00  7.04750000e-09  1.34111384e+00  7.04750000e-09  1.80000000e+00  7.04750000e-09  1.80000000e+00  7.04750000e-09  1.80000000e+00 
 7.05250000e-09  1.80000000e+00  7.05250000e-09  1.34112066e+00  7.05250000e-09  1.80000000e+00  7.05250000e-09  1.80000000e+00  7.05250000e-09  1.80000000e+00 
 7.05750000e-09  1.80000000e+00  7.05750000e-09  1.34112746e+00  7.05750000e-09  1.80000000e+00  7.05750000e-09  1.80000000e+00  7.05750000e-09  1.80000000e+00 
 7.06250000e-09  1.80000000e+00  7.06250000e-09  1.34113426e+00  7.06250000e-09  1.80000000e+00  7.06250000e-09  1.80000000e+00  7.06250000e-09  1.80000000e+00 
 7.06750000e-09  1.80000000e+00  7.06750000e-09  1.34114103e+00  7.06750000e-09  1.80000000e+00  7.06750000e-09  1.80000000e+00  7.06750000e-09  1.80000000e+00 
 7.07250000e-09  1.80000000e+00  7.07250000e-09  1.34114780e+00  7.07250000e-09  1.80000000e+00  7.07250000e-09  1.80000000e+00  7.07250000e-09  1.80000000e+00 
 7.07750000e-09  1.80000000e+00  7.07750000e-09  1.34115455e+00  7.07750000e-09  1.80000000e+00  7.07750000e-09  1.80000000e+00  7.07750000e-09  1.80000000e+00 
 7.08250000e-09  1.80000000e+00  7.08250000e-09  1.34116129e+00  7.08250000e-09  1.80000000e+00  7.08250000e-09  1.80000000e+00  7.08250000e-09  1.80000000e+00 
 7.08750000e-09  1.80000000e+00  7.08750000e-09  1.34116802e+00  7.08750000e-09  1.80000000e+00  7.08750000e-09  1.80000000e+00  7.08750000e-09  1.80000000e+00 
 7.09250000e-09  1.80000000e+00  7.09250000e-09  1.34117473e+00  7.09250000e-09  1.80000000e+00  7.09250000e-09  1.80000000e+00  7.09250000e-09  1.80000000e+00 
 7.09750000e-09  1.80000000e+00  7.09750000e-09  1.34118143e+00  7.09750000e-09  1.80000000e+00  7.09750000e-09  1.80000000e+00  7.09750000e-09  1.80000000e+00 
 7.10250000e-09  1.80000000e+00  7.10250000e-09  1.34118812e+00  7.10250000e-09  1.80000000e+00  7.10250000e-09  1.80000000e+00  7.10250000e-09  1.80000000e+00 
 7.10750000e-09  1.80000000e+00  7.10750000e-09  1.34119479e+00  7.10750000e-09  1.80000000e+00  7.10750000e-09  1.80000000e+00  7.10750000e-09  1.80000000e+00 
 7.11250000e-09  1.80000000e+00  7.11250000e-09  1.34120145e+00  7.11250000e-09  1.80000000e+00  7.11250000e-09  1.80000000e+00  7.11250000e-09  1.80000000e+00 
 7.11750000e-09  1.80000000e+00  7.11750000e-09  1.34120810e+00  7.11750000e-09  1.80000000e+00  7.11750000e-09  1.80000000e+00  7.11750000e-09  1.80000000e+00 
 7.12250000e-09  1.80000000e+00  7.12250000e-09  1.34121473e+00  7.12250000e-09  1.80000000e+00  7.12250000e-09  1.80000000e+00  7.12250000e-09  1.80000000e+00 
 7.12750000e-09  1.80000000e+00  7.12750000e-09  1.34122135e+00  7.12750000e-09  1.80000000e+00  7.12750000e-09  1.80000000e+00  7.12750000e-09  1.80000000e+00 
 7.13250000e-09  1.80000000e+00  7.13250000e-09  1.34122796e+00  7.13250000e-09  1.80000000e+00  7.13250000e-09  1.80000000e+00  7.13250000e-09  1.80000000e+00 
 7.13750000e-09  1.80000000e+00  7.13750000e-09  1.34123456e+00  7.13750000e-09  1.80000000e+00  7.13750000e-09  1.80000000e+00  7.13750000e-09  1.80000000e+00 
 7.14250000e-09  1.80000000e+00  7.14250000e-09  1.34124114e+00  7.14250000e-09  1.80000000e+00  7.14250000e-09  1.80000000e+00  7.14250000e-09  1.80000000e+00 
 7.14750000e-09  1.80000000e+00  7.14750000e-09  1.34124771e+00  7.14750000e-09  1.80000000e+00  7.14750000e-09  1.80000000e+00  7.14750000e-09  1.80000000e+00 
 7.15250000e-09  1.80000000e+00  7.15250000e-09  1.34125427e+00  7.15250000e-09  1.80000000e+00  7.15250000e-09  1.80000000e+00  7.15250000e-09  1.80000000e+00 
 7.15750000e-09  1.80000000e+00  7.15750000e-09  1.34126081e+00  7.15750000e-09  1.80000000e+00  7.15750000e-09  1.80000000e+00  7.15750000e-09  1.80000000e+00 
 7.16250000e-09  1.80000000e+00  7.16250000e-09  1.34126735e+00  7.16250000e-09  1.80000000e+00  7.16250000e-09  1.80000000e+00  7.16250000e-09  1.80000000e+00 
 7.16750000e-09  1.80000000e+00  7.16750000e-09  1.34127387e+00  7.16750000e-09  1.80000000e+00  7.16750000e-09  1.80000000e+00  7.16750000e-09  1.80000000e+00 
 7.17250000e-09  1.80000000e+00  7.17250000e-09  1.34128037e+00  7.17250000e-09  1.80000000e+00  7.17250000e-09  1.80000000e+00  7.17250000e-09  1.80000000e+00 
 7.17750000e-09  1.80000000e+00  7.17750000e-09  1.34128687e+00  7.17750000e-09  1.80000000e+00  7.17750000e-09  1.80000000e+00  7.17750000e-09  1.80000000e+00 
 7.18250000e-09  1.80000000e+00  7.18250000e-09  1.34129335e+00  7.18250000e-09  1.80000000e+00  7.18250000e-09  1.80000000e+00  7.18250000e-09  1.80000000e+00 
 7.18750000e-09  1.80000000e+00  7.18750000e-09  1.34129982e+00  7.18750000e-09  1.80000000e+00  7.18750000e-09  1.80000000e+00  7.18750000e-09  1.80000000e+00 
 7.19250000e-09  1.80000000e+00  7.19250000e-09  1.34130628e+00  7.19250000e-09  1.80000000e+00  7.19250000e-09  1.80000000e+00  7.19250000e-09  1.80000000e+00 
 7.19750000e-09  1.80000000e+00  7.19750000e-09  1.34131272e+00  7.19750000e-09  1.80000000e+00  7.19750000e-09  1.80000000e+00  7.19750000e-09  1.80000000e+00 
 7.20250000e-09  1.80000000e+00  7.20250000e-09  1.34131915e+00  7.20250000e-09  1.80000000e+00  7.20250000e-09  1.80000000e+00  7.20250000e-09  1.80000000e+00 
 7.20750000e-09  1.80000000e+00  7.20750000e-09  1.34132557e+00  7.20750000e-09  1.80000000e+00  7.20750000e-09  1.80000000e+00  7.20750000e-09  1.80000000e+00 
 7.21250000e-09  1.80000000e+00  7.21250000e-09  1.34133198e+00  7.21250000e-09  1.80000000e+00  7.21250000e-09  1.80000000e+00  7.21250000e-09  1.80000000e+00 
 7.21750000e-09  1.80000000e+00  7.21750000e-09  1.34133838e+00  7.21750000e-09  1.80000000e+00  7.21750000e-09  1.80000000e+00  7.21750000e-09  1.80000000e+00 
 7.22250000e-09  1.80000000e+00  7.22250000e-09  1.34134476e+00  7.22250000e-09  1.80000000e+00  7.22250000e-09  1.80000000e+00  7.22250000e-09  1.80000000e+00 
 7.22750000e-09  1.80000000e+00  7.22750000e-09  1.34135113e+00  7.22750000e-09  1.80000000e+00  7.22750000e-09  1.80000000e+00  7.22750000e-09  1.80000000e+00 
 7.23250000e-09  1.80000000e+00  7.23250000e-09  1.34135749e+00  7.23250000e-09  1.80000000e+00  7.23250000e-09  1.80000000e+00  7.23250000e-09  1.80000000e+00 
 7.23750000e-09  1.80000000e+00  7.23750000e-09  1.34136384e+00  7.23750000e-09  1.80000000e+00  7.23750000e-09  1.80000000e+00  7.23750000e-09  1.80000000e+00 
 7.24250000e-09  1.80000000e+00  7.24250000e-09  1.34137017e+00  7.24250000e-09  1.80000000e+00  7.24250000e-09  1.80000000e+00  7.24250000e-09  1.80000000e+00 
 7.24750000e-09  1.80000000e+00  7.24750000e-09  1.34137650e+00  7.24750000e-09  1.80000000e+00  7.24750000e-09  1.80000000e+00  7.24750000e-09  1.80000000e+00 
 7.25250000e-09  1.80000000e+00  7.25250000e-09  1.34138281e+00  7.25250000e-09  1.80000000e+00  7.25250000e-09  1.80000000e+00  7.25250000e-09  1.80000000e+00 
 7.25750000e-09  1.80000000e+00  7.25750000e-09  1.34138911e+00  7.25750000e-09  1.80000000e+00  7.25750000e-09  1.80000000e+00  7.25750000e-09  1.80000000e+00 
 7.26250000e-09  1.80000000e+00  7.26250000e-09  1.34139539e+00  7.26250000e-09  1.80000000e+00  7.26250000e-09  1.80000000e+00  7.26250000e-09  1.80000000e+00 
 7.26750000e-09  1.80000000e+00  7.26750000e-09  1.34140167e+00  7.26750000e-09  1.80000000e+00  7.26750000e-09  1.80000000e+00  7.26750000e-09  1.80000000e+00 
 7.27250000e-09  1.80000000e+00  7.27250000e-09  1.34140793e+00  7.27250000e-09  1.80000000e+00  7.27250000e-09  1.80000000e+00  7.27250000e-09  1.80000000e+00 
 7.27750000e-09  1.80000000e+00  7.27750000e-09  1.34141418e+00  7.27750000e-09  1.80000000e+00  7.27750000e-09  1.80000000e+00  7.27750000e-09  1.80000000e+00 
 7.28250000e-09  1.80000000e+00  7.28250000e-09  1.34142042e+00  7.28250000e-09  1.80000000e+00  7.28250000e-09  1.80000000e+00  7.28250000e-09  1.80000000e+00 
 7.28750000e-09  1.80000000e+00  7.28750000e-09  1.34142665e+00  7.28750000e-09  1.80000000e+00  7.28750000e-09  1.80000000e+00  7.28750000e-09  1.80000000e+00 
 7.29250000e-09  1.80000000e+00  7.29250000e-09  1.34143287e+00  7.29250000e-09  1.80000000e+00  7.29250000e-09  1.80000000e+00  7.29250000e-09  1.80000000e+00 
 7.29750000e-09  1.80000000e+00  7.29750000e-09  1.34143907e+00  7.29750000e-09  1.80000000e+00  7.29750000e-09  1.80000000e+00  7.29750000e-09  1.80000000e+00 
 7.30250000e-09  1.80000000e+00  7.30250000e-09  1.34144526e+00  7.30250000e-09  1.80000000e+00  7.30250000e-09  1.80000000e+00  7.30250000e-09  1.80000000e+00 
 7.30750000e-09  1.80000000e+00  7.30750000e-09  1.34145145e+00  7.30750000e-09  1.80000000e+00  7.30750000e-09  1.80000000e+00  7.30750000e-09  1.80000000e+00 
 7.31250000e-09  1.80000000e+00  7.31250000e-09  1.34145761e+00  7.31250000e-09  1.80000000e+00  7.31250000e-09  1.80000000e+00  7.31250000e-09  1.80000000e+00 
 7.31750000e-09  1.80000000e+00  7.31750000e-09  1.34146377e+00  7.31750000e-09  1.80000000e+00  7.31750000e-09  1.80000000e+00  7.31750000e-09  1.80000000e+00 
 7.32250000e-09  1.80000000e+00  7.32250000e-09  1.34146992e+00  7.32250000e-09  1.80000000e+00  7.32250000e-09  1.80000000e+00  7.32250000e-09  1.80000000e+00 
 7.32750000e-09  1.80000000e+00  7.32750000e-09  1.34147605e+00  7.32750000e-09  1.80000000e+00  7.32750000e-09  1.80000000e+00  7.32750000e-09  1.80000000e+00 
 7.33250000e-09  1.80000000e+00  7.33250000e-09  1.34148218e+00  7.33250000e-09  1.80000000e+00  7.33250000e-09  1.80000000e+00  7.33250000e-09  1.80000000e+00 
 7.33750000e-09  1.80000000e+00  7.33750000e-09  1.34148829e+00  7.33750000e-09  1.80000000e+00  7.33750000e-09  1.80000000e+00  7.33750000e-09  1.80000000e+00 
 7.34250000e-09  1.80000000e+00  7.34250000e-09  1.34149439e+00  7.34250000e-09  1.80000000e+00  7.34250000e-09  1.80000000e+00  7.34250000e-09  1.80000000e+00 
 7.34750000e-09  1.80000000e+00  7.34750000e-09  1.34150048e+00  7.34750000e-09  1.80000000e+00  7.34750000e-09  1.80000000e+00  7.34750000e-09  1.80000000e+00 
 7.35250000e-09  1.80000000e+00  7.35250000e-09  1.34150656e+00  7.35250000e-09  1.80000000e+00  7.35250000e-09  1.80000000e+00  7.35250000e-09  1.80000000e+00 
 7.35750000e-09  1.80000000e+00  7.35750000e-09  1.34151262e+00  7.35750000e-09  1.80000000e+00  7.35750000e-09  1.80000000e+00  7.35750000e-09  1.80000000e+00 
 7.36250000e-09  1.80000000e+00  7.36250000e-09  1.34151868e+00  7.36250000e-09  1.80000000e+00  7.36250000e-09  1.80000000e+00  7.36250000e-09  1.80000000e+00 
 7.36750000e-09  1.80000000e+00  7.36750000e-09  1.34152472e+00  7.36750000e-09  1.80000000e+00  7.36750000e-09  1.80000000e+00  7.36750000e-09  1.80000000e+00 
 7.37250000e-09  1.80000000e+00  7.37250000e-09  1.34153076e+00  7.37250000e-09  1.80000000e+00  7.37250000e-09  1.80000000e+00  7.37250000e-09  1.80000000e+00 
 7.37750000e-09  1.80000000e+00  7.37750000e-09  1.34153678e+00  7.37750000e-09  1.80000000e+00  7.37750000e-09  1.80000000e+00  7.37750000e-09  1.80000000e+00 
 7.38250000e-09  1.80000000e+00  7.38250000e-09  1.34154279e+00  7.38250000e-09  1.80000000e+00  7.38250000e-09  1.80000000e+00  7.38250000e-09  1.80000000e+00 
 7.38750000e-09  1.80000000e+00  7.38750000e-09  1.34154879e+00  7.38750000e-09  1.80000000e+00  7.38750000e-09  1.80000000e+00  7.38750000e-09  1.80000000e+00 
 7.39250000e-09  1.80000000e+00  7.39250000e-09  1.34155477e+00  7.39250000e-09  1.80000000e+00  7.39250000e-09  1.80000000e+00  7.39250000e-09  1.80000000e+00 
 7.39750000e-09  1.80000000e+00  7.39750000e-09  1.34156075e+00  7.39750000e-09  1.80000000e+00  7.39750000e-09  1.80000000e+00  7.39750000e-09  1.80000000e+00 
 7.40250000e-09  1.80000000e+00  7.40250000e-09  1.34156672e+00  7.40250000e-09  1.80000000e+00  7.40250000e-09  1.80000000e+00  7.40250000e-09  1.80000000e+00 
 7.40750000e-09  1.80000000e+00  7.40750000e-09  1.34157267e+00  7.40750000e-09  1.80000000e+00  7.40750000e-09  1.80000000e+00  7.40750000e-09  1.80000000e+00 
 7.41250000e-09  1.80000000e+00  7.41250000e-09  1.34157862e+00  7.41250000e-09  1.80000000e+00  7.41250000e-09  1.80000000e+00  7.41250000e-09  1.80000000e+00 
 7.41750000e-09  1.80000000e+00  7.41750000e-09  1.34158455e+00  7.41750000e-09  1.80000000e+00  7.41750000e-09  1.80000000e+00  7.41750000e-09  1.80000000e+00 
 7.42250000e-09  1.80000000e+00  7.42250000e-09  1.34159047e+00  7.42250000e-09  1.80000000e+00  7.42250000e-09  1.80000000e+00  7.42250000e-09  1.80000000e+00 
 7.42750000e-09  1.80000000e+00  7.42750000e-09  1.34159638e+00  7.42750000e-09  1.80000000e+00  7.42750000e-09  1.80000000e+00  7.42750000e-09  1.80000000e+00 
 7.43250000e-09  1.80000000e+00  7.43250000e-09  1.34160228e+00  7.43250000e-09  1.80000000e+00  7.43250000e-09  1.80000000e+00  7.43250000e-09  1.80000000e+00 
 7.43750000e-09  1.80000000e+00  7.43750000e-09  1.34160817e+00  7.43750000e-09  1.80000000e+00  7.43750000e-09  1.80000000e+00  7.43750000e-09  1.80000000e+00 
 7.44250000e-09  1.80000000e+00  7.44250000e-09  1.34161405e+00  7.44250000e-09  1.80000000e+00  7.44250000e-09  1.80000000e+00  7.44250000e-09  1.80000000e+00 
 7.44750000e-09  1.80000000e+00  7.44750000e-09  1.34161992e+00  7.44750000e-09  1.80000000e+00  7.44750000e-09  1.80000000e+00  7.44750000e-09  1.80000000e+00 
 7.45250000e-09  1.80000000e+00  7.45250000e-09  1.34162578e+00  7.45250000e-09  1.80000000e+00  7.45250000e-09  1.80000000e+00  7.45250000e-09  1.80000000e+00 
 7.45750000e-09  1.80000000e+00  7.45750000e-09  1.34163163e+00  7.45750000e-09  1.80000000e+00  7.45750000e-09  1.80000000e+00  7.45750000e-09  1.80000000e+00 
 7.46250000e-09  1.80000000e+00  7.46250000e-09  1.34163746e+00  7.46250000e-09  1.80000000e+00  7.46250000e-09  1.80000000e+00  7.46250000e-09  1.80000000e+00 
 7.46750000e-09  1.80000000e+00  7.46750000e-09  1.34164329e+00  7.46750000e-09  1.80000000e+00  7.46750000e-09  1.80000000e+00  7.46750000e-09  1.80000000e+00 
 7.47250000e-09  1.80000000e+00  7.47250000e-09  1.34164910e+00  7.47250000e-09  1.80000000e+00  7.47250000e-09  1.80000000e+00  7.47250000e-09  1.80000000e+00 
 7.47750000e-09  1.80000000e+00  7.47750000e-09  1.34165491e+00  7.47750000e-09  1.80000000e+00  7.47750000e-09  1.80000000e+00  7.47750000e-09  1.80000000e+00 
 7.48250000e-09  1.80000000e+00  7.48250000e-09  1.34166070e+00  7.48250000e-09  1.80000000e+00  7.48250000e-09  1.80000000e+00  7.48250000e-09  1.80000000e+00 
 7.48750000e-09  1.80000000e+00  7.48750000e-09  1.34166648e+00  7.48750000e-09  1.80000000e+00  7.48750000e-09  1.80000000e+00  7.48750000e-09  1.80000000e+00 
 7.49250000e-09  1.80000000e+00  7.49250000e-09  1.34167226e+00  7.49250000e-09  1.80000000e+00  7.49250000e-09  1.80000000e+00  7.49250000e-09  1.80000000e+00 
 7.49750000e-09  1.80000000e+00  7.49750000e-09  1.34167802e+00  7.49750000e-09  1.80000000e+00  7.49750000e-09  1.80000000e+00  7.49750000e-09  1.80000000e+00 
 7.50250000e-09  1.80000000e+00  7.50250000e-09  1.34168377e+00  7.50250000e-09  1.80000000e+00  7.50250000e-09  1.80000000e+00  7.50250000e-09  1.80000000e+00 
 7.50750000e-09  1.80000000e+00  7.50750000e-09  1.34168951e+00  7.50750000e-09  1.80000000e+00  7.50750000e-09  1.80000000e+00  7.50750000e-09  1.80000000e+00 
 7.51250000e-09  1.80000000e+00  7.51250000e-09  1.34169524e+00  7.51250000e-09  1.80000000e+00  7.51250000e-09  1.80000000e+00  7.51250000e-09  1.80000000e+00 
 7.51750000e-09  1.80000000e+00  7.51750000e-09  1.34170096e+00  7.51750000e-09  1.80000000e+00  7.51750000e-09  1.80000000e+00  7.51750000e-09  1.80000000e+00 
 7.52250000e-09  1.80000000e+00  7.52250000e-09  1.34170667e+00  7.52250000e-09  1.80000000e+00  7.52250000e-09  1.80000000e+00  7.52250000e-09  1.80000000e+00 
 7.52750000e-09  1.80000000e+00  7.52750000e-09  1.34171237e+00  7.52750000e-09  1.80000000e+00  7.52750000e-09  1.80000000e+00  7.52750000e-09  1.80000000e+00 
 7.53250000e-09  1.80000000e+00  7.53250000e-09  1.34171806e+00  7.53250000e-09  1.80000000e+00  7.53250000e-09  1.80000000e+00  7.53250000e-09  1.80000000e+00 
 7.53750000e-09  1.80000000e+00  7.53750000e-09  1.34172374e+00  7.53750000e-09  1.80000000e+00  7.53750000e-09  1.80000000e+00  7.53750000e-09  1.80000000e+00 
 7.54250000e-09  1.80000000e+00  7.54250000e-09  1.34172941e+00  7.54250000e-09  1.80000000e+00  7.54250000e-09  1.80000000e+00  7.54250000e-09  1.80000000e+00 
 7.54750000e-09  1.80000000e+00  7.54750000e-09  1.34173507e+00  7.54750000e-09  1.80000000e+00  7.54750000e-09  1.80000000e+00  7.54750000e-09  1.80000000e+00 
 7.55250000e-09  1.80000000e+00  7.55250000e-09  1.34174072e+00  7.55250000e-09  1.80000000e+00  7.55250000e-09  1.80000000e+00  7.55250000e-09  1.80000000e+00 
 7.55750000e-09  1.80000000e+00  7.55750000e-09  1.34174636e+00  7.55750000e-09  1.80000000e+00  7.55750000e-09  1.80000000e+00  7.55750000e-09  1.80000000e+00 
 7.56250000e-09  1.80000000e+00  7.56250000e-09  1.34175199e+00  7.56250000e-09  1.80000000e+00  7.56250000e-09  1.80000000e+00  7.56250000e-09  1.80000000e+00 
 7.56750000e-09  1.80000000e+00  7.56750000e-09  1.34175760e+00  7.56750000e-09  1.80000000e+00  7.56750000e-09  1.80000000e+00  7.56750000e-09  1.80000000e+00 
 7.57250000e-09  1.80000000e+00  7.57250000e-09  1.34176321e+00  7.57250000e-09  1.80000000e+00  7.57250000e-09  1.80000000e+00  7.57250000e-09  1.80000000e+00 
 7.57750000e-09  1.80000000e+00  7.57750000e-09  1.34176881e+00  7.57750000e-09  1.80000000e+00  7.57750000e-09  1.80000000e+00  7.57750000e-09  1.80000000e+00 
 7.58250000e-09  1.80000000e+00  7.58250000e-09  1.34177440e+00  7.58250000e-09  1.80000000e+00  7.58250000e-09  1.80000000e+00  7.58250000e-09  1.80000000e+00 
 7.58750000e-09  1.80000000e+00  7.58750000e-09  1.34177998e+00  7.58750000e-09  1.80000000e+00  7.58750000e-09  1.80000000e+00  7.58750000e-09  1.80000000e+00 
 7.59250000e-09  1.80000000e+00  7.59250000e-09  1.34178555e+00  7.59250000e-09  1.80000000e+00  7.59250000e-09  1.80000000e+00  7.59250000e-09  1.80000000e+00 
 7.59750000e-09  1.80000000e+00  7.59750000e-09  1.34179111e+00  7.59750000e-09  1.80000000e+00  7.59750000e-09  1.80000000e+00  7.59750000e-09  1.80000000e+00 
 7.60250000e-09  1.80000000e+00  7.60250000e-09  1.34179665e+00  7.60250000e-09  1.80000000e+00  7.60250000e-09  1.80000000e+00  7.60250000e-09  1.80000000e+00 
 7.60750000e-09  1.80000000e+00  7.60750000e-09  1.34180219e+00  7.60750000e-09  1.80000000e+00  7.60750000e-09  1.80000000e+00  7.60750000e-09  1.80000000e+00 
 7.61250000e-09  1.80000000e+00  7.61250000e-09  1.34180772e+00  7.61250000e-09  1.80000000e+00  7.61250000e-09  1.80000000e+00  7.61250000e-09  1.80000000e+00 
 7.61750000e-09  1.80000000e+00  7.61750000e-09  1.34181324e+00  7.61750000e-09  1.80000000e+00  7.61750000e-09  1.80000000e+00  7.61750000e-09  1.80000000e+00 
 7.62250000e-09  1.80000000e+00  7.62250000e-09  1.34181875e+00  7.62250000e-09  1.80000000e+00  7.62250000e-09  1.80000000e+00  7.62250000e-09  1.80000000e+00 
 7.62750000e-09  1.80000000e+00  7.62750000e-09  1.34182425e+00  7.62750000e-09  1.80000000e+00  7.62750000e-09  1.80000000e+00  7.62750000e-09  1.80000000e+00 
 7.63250000e-09  1.80000000e+00  7.63250000e-09  1.34182974e+00  7.63250000e-09  1.80000000e+00  7.63250000e-09  1.80000000e+00  7.63250000e-09  1.80000000e+00 
 7.63750000e-09  1.80000000e+00  7.63750000e-09  1.34183522e+00  7.63750000e-09  1.80000000e+00  7.63750000e-09  1.80000000e+00  7.63750000e-09  1.80000000e+00 
 7.64250000e-09  1.80000000e+00  7.64250000e-09  1.34184069e+00  7.64250000e-09  1.80000000e+00  7.64250000e-09  1.80000000e+00  7.64250000e-09  1.80000000e+00 
 7.64750000e-09  1.80000000e+00  7.64750000e-09  1.34184615e+00  7.64750000e-09  1.80000000e+00  7.64750000e-09  1.80000000e+00  7.64750000e-09  1.80000000e+00 
 7.65250000e-09  1.80000000e+00  7.65250000e-09  1.34185160e+00  7.65250000e-09  1.80000000e+00  7.65250000e-09  1.80000000e+00  7.65250000e-09  1.80000000e+00 
 7.65750000e-09  1.80000000e+00  7.65750000e-09  1.34185704e+00  7.65750000e-09  1.80000000e+00  7.65750000e-09  1.80000000e+00  7.65750000e-09  1.80000000e+00 
 7.66250000e-09  1.80000000e+00  7.66250000e-09  1.34186248e+00  7.66250000e-09  1.80000000e+00  7.66250000e-09  1.80000000e+00  7.66250000e-09  1.80000000e+00 
 7.66750000e-09  1.80000000e+00  7.66750000e-09  1.34186790e+00  7.66750000e-09  1.80000000e+00  7.66750000e-09  1.80000000e+00  7.66750000e-09  1.80000000e+00 
 7.67250000e-09  1.80000000e+00  7.67250000e-09  1.34187331e+00  7.67250000e-09  1.80000000e+00  7.67250000e-09  1.80000000e+00  7.67250000e-09  1.80000000e+00 
 7.67750000e-09  1.80000000e+00  7.67750000e-09  1.34187871e+00  7.67750000e-09  1.80000000e+00  7.67750000e-09  1.80000000e+00  7.67750000e-09  1.80000000e+00 
 7.68250000e-09  1.80000000e+00  7.68250000e-09  1.34188411e+00  7.68250000e-09  1.80000000e+00  7.68250000e-09  1.80000000e+00  7.68250000e-09  1.80000000e+00 
 7.68750000e-09  1.80000000e+00  7.68750000e-09  1.34188949e+00  7.68750000e-09  1.80000000e+00  7.68750000e-09  1.80000000e+00  7.68750000e-09  1.80000000e+00 
 7.69250000e-09  1.80000000e+00  7.69250000e-09  1.34189487e+00  7.69250000e-09  1.80000000e+00  7.69250000e-09  1.80000000e+00  7.69250000e-09  1.80000000e+00 
 7.69750000e-09  1.80000000e+00  7.69750000e-09  1.34190023e+00  7.69750000e-09  1.80000000e+00  7.69750000e-09  1.80000000e+00  7.69750000e-09  1.80000000e+00 
 7.70250000e-09  1.80000000e+00  7.70250000e-09  1.34190559e+00  7.70250000e-09  1.80000000e+00  7.70250000e-09  1.80000000e+00  7.70250000e-09  1.80000000e+00 
 7.70750000e-09  1.80000000e+00  7.70750000e-09  1.34191094e+00  7.70750000e-09  1.80000000e+00  7.70750000e-09  1.80000000e+00  7.70750000e-09  1.80000000e+00 
 7.71250000e-09  1.80000000e+00  7.71250000e-09  1.34191627e+00  7.71250000e-09  1.80000000e+00  7.71250000e-09  1.80000000e+00  7.71250000e-09  1.80000000e+00 
 7.71750000e-09  1.80000000e+00  7.71750000e-09  1.34192160e+00  7.71750000e-09  1.80000000e+00  7.71750000e-09  1.80000000e+00  7.71750000e-09  1.80000000e+00 
 7.72250000e-09  1.80000000e+00  7.72250000e-09  1.34192692e+00  7.72250000e-09  1.80000000e+00  7.72250000e-09  1.80000000e+00  7.72250000e-09  1.80000000e+00 
 7.72750000e-09  1.80000000e+00  7.72750000e-09  1.34193223e+00  7.72750000e-09  1.80000000e+00  7.72750000e-09  1.80000000e+00  7.72750000e-09  1.80000000e+00 
 7.73250000e-09  1.80000000e+00  7.73250000e-09  1.34193753e+00  7.73250000e-09  1.80000000e+00  7.73250000e-09  1.80000000e+00  7.73250000e-09  1.80000000e+00 
 7.73750000e-09  1.80000000e+00  7.73750000e-09  1.34194282e+00  7.73750000e-09  1.80000000e+00  7.73750000e-09  1.80000000e+00  7.73750000e-09  1.80000000e+00 
 7.74250000e-09  1.80000000e+00  7.74250000e-09  1.34194810e+00  7.74250000e-09  1.80000000e+00  7.74250000e-09  1.80000000e+00  7.74250000e-09  1.80000000e+00 
 7.74750000e-09  1.80000000e+00  7.74750000e-09  1.34195338e+00  7.74750000e-09  1.80000000e+00  7.74750000e-09  1.80000000e+00  7.74750000e-09  1.80000000e+00 
 7.75250000e-09  1.80000000e+00  7.75250000e-09  1.34195864e+00  7.75250000e-09  1.80000000e+00  7.75250000e-09  1.80000000e+00  7.75250000e-09  1.80000000e+00 
 7.75750000e-09  1.80000000e+00  7.75750000e-09  1.34196390e+00  7.75750000e-09  1.80000000e+00  7.75750000e-09  1.80000000e+00  7.75750000e-09  1.80000000e+00 
 7.76250000e-09  1.80000000e+00  7.76250000e-09  1.34196914e+00  7.76250000e-09  1.80000000e+00  7.76250000e-09  1.80000000e+00  7.76250000e-09  1.80000000e+00 
 7.76750000e-09  1.80000000e+00  7.76750000e-09  1.34197438e+00  7.76750000e-09  1.80000000e+00  7.76750000e-09  1.80000000e+00  7.76750000e-09  1.80000000e+00 
 7.77250000e-09  1.80000000e+00  7.77250000e-09  1.34197960e+00  7.77250000e-09  1.80000000e+00  7.77250000e-09  1.80000000e+00  7.77250000e-09  1.80000000e+00 
 7.77750000e-09  1.80000000e+00  7.77750000e-09  1.34198482e+00  7.77750000e-09  1.80000000e+00  7.77750000e-09  1.80000000e+00  7.77750000e-09  1.80000000e+00 
 7.78250000e-09  1.80000000e+00  7.78250000e-09  1.34199003e+00  7.78250000e-09  1.80000000e+00  7.78250000e-09  1.80000000e+00  7.78250000e-09  1.80000000e+00 
 7.78750000e-09  1.80000000e+00  7.78750000e-09  1.34199523e+00  7.78750000e-09  1.80000000e+00  7.78750000e-09  1.80000000e+00  7.78750000e-09  1.80000000e+00 
 7.79250000e-09  1.80000000e+00  7.79250000e-09  1.34200042e+00  7.79250000e-09  1.80000000e+00  7.79250000e-09  1.80000000e+00  7.79250000e-09  1.80000000e+00 
 7.79750000e-09  1.80000000e+00  7.79750000e-09  1.34200561e+00  7.79750000e-09  1.80000000e+00  7.79750000e-09  1.80000000e+00  7.79750000e-09  1.80000000e+00 
 7.80250000e-09  1.80000000e+00  7.80250000e-09  1.34201078e+00  7.80250000e-09  1.80000000e+00  7.80250000e-09  1.80000000e+00  7.80250000e-09  1.80000000e+00 
 7.80750000e-09  1.80000000e+00  7.80750000e-09  1.34201595e+00  7.80750000e-09  1.80000000e+00  7.80750000e-09  1.80000000e+00  7.80750000e-09  1.80000000e+00 
 7.81250000e-09  1.80000000e+00  7.81250000e-09  1.34202110e+00  7.81250000e-09  1.80000000e+00  7.81250000e-09  1.80000000e+00  7.81250000e-09  1.80000000e+00 
 7.81750000e-09  1.80000000e+00  7.81750000e-09  1.34202625e+00  7.81750000e-09  1.80000000e+00  7.81750000e-09  1.80000000e+00  7.81750000e-09  1.80000000e+00 
 7.82250000e-09  1.80000000e+00  7.82250000e-09  1.34203139e+00  7.82250000e-09  1.80000000e+00  7.82250000e-09  1.80000000e+00  7.82250000e-09  1.80000000e+00 
 7.82750000e-09  1.80000000e+00  7.82750000e-09  1.34203652e+00  7.82750000e-09  1.80000000e+00  7.82750000e-09  1.80000000e+00  7.82750000e-09  1.80000000e+00 
 7.83250000e-09  1.80000000e+00  7.83250000e-09  1.34204164e+00  7.83250000e-09  1.80000000e+00  7.83250000e-09  1.80000000e+00  7.83250000e-09  1.80000000e+00 
 7.83750000e-09  1.80000000e+00  7.83750000e-09  1.34204675e+00  7.83750000e-09  1.80000000e+00  7.83750000e-09  1.80000000e+00  7.83750000e-09  1.80000000e+00 
 7.84250000e-09  1.80000000e+00  7.84250000e-09  1.34205185e+00  7.84250000e-09  1.80000000e+00  7.84250000e-09  1.80000000e+00  7.84250000e-09  1.80000000e+00 
 7.84750000e-09  1.80000000e+00  7.84750000e-09  1.34205695e+00  7.84750000e-09  1.80000000e+00  7.84750000e-09  1.80000000e+00  7.84750000e-09  1.80000000e+00 
 7.85250000e-09  1.80000000e+00  7.85250000e-09  1.34206203e+00  7.85250000e-09  1.80000000e+00  7.85250000e-09  1.80000000e+00  7.85250000e-09  1.80000000e+00 
 7.85750000e-09  1.80000000e+00  7.85750000e-09  1.34206711e+00  7.85750000e-09  1.80000000e+00  7.85750000e-09  1.80000000e+00  7.85750000e-09  1.80000000e+00 
 7.86250000e-09  1.80000000e+00  7.86250000e-09  1.34207218e+00  7.86250000e-09  1.80000000e+00  7.86250000e-09  1.80000000e+00  7.86250000e-09  1.80000000e+00 
 7.86750000e-09  1.80000000e+00  7.86750000e-09  1.34207724e+00  7.86750000e-09  1.80000000e+00  7.86750000e-09  1.80000000e+00  7.86750000e-09  1.80000000e+00 
 7.87250000e-09  1.80000000e+00  7.87250000e-09  1.34208229e+00  7.87250000e-09  1.80000000e+00  7.87250000e-09  1.80000000e+00  7.87250000e-09  1.80000000e+00 
 7.87750000e-09  1.80000000e+00  7.87750000e-09  1.34208733e+00  7.87750000e-09  1.80000000e+00  7.87750000e-09  1.80000000e+00  7.87750000e-09  1.80000000e+00 
 7.88250000e-09  1.80000000e+00  7.88250000e-09  1.34209236e+00  7.88250000e-09  1.80000000e+00  7.88250000e-09  1.80000000e+00  7.88250000e-09  1.80000000e+00 
 7.88750000e-09  1.80000000e+00  7.88750000e-09  1.34209739e+00  7.88750000e-09  1.80000000e+00  7.88750000e-09  1.80000000e+00  7.88750000e-09  1.80000000e+00 
 7.89250000e-09  1.80000000e+00  7.89250000e-09  1.34210241e+00  7.89250000e-09  1.80000000e+00  7.89250000e-09  1.80000000e+00  7.89250000e-09  1.80000000e+00 
 7.89750000e-09  1.80000000e+00  7.89750000e-09  1.34210742e+00  7.89750000e-09  1.80000000e+00  7.89750000e-09  1.80000000e+00  7.89750000e-09  1.80000000e+00 
 7.90250000e-09  1.80000000e+00  7.90250000e-09  1.34211242e+00  7.90250000e-09  1.80000000e+00  7.90250000e-09  1.80000000e+00  7.90250000e-09  1.80000000e+00 
 7.90750000e-09  1.80000000e+00  7.90750000e-09  1.34211741e+00  7.90750000e-09  1.80000000e+00  7.90750000e-09  1.80000000e+00  7.90750000e-09  1.80000000e+00 
 7.91250000e-09  1.80000000e+00  7.91250000e-09  1.34212239e+00  7.91250000e-09  1.80000000e+00  7.91250000e-09  1.80000000e+00  7.91250000e-09  1.80000000e+00 
 7.91750000e-09  1.80000000e+00  7.91750000e-09  1.34212737e+00  7.91750000e-09  1.80000000e+00  7.91750000e-09  1.80000000e+00  7.91750000e-09  1.80000000e+00 
 7.92250000e-09  1.80000000e+00  7.92250000e-09  1.34213233e+00  7.92250000e-09  1.80000000e+00  7.92250000e-09  1.80000000e+00  7.92250000e-09  1.80000000e+00 
 7.92750000e-09  1.80000000e+00  7.92750000e-09  1.34213729e+00  7.92750000e-09  1.80000000e+00  7.92750000e-09  1.80000000e+00  7.92750000e-09  1.80000000e+00 
 7.93250000e-09  1.80000000e+00  7.93250000e-09  1.34214224e+00  7.93250000e-09  1.80000000e+00  7.93250000e-09  1.80000000e+00  7.93250000e-09  1.80000000e+00 
 7.93750000e-09  1.80000000e+00  7.93750000e-09  1.34214718e+00  7.93750000e-09  1.80000000e+00  7.93750000e-09  1.80000000e+00  7.93750000e-09  1.80000000e+00 
 7.94250000e-09  1.80000000e+00  7.94250000e-09  1.34215211e+00  7.94250000e-09  1.80000000e+00  7.94250000e-09  1.80000000e+00  7.94250000e-09  1.80000000e+00 
 7.94750000e-09  1.80000000e+00  7.94750000e-09  1.34215704e+00  7.94750000e-09  1.80000000e+00  7.94750000e-09  1.80000000e+00  7.94750000e-09  1.80000000e+00 
 7.95250000e-09  1.80000000e+00  7.95250000e-09  1.34216196e+00  7.95250000e-09  1.80000000e+00  7.95250000e-09  1.80000000e+00  7.95250000e-09  1.80000000e+00 
 7.95750000e-09  1.80000000e+00  7.95750000e-09  1.34216686e+00  7.95750000e-09  1.80000000e+00  7.95750000e-09  1.80000000e+00  7.95750000e-09  1.80000000e+00 
 7.96250000e-09  1.80000000e+00  7.96250000e-09  1.34217176e+00  7.96250000e-09  1.80000000e+00  7.96250000e-09  1.80000000e+00  7.96250000e-09  1.80000000e+00 
 7.96750000e-09  1.80000000e+00  7.96750000e-09  1.34217666e+00  7.96750000e-09  1.80000000e+00  7.96750000e-09  1.80000000e+00  7.96750000e-09  1.80000000e+00 
 7.97250000e-09  1.80000000e+00  7.97250000e-09  1.34218154e+00  7.97250000e-09  1.80000000e+00  7.97250000e-09  1.80000000e+00  7.97250000e-09  1.80000000e+00 
 7.97750000e-09  1.80000000e+00  7.97750000e-09  1.34218642e+00  7.97750000e-09  1.80000000e+00  7.97750000e-09  1.80000000e+00  7.97750000e-09  1.80000000e+00 
 7.98250000e-09  1.80000000e+00  7.98250000e-09  1.34219128e+00  7.98250000e-09  1.80000000e+00  7.98250000e-09  1.80000000e+00  7.98250000e-09  1.80000000e+00 
 7.98750000e-09  1.80000000e+00  7.98750000e-09  1.34219614e+00  7.98750000e-09  1.80000000e+00  7.98750000e-09  1.80000000e+00  7.98750000e-09  1.80000000e+00 
 7.99250000e-09  1.80000000e+00  7.99250000e-09  1.34220099e+00  7.99250000e-09  1.80000000e+00  7.99250000e-09  1.80000000e+00  7.99250000e-09  1.80000000e+00 
 7.99750000e-09  1.80000000e+00  7.99750000e-09  1.34220584e+00  7.99750000e-09  1.80000000e+00  7.99750000e-09  1.80000000e+00  7.99750000e-09  1.80000000e+00 
 8.00250000e-09  1.80000000e+00  8.00250000e-09  1.34221067e+00  8.00250000e-09  1.80000000e+00  8.00250000e-09  1.80000000e+00  8.00250000e-09  1.80000000e+00 
 8.00750000e-09  1.80000000e+00  8.00750000e-09  1.34221550e+00  8.00750000e-09  1.80000000e+00  8.00750000e-09  1.80000000e+00  8.00750000e-09  1.80000000e+00 
 8.01250000e-09  1.80000000e+00  8.01250000e-09  1.34222032e+00  8.01250000e-09  1.80000000e+00  8.01250000e-09  1.80000000e+00  8.01250000e-09  1.80000000e+00 
 8.01750000e-09  1.80000000e+00  8.01750000e-09  1.34222513e+00  8.01750000e-09  1.80000000e+00  8.01750000e-09  1.80000000e+00  8.01750000e-09  1.80000000e+00 
 8.02250000e-09  1.80000000e+00  8.02250000e-09  1.34222993e+00  8.02250000e-09  1.80000000e+00  8.02250000e-09  1.80000000e+00  8.02250000e-09  1.80000000e+00 
 8.02750000e-09  1.80000000e+00  8.02750000e-09  1.34223473e+00  8.02750000e-09  1.80000000e+00  8.02750000e-09  1.80000000e+00  8.02750000e-09  1.80000000e+00 
 8.03250000e-09  1.80000000e+00  8.03250000e-09  1.34223952e+00  8.03250000e-09  1.80000000e+00  8.03250000e-09  1.80000000e+00  8.03250000e-09  1.80000000e+00 
 8.03750000e-09  1.80000000e+00  8.03750000e-09  1.34224430e+00  8.03750000e-09  1.80000000e+00  8.03750000e-09  1.80000000e+00  8.03750000e-09  1.80000000e+00 
 8.04250000e-09  1.80000000e+00  8.04250000e-09  1.34224907e+00  8.04250000e-09  1.80000000e+00  8.04250000e-09  1.80000000e+00  8.04250000e-09  1.80000000e+00 
 8.04750000e-09  1.80000000e+00  8.04750000e-09  1.34225383e+00  8.04750000e-09  1.80000000e+00  8.04750000e-09  1.80000000e+00  8.04750000e-09  1.80000000e+00 
 8.05000000e-09  1.80000000e+00  8.05000000e-09  1.34225621e+00  8.05000000e-09  1.80000000e+00  8.05000000e-09  1.80000000e+00  8.05000000e-09  1.80000000e+00 
 8.05050000e-09  1.78200000e+00  8.05050000e-09  1.34225669e+00  8.05050000e-09  1.79934819e+00  8.05050000e-09  1.79934819e+00  8.05050000e-09  1.79934819e+00 
 8.05150000e-09  1.74600000e+00  8.05150000e-09  1.34225764e+00  8.05150000e-09  1.79681226e+00  8.05150000e-09  1.79681226e+00  8.05150000e-09  1.79681226e+00 
 8.05350000e-09  1.67400000e+00  8.05350000e-09  1.34225953e+00  8.05350000e-09  1.78505202e+00  8.05350000e-09  1.78505202e+00  8.05350000e-09  1.78505202e+00 
 8.05750000e-09  1.53000000e+00  8.05750000e-09  1.34226330e+00  8.05750000e-09  1.74086408e+00  8.05750000e-09  1.74086408e+00  8.05750000e-09  1.74086408e+00 
 8.06250000e-09  1.35000000e+00  8.06250000e-09  1.34226797e+00  8.06250000e-09  1.65942275e+00  8.06250000e-09  1.65942275e+00  8.06250000e-09  1.65942275e+00 
 8.06750000e-09  1.17000000e+00  8.06750000e-09  1.34003622e+00  8.06750000e-09  1.56220005e+00  8.06750000e-09  1.56025797e+00  8.06750000e-09  1.56025797e+00 
 8.07250000e-09  9.90000000e-01  8.07250000e-09  1.32870968e+00  8.07250000e-09  1.45936627e+00  8.07250000e-09  1.44798752e+00  8.07250000e-09  1.44798752e+00 
 8.07750000e-09  8.10000000e-01  8.07750000e-09  1.29906266e+00  8.07750000e-09  1.35796177e+00  8.07750000e-09  1.32293362e+00  8.07750000e-09  1.32293362e+00 
 8.08250000e-09  6.30000000e-01  8.08250000e-09  1.24221055e+00  8.08250000e-09  1.26333943e+00  8.08250000e-09  1.18579500e+00  8.08250000e-09  1.18579500e+00 
 8.08750000e-09  4.50000000e-01  8.08750000e-09  1.15048724e+00  8.08750000e-09  1.18011423e+00  8.08750000e-09  1.03871550e+00  8.08750000e-09  1.03871550e+00 
 8.09250000e-09  2.70000000e-01  8.09250000e-09  1.01881927e+00  8.09250000e-09  1.11052568e+00  8.09250000e-09  8.81868518e-01  8.09250000e-09  8.81868518e-01 
 8.09750000e-09  9.00000000e-02  8.09750000e-09  8.46282611e-01  8.09750000e-09  1.05289908e+00  8.09750000e-09  7.11285706e-01  8.09750000e-09  7.11285706e-01 
 8.10000000e-09  0.00000000e+00  8.10000000e-09  7.45602974e-01  8.10000000e-09  1.02769529e+00  8.10000000e-09  6.19339202e-01  8.10000000e-09  6.19339202e-01 
 8.10050000e-09  0.00000000e+00  8.10050000e-09  7.24979726e-01  8.10050000e-09  1.02294354e+00  8.10050000e-09  6.00940384e-01  8.10050000e-09  6.00940384e-01 
 8.10150000e-09  0.00000000e+00  8.10150000e-09  6.84510904e-01  8.10150000e-09  1.01359615e+00  8.10150000e-09  5.65084655e-01  8.10150000e-09  5.65084655e-01 
 8.10350000e-09  0.00000000e+00  8.10350000e-09  6.08318542e-01  8.10350000e-09  9.95793491e-01  8.10350000e-09  4.98747765e-01  8.10350000e-09  4.98747765e-01 
 8.10750000e-09  0.00000000e+00  8.10750000e-09  4.74972926e-01  8.10750000e-09  9.63362417e-01  8.10750000e-09  3.85165959e-01  8.10750000e-09  3.85165959e-01 
 8.11250000e-09  0.00000000e+00  8.11250000e-09  3.42261202e-01  8.11250000e-09  9.27910380e-01  8.11250000e-09  2.74593861e-01  8.11250000e-09  2.74593861e-01 
 8.11750000e-09  0.00000000e+00  8.11750000e-09  2.42792409e-01  8.11750000e-09  8.97105928e-01  8.11750000e-09  1.93252239e-01  8.11750000e-09  1.93252239e-01 
 8.12250000e-09  0.00000000e+00  8.12250000e-09  1.70239389e-01  8.12250000e-09  8.70086175e-01  8.12250000e-09  1.34727247e-01  8.12250000e-09  1.34727247e-01 
 8.12750000e-09  0.00000000e+00  8.12750000e-09  1.18345755e-01  8.12750000e-09  8.46190585e-01  8.12750000e-09  9.32793671e-02  8.12750000e-09  9.32793671e-02 
 8.13250000e-09  0.00000000e+00  8.13250000e-09  8.17619240e-02  8.13250000e-09  8.24903876e-01  8.13250000e-09  6.42637174e-02  8.13250000e-09  6.42637174e-02 
 8.13750000e-09  0.00000000e+00  8.13750000e-09  5.62567129e-02  8.13750000e-09  8.05817961e-01  8.13750000e-09  4.41314025e-02  8.13750000e-09  4.41314025e-02 
 8.14250000e-09  0.00000000e+00  8.14250000e-09  3.85986820e-02  8.14250000e-09  7.88606686e-01  8.14250000e-09  3.02390105e-02  8.14250000e-09  3.02390105e-02 
 8.14750000e-09  0.00000000e+00  8.14750000e-09  2.64319555e-02  8.14750000e-09  7.73005531e-01  8.14750000e-09  2.06884532e-02  8.14750000e-09  2.06884532e-02 
 8.15250000e-09  0.00000000e+00  8.15250000e-09  1.80763037e-02  8.15250000e-09  7.58797671e-01  8.15250000e-09  1.41396012e-02  8.15250000e-09  1.41396012e-02 
 8.15750000e-09  0.00000000e+00  8.15750000e-09  1.23508149e-02  8.15750000e-09  7.45803661e-01  8.15750000e-09  9.65690164e-03  8.15750000e-09  9.65690164e-03 
 8.16250000e-09  0.00000000e+00  8.16250000e-09  8.43358288e-03  8.16250000e-09  7.33873697e-01  8.16250000e-09  6.59216028e-03  8.16250000e-09  6.59216028e-03 
 8.16750000e-09  0.00000000e+00  8.16750000e-09  5.75631574e-03  8.16750000e-09  7.22881722e-01  8.16750000e-09  4.49856378e-03  8.16750000e-09  4.49856378e-03 
 8.17250000e-09  0.00000000e+00  8.17250000e-09  3.92781928e-03  8.17250000e-09  7.12720892e-01  8.17250000e-09  3.06917652e-03  8.17250000e-09  3.06917652e-03 
 8.17750000e-09  0.00000000e+00  8.17750000e-09  2.67961675e-03  8.17750000e-09  7.03300038e-01  8.17750000e-09  2.09364435e-03  8.17750000e-09  2.09364435e-03 
 8.18250000e-09  0.00000000e+00  8.18250000e-09  1.82782832e-03  8.18250000e-09  6.94540891e-01  8.18250000e-09  1.42803320e-03  8.18250000e-09  1.42803320e-03 
 8.18750000e-09  0.00000000e+00  8.18750000e-09  1.24668932e-03  8.18750000e-09  6.86375872e-01  8.18750000e-09  9.73963312e-04  8.18750000e-09  9.73963312e-04 
 8.19250000e-09  0.00000000e+00  8.19250000e-09  8.50264162e-04  8.19250000e-09  6.78746322e-01  8.19250000e-09  6.64241059e-04  8.19250000e-09  6.64241059e-04 
 8.19750000e-09  0.00000000e+00  8.19750000e-09  5.79870422e-04  8.19750000e-09  6.71601077e-01  8.19750000e-09  4.52996097e-04  8.19750000e-09  4.52996097e-04 
 8.20250000e-09  0.00000000e+00  8.20250000e-09  3.95453467e-04  8.20250000e-09  6.64895306e-01  8.20250000e-09  3.08925308e-04  8.20250000e-09  3.08925308e-04 
 8.20750000e-09  0.00000000e+00  8.20750000e-09  2.69681522e-04  8.20750000e-09  6.58589557e-01  8.20750000e-09  2.10671616e-04  8.20750000e-09  2.10671616e-04 
 8.21250000e-09  0.00000000e+00  8.21250000e-09  1.83908206e-04  8.21250000e-09  6.52648972e-01  8.21250000e-09  1.43666110e-04  8.21250000e-09  1.43666110e-04 
 8.21750000e-09  0.00000000e+00  8.21750000e-09  1.25414287e-04  8.21750000e-09  6.47042638e-01  8.21750000e-09  9.79715634e-05  8.21750000e-09  9.79715634e-05 
 8.22250000e-09  0.00000000e+00  8.22250000e-09  8.55244287e-05  8.22250000e-09  6.41743043e-01  8.22250000e-09  6.68104495e-05  8.22250000e-09  6.68104495e-05 
 8.22750000e-09  0.00000000e+00  8.22750000e-09  5.83218760e-05  8.22750000e-09  6.36725619e-01  8.22750000e-09  4.55604959e-05  8.22750000e-09  4.55604959e-05 
 8.23250000e-09  0.00000000e+00  8.23250000e-09  3.97714583e-05  8.23250000e-09  6.31968359e-01  8.23250000e-09  3.10694230e-05  8.23250000e-09  3.10694230e-05 
 8.23750000e-09  0.00000000e+00  8.23750000e-09  2.71213109e-05  8.23750000e-09  6.27451489e-01  8.23750000e-09  2.11875008e-05  8.23750000e-09  2.11875008e-05 
 8.24250000e-09  0.00000000e+00  8.24250000e-09  1.84947834e-05  8.24250000e-09  6.23157195e-01  8.24250000e-09  1.44487224e-05  8.24250000e-09  1.44487224e-05 
 8.24750000e-09  0.00000000e+00  8.24750000e-09  1.26121003e-05  8.24750000e-09  6.19069383e-01  8.24750000e-09  9.85335595e-06  8.24750000e-09  9.85335595e-06 
 8.25250000e-09  0.00000000e+00  8.25250000e-09  8.60053183e-06  8.25250000e-09  6.15173477e-01  8.25250000e-09  6.71964753e-06  8.25250000e-09  6.71964753e-06 
 8.25750000e-09  0.00000000e+00  8.25750000e-09  5.86493242e-06  8.25750000e-09  6.11456244e-01  8.25750000e-09  4.58268621e-06  8.25750000e-09  4.58268621e-06 
 8.26250000e-09  0.00000000e+00  8.26250000e-09  3.99945292e-06  8.26250000e-09  6.07905641e-01  8.26250000e-09  3.12543477e-06  8.26250000e-09  3.12543477e-06 
 8.26750000e-09  0.00000000e+00  8.26750000e-09  2.72733244e-06  8.26750000e-09  6.04510686e-01  8.26750000e-09  2.13169618e-06  8.26750000e-09  2.13169618e-06 
 8.27250000e-09  0.00000000e+00  8.27250000e-09  1.85983967e-06  8.27250000e-09  6.01261344e-01  8.27250000e-09  1.45403954e-06  8.27250000e-09  1.45403954e-06 
 8.27750000e-09  0.00000000e+00  8.27750000e-09  1.26827344e-06  8.27750000e-09  5.98148424e-01  8.27750000e-09  9.91927617e-07  8.27750000e-09  9.91927617e-07 
 8.28250000e-09  0.00000000e+00  8.28250000e-09  8.64868854e-07  8.28250000e-09  5.95163494e-01  8.28250000e-09  6.76801362e-07  8.28250000e-09  6.76801362e-07 
 8.28750000e-09  0.00000000e+00  8.28750000e-09  5.89776685e-07  8.28750000e-09  5.92298805e-01  8.28750000e-09  4.61908511e-07  8.28750000e-09  4.61908511e-07 
 8.29250000e-09  0.00000000e+00  8.29250000e-09  4.02184130e-07  8.29250000e-09  5.89547221e-01  8.29250000e-09  3.15367452e-07  8.29250000e-09  3.15367452e-07 
 8.29750000e-09  0.00000000e+00  8.29750000e-09  2.74259860e-07  8.29750000e-09  5.86902161e-01  8.29750000e-09  2.15437274e-07  8.29750000e-09  2.15437274e-07 
 8.30250000e-09  0.00000000e+00  8.30250000e-09  1.87024958e-07  8.30250000e-09  5.84357545e-01  8.30250000e-09  1.47292275e-07  8.30250000e-09  1.47292275e-07 
 8.30750000e-09  0.00000000e+00  8.30750000e-09  1.27537199e-07  8.30750000e-09  5.81907749e-01  8.30750000e-09  1.00822421e-07  8.30750000e-09  1.00822421e-07 
 8.31250000e-09  0.00000000e+00  8.31250000e-09  8.69709440e-08  8.31250000e-09  5.79547560e-01  8.31250000e-09  6.91334150e-08  8.31250000e-09  6.91334150e-08 
 8.31750000e-09  0.00000000e+00  8.31750000e-09  5.93077557e-08  8.31750000e-09  5.77272142e-01  8.31750000e-09  4.75238547e-08  8.31750000e-09  4.75238547e-08 
 8.32250000e-09  0.00000000e+00  8.32250000e-09  4.04435058e-08  8.32250000e-09  5.75077001e-01  8.32250000e-09  3.27877317e-08  8.32250000e-09  3.27877317e-08 
 8.32750000e-09  0.00000000e+00  8.32750000e-09  2.75794816e-08  8.32750000e-09  5.72957955e-01  8.32750000e-09  2.27387849e-08  8.32750000e-09  2.27387849e-08 
 8.33250000e-09  0.00000000e+00  8.33250000e-09  1.88071679e-08  8.33250000e-09  5.70911108e-01  8.33250000e-09  1.58861460e-08  8.33250000e-09  1.58861460e-08 
 8.33750000e-09  0.00000000e+00  8.33750000e-09  1.28250984e-08  8.33750000e-09  5.68932827e-01  8.33750000e-09  1.12131528e-08  8.33750000e-09  1.12131528e-08 
 8.34250000e-09  0.00000000e+00  8.34250000e-09  8.74576911e-09  8.34250000e-09  5.67019717e-01  8.34250000e-09  8.02651678e-09  8.34250000e-09  8.02651678e-09 
 8.34750000e-09  0.00000000e+00  8.34750000e-09  5.96396808e-09  8.34750000e-09  5.65168605e-01  8.34750000e-09  5.85346658e-09  8.34750000e-09  5.85346658e-09 
 8.35250000e-09  0.00000000e+00  8.35250000e-09  4.06698539e-09  8.35250000e-09  5.63376522e-01  8.35250000e-09  4.37160697e-09  8.35250000e-09  4.37160697e-09 
 8.35750000e-09  0.00000000e+00  8.35750000e-09  2.77338342e-09  8.35750000e-09  5.61640684e-01  8.35750000e-09  3.36108825e-09  8.35750000e-09  3.36108825e-09 
 8.36250000e-09  0.00000000e+00  8.36250000e-09  1.89124249e-09  8.36250000e-09  5.59958480e-01  8.36250000e-09  2.67198918e-09  8.36250000e-09  2.67198918e-09 
 8.36750000e-09  0.00000000e+00  8.36750000e-09  1.28968758e-09  8.36750000e-09  5.58327458e-01  8.36750000e-09  2.20207455e-09  8.36750000e-09  2.20207455e-09 
 8.37250000e-09  0.00000000e+00  8.37250000e-09  8.79471603e-10  8.37250000e-09  5.56745314e-01  8.37250000e-09  1.88162750e-09  8.37250000e-09  1.88162750e-09 
 8.37750000e-09  0.00000000e+00  8.37750000e-09  5.99734625e-10  8.37750000e-09  5.55209881e-01  8.37750000e-09  1.66310630e-09  8.37750000e-09  1.66310630e-09 
 8.38250000e-09  0.00000000e+00  8.38250000e-09  4.08974684e-10  8.38250000e-09  5.53719117e-01  8.38250000e-09  1.51409100e-09  8.38250000e-09  1.51409100e-09 
 8.38750000e-09  0.00000000e+00  8.38750000e-09  2.78890504e-10  8.38750000e-09  5.52271098e-01  8.38750000e-09  1.41247358e-09  8.38750000e-09  1.41247358e-09 
 8.39250000e-09  0.00000000e+00  8.39250000e-09  1.90182709e-10  8.39250000e-09  5.50864009e-01  8.39250000e-09  1.34317801e-09  8.39250000e-09  1.34317801e-09 
 8.39750000e-09  0.00000000e+00  8.39750000e-09  1.29690550e-10  8.39750000e-09  5.49496137e-01  8.39750000e-09  1.29592355e-09  8.39750000e-09  1.29592355e-09 
 8.40250000e-09  0.00000000e+00  8.40250000e-09  8.84393686e-11  8.40250000e-09  5.48165863e-01  8.40250000e-09  1.26369950e-09  8.40250000e-09  1.26369950e-09 
 8.40750000e-09  0.00000000e+00  8.40750000e-09  6.03091122e-11  8.40750000e-09  5.46871656e-01  8.40750000e-09  1.24172508e-09  8.40750000e-09  1.24172508e-09 
 8.41250000e-09  0.00000000e+00  8.41250000e-09  4.11263567e-11  8.41250000e-09  5.45612066e-01  8.41250000e-09  1.22674015e-09  8.41250000e-09  1.22674015e-09 
 8.41750000e-09  0.00000000e+00  8.41750000e-09  2.80451353e-11  8.41750000e-09  5.44385721e-01  8.41750000e-09  1.21652154e-09  8.41750000e-09  1.21652154e-09 
 8.42250000e-09  0.00000000e+00  8.42250000e-09  1.91247093e-11  8.42250000e-09  5.43191320e-01  8.42250000e-09  1.20955320e-09  8.42250000e-09  1.20955320e-09 
 8.42750000e-09  0.00000000e+00  8.42750000e-09  1.30416381e-11  8.42750000e-09  5.42027631e-01  8.42750000e-09  1.20480131e-09  8.42750000e-09  1.20480131e-09 
 8.43250000e-09  0.00000000e+00  8.43250000e-09  8.89343317e-12  8.43250000e-09  5.40893482e-01  8.43250000e-09  1.20156087e-09  8.43250000e-09  1.20156087e-09 
 8.43750000e-09  0.00000000e+00  8.43750000e-09  6.06466404e-12  8.43750000e-09  5.39787761e-01  8.43750000e-09  1.19935113e-09  8.43750000e-09  1.19935113e-09 
 8.44250000e-09  0.00000000e+00  8.44250000e-09  4.13565260e-12  8.44250000e-09  5.38709411e-01  8.44250000e-09  1.19784425e-09  8.44250000e-09  1.19784425e-09 
 8.44750000e-09  0.00000000e+00  8.44750000e-09  2.82020937e-12  8.44750000e-09  5.37657427e-01  8.44750000e-09  1.19681667e-09  8.44750000e-09  1.19681667e-09 
 8.45250000e-09  0.00000000e+00  8.45250000e-09  1.92317433e-12  8.45250000e-09  5.36630853e-01  8.45250000e-09  1.19611594e-09  8.45250000e-09  1.19611594e-09 
 8.45750000e-09  0.00000000e+00  8.45750000e-09  1.31146274e-12  8.45750000e-09  5.35628778e-01  8.45750000e-09  1.19563809e-09  8.45750000e-09  1.19563809e-09 
 8.46250000e-09  0.00000000e+00  8.46250000e-09  8.94320648e-13  8.46250000e-09  5.34650335e-01  8.46250000e-09  1.19531223e-09  8.46250000e-09  1.19531223e-09 
 8.46750000e-09  0.00000000e+00  8.46750000e-09  6.09860577e-13  8.46750000e-09  5.33694695e-01  8.46750000e-09  1.19509002e-09  8.46750000e-09  1.19509002e-09 
 8.47250000e-09  0.00000000e+00  8.47250000e-09  4.15879834e-13  8.47250000e-09  5.32761071e-01  8.47250000e-09  1.19493849e-09  8.47250000e-09  1.19493849e-09 
 8.47750000e-09  0.00000000e+00  8.47750000e-09  2.83599306e-13  8.47750000e-09  5.31848710e-01  8.47750000e-09  1.19483515e-09  8.47750000e-09  1.19483515e-09 
 8.48250000e-09  0.00000000e+00  8.48250000e-09  1.93393764e-13  8.48250000e-09  5.30956892e-01  8.48250000e-09  1.19476469e-09  8.48250000e-09  1.19476469e-09 
 8.48750000e-09  0.00000000e+00  8.48750000e-09  1.31880252e-13  8.48750000e-09  5.30084931e-01  8.48750000e-09  1.19471664e-09  8.48750000e-09  1.19471664e-09 
 8.49250000e-09  0.00000000e+00  8.49250000e-09  8.99325836e-14  8.49250000e-09  5.29232170e-01  8.49250000e-09  1.19468387e-09  8.49250000e-09  1.19468387e-09 
 8.49750000e-09  0.00000000e+00  8.49750000e-09  6.13273745e-14  8.49750000e-09  5.28397982e-01  8.49750000e-09  1.19466152e-09  8.49750000e-09  1.19466152e-09 
 8.50250000e-09  0.00000000e+00  8.50250000e-09  4.18207363e-14  8.50250000e-09  5.27581764e-01  8.50250000e-09  1.19464629e-09  8.50250000e-09  1.19464629e-09 
 8.50750000e-09  0.00000000e+00  8.50750000e-09  2.85186509e-14  8.50750000e-09  5.26782943e-01  8.50750000e-09  1.19463589e-09  8.50750000e-09  1.19463589e-09 
 8.51250000e-09  0.00000000e+00  8.51250000e-09  1.94476119e-14  8.51250000e-09  5.26000968e-01  8.51250000e-09  1.19462881e-09  8.51250000e-09  1.19462881e-09 
 8.51750000e-09  0.00000000e+00  8.51750000e-09  1.32618338e-14  8.51750000e-09  5.25235310e-01  8.51750000e-09  1.19462398e-09  8.51750000e-09  1.19462398e-09 
 8.52250000e-09  0.00000000e+00  8.52250000e-09  9.04359036e-15  8.52250000e-09  5.24485463e-01  8.52250000e-09  1.19462068e-09  8.52250000e-09  1.19462068e-09 
 8.52750000e-09  0.00000000e+00  8.52750000e-09  6.16706015e-15  8.52750000e-09  5.23750943e-01  8.52750000e-09  1.19461843e-09  8.52750000e-09  1.19461843e-09 
 8.53250000e-09  0.00000000e+00  8.53250000e-09  4.20547917e-15  8.53250000e-09  5.23031284e-01  8.53250000e-09  1.19461690e-09  8.53250000e-09  1.19461690e-09 
 8.53750000e-09  0.00000000e+00  8.53750000e-09  2.86782594e-15  8.53750000e-09  5.22326039e-01  8.53750000e-09  1.19461586e-09  8.53750000e-09  1.19461586e-09 
 8.54250000e-09  0.00000000e+00  8.54250000e-09  1.95564531e-15  8.54250000e-09  5.21634779e-01  8.54250000e-09  1.19461514e-09  8.54250000e-09  1.19461514e-09 
 8.54750000e-09  0.00000000e+00  8.54750000e-09  1.33360555e-15  8.54750000e-09  5.20957091e-01  8.54750000e-09  1.19461466e-09  8.54750000e-09  1.19461466e-09 
 8.55250000e-09  0.00000000e+00  8.55250000e-09  9.09420406e-16  8.55250000e-09  5.20292579e-01  8.55250000e-09  1.19461433e-09  8.55250000e-09  1.19461433e-09 
 8.55750000e-09  0.00000000e+00  8.55750000e-09  6.20157495e-16  8.55750000e-09  5.19640863e-01  8.55750000e-09  1.19461410e-09  8.55750000e-09  1.19461410e-09 
 8.56250000e-09  0.00000000e+00  8.56250000e-09  4.22901571e-16  8.56250000e-09  5.19001576e-01  8.56250000e-09  1.19461395e-09  8.56250000e-09  1.19461395e-09 
 8.56750000e-09  0.00000000e+00  8.56750000e-09  2.88387612e-16  8.56750000e-09  5.18374365e-01  8.56750000e-09  1.19461384e-09  8.56750000e-09  1.19461384e-09 
 8.57250000e-09  0.00000000e+00  8.57250000e-09  1.96659035e-16  8.57250000e-09  5.17758891e-01  8.57250000e-09  1.19461377e-09  8.57250000e-09  1.19461377e-09 
 8.57750000e-09  0.00000000e+00  8.57750000e-09  1.34106925e-16  8.57750000e-09  5.17154828e-01  8.57750000e-09  1.19461372e-09  8.57750000e-09  1.19461372e-09 
 8.58250000e-09  0.00000000e+00  8.58250000e-09  9.14510101e-17  8.58250000e-09  5.16561861e-01  8.58250000e-09  1.19461369e-09  8.58250000e-09  1.19461369e-09 
 8.58750000e-09  0.00000000e+00  8.58750000e-09  6.23628291e-17  8.58750000e-09  5.15979686e-01  8.58750000e-09  1.19461366e-09  8.58750000e-09  1.19461366e-09 
 8.59250000e-09  0.00000000e+00  8.59250000e-09  4.25268398e-17  8.59250000e-09  5.15408012e-01  8.59250000e-09  1.19461365e-09  8.59250000e-09  1.19461365e-09 
 8.59750000e-09  0.00000000e+00  8.59750000e-09  2.90001613e-17  8.59750000e-09  5.14846556e-01  8.59750000e-09  1.19461364e-09  8.59750000e-09  1.19461364e-09 
 8.60250000e-09  0.00000000e+00  8.60250000e-09  1.97759664e-17  8.60250000e-09  5.14295048e-01  8.60250000e-09  1.19461363e-09  8.60250000e-09  1.19461363e-09 
 8.60750000e-09  0.00000000e+00  8.60750000e-09  1.34857473e-17  8.60750000e-09  5.13753223e-01  8.60750000e-09  1.19461363e-09  8.60750000e-09  1.19461363e-09 
 8.61250000e-09  0.00000000e+00  8.61250000e-09  9.19628282e-18  8.61250000e-09  5.13220831e-01  8.61250000e-09  1.19461362e-09  8.61250000e-09  1.19461362e-09 
 8.61750000e-09  0.00000000e+00  8.61750000e-09  6.27118512e-18  8.61750000e-09  5.12697625e-01  8.61750000e-09  1.19461362e-09  8.61750000e-09  1.19461362e-09 
 8.62250000e-09  0.00000000e+00  8.62250000e-09  4.27648471e-18  8.62250000e-09  5.12183371e-01  8.62250000e-09  1.19461362e-09  8.62250000e-09  1.19461362e-09 
 8.62750000e-09  0.00000000e+00  8.62750000e-09  2.91624646e-18  8.62750000e-09  5.11677840e-01  8.62750000e-09  1.19461362e-09  8.62750000e-09  1.19461362e-09 
 8.63250000e-09  0.00000000e+00  8.63250000e-09  1.98866453e-18  8.63250000e-09  5.11180812e-01  8.63250000e-09  1.19461362e-09  8.63250000e-09  1.19461362e-09 
 8.63750000e-09  0.00000000e+00  8.63750000e-09  1.35612221e-18  8.63750000e-09  5.10692074e-01  8.63750000e-09  1.19461362e-09  8.63750000e-09  1.19461362e-09 
 8.64250000e-09  0.00000000e+00  8.64250000e-09  9.24775108e-19  8.64250000e-09  5.10211420e-01  8.64250000e-09  1.19461362e-09  8.64250000e-09  1.19461362e-09 
 8.64750000e-09  0.00000000e+00  8.64750000e-09  6.30628267e-19  8.64750000e-09  5.09738651e-01  8.64750000e-09  1.19461362e-09  8.64750000e-09  1.19461362e-09 
 8.65250000e-09  0.00000000e+00  8.65250000e-09  4.30041864e-19  8.65250000e-09  5.09273575e-01  8.65250000e-09  1.19461362e-09  8.65250000e-09  1.19461362e-09 
 8.65750000e-09  0.00000000e+00  8.65750000e-09  2.93256764e-19  8.65750000e-09  5.08816005e-01  8.65750000e-09  1.19461362e-09  8.65750000e-09  1.19461362e-09 
 8.66250000e-09  0.00000000e+00  8.66250000e-09  1.99979436e-19  8.66250000e-09  5.08365761e-01  8.66250000e-09  1.19461362e-09  8.66250000e-09  1.19461362e-09 
 8.66750000e-09  0.00000000e+00  8.66750000e-09  1.36371194e-19  8.66750000e-09  5.07922668e-01  8.66750000e-09  1.19461362e-09  8.66750000e-09  1.19461362e-09 
 8.67250000e-09  0.00000000e+00  8.67250000e-09  9.29950738e-20  8.67250000e-09  5.07486557e-01  8.67250000e-09  1.19461362e-09  8.67250000e-09  1.19461362e-09 
 8.67750000e-09  0.00000000e+00  8.67750000e-09  6.34157664e-20  8.67750000e-09  5.07057264e-01  8.67750000e-09  1.19461362e-09  8.67750000e-09  1.19461362e-09 
 8.68250000e-09  0.00000000e+00  8.68250000e-09  4.32448652e-20  8.68250000e-09  5.06634630e-01  8.68250000e-09  1.19461362e-09  8.68250000e-09  1.19461362e-09 
 8.68750000e-09  0.00000000e+00  8.68750000e-09  2.94898015e-20  8.68750000e-09  5.06218502e-01  8.68750000e-09  1.19461362e-09  8.68750000e-09  1.19461362e-09 
 8.69250000e-09  0.00000000e+00  8.69250000e-09  2.01098648e-20  8.69250000e-09  5.05808730e-01  8.69250000e-09  1.19461362e-09  8.69250000e-09  1.19461362e-09 
 8.69750000e-09  0.00000000e+00  8.69750000e-09  1.37134414e-20  8.69750000e-09  5.05405170e-01  8.69750000e-09  1.19461362e-09  8.69750000e-09  1.19461362e-09 
 8.70250000e-09  0.00000000e+00  8.70250000e-09  9.35155335e-21  8.70250000e-09  5.05007681e-01  8.70250000e-09  1.19461362e-09  8.70250000e-09  1.19461362e-09 
 8.70750000e-09  0.00000000e+00  8.70750000e-09  6.37706815e-21  8.70750000e-09  5.04616128e-01  8.70750000e-09  1.19461362e-09  8.70750000e-09  1.19461362e-09 
 8.71250000e-09  0.00000000e+00  8.71250000e-09  4.34868910e-21  8.71250000e-09  5.04230378e-01  8.71250000e-09  1.19461362e-09  8.71250000e-09  1.19461362e-09 
 8.71750000e-09  0.00000000e+00  8.71750000e-09  2.96548452e-21  8.71750000e-09  5.03850303e-01  8.71750000e-09  1.19461362e-09  8.71750000e-09  1.19461362e-09 
 8.72250000e-09  0.00000000e+00  8.72250000e-09  2.02224125e-21  8.72250000e-09  5.03475778e-01  8.72250000e-09  1.19461362e-09  8.72250000e-09  1.19461362e-09 
 8.72750000e-09  0.00000000e+00  8.72750000e-09  1.37901905e-21  8.72750000e-09  5.03106683e-01  8.72750000e-09  1.19461362e-09  8.72750000e-09  1.19461362e-09 
 8.73250000e-09  0.00000000e+00  8.73250000e-09  9.40389060e-22  8.73250000e-09  5.02742901e-01  8.73250000e-09  1.19461362e-09  8.73250000e-09  1.19461362e-09 
 8.73750000e-09  0.00000000e+00  8.73750000e-09  6.41275828e-22  8.73750000e-09  5.02384318e-01  8.73750000e-09  1.19461362e-09  8.73750000e-09  1.19461362e-09 
 8.74250000e-09  0.00000000e+00  8.74250000e-09  4.37302713e-22  8.74250000e-09  5.02030823e-01  8.74250000e-09  1.19461362e-09  8.74250000e-09  1.19461362e-09 
 8.74750000e-09  0.00000000e+00  8.74750000e-09  2.98208126e-22  8.74750000e-09  5.01682308e-01  8.74750000e-09  1.19461362e-09  8.74750000e-09  1.19461362e-09 
 8.75250000e-09  0.00000000e+00  8.75250000e-09  2.03355900e-22  8.75250000e-09  5.01338668e-01  8.75250000e-09  1.19461362e-09  8.75250000e-09  1.19461362e-09 
 8.75750000e-09  0.00000000e+00  8.75750000e-09  1.38673692e-22  8.75750000e-09  5.00999803e-01  8.75750000e-09  1.19461362e-09  8.75750000e-09  1.19461362e-09 
 8.76250000e-09  0.00000000e+00  8.76250000e-09  9.45652076e-23  8.76250000e-09  5.00665613e-01  8.76250000e-09  1.19461362e-09  8.76250000e-09  1.19461362e-09 
 8.76750000e-09  0.00000000e+00  8.76750000e-09  6.44864816e-23  8.76750000e-09  5.00336002e-01  8.76750000e-09  1.19461362e-09  8.76750000e-09  1.19461362e-09 
 8.77250000e-09  0.00000000e+00  8.77250000e-09  4.39750138e-23  8.77250000e-09  5.00010876e-01  8.77250000e-09  1.19461362e-09  8.77250000e-09  1.19461362e-09 
 8.77750000e-09  0.00000000e+00  8.77750000e-09  2.99877089e-23  8.77750000e-09  4.99690145e-01  8.77750000e-09  1.19461362e-09  8.77750000e-09  1.19461362e-09 
 8.78250000e-09  0.00000000e+00  8.78250000e-09  2.04494009e-23  8.78250000e-09  4.99373720e-01  8.78250000e-09  1.19461362e-09  8.78250000e-09  1.19461362e-09 
 8.78750000e-09  0.00000000e+00  8.78750000e-09  1.39449798e-23  8.78750000e-09  4.99061514e-01  8.78750000e-09  1.19461362e-09  8.78750000e-09  1.19461362e-09 
 8.79250000e-09  0.00000000e+00  8.79250000e-09  9.50944547e-24  8.79250000e-09  4.98753445e-01  8.79250000e-09  1.19461362e-09  8.79250000e-09  1.19461362e-09 
 8.79750000e-09  0.00000000e+00  8.79750000e-09  6.48473890e-24  8.79750000e-09  4.98449429e-01  8.79750000e-09  1.19461362e-09  8.79750000e-09  1.19461362e-09 
 8.80250000e-09  0.00000000e+00  8.80250000e-09  4.42211260e-24  8.80250000e-09  4.98149389e-01  8.80250000e-09  1.19461362e-09  8.80250000e-09  1.19461362e-09 
 8.80750000e-09  0.00000000e+00  8.80750000e-09  3.01555392e-24  8.80750000e-09  4.97853245e-01  8.80750000e-09  1.19461362e-09  8.80750000e-09  1.19461362e-09 
 8.81250000e-09  0.00000000e+00  8.81250000e-09  2.05638487e-24  8.81250000e-09  4.97560923e-01  8.81250000e-09  1.19461362e-09  8.81250000e-09  1.19461362e-09 
 8.81750000e-09  0.00000000e+00  8.81750000e-09  1.40230248e-24  8.81750000e-09  4.97272349e-01  8.81750000e-09  1.19461362e-09  8.81750000e-09  1.19461362e-09 
 8.82250000e-09  0.00000000e+00  8.82250000e-09  9.56266639e-25  8.82250000e-09  4.96987452e-01  8.82250000e-09  1.19461362e-09  8.82250000e-09  1.19461362e-09 
 8.82750000e-09  0.00000000e+00  8.82750000e-09  6.52103163e-25  8.82750000e-09  4.96706161e-01  8.82750000e-09  1.19461362e-09  8.82750000e-09  1.19461362e-09 
 8.83250000e-09  0.00000000e+00  8.83250000e-09  4.44686156e-25  8.83250000e-09  4.96428409e-01  8.83250000e-09  1.19461362e-09  8.83250000e-09  1.19461362e-09 
 8.83750000e-09  0.00000000e+00  8.83750000e-09  3.03243088e-25  8.83750000e-09  4.96154129e-01  8.83750000e-09  1.19461362e-09  8.83750000e-09  1.19461362e-09 
 8.84250000e-09  0.00000000e+00  8.84250000e-09  2.06789371e-25  8.84250000e-09  4.95883256e-01  8.84250000e-09  1.19461362e-09  8.84250000e-09  1.19461362e-09 
 8.84750000e-09  0.00000000e+00  8.84750000e-09  1.41015066e-25  8.84750000e-09  4.95615727e-01  8.84750000e-09  1.19461362e-09  8.84750000e-09  1.19461362e-09 
 8.85250000e-09  0.00000000e+00  8.85250000e-09  9.61618516e-26  8.85250000e-09  4.95351481e-01  8.85250000e-09  1.19461362e-09  8.85250000e-09  1.19461362e-09 
 8.85750000e-09  0.00000000e+00  8.85750000e-09  6.55752748e-26  8.85750000e-09  4.95090457e-01  8.85750000e-09  1.19461362e-09  8.85750000e-09  1.19461362e-09 
 8.86250000e-09  0.00000000e+00  8.86250000e-09  4.47174903e-26  8.86250000e-09  4.94832598e-01  8.86250000e-09  1.19461362e-09  8.86250000e-09  1.19461362e-09 
 8.86750000e-09  0.00000000e+00  8.86750000e-09  3.04940230e-26  8.86750000e-09  4.94577845e-01  8.86750000e-09  1.19461362e-09  8.86750000e-09  1.19461362e-09 
 8.87250000e-09  0.00000000e+00  8.87250000e-09  2.07946696e-26  8.87250000e-09  4.94326143e-01  8.87250000e-09  1.19461362e-09  8.87250000e-09  1.19461362e-09 
 8.87750000e-09  0.00000000e+00  8.87750000e-09  1.41804276e-26  8.87750000e-09  4.94077437e-01  8.87750000e-09  1.19461362e-09  8.87750000e-09  1.19461362e-09 
 8.88250000e-09  0.00000000e+00  8.88250000e-09  9.67000345e-27  8.88250000e-09  4.93831675e-01  8.88250000e-09  1.19461362e-09  8.88250000e-09  1.19461362e-09 
 8.88750000e-09  0.00000000e+00  8.88750000e-09  6.59422758e-27  8.88750000e-09  4.93588804e-01  8.88750000e-09  1.19461362e-09  8.88750000e-09  1.19461362e-09 
 8.89250000e-09  0.00000000e+00  8.89250000e-09  4.49677578e-27  8.89250000e-09  4.93348773e-01  8.89250000e-09  1.19461362e-09  8.89250000e-09  1.19461362e-09 
 8.89750000e-09  0.00000000e+00  8.89750000e-09  3.06646869e-27  8.89750000e-09  4.93111533e-01  8.89750000e-09  1.19461362e-09  8.89750000e-09  1.19461362e-09 
 8.90250000e-09  0.00000000e+00  8.90250000e-09  2.09110499e-27  8.90250000e-09  4.92877035e-01  8.90250000e-09  1.19461362e-09  8.90250000e-09  1.19461362e-09 
 8.90750000e-09  0.00000000e+00  8.90750000e-09  1.42597903e-27  8.90750000e-09  4.92645233e-01  8.90750000e-09  1.19461362e-09  8.90750000e-09  1.19461362e-09 
 8.91250000e-09  0.00000000e+00  8.91250000e-09  9.72412295e-28  8.91250000e-09  4.92416079e-01  8.91250000e-09  1.19461362e-09  8.91250000e-09  1.19461362e-09 
 8.91750000e-09  0.00000000e+00  8.91750000e-09  6.63113307e-28  8.91750000e-09  4.92189529e-01  8.91750000e-09  1.19461362e-09  8.91750000e-09  1.19461362e-09 
 8.92250000e-09  0.00000000e+00  8.92250000e-09  4.52194260e-28  8.92250000e-09  4.91965539e-01  8.92250000e-09  1.19461362e-09  8.92250000e-09  1.19461362e-09 
 8.92750000e-09  0.00000000e+00  8.92750000e-09  3.08363061e-28  8.92750000e-09  4.91744066e-01  8.92750000e-09  1.19461362e-09  8.92750000e-09  1.19461362e-09 
 8.93250000e-09  0.00000000e+00  8.93250000e-09  2.10280814e-28  8.93250000e-09  4.91525066e-01  8.93250000e-09  1.19461362e-09  8.93250000e-09  1.19461362e-09 
 8.93750000e-09  0.00000000e+00  8.93750000e-09  1.43395972e-28  8.93750000e-09  4.91308500e-01  8.93750000e-09  1.19461362e-09  8.93750000e-09  1.19461362e-09 
 8.94250000e-09  0.00000000e+00  8.94250000e-09  9.77854534e-29  8.94250000e-09  4.91094326e-01  8.94250000e-09  1.19461362e-09  8.94250000e-09  1.19461362e-09 
 8.94750000e-09  0.00000000e+00  8.94750000e-09  6.66824512e-29  8.94750000e-09  4.90882505e-01  8.94750000e-09  1.19461362e-09  8.94750000e-09  1.19461362e-09 
 8.95250000e-09  0.00000000e+00  8.95250000e-09  4.54725027e-29  8.95250000e-09  4.90672999e-01  8.95250000e-09  1.19461362e-09  8.95250000e-09  1.19461362e-09 
 8.95750000e-09  0.00000000e+00  8.95750000e-09  3.10088857e-29  8.95750000e-09  4.90465770e-01  8.95750000e-09  1.19461362e-09  8.95750000e-09  1.19461362e-09 
 8.96250000e-09  0.00000000e+00  8.96250000e-09  2.11457679e-29  8.96250000e-09  4.90260781e-01  8.96250000e-09  1.19461362e-09  8.96250000e-09  1.19461362e-09 
 8.96750000e-09  0.00000000e+00  8.96750000e-09  1.44198507e-29  8.96750000e-09  4.90057995e-01  8.96750000e-09  1.19461362e-09  8.96750000e-09  1.19461362e-09 
 8.97250000e-09  0.00000000e+00  8.97250000e-09  9.83327231e-30  8.97250000e-09  4.89857378e-01  8.97250000e-09  1.19461362e-09  8.97250000e-09  1.19461362e-09 
 8.97750000e-09  0.00000000e+00  8.97750000e-09  6.70556487e-30  8.97750000e-09  4.89658895e-01  8.97750000e-09  1.19461362e-09  8.97750000e-09  1.19461362e-09 
 8.98250000e-09  0.00000000e+00  8.98250000e-09  4.57269958e-30  8.98250000e-09  4.89462512e-01  8.98250000e-09  1.19461362e-09  8.98250000e-09  1.19461362e-09 
 8.98750000e-09  0.00000000e+00  8.98750000e-09  3.11824311e-30  8.98750000e-09  4.89268195e-01  8.98750000e-09  1.19461362e-09  8.98750000e-09  1.19461362e-09 
 8.99250000e-09  0.00000000e+00  8.99250000e-09  2.12641131e-30  8.99250000e-09  4.89075913e-01  8.99250000e-09  1.19461362e-09  8.99250000e-09  1.19461362e-09 
 8.99750000e-09  0.00000000e+00  8.99750000e-09  1.45005534e-30  8.99750000e-09  4.88885633e-01  8.99750000e-09  1.19461362e-09  8.99750000e-09  1.19461362e-09 
 9.00250000e-09  0.00000000e+00  9.00250000e-09  9.88830556e-31  9.00250000e-09  4.88697325e-01  9.00250000e-09  1.19461362e-09  9.00250000e-09  1.19461362e-09 
 9.00750000e-09  0.00000000e+00  9.00750000e-09  6.74309348e-31  9.00750000e-09  4.88510957e-01  9.00750000e-09  1.19461362e-09  9.00750000e-09  1.19461362e-09 
 9.01250000e-09  0.00000000e+00  9.01250000e-09  4.59829132e-31  9.01250000e-09  4.88326501e-01  9.01250000e-09  1.19461362e-09  9.01250000e-09  1.19461362e-09 
 9.01750000e-09  0.00000000e+00  9.01750000e-09  3.13569479e-31  9.01750000e-09  4.88143926e-01  9.01750000e-09  1.19461362e-09  9.01750000e-09  1.19461362e-09 
 9.02250000e-09  0.00000000e+00  9.02250000e-09  2.13831206e-31  9.02250000e-09  4.87963204e-01  9.02250000e-09  1.19461362e-09  9.02250000e-09  1.19461362e-09 
 9.02750000e-09  0.00000000e+00  9.02750000e-09  1.45817077e-31  9.02750000e-09  4.87784308e-01  9.02750000e-09  1.19461362e-09  9.02750000e-09  1.19461362e-09 
 9.03250000e-09  0.00000000e+00  9.03250000e-09  9.94364682e-32  9.03250000e-09  4.87607208e-01  9.03250000e-09  1.19461362e-09  9.03250000e-09  1.19461362e-09 
 9.03750000e-09  0.00000000e+00  9.03750000e-09  6.78083212e-32  9.03750000e-09  4.87431880e-01  9.03750000e-09  1.19461362e-09  9.03750000e-09  1.19461362e-09 
 9.04250000e-09  0.00000000e+00  9.04250000e-09  4.62402629e-32  9.04250000e-09  4.87258295e-01  9.04250000e-09  1.19461362e-09  9.04250000e-09  1.19461362e-09 
 9.04750000e-09  0.00000000e+00  9.04750000e-09  3.15324413e-32  9.04750000e-09  4.87086428e-01  9.04750000e-09  1.19461362e-09  9.04750000e-09  1.19461362e-09 
 9.05250000e-09  0.00000000e+00  9.05250000e-09  2.15027942e-32  9.05250000e-09  4.86916255e-01  9.05250000e-09  1.19461362e-09  9.05250000e-09  1.19461362e-09 
 9.05750000e-09  0.00000000e+00  9.05750000e-09  1.46633162e-32  9.05750000e-09  4.86747749e-01  9.05750000e-09  1.19461362e-09  9.05750000e-09  1.19461362e-09 
 9.06250000e-09  0.00000000e+00  9.06250000e-09  9.99929780e-33  9.06250000e-09  4.86580887e-01  9.06250000e-09  1.19461362e-09  9.06250000e-09  1.19461362e-09 
 9.06750000e-09  0.00000000e+00  9.06750000e-09  6.81878198e-33  9.06750000e-09  4.86415644e-01  9.06750000e-09  1.19461362e-09  9.06750000e-09  1.19461362e-09 
 9.07250000e-09  0.00000000e+00  9.07250000e-09  4.64990528e-33  9.07250000e-09  4.86251997e-01  9.07250000e-09  1.19461362e-09  9.07250000e-09  1.19461362e-09 
 9.07750000e-09  0.00000000e+00  9.07750000e-09  3.17089170e-33  9.07750000e-09  4.86089923e-01  9.07750000e-09  1.19461362e-09  9.07750000e-09  1.19461362e-09 
 9.08250000e-09  0.00000000e+00  9.08250000e-09  2.16231375e-33  9.08250000e-09  4.85929400e-01  9.08250000e-09  1.19461362e-09  9.08250000e-09  1.19461362e-09 
 9.08750000e-09  0.00000000e+00  9.08750000e-09  1.47453815e-33  9.08750000e-09  4.85770405e-01  9.08750000e-09  1.19461362e-09  9.08750000e-09  1.19461362e-09 
 9.09250000e-09  0.00000000e+00  9.09250000e-09  1.00552602e-33  9.09250000e-09  4.85612917e-01  9.09250000e-09  1.19461362e-09  9.09250000e-09  1.19461362e-09 
 9.09750000e-09  0.00000000e+00  9.09750000e-09  6.85694423e-34  9.09750000e-09  4.85456913e-01  9.09750000e-09  1.19461362e-09  9.09750000e-09  1.19461362e-09 
 9.10250000e-09  0.00000000e+00  9.10250000e-09  4.67592912e-34  9.10250000e-09  4.85302375e-01  9.10250000e-09  1.19461362e-09  9.10250000e-09  1.19461362e-09 
 9.10750000e-09  0.00000000e+00  9.10750000e-09  3.18863803e-34  9.10750000e-09  4.85149279e-01  9.10750000e-09  1.19461362e-09  9.10750000e-09  1.19461362e-09 
 9.11250000e-09  0.00000000e+00  9.11250000e-09  2.17441544e-34  9.11250000e-09  4.84997608e-01  9.11250000e-09  1.19461362e-09  9.11250000e-09  1.19461362e-09 
 9.11750000e-09  0.00000000e+00  9.11750000e-09  1.48279060e-34  9.11750000e-09  4.84847341e-01  9.11750000e-09  1.19461362e-09  9.11750000e-09  1.19461362e-09 
 9.12250000e-09  0.00000000e+00  9.12250000e-09  1.01115359e-34  9.12250000e-09  4.84698457e-01  9.12250000e-09  1.19461362e-09  9.12250000e-09  1.19461362e-09 
 9.12750000e-09  0.00000000e+00  9.12750000e-09  6.89532005e-35  9.12750000e-09  4.84550940e-01  9.12750000e-09  1.19461362e-09  9.12750000e-09  1.19461362e-09 
 9.13250000e-09  0.00000000e+00  9.13250000e-09  4.70209859e-35  9.13250000e-09  4.84404769e-01  9.13250000e-09  1.19461362e-09  9.13250000e-09  1.19461362e-09 
 9.13750000e-09  0.00000000e+00  9.13750000e-09  3.20648368e-35  9.13750000e-09  4.84259926e-01  9.13750000e-09  1.19461362e-09  9.13750000e-09  1.19461362e-09 
 9.14250000e-09  0.00000000e+00  9.14250000e-09  2.18658485e-35  9.14250000e-09  4.84116394e-01  9.14250000e-09  1.19461362e-09  9.14250000e-09  1.19461362e-09 
 9.14750000e-09  0.00000000e+00  9.14750000e-09  1.49108924e-35  9.14750000e-09  4.83974154e-01  9.14750000e-09  1.19461362e-09  9.14750000e-09  1.19461362e-09 
 9.15250000e-09  0.00000000e+00  9.15250000e-09  1.01681265e-35  9.15250000e-09  4.83833190e-01  9.15250000e-09  1.19461362e-09  9.15250000e-09  1.19461362e-09 
 9.15750000e-09  0.00000000e+00  9.15750000e-09  6.93391065e-36  9.15750000e-09  4.83693483e-01  9.15750000e-09  1.19461362e-09  9.15750000e-09  1.19461362e-09 
 9.16250000e-09  0.00000000e+00  9.16250000e-09  4.72841453e-36  9.16250000e-09  4.83555018e-01  9.16250000e-09  1.19461362e-09  9.16250000e-09  1.19461362e-09 
 9.16750000e-09  0.00000000e+00  9.16750000e-09  3.22442920e-36  9.16750000e-09  4.83417778e-01  9.16750000e-09  1.19461362e-09  9.16750000e-09  1.19461362e-09 
 9.17250000e-09  0.00000000e+00  9.17250000e-09  2.19882237e-36  9.17250000e-09  4.83281746e-01  9.17250000e-09  1.19461362e-09  9.17250000e-09  1.19461362e-09 
 9.17750000e-09  0.00000000e+00  9.17750000e-09  1.49943433e-36  9.17750000e-09  4.83146908e-01  9.17750000e-09  1.19461362e-09  9.17750000e-09  1.19461362e-09 
 9.18250000e-09  0.00000000e+00  9.18250000e-09  1.02250338e-36  9.18250000e-09  4.83013246e-01  9.18250000e-09  1.19461362e-09  9.18250000e-09  1.19461362e-09 
 9.18750000e-09  0.00000000e+00  9.18750000e-09  6.97271723e-37  9.18750000e-09  4.82880746e-01  9.18750000e-09  1.19461362e-09  9.18750000e-09  1.19461362e-09 
 9.19250000e-09  0.00000000e+00  9.19250000e-09  4.75487775e-37  9.19250000e-09  4.82749393e-01  9.19250000e-09  1.19461362e-09  9.19250000e-09  1.19461362e-09 
 9.19750000e-09  0.00000000e+00  9.19750000e-09  3.24247516e-37  9.19750000e-09  4.82619172e-01  9.19750000e-09  1.19461362e-09  9.19750000e-09  1.19461362e-09 
 9.20250000e-09  0.00000000e+00  9.20250000e-09  2.21112838e-37  9.20250000e-09  4.82490068e-01  9.20250000e-09  1.19461362e-09  9.20250000e-09  1.19461362e-09 
 9.20750000e-09  0.00000000e+00  9.20750000e-09  1.50782612e-37  9.20750000e-09  4.82362067e-01  9.20750000e-09  1.19461362e-09  9.20750000e-09  1.19461362e-09 
 9.21250000e-09  0.00000000e+00  9.21250000e-09  1.02822596e-37  9.21250000e-09  4.82235155e-01  9.21250000e-09  1.19461362e-09  9.21250000e-09  1.19461362e-09 
 9.21750000e-09  0.00000000e+00  9.21750000e-09  7.01174100e-38  9.21750000e-09  4.82109319e-01  9.21750000e-09  1.19461362e-09  9.21750000e-09  1.19461362e-09 
 9.22250000e-09  0.00000000e+00  9.22250000e-09  4.78148908e-38  9.22250000e-09  4.81984543e-01  9.22250000e-09  1.19461362e-09  9.22250000e-09  1.19461362e-09 
 9.22750000e-09  0.00000000e+00  9.22750000e-09  3.26062212e-38  9.22750000e-09  4.81860816e-01  9.22750000e-09  1.19461362e-09  9.22750000e-09  1.19461362e-09 
 9.23250000e-09  0.00000000e+00  9.23250000e-09  2.22350327e-38  9.23250000e-09  4.81738123e-01  9.23250000e-09  1.19461362e-09  9.23250000e-09  1.19461362e-09 
 9.23750000e-09  0.00000000e+00  9.23750000e-09  1.51626487e-38  9.23750000e-09  4.81616453e-01  9.23750000e-09  1.19461362e-09  9.23750000e-09  1.19461362e-09 
 9.24250000e-09  0.00000000e+00  9.24250000e-09  1.03398057e-38  9.24250000e-09  4.81495792e-01  9.24250000e-09  1.19461362e-09  9.24250000e-09  1.19461362e-09 
 9.24750000e-09  0.00000000e+00  9.24750000e-09  7.05098317e-39  9.24750000e-09  4.81376127e-01  9.24750000e-09  1.19461362e-09  9.24750000e-09  1.19461362e-09 
 9.25250000e-09  0.00000000e+00  9.25250000e-09  4.80824933e-39  9.25250000e-09  4.81257447e-01  9.25250000e-09  1.19461362e-09  9.25250000e-09  1.19461362e-09 
 9.25750000e-09  0.00000000e+00  9.25750000e-09  3.27887063e-39  9.25750000e-09  4.81139740e-01  9.25750000e-09  1.19461362e-09  9.25750000e-09  1.19461362e-09 
 9.26250000e-09  0.00000000e+00  9.26250000e-09  2.23594741e-39  9.26250000e-09  4.81022992e-01  9.26250000e-09  1.19461362e-09  9.26250000e-09  1.19461362e-09 
 9.26750000e-09  0.00000000e+00  9.26750000e-09  1.52475086e-39  9.26750000e-09  4.80907194e-01  9.26750000e-09  1.19461362e-09  9.26750000e-09  1.19461362e-09 
 9.27250000e-09  0.00000000e+00  9.27250000e-09  1.03976738e-39  9.27250000e-09  4.80792333e-01  9.27250000e-09  1.19461362e-09  9.27250000e-09  1.19461362e-09 
 9.27750000e-09  0.00000000e+00  9.27750000e-09  7.09044496e-40  9.27750000e-09  4.80678397e-01  9.27750000e-09  1.19461362e-09  9.27750000e-09  1.19461362e-09 
 9.28250000e-09  0.00000000e+00  9.28250000e-09  4.83515936e-40  9.28250000e-09  4.80565377e-01  9.28250000e-09  1.19461362e-09  9.28250000e-09  1.19461362e-09 
 9.28750000e-09  0.00000000e+00  9.28750000e-09  3.29722128e-40  9.28750000e-09  4.80453260e-01  9.28750000e-09  1.19461362e-09  9.28750000e-09  1.19461362e-09 
 9.29250000e-09  0.00000000e+00  9.29250000e-09  2.24846119e-40  9.29250000e-09  4.80342036e-01  9.29250000e-09  1.19461362e-09  9.29250000e-09  1.19461362e-09 
 9.29750000e-09  0.00000000e+00  9.29750000e-09  1.53328433e-40  9.29750000e-09  4.80231694e-01  9.29750000e-09  1.19461362e-09  9.29750000e-09  1.19461362e-09 
 9.30250000e-09  0.00000000e+00  9.30250000e-09  1.04558658e-40  9.30250000e-09  4.80122224e-01  9.30250000e-09  1.19461362e-09  9.30250000e-09  1.19461362e-09 
 9.30750000e-09  0.00000000e+00  9.30750000e-09  7.13012761e-41  9.30750000e-09  4.80013616e-01  9.30750000e-09  1.19461362e-09  9.30750000e-09  1.19461362e-09 
 9.31250000e-09  0.00000000e+00  9.31250000e-09  4.86221999e-41  9.31250000e-09  4.79905859e-01  9.31250000e-09  1.19461362e-09  9.31250000e-09  1.19461362e-09 
 9.31750000e-09  0.00000000e+00  9.31750000e-09  3.31567463e-41  9.31750000e-09  4.79798944e-01  9.31750000e-09  1.19461362e-09  9.31750000e-09  1.19461362e-09 
 9.32250000e-09  0.00000000e+00  9.32250000e-09  2.26104501e-41  9.32250000e-09  4.79692860e-01  9.32250000e-09  1.19461362e-09  9.32250000e-09  1.19461362e-09 
 9.32750000e-09  0.00000000e+00  9.32750000e-09  1.54186557e-41  9.32750000e-09  4.79587598e-01  9.32750000e-09  1.19461362e-09  9.32750000e-09  1.19461362e-09 
 9.33250000e-09  0.00000000e+00  9.33250000e-09  1.05143835e-41  9.33250000e-09  4.79483149e-01  9.33250000e-09  1.19461362e-09  9.33250000e-09  1.19461362e-09 
 9.33750000e-09  0.00000000e+00  9.33750000e-09  7.17003234e-42  9.33750000e-09  4.79379502e-01  9.33750000e-09  1.19461362e-09  9.33750000e-09  1.19461362e-09 
 9.34250000e-09  0.00000000e+00  9.34250000e-09  4.88943207e-42  9.34250000e-09  4.79276650e-01  9.34250000e-09  1.19461362e-09  9.34250000e-09  1.19461362e-09 
 9.34750000e-09  0.00000000e+00  9.34750000e-09  3.33423126e-42  9.34750000e-09  4.79174582e-01  9.34750000e-09  1.19461362e-09  9.34750000e-09  1.19461362e-09 
 9.35250000e-09  0.00000000e+00  9.35250000e-09  2.27369926e-42  9.35250000e-09  4.79073290e-01  9.35250000e-09  1.19461362e-09  9.35250000e-09  1.19461362e-09 
 9.35750000e-09  0.00000000e+00  9.35750000e-09  1.55049483e-42  9.35750000e-09  4.78972765e-01  9.35750000e-09  1.19461362e-09  9.35750000e-09  1.19461362e-09 
 9.36250000e-09  0.00000000e+00  9.36250000e-09  1.05732287e-42  9.36250000e-09  4.78872999e-01  9.36250000e-09  1.19461362e-09  9.36250000e-09  1.19461362e-09 
 9.36750000e-09  0.00000000e+00  9.36750000e-09  7.21016041e-43  9.36750000e-09  4.78773982e-01  9.36750000e-09  1.19461362e-09  9.36750000e-09  1.19461362e-09 
 9.37250000e-09  0.00000000e+00  9.37250000e-09  4.91679645e-43  9.37250000e-09  4.78675706e-01  9.37250000e-09  1.19461362e-09  9.37250000e-09  1.19461362e-09 
 9.37750000e-09  0.00000000e+00  9.37750000e-09  3.35289174e-43  9.37750000e-09  4.78578163e-01  9.37750000e-09  1.19461362e-09  9.37750000e-09  1.19461362e-09 
 9.38250000e-09  0.00000000e+00  9.38250000e-09  2.28642433e-43  9.38250000e-09  4.78481346e-01  9.38250000e-09  1.19461362e-09  9.38250000e-09  1.19461362e-09 
 9.38750000e-09  0.00000000e+00  9.38750000e-09  1.55917239e-43  9.38750000e-09  4.78385245e-01  9.38750000e-09  1.19461362e-09  9.38750000e-09  1.19461362e-09 
 9.39250000e-09  0.00000000e+00  9.39250000e-09  1.06324032e-43  9.39250000e-09  4.78289853e-01  9.39250000e-09  1.19461362e-09  9.39250000e-09  1.19461362e-09 
 9.39750000e-09  0.00000000e+00  9.39750000e-09  7.25051306e-44  9.39750000e-09  4.78195162e-01  9.39750000e-09  1.19461362e-09  9.39750000e-09  1.19461362e-09 
 9.40250000e-09  0.00000000e+00  9.40250000e-09  4.94431397e-44  9.40250000e-09  4.78101164e-01  9.40250000e-09  1.19461362e-09  9.40250000e-09  1.19461362e-09 
 9.40750000e-09  0.00000000e+00  9.40750000e-09  3.37165666e-44  9.40750000e-09  4.78007852e-01  9.40750000e-09  1.19461362e-09  9.40750000e-09  1.19461362e-09 
 9.41250000e-09  0.00000000e+00  9.41250000e-09  2.29922062e-44  9.41250000e-09  4.77915218e-01  9.41250000e-09  1.19461362e-09  9.41250000e-09  1.19461362e-09 
 9.41750000e-09  0.00000000e+00  9.41750000e-09  1.56789851e-44  9.41750000e-09  4.77823256e-01  9.41750000e-09  1.19461362e-09  9.41750000e-09  1.19461362e-09 
 9.42250000e-09  0.00000000e+00  9.42250000e-09  1.06919089e-44  9.42250000e-09  4.77731957e-01  9.42250000e-09  1.19461362e-09  9.42250000e-09  1.19461362e-09 
 9.42750000e-09  0.00000000e+00  9.42750000e-09  7.29109155e-45  9.42750000e-09  4.77641314e-01  9.42750000e-09  1.19461362e-09  9.42750000e-09  1.19461362e-09 
 9.43250000e-09  0.00000000e+00  9.43250000e-09  4.97198550e-45  9.43250000e-09  4.77551321e-01  9.43250000e-09  1.19461362e-09  9.43250000e-09  1.19461362e-09 
 9.43750000e-09  0.00000000e+00  9.43750000e-09  3.39052660e-45  9.43750000e-09  4.77461970e-01  9.43750000e-09  1.19461362e-09  9.43750000e-09  1.19461362e-09 
 9.44250000e-09  0.00000000e+00  9.44250000e-09  2.31208852e-45  9.44250000e-09  4.77373255e-01  9.44250000e-09  1.19461362e-09  9.44250000e-09  1.19461362e-09 
 9.44750000e-09  0.00000000e+00  9.44750000e-09  1.57667347e-45  9.44750000e-09  4.77285169e-01  9.44750000e-09  1.19461362e-09  9.44750000e-09  1.19461362e-09 
 9.45250000e-09  0.00000000e+00  9.45250000e-09  1.07517476e-45  9.45250000e-09  4.77197705e-01  9.45250000e-09  1.19461362e-09  9.45250000e-09  1.19461362e-09 
 9.45750000e-09  0.00000000e+00  9.45750000e-09  7.33189714e-46  9.45750000e-09  4.77110856e-01  9.45750000e-09  1.19461362e-09  9.45750000e-09  1.19461362e-09 
 9.46250000e-09  0.00000000e+00  9.46250000e-09  4.99981190e-46  9.46250000e-09  4.77024617e-01  9.46250000e-09  1.19461362e-09  9.46250000e-09  1.19461362e-09 
 9.46750000e-09  0.00000000e+00  9.46750000e-09  3.40950214e-46  9.46750000e-09  4.76938980e-01  9.46750000e-09  1.19461362e-09  9.46750000e-09  1.19461362e-09 
 9.47250000e-09  0.00000000e+00  9.47250000e-09  2.32502844e-46  9.47250000e-09  4.76853940e-01  9.47250000e-09  1.19461362e-09  9.47250000e-09  1.19461362e-09 
 9.47750000e-09  0.00000000e+00  9.47750000e-09  1.58549754e-46  9.47750000e-09  4.76769490e-01  9.47750000e-09  1.19461362e-09  9.47750000e-09  1.19461362e-09 
 9.48250000e-09  0.00000000e+00  9.48250000e-09  1.08119213e-46  9.48250000e-09  4.76685624e-01  9.48250000e-09  1.19461362e-09  9.48250000e-09  1.19461362e-09 
 9.48750000e-09  0.00000000e+00  9.48750000e-09  7.37293111e-47  9.48750000e-09  4.76602337e-01  9.48750000e-09  1.19461362e-09  9.48750000e-09  1.19461362e-09 
 9.49250000e-09  0.00000000e+00  9.49250000e-09  5.02779403e-47  9.49250000e-09  4.76519621e-01  9.49250000e-09  1.19461362e-09  9.49250000e-09  1.19461362e-09 
 9.49750000e-09  0.00000000e+00  9.49750000e-09  3.42858389e-47  9.49750000e-09  4.76437472e-01  9.49750000e-09  1.19461362e-09  9.49750000e-09  1.19461362e-09 
 9.50250000e-09  0.00000000e+00  9.50250000e-09  2.33804078e-47  9.50250000e-09  4.76355883e-01  9.50250000e-09  1.19461362e-09  9.50250000e-09  1.19461362e-09 
 9.50750000e-09  0.00000000e+00  9.50750000e-09  1.59437099e-47  9.50750000e-09  4.76274849e-01  9.50750000e-09  1.19461362e-09  9.50750000e-09  1.19461362e-09 
 9.51250000e-09  0.00000000e+00  9.51250000e-09  1.08724316e-47  9.51250000e-09  4.76194363e-01  9.51250000e-09  1.19461362e-09  9.51250000e-09  1.19461362e-09 
 9.51750000e-09  0.00000000e+00  9.51750000e-09  7.41419473e-48  9.51750000e-09  4.76114422e-01  9.51750000e-09  1.19461362e-09  9.51750000e-09  1.19461362e-09 
 9.52250000e-09  0.00000000e+00  9.52250000e-09  5.05593277e-48  9.52250000e-09  4.76035018e-01  9.52250000e-09  1.19461362e-09  9.52250000e-09  1.19461362e-09 
 9.52750000e-09  0.00000000e+00  9.52750000e-09  3.44777243e-48  9.52750000e-09  4.75956147e-01  9.52750000e-09  1.19461362e-09  9.52750000e-09  1.19461362e-09 
 9.53250000e-09  0.00000000e+00  9.53250000e-09  2.35112595e-48  9.53250000e-09  4.75877804e-01  9.53250000e-09  1.19461362e-09  9.53250000e-09  1.19461362e-09 
 9.53750000e-09  0.00000000e+00  9.53750000e-09  1.60329411e-48  9.53750000e-09  4.75799982e-01  9.53750000e-09  1.19461362e-09  9.53750000e-09  1.19461362e-09 
 9.54250000e-09  0.00000000e+00  9.54250000e-09  1.09332807e-48  9.54250000e-09  4.75722677e-01  9.54250000e-09  1.19461362e-09  9.54250000e-09  1.19461362e-09 
 9.54750000e-09  0.00000000e+00  9.54750000e-09  7.45568928e-49  9.54750000e-09  4.75645884e-01  9.54750000e-09  1.19461362e-09  9.54750000e-09  1.19461362e-09 
 9.55250000e-09  0.00000000e+00  9.55250000e-09  5.08422899e-49  9.55250000e-09  4.75569597e-01  9.55250000e-09  1.19461362e-09  9.55250000e-09  1.19461362e-09 
 9.55750000e-09  0.00000000e+00  9.55750000e-09  3.46706836e-49  9.55750000e-09  4.75493812e-01  9.55750000e-09  1.19461362e-09  9.55750000e-09  1.19461362e-09 
 9.56250000e-09  0.00000000e+00  9.56250000e-09  2.36428434e-49  9.56250000e-09  4.75418524e-01  9.56250000e-09  1.19461362e-09  9.56250000e-09  1.19461362e-09 
 9.56750000e-09  0.00000000e+00  9.56750000e-09  1.61226716e-49  9.56750000e-09  4.75343727e-01  9.56750000e-09  1.19461362e-09  9.56750000e-09  1.19461362e-09 
 9.57250000e-09  0.00000000e+00  9.57250000e-09  1.09944703e-49  9.57250000e-09  4.75269417e-01  9.57250000e-09  1.19461362e-09  9.57250000e-09  1.19461362e-09 
 9.57750000e-09  0.00000000e+00  9.57750000e-09  7.49741607e-50  9.57750000e-09  4.75195590e-01  9.57750000e-09  1.19461362e-09  9.57750000e-09  1.19461362e-09 
 9.58250000e-09  0.00000000e+00  9.58250000e-09  5.11268357e-50  9.58250000e-09  4.75122240e-01  9.58250000e-09  1.19461362e-09  9.58250000e-09  1.19461362e-09 
 9.58750000e-09  0.00000000e+00  9.58750000e-09  3.48647228e-50  9.58750000e-09  4.75049364e-01  9.58750000e-09  1.19461362e-09  9.58750000e-09  1.19461362e-09 
 9.59250000e-09  0.00000000e+00  9.59250000e-09  2.37751639e-50  9.59250000e-09  4.74976955e-01  9.59250000e-09  1.19461362e-09  9.59250000e-09  1.19461362e-09 
 9.59750000e-09  0.00000000e+00  9.59750000e-09  1.62129044e-50  9.59750000e-09  4.74905011e-01  9.59750000e-09  1.19461362e-09  9.59750000e-09  1.19461362e-09 
 9.60250000e-09  0.00000000e+00  9.60250000e-09  1.10560024e-50  9.60250000e-09  4.74833526e-01  9.60250000e-09  1.19461362e-09  9.60250000e-09  1.19461362e-09 
 9.60750000e-09  0.00000000e+00  9.60750000e-09  7.53937638e-51  9.60750000e-09  4.74762496e-01  9.60750000e-09  1.19461362e-09  9.60750000e-09  1.19461362e-09 
 9.61250000e-09  0.00000000e+00  9.61250000e-09  5.14129740e-51  9.61250000e-09  4.74691916e-01  9.61250000e-09  1.19461362e-09  9.61250000e-09  1.19461362e-09 
 9.61750000e-09  0.00000000e+00  9.61750000e-09  3.50598480e-51  9.61750000e-09  4.74621783e-01  9.61750000e-09  1.19461362e-09  9.61750000e-09  1.19461362e-09 
 9.62250000e-09  0.00000000e+00  9.62250000e-09  2.39082248e-51  9.62250000e-09  4.74552093e-01  9.62250000e-09  1.19461362e-09  9.62250000e-09  1.19461362e-09 
 9.62750000e-09  0.00000000e+00  9.62750000e-09  1.63036421e-51  9.62750000e-09  4.74482840e-01  9.62750000e-09  1.19461362e-09  9.62750000e-09  1.19461362e-09 
 9.63250000e-09  0.00000000e+00  9.63250000e-09  1.11178788e-51  9.63250000e-09  4.74414022e-01  9.63250000e-09  1.19461362e-09  9.63250000e-09  1.19461362e-09 
 9.63750000e-09  0.00000000e+00  9.63750000e-09  7.58157153e-52  9.63750000e-09  4.74345633e-01  9.63750000e-09  1.19461362e-09  9.63750000e-09  1.19461362e-09 
 9.64250000e-09  0.00000000e+00  9.64250000e-09  5.17007138e-52  9.64250000e-09  4.74277670e-01  9.64250000e-09  1.19461362e-09  9.64250000e-09  1.19461362e-09 
 9.64750000e-09  0.00000000e+00  9.64750000e-09  3.52560652e-52  9.64750000e-09  4.74210129e-01  9.64750000e-09  1.19461362e-09  9.64750000e-09  1.19461362e-09 
 9.65250000e-09  0.00000000e+00  9.65250000e-09  2.40420305e-52  9.65250000e-09  4.74143006e-01  9.65250000e-09  1.19461362e-09  9.65250000e-09  1.19461362e-09 
 9.65750000e-09  0.00000000e+00  9.65750000e-09  1.63948877e-52  9.65750000e-09  4.74076297e-01  9.65750000e-09  1.19461362e-09  9.65750000e-09  1.19461362e-09 
 9.66250000e-09  0.00000000e+00  9.66250000e-09  1.11801015e-52  9.66250000e-09  4.74009998e-01  9.66250000e-09  1.19461362e-09  9.66250000e-09  1.19461362e-09 
 9.66750000e-09  0.00000000e+00  9.66750000e-09  7.62400284e-53  9.66750000e-09  4.73944106e-01  9.66750000e-09  1.19461362e-09  9.66750000e-09  1.19461362e-09 
 9.67250000e-09  0.00000000e+00  9.67250000e-09  5.19900639e-53  9.67250000e-09  4.73878617e-01  9.67250000e-09  1.19461362e-09  9.67250000e-09  1.19461362e-09 
 9.67750000e-09  0.00000000e+00  9.67750000e-09  3.54533806e-53  9.67750000e-09  4.73813526e-01  9.67750000e-09  1.19461362e-09  9.67750000e-09  1.19461362e-09 
 9.68250000e-09  0.00000000e+00  9.68250000e-09  2.41765850e-53  9.68250000e-09  4.73748831e-01  9.68250000e-09  1.19461362e-09  9.68250000e-09  1.19461362e-09 
 9.68750000e-09  0.00000000e+00  9.68750000e-09  1.64866439e-53  9.68750000e-09  4.73684528e-01  9.68750000e-09  1.19461362e-09  9.68750000e-09  1.19461362e-09 
 9.69250000e-09  0.00000000e+00  9.69250000e-09  1.12426725e-53  9.69250000e-09  4.73620614e-01  9.69250000e-09  1.19461362e-09  9.69250000e-09  1.19461362e-09 
 9.69750000e-09  0.00000000e+00  9.69750000e-09  7.66667161e-54  9.69750000e-09  4.73557084e-01  9.69750000e-09  1.19461362e-09  9.69750000e-09  1.19461362e-09 
 9.70250000e-09  0.00000000e+00  9.70250000e-09  5.22810334e-54  9.70250000e-09  4.73493935e-01  9.70250000e-09  1.19461362e-09  9.70250000e-09  1.19461362e-09 
 9.70750000e-09  0.00000000e+00  9.70750000e-09  3.56518003e-54  9.70750000e-09  4.73431165e-01  9.70750000e-09  1.19461362e-09  9.70750000e-09  1.19461362e-09 
 9.71250000e-09  0.00000000e+00  9.71250000e-09  2.43118925e-54  9.71250000e-09  4.73368768e-01  9.71250000e-09  1.19461362e-09  9.71250000e-09  1.19461362e-09 
 9.71750000e-09  0.00000000e+00  9.71750000e-09  1.65789137e-54  9.71750000e-09  4.73306744e-01  9.71750000e-09  1.19461362e-09  9.71750000e-09  1.19461362e-09 
 9.72250000e-09  0.00000000e+00  9.72250000e-09  1.13055936e-54  9.72250000e-09  4.73245086e-01  9.72250000e-09  1.19461362e-09  9.72250000e-09  1.19461362e-09 
 9.72750000e-09  0.00000000e+00  9.72750000e-09  7.70957919e-55  9.72750000e-09  4.73183794e-01  9.72750000e-09  1.19461362e-09  9.72750000e-09  1.19461362e-09 
 9.73250000e-09  0.00000000e+00  9.73250000e-09  5.25736314e-55  9.73250000e-09  4.73122863e-01  9.73250000e-09  1.19461362e-09  9.73250000e-09  1.19461362e-09 
 9.73750000e-09  0.00000000e+00  9.73750000e-09  3.58513305e-55  9.73750000e-09  4.73062290e-01  9.73750000e-09  1.19461362e-09  9.73750000e-09  1.19461362e-09 
 9.74250000e-09  0.00000000e+00  9.74250000e-09  2.44479574e-55  9.74250000e-09  4.73002072e-01  9.74250000e-09  1.19461362e-09  9.74250000e-09  1.19461362e-09 
 9.74750000e-09  0.00000000e+00  9.74750000e-09  1.66716998e-55  9.74750000e-09  4.72942206e-01  9.74750000e-09  1.19461362e-09  9.74750000e-09  1.19461362e-09 
 9.75250000e-09  0.00000000e+00  9.75250000e-09  1.13688669e-55  9.75250000e-09  4.72882689e-01  9.75250000e-09  1.19461362e-09  9.75250000e-09  1.19461362e-09 
 9.75750000e-09  0.00000000e+00  9.75750000e-09  7.75272691e-56  9.75750000e-09  4.72823518e-01  9.75750000e-09  1.19461362e-09  9.75750000e-09  1.19461362e-09 
 9.76250000e-09  0.00000000e+00  9.76250000e-09  5.28678669e-56  9.76250000e-09  4.72764690e-01  9.76250000e-09  1.19461362e-09  9.76250000e-09  1.19461362e-09 
 9.76750000e-09  0.00000000e+00  9.76750000e-09  3.60519774e-56  9.76750000e-09  4.72706201e-01  9.76750000e-09  1.19461362e-09  9.76750000e-09  1.19461362e-09 
 9.77250000e-09  0.00000000e+00  9.77250000e-09  2.45847837e-56  9.77250000e-09  4.72648050e-01  9.77250000e-09  1.19461362e-09  9.77250000e-09  1.19461362e-09 
 9.77750000e-09  0.00000000e+00  9.77750000e-09  1.67650053e-56  9.77750000e-09  4.72590232e-01  9.77750000e-09  1.19461362e-09  9.77750000e-09  1.19461362e-09 
 9.78250000e-09  0.00000000e+00  9.78250000e-09  1.14324944e-56  9.78250000e-09  4.72532746e-01  9.78250000e-09  1.19461362e-09  9.78250000e-09  1.19461362e-09 
 9.78750000e-09  0.00000000e+00  9.78750000e-09  7.79611610e-57  9.78750000e-09  4.72475588e-01  9.78750000e-09  1.19461362e-09  9.78750000e-09  1.19461362e-09 
 9.79250000e-09  0.00000000e+00  9.79250000e-09  5.31637492e-57  9.79250000e-09  4.72418755e-01  9.79250000e-09  1.19461362e-09  9.79250000e-09  1.19461362e-09 
 9.79750000e-09  0.00000000e+00  9.79750000e-09  3.62537472e-57  9.79750000e-09  4.72362245e-01  9.79750000e-09  1.19461362e-09  9.79750000e-09  1.19461362e-09 
 9.80250000e-09  0.00000000e+00  9.80250000e-09  2.47223758e-57  9.80250000e-09  4.72306055e-01  9.80250000e-09  1.19461362e-09  9.80250000e-09  1.19461362e-09 
 9.80750000e-09  0.00000000e+00  9.80750000e-09  1.68588329e-57  9.80750000e-09  4.72250182e-01  9.80750000e-09  1.19461362e-09  9.80750000e-09  1.19461362e-09 
 9.81250000e-09  0.00000000e+00  9.81250000e-09  1.14964779e-57  9.81250000e-09  4.72194624e-01  9.81250000e-09  1.19461362e-09  9.81250000e-09  1.19461362e-09 
 9.81750000e-09  0.00000000e+00  9.81750000e-09  7.83974813e-58  9.81750000e-09  4.72139378e-01  9.81750000e-09  1.19461362e-09  9.81750000e-09  1.19461362e-09 
 9.82250000e-09  0.00000000e+00  9.82250000e-09  5.34612874e-58  9.82250000e-09  4.72084441e-01  9.82250000e-09  1.19461362e-09  9.82250000e-09  1.19461362e-09 
 9.82750000e-09  0.00000000e+00  9.82750000e-09  3.64566463e-58  9.82750000e-09  4.72029811e-01  9.82750000e-09  1.19461362e-09  9.82750000e-09  1.19461362e-09 
 9.83250000e-09  0.00000000e+00  9.83250000e-09  2.48607380e-58  9.83250000e-09  4.71975485e-01  9.83250000e-09  1.19461362e-09  9.83250000e-09  1.19461362e-09 
 9.83750000e-09  0.00000000e+00  9.83750000e-09  1.69531857e-58  9.83750000e-09  4.71921461e-01  9.83750000e-09  1.19461362e-09  9.83750000e-09  1.19461362e-09 
 9.84250000e-09  0.00000000e+00  9.84250000e-09  1.15608195e-58  9.84250000e-09  4.71867735e-01  9.84250000e-09  1.19461362e-09  9.84250000e-09  1.19461362e-09 
 9.84750000e-09  0.00000000e+00  9.84750000e-09  7.88362436e-59  9.84750000e-09  4.71814307e-01  9.84750000e-09  1.19461362e-09  9.84750000e-09  1.19461362e-09 
 9.85250000e-09  0.00000000e+00  9.85250000e-09  5.37604908e-59  9.85250000e-09  4.71761172e-01  9.85250000e-09  1.19461362e-09  9.85250000e-09  1.19461362e-09 
 9.85750000e-09  0.00000000e+00  9.85750000e-09  3.66606809e-59  9.85750000e-09  4.71708330e-01  9.85750000e-09  1.19461362e-09  9.85750000e-09  1.19461362e-09 
 9.86250000e-09  0.00000000e+00  9.86250000e-09  2.49998745e-59  9.86250000e-09  4.71655776e-01  9.86250000e-09  1.19461362e-09  9.86250000e-09  1.19461362e-09 
 9.86750000e-09  0.00000000e+00  9.86750000e-09  1.70480665e-59  9.86750000e-09  4.71603510e-01  9.86750000e-09  1.19461362e-09  9.86750000e-09  1.19461362e-09 
 9.87250000e-09  0.00000000e+00  9.87250000e-09  1.16255212e-59  9.87250000e-09  4.71551529e-01  9.87250000e-09  1.19461362e-09  9.87250000e-09  1.19461362e-09 
 9.87750000e-09  0.00000000e+00  9.87750000e-09  7.92774614e-60  9.87750000e-09  4.71499829e-01  9.87750000e-09  1.19461362e-09  9.87750000e-09  1.19461362e-09 
 9.88250000e-09  0.00000000e+00  9.88250000e-09  5.40613687e-60  9.88250000e-09  4.71448410e-01  9.88250000e-09  1.19461362e-09  9.88250000e-09  1.19461362e-09 
 9.88750000e-09  0.00000000e+00  9.88750000e-09  3.68658574e-60  9.88750000e-09  4.71397269e-01  9.88750000e-09  1.19461362e-09  9.88750000e-09  1.19461362e-09 
 9.89250000e-09  0.00000000e+00  9.89250000e-09  2.51397897e-60  9.89250000e-09  4.71346403e-01  9.89250000e-09  1.19461362e-09  9.89250000e-09  1.19461362e-09 
 9.89750000e-09  0.00000000e+00  9.89750000e-09  1.71434783e-60  9.89750000e-09  4.71295810e-01  9.89750000e-09  1.19461362e-09  9.89750000e-09  1.19461362e-09 
 9.90250000e-09  0.00000000e+00  9.90250000e-09  1.16905850e-60  9.90250000e-09  4.71245489e-01  9.90250000e-09  1.19461362e-09  9.90250000e-09  1.19461362e-09 
 9.90750000e-09  0.00000000e+00  9.90750000e-09  7.97211486e-61  9.90750000e-09  4.71195436e-01  9.90750000e-09  1.19461362e-09  9.90750000e-09  1.19461362e-09 
 9.91250000e-09  0.00000000e+00  9.91250000e-09  5.43639306e-61  9.91250000e-09  4.71145650e-01  9.91250000e-09  1.19461362e-09  9.91250000e-09  1.19461362e-09 
 9.91750000e-09  0.00000000e+00  9.91750000e-09  3.70721822e-61  9.91750000e-09  4.71096129e-01  9.91750000e-09  1.19461362e-09  9.91750000e-09  1.19461362e-09 
 9.92250000e-09  0.00000000e+00  9.92250000e-09  2.52804880e-61  9.92250000e-09  4.71046870e-01  9.92250000e-09  1.19461362e-09  9.92250000e-09  1.19461362e-09 
 9.92750000e-09  0.00000000e+00  9.92750000e-09  1.72394242e-61  9.92750000e-09  4.70997872e-01  9.92750000e-09  1.19461362e-09  9.92750000e-09  1.19461362e-09 
 9.93250000e-09  0.00000000e+00  9.93250000e-09  1.17560130e-61  9.93250000e-09  4.70949133e-01  9.93250000e-09  1.19461362e-09  9.93250000e-09  1.19461362e-09 
 9.93750000e-09  0.00000000e+00  9.93750000e-09  8.01673189e-62  9.93750000e-09  4.70900649e-01  9.93750000e-09  1.19461362e-09  9.93750000e-09  1.19461362e-09 
 9.94250000e-09  0.00000000e+00  9.94250000e-09  5.46681858e-62  9.94250000e-09  4.70852420e-01  9.94250000e-09  1.19461362e-09  9.94250000e-09  1.19461362e-09 
 9.94750000e-09  0.00000000e+00  9.94750000e-09  3.72796618e-62  9.94750000e-09  4.70804444e-01  9.94750000e-09  1.19461362e-09  9.94750000e-09  1.19461362e-09 
 9.95250000e-09  0.00000000e+00  9.95250000e-09  2.54219737e-62  9.95250000e-09  4.70756717e-01  9.95250000e-09  1.19461362e-09  9.95250000e-09  1.19461362e-09 
 9.95750000e-09  0.00000000e+00  9.95750000e-09  1.73359070e-62  9.95750000e-09  4.70709239e-01  9.95750000e-09  1.19461362e-09  9.95750000e-09  1.19461362e-09 
 9.96250000e-09  0.00000000e+00  9.96250000e-09  1.18218071e-62  9.96250000e-09  4.70662008e-01  9.96250000e-09  1.19461362e-09  9.96250000e-09  1.19461362e-09 
 9.96750000e-09  0.00000000e+00  9.96750000e-09  8.06159863e-63  9.96750000e-09  4.70615021e-01  9.96750000e-09  1.19461362e-09  9.96750000e-09  1.19461362e-09 
 9.97250000e-09  0.00000000e+00  9.97250000e-09  5.49741437e-63  9.97250000e-09  4.70568277e-01  9.97250000e-09  1.19461362e-09  9.97250000e-09  1.19461362e-09 
 9.97750000e-09  0.00000000e+00  9.97750000e-09  3.74883025e-63  9.97750000e-09  4.70521774e-01  9.97750000e-09  1.19461362e-09  9.97750000e-09  1.19461362e-09 
 9.98250000e-09  0.00000000e+00  9.98250000e-09  2.55642513e-63  9.98250000e-09  4.70475509e-01  9.98250000e-09  1.19461362e-09  9.98250000e-09  1.19461362e-09 
 9.98750000e-09  0.00000000e+00  9.98750000e-09  1.74329297e-63  9.98750000e-09  4.70429482e-01  9.98750000e-09  1.19461362e-09  9.98750000e-09  1.19461362e-09 
 9.99250000e-09  0.00000000e+00  9.99250000e-09  1.18879695e-63  9.99250000e-09  4.70383690e-01  9.99250000e-09  1.19461362e-09  9.99250000e-09  1.19461362e-09 
 9.99750000e-09  0.00000000e+00  9.99750000e-09  8.10671647e-64  9.99750000e-09  4.70338132e-01  9.99750000e-09  1.19461362e-09  9.99750000e-09  1.19461362e-09 
 1.00025000e-08  0.00000000e+00  1.00025000e-08  5.52818141e-64  1.00025000e-08  4.70292805e-01  1.00025000e-08  1.19461362e-09  1.00025000e-08  1.19461362e-09 
 1.00075000e-08  0.00000000e+00  1.00075000e-08  3.76981109e-64  1.00075000e-08  4.70247708e-01  1.00075000e-08  1.19461362e-09  1.00075000e-08  1.19461362e-09 
 1.00125000e-08  0.00000000e+00  1.00125000e-08  2.57073251e-64  1.00125000e-08  4.70202839e-01  1.00125000e-08  1.19461362e-09  1.00125000e-08  1.19461362e-09 
 1.00175000e-08  0.00000000e+00  1.00175000e-08  1.75304955e-64  1.00175000e-08  4.70158197e-01  1.00175000e-08  1.19461362e-09  1.00175000e-08  1.19461362e-09 
 1.00225000e-08  0.00000000e+00  1.00225000e-08  1.19545021e-64  1.00225000e-08  4.70113780e-01  1.00225000e-08  1.19461362e-09  1.00225000e-08  1.19461362e-09 
 1.00275000e-08  0.00000000e+00  1.00275000e-08  8.15208682e-65  1.00275000e-08  4.70069585e-01  1.00275000e-08  1.19461362e-09  1.00275000e-08  1.19461362e-09 
 1.00325000e-08  0.00000000e+00  1.00325000e-08  5.55912063e-65  1.00325000e-08  4.70025613e-01  1.00325000e-08  1.19461362e-09  1.00325000e-08  1.19461362e-09 
 1.00375000e-08  0.00000000e+00  1.00375000e-08  3.79090936e-65  1.00375000e-08  4.69981859e-01  1.00375000e-08  1.19461362e-09  1.00375000e-08  1.19461362e-09 
 1.00425000e-08  0.00000000e+00  1.00425000e-08  2.58511997e-65  1.00425000e-08  4.69938324e-01  1.00425000e-08  1.19461362e-09  1.00425000e-08  1.19461362e-09 
 1.00475000e-08  0.00000000e+00  1.00475000e-08  1.76286073e-65  1.00475000e-08  4.69895005e-01  1.00475000e-08  1.19461362e-09  1.00475000e-08  1.19461362e-09 
 1.00525000e-08  0.00000000e+00  1.00525000e-08  1.20214071e-65  1.00525000e-08  4.69851902e-01  1.00525000e-08  1.19461362e-09  1.00525000e-08  1.19461362e-09 
 1.00575000e-08  0.00000000e+00  1.00575000e-08  8.19771109e-66  1.00575000e-08  4.69809011e-01  1.00575000e-08  1.19461362e-09  1.00575000e-08  1.19461362e-09 
 1.00625000e-08  0.00000000e+00  1.00625000e-08  5.59023301e-66  1.00625000e-08  4.69766332e-01  1.00625000e-08  1.19461362e-09  1.00625000e-08  1.19461362e-09 
 1.00675000e-08  0.00000000e+00  1.00675000e-08  3.81212570e-66  1.00675000e-08  4.69723863e-01  1.00675000e-08  1.19461362e-09  1.00675000e-08  1.19461362e-09 
 1.00725000e-08  0.00000000e+00  1.00725000e-08  2.59958795e-66  1.00725000e-08  4.69681603e-01  1.00725000e-08  1.19461362e-09  1.00725000e-08  1.19461362e-09 
 1.00775000e-08  0.00000000e+00  1.00775000e-08  1.77272682e-66  1.00775000e-08  4.69639550e-01  1.00775000e-08  1.19461362e-09  1.00775000e-08  1.19461362e-09 
 1.00825000e-08  0.00000000e+00  1.00825000e-08  1.20886866e-66  1.00825000e-08  4.69597702e-01  1.00825000e-08  1.19461362e-09  1.00825000e-08  1.19461362e-09 
 1.00875000e-08  0.00000000e+00  1.00875000e-08  8.24359070e-67  1.00875000e-08  4.69556058e-01  1.00875000e-08  1.19461362e-09  1.00875000e-08  1.19461362e-09 
 1.00925000e-08  0.00000000e+00  1.00925000e-08  5.62151951e-67  1.00925000e-08  4.69514617e-01  1.00925000e-08  1.19461362e-09  1.00925000e-08  1.19461362e-09 
 1.00975000e-08  0.00000000e+00  1.00975000e-08  3.83346078e-67  1.00975000e-08  4.69473377e-01  1.00975000e-08  1.19461362e-09  1.00975000e-08  1.19461362e-09 
 1.01025000e-08  0.00000000e+00  1.01025000e-08  2.61413689e-67  1.01025000e-08  4.69432337e-01  1.01025000e-08  1.19461362e-09  1.01025000e-08  1.19461362e-09 
 1.01075000e-08  0.00000000e+00  1.01075000e-08  1.78264813e-67  1.01075000e-08  4.69391494e-01  1.01075000e-08  1.19461362e-09  1.01075000e-08  1.19461362e-09 
 1.01125000e-08  0.00000000e+00  1.01125000e-08  1.21563426e-67  1.01125000e-08  4.69350848e-01  1.01125000e-08  1.19461362e-09  1.01125000e-08  1.19461362e-09 
 1.01175000e-08  0.00000000e+00  1.01175000e-08  8.28972708e-68  1.01175000e-08  4.69310398e-01  1.01175000e-08  1.19461362e-09  1.01175000e-08  1.19461362e-09 
 1.01225000e-08  0.00000000e+00  1.01225000e-08  5.65298112e-68  1.01225000e-08  4.69270142e-01  1.01225000e-08  1.19461362e-09  1.01225000e-08  1.19461362e-09 
 1.01275000e-08  0.00000000e+00  1.01275000e-08  3.85491527e-68  1.01275000e-08  4.69230078e-01  1.01275000e-08  1.19461362e-09  1.01275000e-08  1.19461362e-09 
 1.01325000e-08  0.00000000e+00  1.01325000e-08  2.62876727e-68  1.01325000e-08  4.69190205e-01  1.01325000e-08  1.19461362e-09  1.01325000e-08  1.19461362e-09 
 1.01375000e-08  0.00000000e+00  1.01375000e-08  1.79262497e-68  1.01375000e-08  4.69150522e-01  1.01375000e-08  1.19461362e-09  1.01375000e-08  1.19461362e-09 
 1.01425000e-08  0.00000000e+00  1.01425000e-08  1.22243772e-68  1.01425000e-08  4.69111027e-01  1.01425000e-08  1.19461362e-09  1.01425000e-08  1.19461362e-09 
 1.01475000e-08  0.00000000e+00  1.01475000e-08  8.33612167e-69  1.01475000e-08  4.69071719e-01  1.01475000e-08  1.19461362e-09  1.01475000e-08  1.19461362e-09 
 1.01525000e-08  0.00000000e+00  1.01525000e-08  5.68461880e-69  1.01525000e-08  4.69032597e-01  1.01525000e-08  1.19461362e-09  1.01525000e-08  1.19461362e-09 
 1.01575000e-08  0.00000000e+00  1.01575000e-08  3.87648983e-69  1.01575000e-08  4.68993660e-01  1.01575000e-08  1.19461362e-09  1.01575000e-08  1.19461362e-09 
 1.01625000e-08  0.00000000e+00  1.01625000e-08  2.64347953e-69  1.01625000e-08  4.68954905e-01  1.01625000e-08  1.19461362e-09  1.01625000e-08  1.19461362e-09 
 1.01675000e-08  0.00000000e+00  1.01675000e-08  1.80265764e-69  1.01675000e-08  4.68916333e-01  1.01675000e-08  1.19461362e-09  1.01675000e-08  1.19461362e-09 
 1.01725000e-08  0.00000000e+00  1.01725000e-08  1.22927926e-69  1.01725000e-08  4.68877941e-01  1.01725000e-08  1.19461362e-09  1.01725000e-08  1.19461362e-09 
 1.01775000e-08  0.00000000e+00  1.01775000e-08  8.38277592e-70  1.01775000e-08  4.68839728e-01  1.01775000e-08  1.19461362e-09  1.01775000e-08  1.19461362e-09 
 1.01825000e-08  0.00000000e+00  1.01825000e-08  5.71643355e-70  1.01825000e-08  4.68801693e-01  1.01825000e-08  1.19461362e-09  1.01825000e-08  1.19461362e-09 
 1.01875000e-08  0.00000000e+00  1.01875000e-08  3.89818514e-70  1.01875000e-08  4.68763835e-01  1.01875000e-08  1.19461362e-09  1.01875000e-08  1.19461362e-09 
 1.01925000e-08  0.00000000e+00  1.01925000e-08  2.65827412e-70  1.01925000e-08  4.68726153e-01  1.01925000e-08  1.19461362e-09  1.01925000e-08  1.19461362e-09 
 1.01975000e-08  0.00000000e+00  1.01975000e-08  1.81274646e-70  1.01975000e-08  4.68688645e-01  1.01975000e-08  1.19461362e-09  1.01975000e-08  1.19461362e-09 
 1.02025000e-08  0.00000000e+00  1.02025000e-08  1.23615909e-70  1.02025000e-08  4.68651310e-01  1.02025000e-08  1.19461362e-09  1.02025000e-08  1.19461362e-09 
 1.02075000e-08  0.00000000e+00  1.02075000e-08  8.42969127e-71  1.02075000e-08  4.68614147e-01  1.02075000e-08  1.19461362e-09  1.02075000e-08  1.19461362e-09 
 1.02125000e-08  0.00000000e+00  1.02125000e-08  5.74842635e-71  1.02125000e-08  4.68577155e-01  1.02125000e-08  1.19461362e-09  1.02125000e-08  1.19461362e-09 
 1.02175000e-08  0.00000000e+00  1.02175000e-08  3.92000186e-71  1.02175000e-08  4.68540333e-01  1.02175000e-08  1.19461362e-09  1.02175000e-08  1.19461362e-09 
 1.02225000e-08  0.00000000e+00  1.02225000e-08  2.67315152e-71  1.02225000e-08  4.68503678e-01  1.02225000e-08  1.19461362e-09  1.02225000e-08  1.19461362e-09 
 1.02275000e-08  0.00000000e+00  1.02275000e-08  1.82289174e-71  1.02275000e-08  4.68467192e-01  1.02275000e-08  1.19461362e-09  1.02275000e-08  1.19461362e-09 
 1.02325000e-08  0.00000000e+00  1.02325000e-08  1.24307743e-71  1.02325000e-08  4.68430871e-01  1.02325000e-08  1.19461362e-09  1.02325000e-08  1.19461362e-09 
 1.02375000e-08  0.00000000e+00  1.02375000e-08  8.47686919e-72  1.02375000e-08  4.68394715e-01  1.02375000e-08  1.19461362e-09  1.02375000e-08  1.19461362e-09 
 1.02425000e-08  0.00000000e+00  1.02425000e-08  5.78059821e-72  1.02425000e-08  4.68358723e-01  1.02425000e-08  1.19461362e-09  1.02425000e-08  1.19461362e-09 
 1.02475000e-08  0.00000000e+00  1.02475000e-08  3.94194069e-72  1.02475000e-08  4.68322894e-01  1.02475000e-08  1.19461362e-09  1.02475000e-08  1.19461362e-09 
 1.02525000e-08  0.00000000e+00  1.02525000e-08  2.68811217e-72  1.02525000e-08  4.68287226e-01  1.02525000e-08  1.19461362e-09  1.02525000e-08  1.19461362e-09 
 1.02575000e-08  0.00000000e+00  1.02575000e-08  1.83309381e-72  1.02575000e-08  4.68251720e-01  1.02575000e-08  1.19461362e-09  1.02575000e-08  1.19461362e-09 
 1.02625000e-08  0.00000000e+00  1.02625000e-08  1.25003448e-72  1.02625000e-08  4.68216372e-01  1.02625000e-08  1.19461362e-09  1.02625000e-08  1.19461362e-09 
 1.02675000e-08  0.00000000e+00  1.02675000e-08  8.52431115e-73  1.02675000e-08  4.68181183e-01  1.02675000e-08  1.19461362e-09  1.02675000e-08  1.19461362e-09 
 1.02725000e-08  0.00000000e+00  1.02725000e-08  5.81295011e-73  1.02725000e-08  4.68146151e-01  1.02725000e-08  1.19461362e-09  1.02725000e-08  1.19461362e-09 
 1.02775000e-08  0.00000000e+00  1.02775000e-08  3.96400230e-73  1.02775000e-08  4.68111276e-01  1.02775000e-08  1.19461362e-09  1.02775000e-08  1.19461362e-09 
 1.02825000e-08  0.00000000e+00  1.02825000e-08  2.70315656e-73  1.02825000e-08  4.68076556e-01  1.02825000e-08  1.19461362e-09  1.02825000e-08  1.19461362e-09 
 1.02875000e-08  0.00000000e+00  1.02875000e-08  1.84335297e-73  1.02875000e-08  4.68041990e-01  1.02875000e-08  1.19461362e-09  1.02875000e-08  1.19461362e-09 
 1.02925000e-08  0.00000000e+00  1.02925000e-08  1.25703047e-73  1.02925000e-08  4.68007577e-01  1.02925000e-08  1.19461362e-09  1.02925000e-08  1.19461362e-09 
 1.02975000e-08  0.00000000e+00  1.02975000e-08  8.57201863e-74  1.02975000e-08  4.67973317e-01  1.02975000e-08  1.19461362e-09  1.02975000e-08  1.19461362e-09 
 1.03025000e-08  0.00000000e+00  1.03025000e-08  5.84548309e-74  1.03025000e-08  4.67939207e-01  1.03025000e-08  1.19461362e-09  1.03025000e-08  1.19461362e-09 
 1.03075000e-08  0.00000000e+00  1.03075000e-08  3.98618738e-74  1.03075000e-08  4.67905248e-01  1.03075000e-08  1.19461362e-09  1.03075000e-08  1.19461362e-09 
 1.03125000e-08  0.00000000e+00  1.03125000e-08  2.71828515e-74  1.03125000e-08  4.67871438e-01  1.03125000e-08  1.19461362e-09  1.03125000e-08  1.19461362e-09 
 1.03175000e-08  0.00000000e+00  1.03175000e-08  1.85366954e-74  1.03175000e-08  4.67837776e-01  1.03175000e-08  1.19461362e-09  1.03175000e-08  1.19461362e-09 
 1.03225000e-08  0.00000000e+00  1.03225000e-08  1.26406561e-74  1.03225000e-08  4.67804262e-01  1.03225000e-08  1.19461362e-09  1.03225000e-08  1.19461362e-09 
 1.03275000e-08  0.00000000e+00  1.03275000e-08  8.61999310e-75  1.03275000e-08  4.67770893e-01  1.03275000e-08  1.19461362e-09  1.03275000e-08  1.19461362e-09 
 1.03325000e-08  0.00000000e+00  1.03325000e-08  5.87819813e-75  1.03325000e-08  4.67737670e-01  1.03325000e-08  1.19461362e-09  1.03325000e-08  1.19461362e-09 
 1.03375000e-08  0.00000000e+00  1.03375000e-08  4.00849663e-75  1.03375000e-08  4.67704592e-01  1.03375000e-08  1.19461362e-09  1.03375000e-08  1.19461362e-09 
 1.03425000e-08  0.00000000e+00  1.03425000e-08  2.73349840e-75  1.03425000e-08  4.67671656e-01  1.03425000e-08  1.19461362e-09  1.03425000e-08  1.19461362e-09 
 1.03475000e-08  0.00000000e+00  1.03475000e-08  1.86404386e-75  1.03475000e-08  4.67638864e-01  1.03475000e-08  1.19461362e-09  1.03475000e-08  1.19461362e-09 
 1.03525000e-08  0.00000000e+00  1.03525000e-08  1.27114013e-75  1.03525000e-08  4.67606212e-01  1.03525000e-08  1.19461362e-09  1.03525000e-08  1.19461362e-09 
 1.03575000e-08  0.00000000e+00  1.03575000e-08  8.66823607e-76  1.03575000e-08  4.67573702e-01  1.03575000e-08  1.19461362e-09  1.03575000e-08  1.19461362e-09 
 1.03625000e-08  0.00000000e+00  1.03625000e-08  5.91109627e-76  1.03625000e-08  4.67541331e-01  1.03625000e-08  1.19461362e-09  1.03625000e-08  1.19461362e-09 
 1.03675000e-08  0.00000000e+00  1.03675000e-08  4.03093073e-76  1.03675000e-08  4.67509099e-01  1.03675000e-08  1.19461362e-09  1.03675000e-08  1.19461362e-09 
 1.03725000e-08  0.00000000e+00  1.03725000e-08  2.74879680e-76  1.03725000e-08  4.67477005e-01  1.03725000e-08  1.19461362e-09  1.03725000e-08  1.19461362e-09 
 1.03775000e-08  0.00000000e+00  1.03775000e-08  1.87447624e-76  1.03775000e-08  4.67445048e-01  1.03775000e-08  1.19461362e-09  1.03775000e-08  1.19461362e-09 
 1.03825000e-08  0.00000000e+00  1.03825000e-08  1.27825424e-76  1.03825000e-08  4.67413227e-01  1.03825000e-08  1.19461362e-09  1.03825000e-08  1.19461362e-09 
 1.03875000e-08  0.00000000e+00  1.03875000e-08  8.71674904e-77  1.03875000e-08  4.67381542e-01  1.03875000e-08  1.19461362e-09  1.03875000e-08  1.19461362e-09 
 1.03925000e-08  0.00000000e+00  1.03925000e-08  5.94417853e-77  1.03925000e-08  4.67349991e-01  1.03925000e-08  1.19461362e-09  1.03925000e-08  1.19461362e-09 
 1.03975000e-08  0.00000000e+00  1.03975000e-08  4.05349038e-77  1.03975000e-08  4.67318573e-01  1.03975000e-08  1.19461362e-09  1.03975000e-08  1.19461362e-09 
 1.04025000e-08  0.00000000e+00  1.04025000e-08  2.76418082e-77  1.04025000e-08  4.67287289e-01  1.04025000e-08  1.19461362e-09  1.04025000e-08  1.19461362e-09 
 1.04075000e-08  0.00000000e+00  1.04075000e-08  1.88496700e-77  1.04075000e-08  4.67256136e-01  1.04075000e-08  1.19461362e-09  1.04075000e-08  1.19461362e-09 
 1.04125000e-08  0.00000000e+00  1.04125000e-08  1.28540816e-77  1.04125000e-08  4.67225115e-01  1.04125000e-08  1.19461362e-09  1.04125000e-08  1.19461362e-09 
 1.04175000e-08  0.00000000e+00  1.04175000e-08  8.76553352e-78  1.04175000e-08  4.67194223e-01  1.04175000e-08  1.19461362e-09  1.04175000e-08  1.19461362e-09 
 1.04225000e-08  0.00000000e+00  1.04225000e-08  5.97744594e-78  1.04225000e-08  4.67163461e-01  1.04225000e-08  1.19461362e-09  1.04225000e-08  1.19461362e-09 
 1.04275000e-08  0.00000000e+00  1.04275000e-08  4.07617630e-78  1.04275000e-08  4.67132828e-01  1.04275000e-08  1.19461362e-09  1.04275000e-08  1.19461362e-09 
 1.04325000e-08  0.00000000e+00  1.04325000e-08  2.77965093e-78  1.04325000e-08  4.67102323e-01  1.04325000e-08  1.19461362e-09  1.04325000e-08  1.19461362e-09 
 1.04375000e-08  0.00000000e+00  1.04375000e-08  1.89551647e-78  1.04375000e-08  4.67071944e-01  1.04375000e-08  1.19461362e-09  1.04375000e-08  1.19461362e-09 
 1.04425000e-08  0.00000000e+00  1.04425000e-08  1.29260212e-78  1.04425000e-08  4.67041692e-01  1.04425000e-08  1.19461362e-09  1.04425000e-08  1.19461362e-09 
 1.04475000e-08  0.00000000e+00  1.04475000e-08  8.81459103e-79  1.04475000e-08  4.67011565e-01  1.04475000e-08  1.19461362e-09  1.04475000e-08  1.19461362e-09 
 1.04525000e-08  0.00000000e+00  1.04525000e-08  6.01089953e-79  1.04525000e-08  4.66981563e-01  1.04525000e-08  1.19461362e-09  1.04525000e-08  1.19461362e-09 
 1.04575000e-08  0.00000000e+00  1.04575000e-08  4.09898917e-79  1.04575000e-08  4.66951685e-01  1.04575000e-08  1.19461362e-09  1.04575000e-08  1.19461362e-09 
 1.04625000e-08  0.00000000e+00  1.04625000e-08  2.79520763e-79  1.04625000e-08  4.66921930e-01  1.04625000e-08  1.19461362e-09  1.04625000e-08  1.19461362e-09 
 1.04675000e-08  0.00000000e+00  1.04675000e-08  1.90612499e-79  1.04675000e-08  4.66892297e-01  1.04675000e-08  1.19461362e-09  1.04675000e-08  1.19461362e-09 
 1.04725000e-08  0.00000000e+00  1.04725000e-08  1.29983635e-79  1.04725000e-08  4.66862786e-01  1.04725000e-08  1.19461362e-09  1.04725000e-08  1.19461362e-09 
 1.04775000e-08  0.00000000e+00  1.04775000e-08  8.86392310e-80  1.04775000e-08  4.66833396e-01  1.04775000e-08  1.19461362e-09  1.04775000e-08  1.19461362e-09 
 1.04825000e-08  0.00000000e+00  1.04825000e-08  6.04454036e-80  1.04825000e-08  4.66804126e-01  1.04825000e-08  1.19461362e-09  1.04825000e-08  1.19461362e-09 
 1.04875000e-08  0.00000000e+00  1.04875000e-08  4.12192973e-80  1.04875000e-08  4.66774976e-01  1.04875000e-08  1.19461362e-09  1.04875000e-08  1.19461362e-09 
 1.04925000e-08  0.00000000e+00  1.04925000e-08  2.81085139e-80  1.04925000e-08  4.66745944e-01  1.04925000e-08  1.19461362e-09  1.04925000e-08  1.19461362e-09 
 1.04975000e-08  0.00000000e+00  1.04975000e-08  1.91679288e-80  1.04975000e-08  4.66717030e-01  1.04975000e-08  1.19461362e-09  1.04975000e-08  1.19461362e-09 
 1.05025000e-08  0.00000000e+00  1.05025000e-08  1.30711106e-80  1.05025000e-08  4.66688233e-01  1.05025000e-08  1.19461362e-09  1.05025000e-08  1.19461362e-09 
 1.05075000e-08  0.00000000e+00  1.05075000e-08  8.91353126e-81  1.05075000e-08  4.66659552e-01  1.05075000e-08  1.19461362e-09  1.05075000e-08  1.19461362e-09 
 1.05125000e-08  0.00000000e+00  1.05125000e-08  6.07836945e-81  1.05125000e-08  4.66630988e-01  1.05125000e-08  1.19461362e-09  1.05125000e-08  1.19461362e-09 
 1.05175000e-08  0.00000000e+00  1.05175000e-08  4.14499867e-81  1.05175000e-08  4.66602539e-01  1.05175000e-08  1.19461362e-09  1.05175000e-08  1.19461362e-09 
 1.05225000e-08  0.00000000e+00  1.05225000e-08  2.82658271e-81  1.05225000e-08  4.66574204e-01  1.05225000e-08  1.19461362e-09  1.05225000e-08  1.19461362e-09 
 1.05275000e-08  0.00000000e+00  1.05275000e-08  1.92752047e-81  1.05275000e-08  4.66545982e-01  1.05275000e-08  1.19461362e-09  1.05275000e-08  1.19461362e-09 
 1.05325000e-08  0.00000000e+00  1.05325000e-08  1.31442649e-81  1.05325000e-08  4.66517874e-01  1.05325000e-08  1.19461362e-09  1.05325000e-08  1.19461362e-09 
 1.05375000e-08  0.00000000e+00  1.05375000e-08  8.96341705e-82  1.05375000e-08  4.66489878e-01  1.05375000e-08  1.19461362e-09  1.05375000e-08  1.19461362e-09 
 1.05425000e-08  0.00000000e+00  1.05425000e-08  6.11238788e-82  1.05425000e-08  4.66461994e-01  1.05425000e-08  1.19461362e-09  1.05425000e-08  1.19461362e-09 
 1.05475000e-08  0.00000000e+00  1.05475000e-08  4.16819673e-82  1.05475000e-08  4.66434221e-01  1.05475000e-08  1.19461362e-09  1.05475000e-08  1.19461362e-09 
 1.05525000e-08  0.00000000e+00  1.05525000e-08  2.84240207e-82  1.05525000e-08  4.66406558e-01  1.05525000e-08  1.19461362e-09  1.05525000e-08  1.19461362e-09 
 1.05575000e-08  0.00000000e+00  1.05575000e-08  1.93830811e-82  1.05575000e-08  4.66379005e-01  1.05575000e-08  1.19461362e-09  1.05575000e-08  1.19461362e-09 
 1.05625000e-08  0.00000000e+00  1.05625000e-08  1.32178285e-82  1.05625000e-08  4.66351561e-01  1.05625000e-08  1.19461362e-09  1.05625000e-08  1.19461362e-09 
 1.05675000e-08  0.00000000e+00  1.05675000e-08  9.01358204e-83  1.05675000e-08  4.66324226e-01  1.05675000e-08  1.19461362e-09  1.05675000e-08  1.19461362e-09 
 1.05725000e-08  0.00000000e+00  1.05725000e-08  6.14659670e-83  1.05725000e-08  4.66296998e-01  1.05725000e-08  1.19461362e-09  1.05725000e-08  1.19461362e-09 
 1.05775000e-08  0.00000000e+00  1.05775000e-08  4.19152461e-83  1.05775000e-08  4.66269877e-01  1.05775000e-08  1.19461362e-09  1.05775000e-08  1.19461362e-09 
 1.05825000e-08  0.00000000e+00  1.05825000e-08  2.85830996e-83  1.05825000e-08  4.66242863e-01  1.05825000e-08  1.19461362e-09  1.05825000e-08  1.19461362e-09 
 1.05875000e-08  0.00000000e+00  1.05875000e-08  1.94915611e-83  1.05875000e-08  4.66215955e-01  1.05875000e-08  1.19461362e-09  1.05875000e-08  1.19461362e-09 
 1.05925000e-08  0.00000000e+00  1.05925000e-08  1.32918039e-83  1.05925000e-08  4.66189152e-01  1.05925000e-08  1.19461362e-09  1.05925000e-08  1.19461362e-09 
 1.05975000e-08  0.00000000e+00  1.05975000e-08  9.06402779e-84  1.05975000e-08  4.66162453e-01  1.05975000e-08  1.19461362e-09  1.05975000e-08  1.19461362e-09 
 1.06025000e-08  0.00000000e+00  1.06025000e-08  6.18099697e-84  1.06025000e-08  4.66135859e-01  1.06025000e-08  1.19461362e-09  1.06025000e-08  1.19461362e-09 
 1.06075000e-08  0.00000000e+00  1.06075000e-08  4.21498305e-84  1.06075000e-08  4.66109368e-01  1.06075000e-08  1.19461362e-09  1.06075000e-08  1.19461362e-09 
 1.06125000e-08  0.00000000e+00  1.06125000e-08  2.87430688e-84  1.06125000e-08  4.66082980e-01  1.06125000e-08  1.19461362e-09  1.06125000e-08  1.19461362e-09 
 1.06175000e-08  0.00000000e+00  1.06175000e-08  1.96006483e-84  1.06175000e-08  4.66056694e-01  1.06175000e-08  1.19461362e-09  1.06175000e-08  1.19461362e-09 
 1.06225000e-08  0.00000000e+00  1.06225000e-08  1.33661933e-84  1.06225000e-08  4.66030509e-01  1.06225000e-08  1.19461362e-09  1.06225000e-08  1.19461362e-09 
 1.06275000e-08  0.00000000e+00  1.06275000e-08  9.11475586e-85  1.06275000e-08  4.66004426e-01  1.06275000e-08  1.19461362e-09  1.06275000e-08  1.19461362e-09 
 1.06325000e-08  0.00000000e+00  1.06325000e-08  6.21558976e-85  1.06325000e-08  4.65978443e-01  1.06325000e-08  1.19461362e-09  1.06325000e-08  1.19461362e-09 
 1.06375000e-08  0.00000000e+00  1.06375000e-08  4.23857278e-85  1.06375000e-08  4.65952560e-01  1.06375000e-08  1.19461362e-09  1.06375000e-08  1.19461362e-09 
 1.06425000e-08  0.00000000e+00  1.06425000e-08  2.89039333e-85  1.06425000e-08  4.65926777e-01  1.06425000e-08  1.19461362e-09  1.06425000e-08  1.19461362e-09 
 1.06475000e-08  0.00000000e+00  1.06475000e-08  1.97103460e-85  1.06475000e-08  4.65901092e-01  1.06475000e-08  1.19461362e-09  1.06475000e-08  1.19461362e-09 
 1.06525000e-08  0.00000000e+00  1.06525000e-08  1.34409991e-85  1.06525000e-08  4.65875505e-01  1.06525000e-08  1.19461362e-09  1.06525000e-08  1.19461362e-09 
 1.06575000e-08  0.00000000e+00  1.06575000e-08  9.16576784e-86  1.06575000e-08  4.65850016e-01  1.06575000e-08  1.19461362e-09  1.06575000e-08  1.19461362e-09 
 1.06625000e-08  0.00000000e+00  1.06625000e-08  6.25037616e-86  1.06625000e-08  4.65824624e-01  1.06625000e-08  1.19461362e-09  1.06625000e-08  1.19461362e-09 
 1.06675000e-08  0.00000000e+00  1.06675000e-08  4.26229453e-86  1.06675000e-08  4.65799328e-01  1.06675000e-08  1.19461362e-09  1.06675000e-08  1.19461362e-09 
 1.06725000e-08  0.00000000e+00  1.06725000e-08  2.90656981e-86  1.06725000e-08  4.65774128e-01  1.06725000e-08  1.19461362e-09  1.06725000e-08  1.19461362e-09 
 1.06775000e-08  0.00000000e+00  1.06775000e-08  1.98206577e-86  1.06775000e-08  4.65749024e-01  1.06775000e-08  1.19461362e-09  1.06775000e-08  1.19461362e-09 
 1.06825000e-08  0.00000000e+00  1.06825000e-08  1.35162235e-86  1.06825000e-08  4.65724014e-01  1.06825000e-08  1.19461362e-09  1.06825000e-08  1.19461362e-09 
 1.06875000e-08  0.00000000e+00  1.06875000e-08  9.21706532e-87  1.06875000e-08  4.65699099e-01  1.06875000e-08  1.19461362e-09  1.06875000e-08  1.19461362e-09 
 1.06925000e-08  0.00000000e+00  1.06925000e-08  6.28535725e-87  1.06925000e-08  4.65674278e-01  1.06925000e-08  1.19461362e-09  1.06925000e-08  1.19461362e-09 
 1.06975000e-08  0.00000000e+00  1.06975000e-08  4.28614905e-87  1.06975000e-08  4.65649550e-01  1.06975000e-08  1.19461362e-09  1.06975000e-08  1.19461362e-09 
 1.07025000e-08  0.00000000e+00  1.07025000e-08  2.92283683e-87  1.07025000e-08  4.65624914e-01  1.07025000e-08  1.19461362e-09  1.07025000e-08  1.19461362e-09 
 1.07075000e-08  0.00000000e+00  1.07075000e-08  1.99315867e-87  1.07075000e-08  4.65600371e-01  1.07075000e-08  1.19461362e-09  1.07075000e-08  1.19461362e-09 
 1.07125000e-08  0.00000000e+00  1.07125000e-08  1.35918689e-87  1.07125000e-08  4.65575920e-01  1.07125000e-08  1.19461362e-09  1.07125000e-08  1.19461362e-09 
 1.07175000e-08  0.00000000e+00  1.07175000e-08  9.26864988e-88  1.07175000e-08  4.65551560e-01  1.07175000e-08  1.19461362e-09  1.07175000e-08  1.19461362e-09 
 1.07225000e-08  0.00000000e+00  1.07225000e-08  6.32053411e-88  1.07225000e-08  4.65527290e-01  1.07225000e-08  1.19461362e-09  1.07225000e-08  1.19461362e-09 
 1.07275000e-08  0.00000000e+00  1.07275000e-08  4.31013707e-88  1.07275000e-08  4.65503110e-01  1.07275000e-08  1.19461362e-09  1.07275000e-08  1.19461362e-09 
 1.07325000e-08  0.00000000e+00  1.07325000e-08  2.93919489e-88  1.07325000e-08  4.65479021e-01  1.07325000e-08  1.19461362e-09  1.07325000e-08  1.19461362e-09 
 1.07375000e-08  0.00000000e+00  1.07375000e-08  2.00431366e-88  1.07375000e-08  4.65455020e-01  1.07375000e-08  1.19461362e-09  1.07375000e-08  1.19461362e-09 
 1.07425000e-08  0.00000000e+00  1.07425000e-08  1.36679376e-88  1.07425000e-08  4.65431108e-01  1.07425000e-08  1.19461362e-09  1.07425000e-08  1.19461362e-09 
 1.07475000e-08  0.00000000e+00  1.07475000e-08  9.32052315e-89  1.07475000e-08  4.65407284e-01  1.07475000e-08  1.19461362e-09  1.07475000e-08  1.19461362e-09 
 1.07525000e-08  0.00000000e+00  1.07525000e-08  6.35590784e-89  1.07525000e-08  4.65383548e-01  1.07525000e-08  1.19461362e-09  1.07525000e-08  1.19461362e-09 
 1.07575000e-08  0.00000000e+00  1.07575000e-08  4.33425934e-89  1.07575000e-08  4.65359899e-01  1.07575000e-08  1.19461362e-09  1.07575000e-08  1.19461362e-09 
 1.07625000e-08  0.00000000e+00  1.07625000e-08  2.95564449e-89  1.07625000e-08  4.65336337e-01  1.07625000e-08  1.19461362e-09  1.07625000e-08  1.19461362e-09 
 1.07675000e-08  0.00000000e+00  1.07675000e-08  2.01553107e-89  1.07675000e-08  4.65312861e-01  1.07675000e-08  1.19461362e-09  1.07675000e-08  1.19461362e-09 
 1.07725000e-08  0.00000000e+00  1.07725000e-08  1.37444321e-89  1.07725000e-08  4.65289471e-01  1.07725000e-08  1.19461362e-09  1.07725000e-08  1.19461362e-09 
 1.07775000e-08  0.00000000e+00  1.07775000e-08  9.37268674e-90  1.07775000e-08  4.65266167e-01  1.07775000e-08  1.19461362e-09  1.07775000e-08  1.19461362e-09 
 1.07825000e-08  0.00000000e+00  1.07825000e-08  6.39147955e-90  1.07825000e-08  4.65242947e-01  1.07825000e-08  1.19461362e-09  1.07825000e-08  1.19461362e-09 
 1.07875000e-08  0.00000000e+00  1.07875000e-08  4.35851661e-90  1.07875000e-08  4.65219811e-01  1.07875000e-08  1.19461362e-09  1.07875000e-08  1.19461362e-09 
 1.07925000e-08  0.00000000e+00  1.07925000e-08  2.97218616e-90  1.07925000e-08  4.65196759e-01  1.07925000e-08  1.19461362e-09  1.07925000e-08  1.19461362e-09 
 1.07975000e-08  0.00000000e+00  1.07975000e-08  2.02681127e-90  1.07975000e-08  4.65173791e-01  1.07975000e-08  1.19461362e-09  1.07975000e-08  1.19461362e-09 
 1.08025000e-08  0.00000000e+00  1.08025000e-08  1.38213547e-90  1.08025000e-08  4.65150906e-01  1.08025000e-08  1.19461362e-09  1.08025000e-08  1.19461362e-09 
 1.08075000e-08  0.00000000e+00  1.08075000e-08  9.42514226e-91  1.08075000e-08  4.65128104e-01  1.08075000e-08  1.19461362e-09  1.08075000e-08  1.19461362e-09 
 1.08125000e-08  0.00000000e+00  1.08125000e-08  6.42725034e-91  1.08125000e-08  4.65105383e-01  1.08125000e-08  1.19461362e-09  1.08125000e-08  1.19461362e-09 
 1.08175000e-08  0.00000000e+00  1.08175000e-08  4.38290965e-91  1.08175000e-08  4.65082744e-01  1.08175000e-08  1.19461362e-09  1.08175000e-08  1.19461362e-09 
 1.08225000e-08  0.00000000e+00  1.08225000e-08  2.98882041e-91  1.08225000e-08  4.65060187e-01  1.08225000e-08  1.19461362e-09  1.08225000e-08  1.19461362e-09 
 1.08275000e-08  0.00000000e+00  1.08275000e-08  2.03815459e-91  1.08275000e-08  4.65037710e-01  1.08275000e-08  1.19461362e-09  1.08275000e-08  1.19461362e-09 
 1.08325000e-08  0.00000000e+00  1.08325000e-08  1.38987078e-91  1.08325000e-08  4.65015314e-01  1.08325000e-08  1.19461362e-09  1.08325000e-08  1.19461362e-09 
 1.08375000e-08  0.00000000e+00  1.08375000e-08  9.47789136e-92  1.08375000e-08  4.64992997e-01  1.08375000e-08  1.19461362e-09  1.08375000e-08  1.19461362e-09 
 1.08425000e-08  0.00000000e+00  1.08425000e-08  6.46322133e-92  1.08425000e-08  4.64970760e-01  1.08425000e-08  1.19461362e-09  1.08425000e-08  1.19461362e-09 
 1.08475000e-08  0.00000000e+00  1.08475000e-08  4.40743920e-92  1.08475000e-08  4.64948603e-01  1.08475000e-08  1.19461362e-09  1.08475000e-08  1.19461362e-09 
 1.08525000e-08  0.00000000e+00  1.08525000e-08  3.00554775e-92  1.08525000e-08  4.64926524e-01  1.08525000e-08  1.19461362e-09  1.08525000e-08  1.19461362e-09 
 1.08575000e-08  0.00000000e+00  1.08575000e-08  2.04956141e-92  1.08575000e-08  4.64904523e-01  1.08575000e-08  1.19461362e-09  1.08575000e-08  1.19461362e-09 
 1.08625000e-08  0.00000000e+00  1.08625000e-08  1.39764938e-92  1.08625000e-08  4.64882600e-01  1.08625000e-08  1.19461362e-09  1.08625000e-08  1.19461362e-09 
 1.08675000e-08  0.00000000e+00  1.08675000e-08  9.53093568e-93  1.08675000e-08  4.64860754e-01  1.08675000e-08  1.19461362e-09  1.08675000e-08  1.19461362e-09 
 1.08725000e-08  0.00000000e+00  1.08725000e-08  6.49939363e-93  1.08725000e-08  4.64838985e-01  1.08725000e-08  1.19461362e-09  1.08725000e-08  1.19461362e-09 
 1.08775000e-08  0.00000000e+00  1.08775000e-08  4.43210604e-93  1.08775000e-08  4.64817293e-01  1.08775000e-08  1.19461362e-09  1.08775000e-08  1.19461362e-09 
 1.08825000e-08  0.00000000e+00  1.08825000e-08  3.02236871e-93  1.08825000e-08  4.64795677e-01  1.08825000e-08  1.19461362e-09  1.08825000e-08  1.19461362e-09 
 1.08875000e-08  0.00000000e+00  1.08875000e-08  2.06103206e-93  1.08875000e-08  4.64774137e-01  1.08875000e-08  1.19461362e-09  1.08875000e-08  1.19461362e-09 
 1.08925000e-08  0.00000000e+00  1.08925000e-08  1.40547152e-93  1.08925000e-08  4.64752673e-01  1.08925000e-08  1.19461362e-09  1.08925000e-08  1.19461362e-09 
 1.08975000e-08  0.00000000e+00  1.08975000e-08  9.58427686e-94  1.08975000e-08  4.64731283e-01  1.08975000e-08  1.19461362e-09  1.08975000e-08  1.19461362e-09 
 1.09025000e-08  0.00000000e+00  1.09025000e-08  6.53576838e-94  1.09025000e-08  4.64709968e-01  1.09025000e-08  1.19461362e-09  1.09025000e-08  1.19461362e-09 
 1.09075000e-08  0.00000000e+00  1.09075000e-08  4.45691093e-94  1.09075000e-08  4.64688727e-01  1.09075000e-08  1.19461362e-09  1.09075000e-08  1.19461362e-09 
 1.09125000e-08  0.00000000e+00  1.09125000e-08  3.03928381e-94  1.09125000e-08  4.64667560e-01  1.09125000e-08  1.19461362e-09  1.09125000e-08  1.19461362e-09 
 1.09175000e-08  0.00000000e+00  1.09175000e-08  2.07256690e-94  1.09175000e-08  4.64646467e-01  1.09175000e-08  1.19461362e-09  1.09175000e-08  1.19461362e-09 
 1.09225000e-08  0.00000000e+00  1.09225000e-08  1.41333743e-94  1.09225000e-08  4.64625446e-01  1.09225000e-08  1.19461362e-09  1.09225000e-08  1.19461362e-09 
 1.09275000e-08  0.00000000e+00  1.09275000e-08  9.63791658e-95  1.09275000e-08  4.64604499e-01  1.09275000e-08  1.19461362e-09  1.09275000e-08  1.19461362e-09 
 1.09325000e-08  0.00000000e+00  1.09325000e-08  6.57234670e-95  1.09325000e-08  4.64583623e-01  1.09325000e-08  1.19461362e-09  1.09325000e-08  1.19461362e-09 
 1.09375000e-08  0.00000000e+00  1.09375000e-08  4.48185464e-95  1.09375000e-08  4.64562820e-01  1.09375000e-08  1.19461362e-09  1.09375000e-08  1.19461362e-09 
 1.09425000e-08  0.00000000e+00  1.09425000e-08  3.05629358e-95  1.09425000e-08  4.64542088e-01  1.09425000e-08  1.19461362e-09  1.09425000e-08  1.19461362e-09 
 1.09475000e-08  0.00000000e+00  1.09475000e-08  2.08416631e-95  1.09475000e-08  4.64521427e-01  1.09475000e-08  1.19461362e-09  1.09475000e-08  1.19461362e-09 
 1.09525000e-08  0.00000000e+00  1.09525000e-08  1.42124737e-95  1.09525000e-08  4.64500837e-01  1.09525000e-08  1.19461362e-09  1.09525000e-08  1.19461362e-09 
 1.09575000e-08  0.00000000e+00  1.09575000e-08  9.69185650e-96  1.09575000e-08  4.64480318e-01  1.09575000e-08  1.19461362e-09  1.09575000e-08  1.19461362e-09 
 1.09625000e-08  0.00000000e+00  1.09625000e-08  6.60912974e-96  1.09625000e-08  4.64459868e-01  1.09625000e-08  1.19461362e-09  1.09625000e-08  1.19461362e-09 
 1.09675000e-08  0.00000000e+00  1.09675000e-08  4.50693795e-96  1.09675000e-08  4.64439489e-01  1.09675000e-08  1.19461362e-09  1.09675000e-08  1.19461362e-09 
 1.09725000e-08  0.00000000e+00  1.09725000e-08  3.07339854e-96  1.09725000e-08  4.64419179e-01  1.09725000e-08  1.19461362e-09  1.09725000e-08  1.19461362e-09 
 1.09775000e-08  0.00000000e+00  1.09775000e-08  2.09583063e-96  1.09775000e-08  4.64398938e-01  1.09775000e-08  1.19461362e-09  1.09775000e-08  1.19461362e-09 
 1.09825000e-08  0.00000000e+00  1.09825000e-08  1.42920157e-96  1.09825000e-08  4.64378765e-01  1.09825000e-08  1.19461362e-09  1.09825000e-08  1.19461362e-09 
 1.09875000e-08  0.00000000e+00  1.09875000e-08  9.74609830e-97  1.09875000e-08  4.64358661e-01  1.09875000e-08  1.19461362e-09  1.09875000e-08  1.19461362e-09 
 1.09925000e-08  0.00000000e+00  1.09925000e-08  6.64611864e-97  1.09925000e-08  4.64338625e-01  1.09925000e-08  1.19461362e-09  1.09925000e-08  1.19461362e-09 
 1.09975000e-08  0.00000000e+00  1.09975000e-08  4.53216165e-97  1.09975000e-08  4.64318657e-01  1.09975000e-08  1.19461362e-09  1.09975000e-08  1.19461362e-09 
 1.10025000e-08  0.00000000e+00  1.10025000e-08  3.09059924e-97  1.10025000e-08  4.64298755e-01  1.10025000e-08  1.19461362e-09  1.10025000e-08  1.19461362e-09 
 1.10075000e-08  0.00000000e+00  1.10075000e-08  2.10756023e-97  1.10075000e-08  4.64278921e-01  1.10075000e-08  1.19461362e-09  1.10075000e-08  1.19461362e-09 
 1.10125000e-08  0.00000000e+00  1.10125000e-08  1.43720029e-97  1.10125000e-08  4.64259154e-01  1.10125000e-08  1.19461362e-09  1.10125000e-08  1.19461362e-09 
 1.10175000e-08  0.00000000e+00  1.10175000e-08  9.80064367e-98  1.10175000e-08  4.64239453e-01  1.10175000e-08  1.19461362e-09  1.10175000e-08  1.19461362e-09 
 1.10225000e-08  0.00000000e+00  1.10225000e-08  6.68331455e-98  1.10225000e-08  4.64219817e-01  1.10225000e-08  1.19461362e-09  1.10225000e-08  1.19461362e-09 
 1.10275000e-08  0.00000000e+00  1.10275000e-08  4.55752651e-98  1.10275000e-08  4.64200248e-01  1.10275000e-08  1.19461362e-09  1.10275000e-08  1.19461362e-09 
 1.10325000e-08  0.00000000e+00  1.10325000e-08  3.10789620e-98  1.10325000e-08  4.64180743e-01  1.10325000e-08  1.19461362e-09  1.10325000e-08  1.19461362e-09 
 1.10375000e-08  0.00000000e+00  1.10375000e-08  2.11935548e-98  1.10375000e-08  4.64161304e-01  1.10375000e-08  1.19461362e-09  1.10375000e-08  1.19461362e-09 
 1.10425000e-08  0.00000000e+00  1.10425000e-08  1.44524378e-98  1.10425000e-08  4.64141929e-01  1.10425000e-08  1.19461362e-09  1.10425000e-08  1.19461362e-09 
 1.10475000e-08  0.00000000e+00  1.10475000e-08  9.85549432e-99  1.10475000e-08  4.64122619e-01  1.10475000e-08  1.19461362e-09  1.10475000e-08  1.19461362e-09 
 1.10525000e-08  0.00000000e+00  1.10525000e-08  6.72071864e-99  1.10525000e-08  4.64103372e-01  1.10525000e-08  1.19461362e-09  1.10525000e-08  1.19461362e-09 
 1.10575000e-08  0.00000000e+00  1.10575000e-08  4.58303333e-99  1.10575000e-08  4.64084190e-01  1.10575000e-08  1.19461362e-09  1.10575000e-08  1.19461362e-09 
 1.10625000e-08  0.00000000e+00  1.10625000e-08  3.12528997e-99  1.10625000e-08  4.64065070e-01  1.10625000e-08  1.19461362e-09  1.10625000e-08  1.19461362e-09 
 1.10675000e-08  0.00000000e+00  1.10675000e-08  2.13121675e-99  1.10675000e-08  4.64046014e-01  1.10675000e-08  1.19461362e-09  1.10675000e-08  1.19461362e-09 
 1.10725000e-08  0.00000000e+00  1.10725000e-08  1.45333229e-99  1.10725000e-08  4.64027021e-01  1.10725000e-08  1.19461362e-09  1.10725000e-08  1.19461362e-09 
 1.10775000e-08  0.00000000e+00  1.10775000e-08  9.91065194e-100  1.10775000e-08  4.64008090e-01  1.10775000e-08  1.19461362e-09  1.10775000e-08  1.19461362e-09 
 1.10825000e-08  0.00000000e+00  1.10825000e-08  6.75833206e-100  1.10825000e-08  4.63989221e-01  1.10825000e-08  1.19461362e-09  1.10825000e-08  1.19461362e-09 
 1.10875000e-08  0.00000000e+00  1.10875000e-08  4.60868291e-100  1.10875000e-08  4.63970413e-01  1.10875000e-08  1.19461362e-09  1.10875000e-08  1.19461362e-09 
 1.10925000e-08  0.00000000e+00  1.10925000e-08  3.14278108e-100  1.10925000e-08  4.63951668e-01  1.10925000e-08  1.19461362e-09  1.10925000e-08  1.19461362e-09 
 1.10975000e-08  0.00000000e+00  1.10975000e-08  2.14314439e-100  1.10975000e-08  4.63932984e-01  1.10975000e-08  1.19461362e-09  1.10975000e-08  1.19461362e-09 
 1.11025000e-08  0.00000000e+00  1.11025000e-08  1.46146606e-100  1.11025000e-08  4.63914360e-01  1.11025000e-08  1.19461362e-09  1.11025000e-08  1.19461362e-09 
 1.11075000e-08  0.00000000e+00  1.11075000e-08  9.96611826e-101  1.11075000e-08  4.63895797e-01  1.11075000e-08  1.19461362e-09  1.11075000e-08  1.19461362e-09 
 1.11125000e-08  0.00000000e+00  1.11125000e-08  6.79615599e-101  1.11125000e-08  4.63877295e-01  1.11125000e-08  1.19461362e-09  1.11125000e-08  1.19461362e-09 
 1.11175000e-08  0.00000000e+00  1.11175000e-08  4.63447603e-101  1.11175000e-08  4.63858852e-01  1.11175000e-08  1.19461362e-09  1.11175000e-08  1.19461362e-09 
 1.11225000e-08  0.00000000e+00  1.11225000e-08  3.16037009e-101  1.11225000e-08  4.63840470e-01  1.11225000e-08  1.19461362e-09  1.11225000e-08  1.19461362e-09 
 1.11275000e-08  0.00000000e+00  1.11275000e-08  2.15513879e-101  1.11275000e-08  4.63822147e-01  1.11275000e-08  1.19461362e-09  1.11275000e-08  1.19461362e-09 
 1.11325000e-08  0.00000000e+00  1.11325000e-08  1.46964536e-101  1.11325000e-08  4.63803882e-01  1.11325000e-08  1.19461362e-09  1.11325000e-08  1.19461362e-09 
 1.11375000e-08  0.00000000e+00  1.11375000e-08  1.00218950e-101  1.11375000e-08  4.63785677e-01  1.11375000e-08  1.19461362e-09  1.11375000e-08  1.19461362e-09 
 1.11425000e-08  0.00000000e+00  1.11425000e-08  6.83419161e-102  1.11425000e-08  4.63767531e-01  1.11425000e-08  1.19461362e-09  1.11425000e-08  1.19461362e-09 
 1.11475000e-08  0.00000000e+00  1.11475000e-08  4.66041351e-102  1.11475000e-08  4.63749442e-01  1.11475000e-08  1.19461362e-09  1.11475000e-08  1.19461362e-09 
 1.11525000e-08  0.00000000e+00  1.11525000e-08  3.17805753e-102  1.11525000e-08  4.63731412e-01  1.11525000e-08  1.19461362e-09  1.11525000e-08  1.19461362e-09 
 1.11575000e-08  0.00000000e+00  1.11575000e-08  2.16720032e-102  1.11575000e-08  4.63713440e-01  1.11575000e-08  1.19461362e-09  1.11575000e-08  1.19461362e-09 
 1.11625000e-08  0.00000000e+00  1.11625000e-08  1.47787043e-102  1.11625000e-08  4.63695525e-01  1.11625000e-08  1.19461362e-09  1.11625000e-08  1.19461362e-09 
 1.11675000e-08  0.00000000e+00  1.11675000e-08  1.00779839e-102  1.11675000e-08  4.63677667e-01  1.11675000e-08  1.19461362e-09  1.11675000e-08  1.19461362e-09 
 1.11725000e-08  0.00000000e+00  1.11725000e-08  6.87244009e-103  1.11725000e-08  4.63659866e-01  1.11725000e-08  1.19461362e-09  1.11725000e-08  1.19461362e-09 
 1.11775000e-08  0.00000000e+00  1.11775000e-08  4.68649615e-103  1.11775000e-08  4.63642122e-01  1.11775000e-08  1.19461362e-09  1.11775000e-08  1.19461362e-09 
 1.11825000e-08  0.00000000e+00  1.11825000e-08  3.19584396e-103  1.11825000e-08  4.63624434e-01  1.11825000e-08  1.19461362e-09  1.11825000e-08  1.19461362e-09 
 1.11875000e-08  0.00000000e+00  1.11875000e-08  2.17932936e-103  1.11875000e-08  4.63606802e-01  1.11875000e-08  1.19461362e-09  1.11875000e-08  1.19461362e-09 
 1.11925000e-08  0.00000000e+00  1.11925000e-08  1.48614153e-103  1.11925000e-08  4.63589226e-01  1.11925000e-08  1.19461362e-09  1.11925000e-08  1.19461362e-09 
 1.11975000e-08  0.00000000e+00  1.11975000e-08  1.01343867e-103  1.11975000e-08  4.63571706e-01  1.11975000e-08  1.19461362e-09  1.11975000e-08  1.19461362e-09 
 1.12025000e-08  0.00000000e+00  1.12025000e-08  6.91090265e-104  1.12025000e-08  4.63554241e-01  1.12025000e-08  1.19461362e-09  1.12025000e-08  1.19461362e-09 
 1.12075000e-08  0.00000000e+00  1.12075000e-08  4.71272477e-104  1.12075000e-08  4.63536831e-01  1.12075000e-08  1.19461362e-09  1.12075000e-08  1.19461362e-09 
 1.12125000e-08  0.00000000e+00  1.12125000e-08  3.21372994e-104  1.12125000e-08  4.63519476e-01  1.12125000e-08  1.19461362e-09  1.12125000e-08  1.19461362e-09 
 1.12175000e-08  0.00000000e+00  1.12175000e-08  2.19152627e-104  1.12175000e-08  4.63502176e-01  1.12175000e-08  1.19461362e-09  1.12175000e-08  1.19461362e-09 
 1.12225000e-08  0.00000000e+00  1.12225000e-08  1.49445893e-104  1.12225000e-08  4.63484929e-01  1.12225000e-08  1.19461362e-09  1.12225000e-08  1.19461362e-09 
 1.12275000e-08  0.00000000e+00  1.12275000e-08  1.01911052e-104  1.12275000e-08  4.63467737e-01  1.12275000e-08  1.19461362e-09  1.12275000e-08  1.19461362e-09 
 1.12325000e-08  0.00000000e+00  1.12325000e-08  6.94958046e-105  1.12325000e-08  4.63450599e-01  1.12325000e-08  1.19461362e-09  1.12325000e-08  1.19461362e-09 
 1.12375000e-08  0.00000000e+00  1.12375000e-08  4.73910018e-105  1.12375000e-08  4.63433514e-01  1.12375000e-08  1.19461362e-09  1.12375000e-08  1.19461362e-09 
 1.12425000e-08  0.00000000e+00  1.12425000e-08  3.23171602e-105  1.12425000e-08  4.63416482e-01  1.12425000e-08  1.19461362e-09  1.12425000e-08  1.19461362e-09 
 1.12475000e-08  0.00000000e+00  1.12475000e-08  2.20379145e-105  1.12475000e-08  4.63399504e-01  1.12475000e-08  1.19461362e-09  1.12475000e-08  1.19461362e-09 
 1.12525000e-08  0.00000000e+00  1.12525000e-08  1.50282287e-105  1.12525000e-08  4.63382578e-01  1.12525000e-08  1.19461362e-09  1.12525000e-08  1.19461362e-09 
 1.12575000e-08  0.00000000e+00  1.12575000e-08  1.02481411e-105  1.12575000e-08  4.63365705e-01  1.12575000e-08  1.19461362e-09  1.12575000e-08  1.19461362e-09 
 1.12625000e-08  0.00000000e+00  1.12625000e-08  6.98847474e-106  1.12625000e-08  4.63348884e-01  1.12625000e-08  1.19461362e-09  1.12625000e-08  1.19461362e-09 
 1.12675000e-08  0.00000000e+00  1.12675000e-08  4.76562320e-106  1.12675000e-08  4.63332115e-01  1.12675000e-08  1.19461362e-09  1.12675000e-08  1.19461362e-09 
 1.12725000e-08  0.00000000e+00  1.12725000e-08  3.24980276e-106  1.12725000e-08  4.63315397e-01  1.12725000e-08  1.19461362e-09  1.12725000e-08  1.19461362e-09 
 1.12775000e-08  0.00000000e+00  1.12775000e-08  2.21612527e-106  1.12775000e-08  4.63298732e-01  1.12775000e-08  1.19461362e-09  1.12775000e-08  1.19461362e-09 
 1.12825000e-08  0.00000000e+00  1.12825000e-08  1.51123362e-106  1.12825000e-08  4.63282118e-01  1.12825000e-08  1.19461362e-09  1.12825000e-08  1.19461362e-09 
 1.12875000e-08  0.00000000e+00  1.12875000e-08  1.03054963e-106  1.12875000e-08  4.63265554e-01  1.12875000e-08  1.19461362e-09  1.12875000e-08  1.19461362e-09 
 1.12925000e-08  0.00000000e+00  1.12925000e-08  7.02758669e-107  1.12925000e-08  4.63249042e-01  1.12925000e-08  1.19461362e-09  1.12925000e-08  1.19461362e-09 
 1.12975000e-08  0.00000000e+00  1.12975000e-08  4.79229467e-107  1.12975000e-08  4.63232580e-01  1.12975000e-08  1.19461362e-09  1.12975000e-08  1.19461362e-09 
 1.13025000e-08  0.00000000e+00  1.13025000e-08  3.26799073e-107  1.13025000e-08  4.63216169e-01  1.13025000e-08  1.19461362e-09  1.13025000e-08  1.19461362e-09 
 1.13075000e-08  0.00000000e+00  1.13075000e-08  2.22852812e-107  1.13075000e-08  4.63199808e-01  1.13075000e-08  1.19461362e-09  1.13075000e-08  1.19461362e-09 
 1.13125000e-08  0.00000000e+00  1.13125000e-08  1.51969145e-107  1.13125000e-08  4.63183497e-01  1.13125000e-08  1.19461362e-09  1.13125000e-08  1.19461362e-09 
 1.13175000e-08  0.00000000e+00  1.13175000e-08  1.03631724e-107  1.13175000e-08  4.63167235e-01  1.13175000e-08  1.19461362e-09  1.13175000e-08  1.19461362e-09 
 1.13225000e-08  0.00000000e+00  1.13225000e-08  7.06691754e-108  1.13225000e-08  4.63151023e-01  1.13225000e-08  1.19461362e-09  1.13225000e-08  1.19461362e-09 
 1.13275000e-08  0.00000000e+00  1.13275000e-08  4.81911540e-108  1.13275000e-08  4.63134860e-01  1.13275000e-08  1.19461362e-09  1.13275000e-08  1.19461362e-09 
 1.13325000e-08  0.00000000e+00  1.13325000e-08  3.28628049e-108  1.13325000e-08  4.63118747e-01  1.13325000e-08  1.19461362e-09  1.13325000e-08  1.19461362e-09 
 1.13375000e-08  0.00000000e+00  1.13375000e-08  2.24100038e-108  1.13375000e-08  4.63102682e-01  1.13375000e-08  1.19461362e-09  1.13375000e-08  1.19461362e-09 
 1.13425000e-08  0.00000000e+00  1.13425000e-08  1.52819661e-108  1.13425000e-08  4.63086665e-01  1.13425000e-08  1.19461362e-09  1.13425000e-08  1.19461362e-09 
 1.13475000e-08  0.00000000e+00  1.13475000e-08  1.04211713e-108  1.13475000e-08  4.63070697e-01  1.13475000e-08  1.19461362e-09  1.13475000e-08  1.19461362e-09 
 1.13525000e-08  0.00000000e+00  1.13525000e-08  7.10646851e-109  1.13525000e-08  4.63054777e-01  1.13525000e-08  1.19461362e-09  1.13525000e-08  1.19461362e-09 
 1.13575000e-08  0.00000000e+00  1.13575000e-08  4.84608624e-109  1.13575000e-08  4.63038905e-01  1.13575000e-08  1.19461362e-09  1.13575000e-08  1.19461362e-09 
 1.13625000e-08  0.00000000e+00  1.13625000e-08  3.30467261e-109  1.13625000e-08  4.63023081e-01  1.13625000e-08  1.19461362e-09  1.13625000e-08  1.19461362e-09 
 1.13675000e-08  0.00000000e+00  1.13675000e-08  2.25354245e-109  1.13675000e-08  4.63007304e-01  1.13675000e-08  1.19461362e-09  1.13675000e-08  1.19461362e-09 
 1.13725000e-08  0.00000000e+00  1.13725000e-08  1.53674937e-109  1.13725000e-08  4.62991575e-01  1.13725000e-08  1.19461362e-09  1.13725000e-08  1.19461362e-09 
 1.13775000e-08  0.00000000e+00  1.13775000e-08  1.04794948e-109  1.13775000e-08  4.62975892e-01  1.13775000e-08  1.19461362e-09  1.13775000e-08  1.19461362e-09 
 1.13825000e-08  0.00000000e+00  1.13825000e-08  7.14624084e-110  1.13825000e-08  4.62960257e-01  1.13825000e-08  1.19461362e-09  1.13825000e-08  1.19461362e-09 
 1.13875000e-08  0.00000000e+00  1.13875000e-08  4.87320802e-110  1.13875000e-08  4.62944668e-01  1.13875000e-08  1.19461362e-09  1.13875000e-08  1.19461362e-09 
 1.13925000e-08  0.00000000e+00  1.13925000e-08  3.32316766e-110  1.13925000e-08  4.62929125e-01  1.13925000e-08  1.19461362e-09  1.13925000e-08  1.19461362e-09 
 1.13975000e-08  0.00000000e+00  1.13975000e-08  2.26615470e-110  1.13975000e-08  4.62913629e-01  1.13975000e-08  1.19461362e-09  1.13975000e-08  1.19461362e-09 
 1.14025000e-08  0.00000000e+00  1.14025000e-08  1.54535000e-110  1.14025000e-08  4.62898179e-01  1.14025000e-08  1.19461362e-09  1.14025000e-08  1.19461362e-09 
 1.14075000e-08  0.00000000e+00  1.14075000e-08  1.05381447e-110  1.14075000e-08  4.62882775e-01  1.14075000e-08  1.19461362e-09  1.14075000e-08  1.19461362e-09 
 1.14125000e-08  0.00000000e+00  1.14125000e-08  7.18623575e-111  1.14125000e-08  4.62867416e-01  1.14125000e-08  1.19461362e-09  1.14125000e-08  1.19461362e-09 
 1.14175000e-08  0.00000000e+00  1.14175000e-08  4.90048160e-111  1.14175000e-08  4.62852102e-01  1.14175000e-08  1.19461362e-09  1.14175000e-08  1.19461362e-09 
 1.14225000e-08  0.00000000e+00  1.14225000e-08  3.34176622e-111  1.14225000e-08  4.62836834e-01  1.14225000e-08  1.19461362e-09  1.14225000e-08  1.19461362e-09 
 1.14275000e-08  0.00000000e+00  1.14275000e-08  2.27883755e-111  1.14275000e-08  4.62821611e-01  1.14275000e-08  1.19461362e-09  1.14275000e-08  1.19461362e-09 
 1.14325000e-08  0.00000000e+00  1.14325000e-08  1.55399876e-111  1.14325000e-08  4.62806433e-01  1.14325000e-08  1.19461362e-09  1.14325000e-08  1.19461362e-09 
 1.14375000e-08  0.00000000e+00  1.14375000e-08  1.05971229e-111  1.14375000e-08  4.62791299e-01  1.14375000e-08  1.19461362e-09  1.14375000e-08  1.19461362e-09 
 1.14425000e-08  0.00000000e+00  1.14425000e-08  7.22645451e-112  1.14425000e-08  4.62776210e-01  1.14425000e-08  1.19461362e-09  1.14425000e-08  1.19461362e-09 
 1.14475000e-08  0.00000000e+00  1.14475000e-08  4.92790781e-112  1.14475000e-08  4.62761165e-01  1.14475000e-08  1.19461362e-09  1.14475000e-08  1.19461362e-09 
 1.14525000e-08  0.00000000e+00  1.14525000e-08  3.36046887e-112  1.14525000e-08  4.62746164e-01  1.14525000e-08  1.19461362e-09  1.14525000e-08  1.19461362e-09 
 1.14575000e-08  0.00000000e+00  1.14575000e-08  2.29159138e-112  1.14575000e-08  4.62731207e-01  1.14575000e-08  1.19461362e-09  1.14575000e-08  1.19461362e-09 
 1.14625000e-08  0.00000000e+00  1.14625000e-08  1.56269593e-112  1.14625000e-08  4.62716293e-01  1.14625000e-08  1.19461362e-09  1.14625000e-08  1.19461362e-09 
 1.14675000e-08  0.00000000e+00  1.14675000e-08  1.06564311e-112  1.14675000e-08  4.62701423e-01  1.14675000e-08  1.19461362e-09  1.14675000e-08  1.19461362e-09 
 1.14725000e-08  0.00000000e+00  1.14725000e-08  7.26689835e-113  1.14725000e-08  4.62686596e-01  1.14725000e-08  1.19461362e-09  1.14725000e-08  1.19461362e-09 
 1.14775000e-08  0.00000000e+00  1.14775000e-08  4.95548753e-113  1.14775000e-08  4.62671812e-01  1.14775000e-08  1.19461362e-09  1.14775000e-08  1.19461362e-09 
 1.14825000e-08  0.00000000e+00  1.14825000e-08  3.37927620e-113  1.14825000e-08  4.62657071e-01  1.14825000e-08  1.19461362e-09  1.14825000e-08  1.19461362e-09 
 1.14875000e-08  0.00000000e+00  1.14875000e-08  2.30441658e-113  1.14875000e-08  4.62642373e-01  1.14875000e-08  1.19461362e-09  1.14875000e-08  1.19461362e-09 
 1.14925000e-08  0.00000000e+00  1.14925000e-08  1.57144177e-113  1.14925000e-08  4.62627718e-01  1.14925000e-08  1.19461362e-09  1.14925000e-08  1.19461362e-09 
 1.14975000e-08  0.00000000e+00  1.14975000e-08  1.07160713e-113  1.14975000e-08  4.62613104e-01  1.14975000e-08  1.19461362e-09  1.14975000e-08  1.19461362e-09 
 1.15025000e-08  0.00000000e+00  1.15025000e-08  7.30756854e-114  1.15025000e-08  4.62598533e-01  1.15025000e-08  1.19461362e-09  1.15025000e-08  1.19461362e-09 
 1.15075000e-08  0.00000000e+00  1.15075000e-08  4.98322159e-114  1.15075000e-08  4.62584004e-01  1.15075000e-08  1.19461362e-09  1.15075000e-08  1.19461362e-09 
 1.15125000e-08  0.00000000e+00  1.15125000e-08  3.39818878e-114  1.15125000e-08  4.62569516e-01  1.15125000e-08  1.19461362e-09  1.15125000e-08  1.19461362e-09 
 1.15175000e-08  0.00000000e+00  1.15175000e-08  2.31731356e-114  1.15175000e-08  4.62555071e-01  1.15175000e-08  1.19461362e-09  1.15175000e-08  1.19461362e-09 
 1.15225000e-08  0.00000000e+00  1.15225000e-08  1.58023656e-114  1.15225000e-08  4.62540666e-01  1.15225000e-08  1.19461362e-09  1.15225000e-08  1.19461362e-09 
 1.15275000e-08  0.00000000e+00  1.15275000e-08  1.07760453e-114  1.15275000e-08  4.62526303e-01  1.15275000e-08  1.19461362e-09  1.15275000e-08  1.19461362e-09 
 1.15325000e-08  0.00000000e+00  1.15325000e-08  7.34846635e-115  1.15325000e-08  4.62511981e-01  1.15325000e-08  1.19461362e-09  1.15325000e-08  1.19461362e-09 
 1.15375000e-08  0.00000000e+00  1.15375000e-08  5.01111087e-115  1.15375000e-08  4.62497700e-01  1.15375000e-08  1.19461362e-09  1.15375000e-08  1.19461362e-09 
 1.15425000e-08  0.00000000e+00  1.15425000e-08  3.41720721e-115  1.15425000e-08  4.62483459e-01  1.15425000e-08  1.19461362e-09  1.15425000e-08  1.19461362e-09 
 1.15475000e-08  0.00000000e+00  1.15475000e-08  2.33028273e-115  1.15475000e-08  4.62469260e-01  1.15475000e-08  1.19461362e-09  1.15475000e-08  1.19461362e-09 
 1.15525000e-08  0.00000000e+00  1.15525000e-08  1.58908057e-115  1.15525000e-08  4.62455100e-01  1.15525000e-08  1.19461362e-09  1.15525000e-08  1.19461362e-09 
 1.15575000e-08  0.00000000e+00  1.15575000e-08  1.08363549e-115  1.15575000e-08  4.62440981e-01  1.15575000e-08  1.19461362e-09  1.15575000e-08  1.19461362e-09 
 1.15625000e-08  0.00000000e+00  1.15625000e-08  7.38959304e-116  1.15625000e-08  4.62426902e-01  1.15625000e-08  1.19461362e-09  1.15625000e-08  1.19461362e-09 
 1.15675000e-08  0.00000000e+00  1.15675000e-08  5.03915624e-116  1.15675000e-08  4.62412862e-01  1.15675000e-08  1.19461362e-09  1.15675000e-08  1.19461362e-09 
 1.15725000e-08  0.00000000e+00  1.15725000e-08  3.43633208e-116  1.15725000e-08  4.62398862e-01  1.15725000e-08  1.19461362e-09  1.15725000e-08  1.19461362e-09 
 1.15775000e-08  0.00000000e+00  1.15775000e-08  2.34332447e-116  1.15775000e-08  4.62384902e-01  1.15775000e-08  1.19461362e-09  1.15775000e-08  1.19461362e-09 
 1.15825000e-08  0.00000000e+00  1.15825000e-08  1.59797408e-116  1.15825000e-08  4.62370981e-01  1.15825000e-08  1.19461362e-09  1.15825000e-08  1.19461362e-09 
 1.15875000e-08  0.00000000e+00  1.15875000e-08  1.08970020e-116  1.15875000e-08  4.62357100e-01  1.15875000e-08  1.19461362e-09  1.15875000e-08  1.19461362e-09 
 1.15925000e-08  0.00000000e+00  1.15925000e-08  7.43094991e-117  1.15925000e-08  4.62343257e-01  1.15925000e-08  1.19461362e-09  1.15925000e-08  1.19461362e-09 
 1.15975000e-08  0.00000000e+00  1.15975000e-08  5.06735857e-117  1.15975000e-08  4.62329453e-01  1.15975000e-08  1.19461362e-09  1.15975000e-08  1.19461362e-09 
 1.16025000e-08  0.00000000e+00  1.16025000e-08  3.45556398e-117  1.16025000e-08  4.62315688e-01  1.16025000e-08  1.19461362e-09  1.16025000e-08  1.19461362e-09 
 1.16075000e-08  0.00000000e+00  1.16075000e-08  2.35643921e-117  1.16075000e-08  4.62301962e-01  1.16075000e-08  1.19461362e-09  1.16075000e-08  1.19461362e-09 
 1.16125000e-08  0.00000000e+00  1.16125000e-08  1.60691736e-117  1.16125000e-08  4.62288274e-01  1.16125000e-08  1.19461362e-09  1.16125000e-08  1.19461362e-09 
 1.16175000e-08  0.00000000e+00  1.16175000e-08  1.09579886e-117  1.16175000e-08  4.62274624e-01  1.16175000e-08  1.19461362e-09  1.16175000e-08  1.19461362e-09 
 1.16225000e-08  0.00000000e+00  1.16225000e-08  7.47253824e-118  1.16225000e-08  4.62261012e-01  1.16225000e-08  1.19461362e-09  1.16225000e-08  1.19461362e-09 
 1.16275000e-08  0.00000000e+00  1.16275000e-08  5.09571873e-118  1.16275000e-08  4.62247438e-01  1.16275000e-08  1.19461362e-09  1.16275000e-08  1.19461362e-09 
 1.16325000e-08  0.00000000e+00  1.16325000e-08  3.47490352e-118  1.16325000e-08  4.62233901e-01  1.16325000e-08  1.19461362e-09  1.16325000e-08  1.19461362e-09 
 1.16375000e-08  0.00000000e+00  1.16375000e-08  2.36962734e-118  1.16375000e-08  4.62220403e-01  1.16375000e-08  1.19461362e-09  1.16375000e-08  1.19461362e-09 
 1.16425000e-08  0.00000000e+00  1.16425000e-08  1.61591069e-118  1.16425000e-08  4.62206942e-01  1.16425000e-08  1.19461362e-09  1.16425000e-08  1.19461362e-09 
 1.16475000e-08  0.00000000e+00  1.16475000e-08  1.10193165e-118  1.16475000e-08  4.62193518e-01  1.16475000e-08  1.19461362e-09  1.16475000e-08  1.19461362e-09 
 1.16525000e-08  0.00000000e+00  1.16525000e-08  7.51435933e-119  1.16525000e-08  4.62180131e-01  1.16525000e-08  1.19461362e-09  1.16525000e-08  1.19461362e-09 
 1.16575000e-08  0.00000000e+00  1.16575000e-08  5.12423762e-119  1.16575000e-08  4.62166781e-01  1.16575000e-08  1.19461362e-09  1.16575000e-08  1.19461362e-09 
 1.16625000e-08  0.00000000e+00  1.16625000e-08  3.49435129e-119  1.16625000e-08  4.62153468e-01  1.16625000e-08  1.19461362e-09  1.16625000e-08  1.19461362e-09 
 1.16675000e-08  0.00000000e+00  1.16675000e-08  2.38288929e-119  1.16675000e-08  4.62140191e-01  1.16675000e-08  1.19461362e-09  1.16675000e-08  1.19461362e-09 
 1.16725000e-08  0.00000000e+00  1.16725000e-08  1.62495436e-119  1.16725000e-08  4.62126951e-01  1.16725000e-08  1.19461362e-09  1.16725000e-08  1.19461362e-09 
 1.16775000e-08  0.00000000e+00  1.16775000e-08  1.10809876e-119  1.16775000e-08  4.62113748e-01  1.16775000e-08  1.19461362e-09  1.16775000e-08  1.19461362e-09 
 1.16825000e-08  0.00000000e+00  1.16825000e-08  7.55641447e-120  1.16825000e-08  4.62100580e-01  1.16825000e-08  1.19461362e-09  1.16825000e-08  1.19461362e-09 
 1.16875000e-08  0.00000000e+00  1.16875000e-08  5.15291612e-120  1.16875000e-08  4.62087449e-01  1.16875000e-08  1.19461362e-09  1.16875000e-08  1.19461362e-09 
 1.16925000e-08  0.00000000e+00  1.16925000e-08  3.51390790e-120  1.16925000e-08  4.62074354e-01  1.16925000e-08  1.19461362e-09  1.16925000e-08  1.19461362e-09 
 1.16975000e-08  0.00000000e+00  1.16975000e-08  2.39622545e-120  1.16975000e-08  4.62061294e-01  1.16975000e-08  1.19461362e-09  1.16975000e-08  1.19461362e-09 
 1.17025000e-08  0.00000000e+00  1.17025000e-08  1.63404864e-120  1.17025000e-08  4.62048270e-01  1.17025000e-08  1.19461362e-09  1.17025000e-08  1.19461362e-09 
 1.17075000e-08  0.00000000e+00  1.17075000e-08  1.11430039e-120  1.17075000e-08  4.62035281e-01  1.17075000e-08  1.19461362e-09  1.17075000e-08  1.19461362e-09 
 1.17125000e-08  0.00000000e+00  1.17125000e-08  7.59870497e-121  1.17125000e-08  4.62022328e-01  1.17125000e-08  1.19461362e-09  1.17125000e-08  1.19461362e-09 
 1.17175000e-08  0.00000000e+00  1.17175000e-08  5.18175512e-121  1.17175000e-08  4.62009410e-01  1.17175000e-08  1.19461362e-09  1.17175000e-08  1.19461362e-09 
 1.17225000e-08  0.00000000e+00  1.17225000e-08  3.53357397e-121  1.17225000e-08  4.61996527e-01  1.17225000e-08  1.19461362e-09  1.17225000e-08  1.19461362e-09 
 1.17275000e-08  0.00000000e+00  1.17275000e-08  2.40963626e-121  1.17275000e-08  4.61983679e-01  1.17275000e-08  1.19461362e-09  1.17275000e-08  1.19461362e-09 
 1.17325000e-08  0.00000000e+00  1.17325000e-08  1.64319381e-121  1.17325000e-08  4.61970865e-01  1.17325000e-08  1.19461362e-09  1.17325000e-08  1.19461362e-09 
 1.17375000e-08  0.00000000e+00  1.17375000e-08  1.12053672e-121  1.17375000e-08  4.61958086e-01  1.17375000e-08  1.19461362e-09  1.17375000e-08  1.19461362e-09 
 1.17425000e-08  0.00000000e+00  1.17425000e-08  7.64123217e-122  1.17425000e-08  4.61945342e-01  1.17425000e-08  1.19461362e-09  1.17425000e-08  1.19461362e-09 
 1.17475000e-08  0.00000000e+00  1.17475000e-08  5.21075552e-122  1.17475000e-08  4.61932632e-01  1.17475000e-08  1.19461362e-09  1.17475000e-08  1.19461362e-09 
 1.17525000e-08  0.00000000e+00  1.17525000e-08  3.55335010e-122  1.17525000e-08  4.61919956e-01  1.17525000e-08  1.19461362e-09  1.17525000e-08  1.19461362e-09 
 1.17575000e-08  0.00000000e+00  1.17575000e-08  2.42312212e-122  1.17575000e-08  4.61907315e-01  1.17575000e-08  1.19461362e-09  1.17575000e-08  1.19461362e-09 
 1.17625000e-08  0.00000000e+00  1.17625000e-08  1.65239017e-122  1.17625000e-08  4.61894707e-01  1.17625000e-08  1.19461362e-09  1.17625000e-08  1.19461362e-09 
 1.17675000e-08  0.00000000e+00  1.17675000e-08  1.12680796e-122  1.17675000e-08  4.61882133e-01  1.17675000e-08  1.19461362e-09  1.17675000e-08  1.19461362e-09 
 1.17725000e-08  0.00000000e+00  1.17725000e-08  7.68399737e-123  1.17725000e-08  4.61869592e-01  1.17725000e-08  1.19461362e-09  1.17725000e-08  1.19461362e-09 
 1.17775000e-08  0.00000000e+00  1.17775000e-08  5.23991823e-123  1.17775000e-08  4.61857085e-01  1.17775000e-08  1.19461362e-09  1.17775000e-08  1.19461362e-09 
 1.17825000e-08  0.00000000e+00  1.17825000e-08  3.57323691e-123  1.17825000e-08  4.61844612e-01  1.17825000e-08  1.19461362e-09  1.17825000e-08  1.19461362e-09 
 1.17875000e-08  0.00000000e+00  1.17875000e-08  2.43668345e-123  1.17875000e-08  4.61832172e-01  1.17875000e-08  1.19461362e-09  1.17875000e-08  1.19461362e-09 
 1.17925000e-08  0.00000000e+00  1.17925000e-08  1.66163800e-123  1.17925000e-08  4.61819765e-01  1.17925000e-08  1.19461362e-09  1.17925000e-08  1.19461362e-09 
 1.17975000e-08  0.00000000e+00  1.17975000e-08  1.13311429e-123  1.17975000e-08  4.61807390e-01  1.17975000e-08  1.19461362e-09  1.17975000e-08  1.19461362e-09 
 1.18025000e-08  0.00000000e+00  1.18025000e-08  7.72700191e-124  1.18025000e-08  4.61795049e-01  1.18025000e-08  1.19461362e-09  1.18025000e-08  1.19461362e-09 
 1.18075000e-08  0.00000000e+00  1.18075000e-08  5.26924415e-124  1.18075000e-08  4.61782740e-01  1.18075000e-08  1.19461362e-09  1.18075000e-08  1.19461362e-09 
 1.18125000e-08  0.00000000e+00  1.18125000e-08  3.59323502e-124  1.18125000e-08  4.61770464e-01  1.18125000e-08  1.19461362e-09  1.18125000e-08  1.19461362e-09 
 1.18175000e-08  0.00000000e+00  1.18175000e-08  2.45032068e-124  1.18175000e-08  4.61758221e-01  1.18175000e-08  1.19461362e-09  1.18175000e-08  1.19461362e-09 
 1.18225000e-08  0.00000000e+00  1.18225000e-08  1.67093758e-124  1.18225000e-08  4.61746010e-01  1.18225000e-08  1.19461362e-09  1.18225000e-08  1.19461362e-09 
 1.18275000e-08  0.00000000e+00  1.18275000e-08  1.13945592e-124  1.18275000e-08  4.61733831e-01  1.18275000e-08  1.19461362e-09  1.18275000e-08  1.19461362e-09 
 1.18325000e-08  0.00000000e+00  1.18325000e-08  7.77024714e-125  1.18325000e-08  4.61721684e-01  1.18325000e-08  1.19461362e-09  1.18325000e-08  1.19461362e-09 
 1.18375000e-08  0.00000000e+00  1.18375000e-08  5.29873419e-125  1.18375000e-08  4.61709569e-01  1.18375000e-08  1.19461362e-09  1.18375000e-08  1.19461362e-09 
 1.18425000e-08  0.00000000e+00  1.18425000e-08  3.61334505e-125  1.18425000e-08  4.61697486e-01  1.18425000e-08  1.19461362e-09  1.18425000e-08  1.19461362e-09 
 1.18475000e-08  0.00000000e+00  1.18475000e-08  2.46403424e-125  1.18475000e-08  4.61685434e-01  1.18475000e-08  1.19461362e-09  1.18475000e-08  1.19461362e-09 
 1.18525000e-08  0.00000000e+00  1.18525000e-08  1.68028922e-125  1.18525000e-08  4.61673414e-01  1.18525000e-08  1.19461362e-09  1.18525000e-08  1.19461362e-09 
 1.18575000e-08  0.00000000e+00  1.18575000e-08  1.14583304e-125  1.18575000e-08  4.61661426e-01  1.18575000e-08  1.19461362e-09  1.18575000e-08  1.19461362e-09 
 1.18625000e-08  0.00000000e+00  1.18625000e-08  7.81373439e-126  1.18625000e-08  4.61649469e-01  1.18625000e-08  1.19461362e-09  1.18625000e-08  1.19461362e-09 
 1.18675000e-08  0.00000000e+00  1.18675000e-08  5.32838928e-126  1.18675000e-08  4.61637543e-01  1.18675000e-08  1.19461362e-09  1.18675000e-08  1.19461362e-09 
 1.18725000e-08  0.00000000e+00  1.18725000e-08  3.63356763e-126  1.18725000e-08  4.61625648e-01  1.18725000e-08  1.19461362e-09  1.18725000e-08  1.19461362e-09 
 1.18775000e-08  0.00000000e+00  1.18775000e-08  2.47782454e-126  1.18775000e-08  4.61613784e-01  1.18775000e-08  1.19461362e-09  1.18775000e-08  1.19461362e-09 
 1.18825000e-08  0.00000000e+00  1.18825000e-08  1.68969318e-126  1.18825000e-08  4.61601951e-01  1.18825000e-08  1.19461362e-09  1.18825000e-08  1.19461362e-09 
 1.18875000e-08  0.00000000e+00  1.18875000e-08  1.15224585e-126  1.18875000e-08  4.61590148e-01  1.18875000e-08  1.19461362e-09  1.18875000e-08  1.19461362e-09 
 1.18925000e-08  0.00000000e+00  1.18925000e-08  7.85746502e-127  1.18925000e-08  4.61578377e-01  1.18925000e-08  1.19461362e-09  1.18925000e-08  1.19461362e-09 
 1.18975000e-08  0.00000000e+00  1.18975000e-08  5.35821034e-127  1.18975000e-08  4.61566635e-01  1.18975000e-08  1.19461362e-09  1.18975000e-08  1.19461362e-09 
 1.19025000e-08  0.00000000e+00  1.19025000e-08  3.65390339e-127  1.19025000e-08  4.61554925e-01  1.19025000e-08  1.19461362e-09  1.19025000e-08  1.19461362e-09 
 1.19075000e-08  0.00000000e+00  1.19075000e-08  2.49169203e-127  1.19075000e-08  4.61543244e-01  1.19075000e-08  1.19461362e-09  1.19075000e-08  1.19461362e-09 
 1.19125000e-08  0.00000000e+00  1.19125000e-08  1.69914978e-127  1.19125000e-08  4.61531593e-01  1.19125000e-08  1.19461362e-09  1.19125000e-08  1.19461362e-09 
 1.19175000e-08  0.00000000e+00  1.19175000e-08  1.15869456e-127  1.19175000e-08  4.61519973e-01  1.19175000e-08  1.19461362e-09  1.19175000e-08  1.19461362e-09 
 1.19225000e-08  0.00000000e+00  1.19225000e-08  7.90144040e-128  1.19225000e-08  4.61508382e-01  1.19225000e-08  1.19461362e-09  1.19225000e-08  1.19461362e-09 
 1.19275000e-08  0.00000000e+00  1.19275000e-08  5.38819830e-128  1.19275000e-08  4.61496821e-01  1.19275000e-08  1.19461362e-09  1.19275000e-08  1.19461362e-09 
 1.19325000e-08  0.00000000e+00  1.19325000e-08  3.67435296e-128  1.19325000e-08  4.61485290e-01  1.19325000e-08  1.19461362e-09  1.19325000e-08  1.19461362e-09 
 1.19375000e-08  0.00000000e+00  1.19375000e-08  2.50563712e-128  1.19375000e-08  4.61473789e-01  1.19375000e-08  1.19461362e-09  1.19375000e-08  1.19461362e-09 
 1.19425000e-08  0.00000000e+00  1.19425000e-08  1.70865931e-128  1.19425000e-08  4.61462316e-01  1.19425000e-08  1.19461362e-09  1.19425000e-08  1.19461362e-09 
 1.19475000e-08  0.00000000e+00  1.19475000e-08  1.16517935e-128  1.19475000e-08  4.61450874e-01  1.19475000e-08  1.19461362e-09  1.19475000e-08  1.19461362e-09 
 1.19525000e-08  0.00000000e+00  1.19525000e-08  7.94566189e-129  1.19525000e-08  4.61439460e-01  1.19525000e-08  1.19461362e-09  1.19525000e-08  1.19461362e-09 
 1.19575000e-08  0.00000000e+00  1.19575000e-08  5.41835409e-129  1.19575000e-08  4.61428075e-01  1.19575000e-08  1.19461362e-09  1.19575000e-08  1.19461362e-09 
 1.19625000e-08  0.00000000e+00  1.19625000e-08  3.69491698e-129  1.19625000e-08  4.61416720e-01  1.19625000e-08  1.19461362e-09  1.19625000e-08  1.19461362e-09 
 1.19675000e-08  0.00000000e+00  1.19675000e-08  2.51966026e-129  1.19675000e-08  4.61405393e-01  1.19675000e-08  1.19461362e-09  1.19675000e-08  1.19461362e-09 
 1.19725000e-08  0.00000000e+00  1.19725000e-08  1.71822205e-129  1.19725000e-08  4.61394095e-01  1.19725000e-08  1.19461362e-09  1.19725000e-08  1.19461362e-09 
 1.19775000e-08  0.00000000e+00  1.19775000e-08  1.17170043e-129  1.19775000e-08  4.61382826e-01  1.19775000e-08  1.19461362e-09  1.19775000e-08  1.19461362e-09 
 1.19825000e-08  0.00000000e+00  1.19825000e-08  7.99013088e-130  1.19825000e-08  4.61371585e-01  1.19825000e-08  1.19461362e-09  1.19825000e-08  1.19461362e-09 
 1.19875000e-08  0.00000000e+00  1.19875000e-08  5.44867865e-130  1.19875000e-08  4.61360373e-01  1.19875000e-08  1.19461362e-09  1.19875000e-08  1.19461362e-09 
 1.19925000e-08  0.00000000e+00  1.19925000e-08  3.71559609e-130  1.19925000e-08  4.61349189e-01  1.19925000e-08  1.19461362e-09  1.19925000e-08  1.19461362e-09 
 1.19975000e-08  0.00000000e+00  1.19975000e-08  2.53376189e-130  1.19975000e-08  4.61338033e-01  1.19975000e-08  1.19461362e-09  1.19975000e-08  1.19461362e-09 
 1.20025000e-08  0.00000000e+00  1.20025000e-08  1.72783832e-130  1.20025000e-08  4.61326906e-01  1.20025000e-08  1.19461362e-09  1.20025000e-08  1.19461362e-09 
 1.20075000e-08  0.00000000e+00  1.20075000e-08  1.17825802e-130  1.20075000e-08  4.61315806e-01  1.20075000e-08  1.19461362e-09  1.20075000e-08  1.19461362e-09 
 1.20125000e-08  0.00000000e+00  1.20125000e-08  8.03484874e-131  1.20125000e-08  4.61304735e-01  1.20125000e-08  1.19461362e-09  1.20125000e-08  1.19461362e-09 
 1.20175000e-08  0.00000000e+00  1.20175000e-08  5.47917293e-131  1.20175000e-08  4.61293691e-01  1.20175000e-08  1.19461362e-09  1.20175000e-08  1.19461362e-09 
 1.20225000e-08  0.00000000e+00  1.20225000e-08  3.73639093e-131  1.20225000e-08  4.61282675e-01  1.20225000e-08  1.19461362e-09  1.20225000e-08  1.19461362e-09 
 1.20275000e-08  0.00000000e+00  1.20275000e-08  2.54794243e-131  1.20275000e-08  4.61271686e-01  1.20275000e-08  1.19461362e-09  1.20275000e-08  1.19461362e-09 
 1.20325000e-08  0.00000000e+00  1.20325000e-08  1.73750840e-131  1.20325000e-08  4.61260725e-01  1.20325000e-08  1.19461362e-09  1.20325000e-08  1.19461362e-09 
 1.20375000e-08  0.00000000e+00  1.20375000e-08  1.18485230e-131  1.20375000e-08  4.61249791e-01  1.20375000e-08  1.19461362e-09  1.20375000e-08  1.19461362e-09 
 1.20425000e-08  0.00000000e+00  1.20425000e-08  8.07981687e-132  1.20425000e-08  4.61238885e-01  1.20425000e-08  1.19461362e-09  1.20425000e-08  1.19461362e-09 
 1.20475000e-08  0.00000000e+00  1.20475000e-08  5.50983787e-132  1.20475000e-08  4.61228006e-01  1.20475000e-08  1.19461362e-09  1.20475000e-08  1.19461362e-09 
 1.20525000e-08  0.00000000e+00  1.20525000e-08  3.75730216e-132  1.20525000e-08  4.61217154e-01  1.20525000e-08  1.19461362e-09  1.20525000e-08  1.19461362e-09 
 1.20575000e-08  0.00000000e+00  1.20575000e-08  2.56220234e-132  1.20575000e-08  4.61206328e-01  1.20575000e-08  1.19461362e-09  1.20575000e-08  1.19461362e-09 
 1.20625000e-08  0.00000000e+00  1.20625000e-08  1.74723261e-132  1.20625000e-08  4.61195530e-01  1.20625000e-08  1.19461362e-09  1.20625000e-08  1.19461362e-09 
 1.20675000e-08  0.00000000e+00  1.20675000e-08  1.19148349e-132  1.20675000e-08  4.61184759e-01  1.20675000e-08  1.19461362e-09  1.20675000e-08  1.19461362e-09 
 1.20725000e-08  0.00000000e+00  1.20725000e-08  8.12503667e-133  1.20725000e-08  4.61174014e-01  1.20725000e-08  1.19461362e-09  1.20725000e-08  1.19461362e-09 
 1.20775000e-08  0.00000000e+00  1.20775000e-08  5.54067443e-133  1.20775000e-08  4.61163296e-01  1.20775000e-08  1.19461362e-09  1.20775000e-08  1.19461362e-09 
 1.20825000e-08  0.00000000e+00  1.20825000e-08  3.77833041e-133  1.20825000e-08  4.61152604e-01  1.20825000e-08  1.19461362e-09  1.20825000e-08  1.19461362e-09 
 1.20875000e-08  0.00000000e+00  1.20875000e-08  2.57654206e-133  1.20875000e-08  4.61141938e-01  1.20875000e-08  1.19461362e-09  1.20875000e-08  1.19461362e-09 
 1.20925000e-08  0.00000000e+00  1.20925000e-08  1.75701123e-133  1.20925000e-08  4.61131299e-01  1.20925000e-08  1.19461362e-09  1.20925000e-08  1.19461362e-09 
 1.20975000e-08  0.00000000e+00  1.20975000e-08  1.19815179e-133  1.20975000e-08  4.61120687e-01  1.20975000e-08  1.19461362e-09  1.20975000e-08  1.19461362e-09 
 1.21025000e-08  0.00000000e+00  1.21025000e-08  8.17050955e-134  1.21025000e-08  4.61110100e-01  1.21025000e-08  1.19461362e-09  1.21025000e-08  1.19461362e-09 
 1.21075000e-08  0.00000000e+00  1.21075000e-08  5.57168357e-134  1.21075000e-08  4.61099539e-01  1.21075000e-08  1.19461362e-09  1.21075000e-08  1.19461362e-09 
 1.21125000e-08  0.00000000e+00  1.21125000e-08  3.79947635e-134  1.21125000e-08  4.61089004e-01  1.21125000e-08  1.19461362e-09  1.21125000e-08  1.19461362e-09 
 1.21175000e-08  0.00000000e+00  1.21175000e-08  2.59096203e-134  1.21175000e-08  4.61078495e-01  1.21175000e-08  1.19461362e-09  1.21175000e-08  1.19461362e-09 
 1.21225000e-08  0.00000000e+00  1.21225000e-08  1.76684459e-134  1.21225000e-08  4.61068012e-01  1.21225000e-08  1.19461362e-09  1.21225000e-08  1.19461362e-09 
 1.21275000e-08  0.00000000e+00  1.21275000e-08  1.20485741e-134  1.21275000e-08  4.61057554e-01  1.21275000e-08  1.19461362e-09  1.21275000e-08  1.19461362e-09 
 1.21325000e-08  0.00000000e+00  1.21325000e-08  8.21623693e-135  1.21325000e-08  4.61047122e-01  1.21325000e-08  1.19461362e-09  1.21325000e-08  1.19461362e-09 
 1.21375000e-08  0.00000000e+00  1.21375000e-08  5.60286626e-135  1.21375000e-08  4.61036715e-01  1.21375000e-08  1.19461362e-09  1.21375000e-08  1.19461362e-09 
 1.21425000e-08  0.00000000e+00  1.21425000e-08  3.82074064e-135  1.21425000e-08  4.61026333e-01  1.21425000e-08  1.19461362e-09  1.21425000e-08  1.19461362e-09 
 1.21475000e-08  0.00000000e+00  1.21475000e-08  2.60546270e-135  1.21475000e-08  4.61015977e-01  1.21475000e-08  1.19461362e-09  1.21475000e-08  1.19461362e-09 
 1.21525000e-08  0.00000000e+00  1.21525000e-08  1.77673297e-135  1.21525000e-08  4.61005646e-01  1.21525000e-08  1.19461362e-09  1.21525000e-08  1.19461362e-09 
 1.21575000e-08  0.00000000e+00  1.21575000e-08  1.21160056e-135  1.21575000e-08  4.60995340e-01  1.21575000e-08  1.19461362e-09  1.21575000e-08  1.19461362e-09 
 1.21625000e-08  0.00000000e+00  1.21625000e-08  8.26222022e-136  1.21625000e-08  4.60985059e-01  1.21625000e-08  1.19461362e-09  1.21625000e-08  1.19461362e-09 
 1.21675000e-08  0.00000000e+00  1.21675000e-08  5.63422347e-136  1.21675000e-08  4.60974803e-01  1.21675000e-08  1.19461362e-09  1.21675000e-08  1.19461362e-09 
 1.21725000e-08  0.00000000e+00  1.21725000e-08  3.84212394e-136  1.21725000e-08  4.60964572e-01  1.21725000e-08  1.19461362e-09  1.21725000e-08  1.19461362e-09 
 1.21775000e-08  0.00000000e+00  1.21775000e-08  2.62004453e-136  1.21775000e-08  4.60954365e-01  1.21775000e-08  1.19461362e-09  1.21775000e-08  1.19461362e-09 
 1.21825000e-08  0.00000000e+00  1.21825000e-08  1.78667670e-136  1.21825000e-08  4.60944183e-01  1.21825000e-08  1.19461362e-09  1.21825000e-08  1.19461362e-09 
 1.21875000e-08  0.00000000e+00  1.21875000e-08  1.21838145e-136  1.21875000e-08  4.60934025e-01  1.21875000e-08  1.19461362e-09  1.21875000e-08  1.19461362e-09 
 1.21925000e-08  0.00000000e+00  1.21925000e-08  8.30846087e-137  1.21925000e-08  4.60923892e-01  1.21925000e-08  1.19461362e-09  1.21925000e-08  1.19461362e-09 
 1.21975000e-08  0.00000000e+00  1.21975000e-08  5.66575617e-137  1.21975000e-08  4.60913784e-01  1.21975000e-08  1.19461362e-09  1.21975000e-08  1.19461362e-09 
 1.22025000e-08  0.00000000e+00  1.22025000e-08  3.86362691e-137  1.22025000e-08  4.60903699e-01  1.22025000e-08  1.19461362e-09  1.22025000e-08  1.19461362e-09 
 1.22075000e-08  0.00000000e+00  1.22075000e-08  2.63470797e-137  1.22075000e-08  4.60893639e-01  1.22075000e-08  1.19461362e-09  1.22075000e-08  1.19461362e-09 
 1.22125000e-08  0.00000000e+00  1.22125000e-08  1.79667608e-137  1.22125000e-08  4.60883602e-01  1.22125000e-08  1.19461362e-09  1.22125000e-08  1.19461362e-09 
 1.22175000e-08  0.00000000e+00  1.22175000e-08  1.22520028e-137  1.22175000e-08  4.60873590e-01  1.22175000e-08  1.19461362e-09  1.22175000e-08  1.19461362e-09 
 1.22225000e-08  0.00000000e+00  1.22225000e-08  8.35496031e-138  1.22225000e-08  4.60863602e-01  1.22225000e-08  1.19461362e-09  1.22225000e-08  1.19461362e-09 
 1.22275000e-08  0.00000000e+00  1.22275000e-08  5.69746535e-138  1.22275000e-08  4.60853637e-01  1.22275000e-08  1.19461362e-09  1.22275000e-08  1.19461362e-09 
 1.22325000e-08  0.00000000e+00  1.22325000e-08  3.88525023e-138  1.22325000e-08  4.60843697e-01  1.22325000e-08  1.19461362e-09  1.22325000e-08  1.19461362e-09 
 1.22375000e-08  0.00000000e+00  1.22375000e-08  2.64945347e-138  1.22375000e-08  4.60833780e-01  1.22375000e-08  1.19461362e-09  1.22375000e-08  1.19461362e-09 
 1.22425000e-08  0.00000000e+00  1.22425000e-08  1.80673143e-138  1.22425000e-08  4.60823886e-01  1.22425000e-08  1.19461362e-09  1.22425000e-08  1.19461362e-09 
 1.22475000e-08  0.00000000e+00  1.22475000e-08  1.23205729e-138  1.22475000e-08  4.60814016e-01  1.22475000e-08  1.19461362e-09  1.22475000e-08  1.19461362e-09 
 1.22525000e-08  0.00000000e+00  1.22525000e-08  8.40171999e-139  1.22525000e-08  4.60804169e-01  1.22525000e-08  1.19461362e-09  1.22525000e-08  1.19461362e-09 
 1.22575000e-08  0.00000000e+00  1.22575000e-08  5.72935200e-139  1.22575000e-08  4.60794346e-01  1.22575000e-08  1.19461362e-09  1.22575000e-08  1.19461362e-09 
 1.22625000e-08  0.00000000e+00  1.22625000e-08  3.90699457e-139  1.22625000e-08  4.60784546e-01  1.22625000e-08  1.19461362e-09  1.22625000e-08  1.19461362e-09 
 1.22675000e-08  0.00000000e+00  1.22675000e-08  2.66428150e-139  1.22675000e-08  4.60774769e-01  1.22675000e-08  1.19461362e-09  1.22675000e-08  1.19461362e-09 
 1.22725000e-08  0.00000000e+00  1.22725000e-08  1.81684305e-139  1.22725000e-08  4.60765015e-01  1.22725000e-08  1.19461362e-09  1.22725000e-08  1.19461362e-09 
 1.22775000e-08  0.00000000e+00  1.22775000e-08  1.23895266e-139  1.22775000e-08  4.60755284e-01  1.22775000e-08  1.19461362e-09  1.22775000e-08  1.19461362e-09 
 1.22825000e-08  0.00000000e+00  1.22825000e-08  8.44874136e-140  1.22825000e-08  4.60745576e-01  1.22825000e-08  1.19461362e-09  1.22825000e-08  1.19461362e-09 
 1.22875000e-08  0.00000000e+00  1.22875000e-08  5.76141710e-140  1.22875000e-08  4.60735891e-01  1.22875000e-08  1.19461362e-09  1.22875000e-08  1.19461362e-09 
 1.22925000e-08  0.00000000e+00  1.22925000e-08  3.92886060e-140  1.22925000e-08  4.60726229e-01  1.22925000e-08  1.19461362e-09  1.22925000e-08  1.19461362e-09 
 1.22975000e-08  0.00000000e+00  1.22975000e-08  2.67919252e-140  1.22975000e-08  4.60716589e-01  1.22975000e-08  1.19461362e-09  1.22975000e-08  1.19461362e-09 
 1.23025000e-08  0.00000000e+00  1.23025000e-08  1.82701126e-140  1.23025000e-08  4.60706972e-01  1.23025000e-08  1.19461362e-09  1.23025000e-08  1.19461362e-09 
 1.23075000e-08  0.00000000e+00  1.23075000e-08  1.24588663e-140  1.23075000e-08  4.60697378e-01  1.23075000e-08  1.19461362e-09  1.23075000e-08  1.19461362e-09 
 1.23125000e-08  0.00000000e+00  1.23125000e-08  8.49602590e-141  1.23125000e-08  4.60687805e-01  1.23125000e-08  1.19461362e-09  1.23125000e-08  1.19461362e-09 
 1.23175000e-08  0.00000000e+00  1.23175000e-08  5.79366166e-141  1.23175000e-08  4.60678256e-01  1.23175000e-08  1.19461362e-09  1.23175000e-08  1.19461362e-09 
 1.23225000e-08  0.00000000e+00  1.23225000e-08  3.95084900e-141  1.23225000e-08  4.60668728e-01  1.23225000e-08  1.19461362e-09  1.23225000e-08  1.19461362e-09 
 1.23275000e-08  0.00000000e+00  1.23275000e-08  2.69418698e-141  1.23275000e-08  4.60659223e-01  1.23275000e-08  1.19461362e-09  1.23275000e-08  1.19461362e-09 
 1.23325000e-08  0.00000000e+00  1.23325000e-08  1.83723638e-141  1.23325000e-08  4.60649739e-01  1.23325000e-08  1.19461362e-09  1.23325000e-08  1.19461362e-09 
 1.23375000e-08  0.00000000e+00  1.23375000e-08  1.25285941e-141  1.23375000e-08  4.60640278e-01  1.23375000e-08  1.19461362e-09  1.23375000e-08  1.19461362e-09 
 1.23425000e-08  0.00000000e+00  1.23425000e-08  8.54357507e-142  1.23425000e-08  4.60630839e-01  1.23425000e-08  1.19461362e-09  1.23425000e-08  1.19461362e-09 
 1.23475000e-08  0.00000000e+00  1.23475000e-08  5.82608668e-142  1.23475000e-08  4.60621422e-01  1.23475000e-08  1.19461362e-09  1.23475000e-08  1.19461362e-09 
 1.23525000e-08  0.00000000e+00  1.23525000e-08  3.97296047e-142  1.23525000e-08  4.60612026e-01  1.23525000e-08  1.19461362e-09  1.23525000e-08  1.19461362e-09 
 1.23575000e-08  0.00000000e+00  1.23575000e-08  2.70926537e-142  1.23575000e-08  4.60602652e-01  1.23575000e-08  1.19461362e-09  1.23575000e-08  1.19461362e-09 
 1.23625000e-08  0.00000000e+00  1.23625000e-08  1.84751872e-142  1.23625000e-08  4.60593300e-01  1.23625000e-08  1.19461362e-09  1.23625000e-08  1.19461362e-09 
 1.23675000e-08  0.00000000e+00  1.23675000e-08  1.25987121e-142  1.23675000e-08  4.60583970e-01  1.23675000e-08  1.19461362e-09  1.23675000e-08  1.19461362e-09 
 1.23725000e-08  0.00000000e+00  1.23725000e-08  8.59139036e-143  1.23725000e-08  4.60574661e-01  1.23725000e-08  1.19461362e-09  1.23725000e-08  1.19461362e-09 
 1.23775000e-08  0.00000000e+00  1.23775000e-08  5.85869317e-143  1.23775000e-08  4.60565373e-01  1.23775000e-08  1.19461362e-09  1.23775000e-08  1.19461362e-09 
 1.23825000e-08  0.00000000e+00  1.23825000e-08  3.99519569e-143  1.23825000e-08  4.60556107e-01  1.23825000e-08  1.19461362e-09  1.23825000e-08  1.19461362e-09 
 1.23875000e-08  0.00000000e+00  1.23875000e-08  2.72442815e-143  1.23875000e-08  4.60546862e-01  1.23875000e-08  1.19461362e-09  1.23875000e-08  1.19461362e-09 
 1.23925000e-08  0.00000000e+00  1.23925000e-08  1.85785861e-143  1.23925000e-08  4.60537638e-01  1.23925000e-08  1.19461362e-09  1.23925000e-08  1.19461362e-09 
 1.23975000e-08  0.00000000e+00  1.23975000e-08  1.26692225e-143  1.23975000e-08  4.60528436e-01  1.23975000e-08  1.19461362e-09  1.23975000e-08  1.19461362e-09 
 1.24025000e-08  0.00000000e+00  1.24025000e-08  8.63947325e-144  1.24025000e-08  4.60519254e-01  1.24025000e-08  1.19461362e-09  1.24025000e-08  1.19461362e-09 
 1.24075000e-08  0.00000000e+00  1.24075000e-08  5.89148215e-144  1.24075000e-08  4.60510094e-01  1.24075000e-08  1.19461362e-09  1.24075000e-08  1.19461362e-09 
 1.24125000e-08  0.00000000e+00  1.24125000e-08  4.01755535e-144  1.24125000e-08  4.60500954e-01  1.24125000e-08  1.19461362e-09  1.24125000e-08  1.19461362e-09 
 1.24175000e-08  0.00000000e+00  1.24175000e-08  2.73967578e-144  1.24175000e-08  4.60491836e-01  1.24175000e-08  1.19461362e-09  1.24175000e-08  1.19461362e-09 
 1.24225000e-08  0.00000000e+00  1.24225000e-08  1.86825637e-144  1.24225000e-08  4.60482738e-01  1.24225000e-08  1.19461362e-09  1.24225000e-08  1.19461362e-09 
 1.24275000e-08  0.00000000e+00  1.24275000e-08  1.27401275e-144  1.24275000e-08  4.60473661e-01  1.24275000e-08  1.19461362e-09  1.24275000e-08  1.19461362e-09 
 1.24325000e-08  0.00000000e+00  1.24325000e-08  8.68782525e-145  1.24325000e-08  4.60464604e-01  1.24325000e-08  1.19461362e-09  1.24325000e-08  1.19461362e-09 
 1.24375000e-08  0.00000000e+00  1.24375000e-08  5.92445464e-145  1.24375000e-08  4.60455568e-01  1.24375000e-08  1.19461362e-09  1.24375000e-08  1.19461362e-09 
 1.24425000e-08  0.00000000e+00  1.24425000e-08  4.04004014e-145  1.24425000e-08  4.60446553e-01  1.24425000e-08  1.19461362e-09  1.24425000e-08  1.19461362e-09 
 1.24475000e-08  0.00000000e+00  1.24475000e-08  2.75500875e-145  1.24475000e-08  4.60437557e-01  1.24475000e-08  1.19461362e-09  1.24475000e-08  1.19461362e-09 
 1.24525000e-08  0.00000000e+00  1.24525000e-08  1.87871233e-145  1.24525000e-08  4.60428583e-01  1.24525000e-08  1.19461362e-09  1.24525000e-08  1.19461362e-09 
 1.24575000e-08  0.00000000e+00  1.24575000e-08  1.28114294e-145  1.24575000e-08  4.60419628e-01  1.24575000e-08  1.19461362e-09  1.24575000e-08  1.19461362e-09 
 1.24625000e-08  0.00000000e+00  1.24625000e-08  8.73644785e-146  1.24625000e-08  4.60410694e-01  1.24625000e-08  1.19461362e-09  1.24625000e-08  1.19461362e-09 
 1.24675000e-08  0.00000000e+00  1.24675000e-08  5.95761166e-146  1.24675000e-08  4.60401780e-01  1.24675000e-08  1.19461362e-09  1.24675000e-08  1.19461362e-09 
 1.24725000e-08  0.00000000e+00  1.24725000e-08  4.06265078e-146  1.24725000e-08  4.60392886e-01  1.24725000e-08  1.19461362e-09  1.24725000e-08  1.19461362e-09 
 1.24775000e-08  0.00000000e+00  1.24775000e-08  2.77042753e-146  1.24775000e-08  4.60384012e-01  1.24775000e-08  1.19461362e-09  1.24775000e-08  1.19461362e-09 
 1.24825000e-08  0.00000000e+00  1.24825000e-08  1.88922680e-146  1.24825000e-08  4.60375158e-01  1.24825000e-08  1.19461362e-09  1.24825000e-08  1.19461362e-09 
 1.24875000e-08  0.00000000e+00  1.24875000e-08  1.28831303e-146  1.24875000e-08  4.60366324e-01  1.24875000e-08  1.19461362e-09  1.24875000e-08  1.19461362e-09 
 1.24925000e-08  0.00000000e+00  1.24925000e-08  8.78534257e-147  1.24925000e-08  4.60357510e-01  1.24925000e-08  1.19461362e-09  1.24925000e-08  1.19461362e-09 
 1.24975000e-08  0.00000000e+00  1.24975000e-08  5.99095425e-147  1.24975000e-08  4.60348716e-01  1.24975000e-08  1.19461362e-09  1.24975000e-08  1.19461362e-09 
 1.25025000e-08  0.00000000e+00  1.25025000e-08  4.08538796e-147  1.25025000e-08  4.60339941e-01  1.25025000e-08  1.19461362e-09  1.25025000e-08  1.19461362e-09 
 1.25075000e-08  0.00000000e+00  1.25075000e-08  2.78593261e-147  1.25075000e-08  4.60331186e-01  1.25075000e-08  1.19461362e-09  1.25075000e-08  1.19461362e-09 
 1.25125000e-08  0.00000000e+00  1.25125000e-08  1.89980011e-147  1.25125000e-08  4.60322450e-01  1.25125000e-08  1.19461362e-09  1.25125000e-08  1.19461362e-09 
 1.25175000e-08  0.00000000e+00  1.25175000e-08  1.29552325e-147  1.25175000e-08  4.60313734e-01  1.25175000e-08  1.19461362e-09  1.25175000e-08  1.19461362e-09 
 1.25225000e-08  0.00000000e+00  1.25225000e-08  8.83451095e-148  1.25225000e-08  4.60305037e-01  1.25225000e-08  1.19461362e-09  1.25225000e-08  1.19461362e-09 
 1.25275000e-08  0.00000000e+00  1.25275000e-08  6.02448344e-148  1.25275000e-08  4.60296360e-01  1.25275000e-08  1.19461362e-09  1.25275000e-08  1.19461362e-09 
 1.25325000e-08  0.00000000e+00  1.25325000e-08  4.10825240e-148  1.25325000e-08  4.60287702e-01  1.25325000e-08  1.19461362e-09  1.25325000e-08  1.19461362e-09 
 1.25375000e-08  0.00000000e+00  1.25375000e-08  2.80152446e-148  1.25375000e-08  4.60279063e-01  1.25375000e-08  1.19461362e-09  1.25375000e-08  1.19461362e-09 
 1.25425000e-08  0.00000000e+00  1.25425000e-08  1.91043260e-148  1.25425000e-08  4.60270443e-01  1.25425000e-08  1.19461362e-09  1.25425000e-08  1.19461362e-09 
 1.25475000e-08  0.00000000e+00  1.25475000e-08  1.30277382e-148  1.25475000e-08  4.60261843e-01  1.25475000e-08  1.19461362e-09  1.25475000e-08  1.19461362e-09 
 1.25525000e-08  0.00000000e+00  1.25525000e-08  8.88395450e-149  1.25525000e-08  4.60253261e-01  1.25525000e-08  1.19461362e-09  1.25525000e-08  1.19461362e-09 
 1.25575000e-08  0.00000000e+00  1.25575000e-08  6.05820029e-149  1.25575000e-08  4.60244699e-01  1.25575000e-08  1.19461362e-09  1.25575000e-08  1.19461362e-09 
 1.25625000e-08  0.00000000e+00  1.25625000e-08  4.13124479e-149  1.25625000e-08  4.60236155e-01  1.25625000e-08  1.19461362e-09  1.25625000e-08  1.19461362e-09 
 1.25675000e-08  0.00000000e+00  1.25675000e-08  2.81720358e-149  1.25675000e-08  4.60227630e-01  1.25675000e-08  1.19461362e-09  1.25675000e-08  1.19461362e-09 
 1.25725000e-08  0.00000000e+00  1.25725000e-08  1.92112460e-149  1.25725000e-08  4.60219124e-01  1.25725000e-08  1.19461362e-09  1.25725000e-08  1.19461362e-09 
 1.25775000e-08  0.00000000e+00  1.25775000e-08  1.31006497e-149  1.25775000e-08  4.60210637e-01  1.25775000e-08  1.19461362e-09  1.25775000e-08  1.19461362e-09 
 1.25825000e-08  0.00000000e+00  1.25825000e-08  8.93367476e-150  1.25825000e-08  4.60202168e-01  1.25825000e-08  1.19461362e-09  1.25825000e-08  1.19461362e-09 
 1.25875000e-08  0.00000000e+00  1.25875000e-08  6.09210584e-150  1.25875000e-08  4.60193718e-01  1.25875000e-08  1.19461362e-09  1.25875000e-08  1.19461362e-09 
 1.25925000e-08  0.00000000e+00  1.25925000e-08  4.15436587e-150  1.25925000e-08  4.60185287e-01  1.25925000e-08  1.19461362e-09  1.25925000e-08  1.19461362e-09 
 1.25975000e-08  0.00000000e+00  1.25975000e-08  2.83297045e-150  1.25975000e-08  4.60176874e-01  1.25975000e-08  1.19461362e-09  1.25975000e-08  1.19461362e-09 
 1.26025000e-08  0.00000000e+00  1.26025000e-08  1.93187644e-150  1.26025000e-08  4.60168479e-01  1.26025000e-08  1.19461362e-09  1.26025000e-08  1.19461362e-09 
 1.26075000e-08  0.00000000e+00  1.26075000e-08  1.31739693e-150  1.26075000e-08  4.60160103e-01  1.26075000e-08  1.19461362e-09  1.26075000e-08  1.19461362e-09 
 1.26125000e-08  0.00000000e+00  1.26125000e-08  8.98367330e-151  1.26125000e-08  4.60151745e-01  1.26125000e-08  1.19461362e-09  1.26125000e-08  1.19461362e-09 
 1.26175000e-08  0.00000000e+00  1.26175000e-08  6.12620114e-151  1.26175000e-08  4.60143406e-01  1.26175000e-08  1.19461362e-09  1.26175000e-08  1.19461362e-09 
 1.26225000e-08  0.00000000e+00  1.26225000e-08  4.17761635e-151  1.26225000e-08  4.60135084e-01  1.26225000e-08  1.19461362e-09  1.26225000e-08  1.19461362e-09 
 1.26275000e-08  0.00000000e+00  1.26275000e-08  2.84882555e-151  1.26275000e-08  4.60126781e-01  1.26275000e-08  1.19461362e-09  1.26275000e-08  1.19461362e-09 
 1.26325000e-08  0.00000000e+00  1.26325000e-08  1.94268845e-151  1.26325000e-08  4.60118495e-01  1.26325000e-08  1.19461362e-09  1.26325000e-08  1.19461362e-09 
 1.26375000e-08  0.00000000e+00  1.26375000e-08  1.32476992e-151  1.26375000e-08  4.60110228e-01  1.26375000e-08  1.19461362e-09  1.26375000e-08  1.19461362e-09 
 1.26425000e-08  0.00000000e+00  1.26425000e-08  9.03395166e-152  1.26425000e-08  4.60101979e-01  1.26425000e-08  1.19461362e-09  1.26425000e-08  1.19461362e-09 
 1.26475000e-08  0.00000000e+00  1.26475000e-08  6.16048727e-152  1.26475000e-08  4.60093747e-01  1.26475000e-08  1.19461362e-09  1.26475000e-08  1.19461362e-09 
 1.26525000e-08  0.00000000e+00  1.26525000e-08  4.20099695e-152  1.26525000e-08  4.60085534e-01  1.26525000e-08  1.19461362e-09  1.26525000e-08  1.19461362e-09 
 1.26575000e-08  0.00000000e+00  1.26575000e-08  2.86476939e-152  1.26575000e-08  4.60077338e-01  1.26575000e-08  1.19461362e-09  1.26575000e-08  1.19461362e-09 
 1.26625000e-08  0.00000000e+00  1.26625000e-08  1.95356097e-152  1.26625000e-08  4.60069160e-01  1.26625000e-08  1.19461362e-09  1.26625000e-08  1.19461362e-09 
 1.26675000e-08  0.00000000e+00  1.26675000e-08  1.33218418e-152  1.26675000e-08  4.60060999e-01  1.26675000e-08  1.19461362e-09  1.26675000e-08  1.19461362e-09 
 1.26725000e-08  0.00000000e+00  1.26725000e-08  9.08451140e-153  1.26725000e-08  4.60052856e-01  1.26725000e-08  1.19461362e-09  1.26725000e-08  1.19461362e-09 
 1.26775000e-08  0.00000000e+00  1.26775000e-08  6.19496528e-153  1.26775000e-08  4.60044731e-01  1.26775000e-08  1.19461362e-09  1.26775000e-08  1.19461362e-09 
 1.26825000e-08  0.00000000e+00  1.26825000e-08  4.22450840e-153  1.26825000e-08  4.60036623e-01  1.26825000e-08  1.19461362e-09  1.26825000e-08  1.19461362e-09 
 1.26875000e-08  0.00000000e+00  1.26875000e-08  2.88080247e-153  1.26875000e-08  4.60028532e-01  1.26875000e-08  1.19461362e-09  1.26875000e-08  1.19461362e-09 
 1.26925000e-08  0.00000000e+00  1.26925000e-08  1.96449434e-153  1.26925000e-08  4.60020459e-01  1.26925000e-08  1.19461362e-09  1.26925000e-08  1.19461362e-09 
 1.26975000e-08  0.00000000e+00  1.26975000e-08  1.33963993e-153  1.26975000e-08  4.60012404e-01  1.26975000e-08  1.19461362e-09  1.26975000e-08  1.19461362e-09 
 1.27025000e-08  0.00000000e+00  1.27025000e-08  9.13535411e-154  1.27025000e-08  4.60004365e-01  1.27025000e-08  1.19461362e-09  1.27025000e-08  1.19461362e-09 
 1.27075000e-08  0.00000000e+00  1.27075000e-08  6.22963625e-154  1.27075000e-08  4.59996344e-01  1.27075000e-08  1.19461362e-09  1.27075000e-08  1.19461362e-09 
 1.27125000e-08  0.00000000e+00  1.27125000e-08  4.24815144e-154  1.27125000e-08  4.59988340e-01  1.27125000e-08  1.19461362e-09  1.27125000e-08  1.19461362e-09 
 1.27175000e-08  0.00000000e+00  1.27175000e-08  2.89692527e-154  1.27175000e-08  4.59980353e-01  1.27175000e-08  1.19461362e-09  1.27175000e-08  1.19461362e-09 
 1.27225000e-08  0.00000000e+00  1.27225000e-08  1.97548890e-154  1.27225000e-08  4.59972383e-01  1.27225000e-08  1.19461362e-09  1.27225000e-08  1.19461362e-09 
 1.27275000e-08  0.00000000e+00  1.27275000e-08  1.34713741e-154  1.27275000e-08  4.59964430e-01  1.27275000e-08  1.19461362e-09  1.27275000e-08  1.19461362e-09 
 1.27325000e-08  0.00000000e+00  1.27325000e-08  9.18648137e-155  1.27325000e-08  4.59956493e-01  1.27325000e-08  1.19461362e-09  1.27325000e-08  1.19461362e-09 
 1.27375000e-08  0.00000000e+00  1.27375000e-08  6.26450126e-155  1.27375000e-08  4.59948574e-01  1.27375000e-08  1.19461362e-09  1.27375000e-08  1.19461362e-09 
 1.27425000e-08  0.00000000e+00  1.27425000e-08  4.27192681e-155  1.27425000e-08  4.59940672e-01  1.27425000e-08  1.19461362e-09  1.27425000e-08  1.19461362e-09 
 1.27475000e-08  0.00000000e+00  1.27475000e-08  2.91313831e-155  1.27475000e-08  4.59932786e-01  1.27475000e-08  1.19461362e-09  1.27475000e-08  1.19461362e-09 
 1.27525000e-08  0.00000000e+00  1.27525000e-08  1.98654500e-155  1.27525000e-08  4.59924917e-01  1.27525000e-08  1.19461362e-09  1.27525000e-08  1.19461362e-09 
 1.27575000e-08  0.00000000e+00  1.27575000e-08  1.35467685e-155  1.27575000e-08  4.59917065e-01  1.27575000e-08  1.19461362e-09  1.27575000e-08  1.19461362e-09 
 1.27625000e-08  0.00000000e+00  1.27625000e-08  9.23789478e-156  1.27625000e-08  4.59909229e-01  1.27625000e-08  1.19461362e-09  1.27625000e-08  1.19461362e-09 
 1.27675000e-08  0.00000000e+00  1.27675000e-08  6.29956140e-156  1.27675000e-08  4.59901410e-01  1.27675000e-08  1.19461362e-09  1.27675000e-08  1.19461362e-09 
 1.27725000e-08  0.00000000e+00  1.27725000e-08  4.29583523e-156  1.27725000e-08  4.59893608e-01  1.27725000e-08  1.19461362e-09  1.27725000e-08  1.19461362e-09 
 1.27775000e-08  0.00000000e+00  1.27775000e-08  2.92944209e-156  1.27775000e-08  4.59885821e-01  1.27775000e-08  1.19461362e-09  1.27775000e-08  1.19461362e-09 
 1.27825000e-08  0.00000000e+00  1.27825000e-08  1.99766297e-156  1.27825000e-08  4.59878052e-01  1.27825000e-08  1.19461362e-09  1.27825000e-08  1.19461362e-09 
 1.27875000e-08  0.00000000e+00  1.27875000e-08  1.36225848e-156  1.27875000e-08  4.59870298e-01  1.27875000e-08  1.19461362e-09  1.27875000e-08  1.19461362e-09 
 1.27925000e-08  0.00000000e+00  1.27925000e-08  9.28959592e-157  1.27925000e-08  4.59862561e-01  1.27925000e-08  1.19461362e-09  1.27925000e-08  1.19461362e-09 
 1.27975000e-08  0.00000000e+00  1.27975000e-08  6.33481776e-157  1.27975000e-08  4.59854840e-01  1.27975000e-08  1.19461362e-09  1.27975000e-08  1.19461362e-09 
 1.28025000e-08  0.00000000e+00  1.28025000e-08  4.31987746e-157  1.28025000e-08  4.59847136e-01  1.28025000e-08  1.19461362e-09  1.28025000e-08  1.19461362e-09 
 1.28075000e-08  0.00000000e+00  1.28075000e-08  2.94583711e-157  1.28075000e-08  4.59839447e-01  1.28075000e-08  1.19461362e-09  1.28075000e-08  1.19461362e-09 
 1.28125000e-08  0.00000000e+00  1.28125000e-08  2.00884316e-157  1.28125000e-08  4.59831775e-01  1.28125000e-08  1.19461362e-09  1.28125000e-08  1.19461362e-09 
 1.28175000e-08  0.00000000e+00  1.28175000e-08  1.36988255e-157  1.28175000e-08  4.59824119e-01  1.28175000e-08  1.19461362e-09  1.28175000e-08  1.19461362e-09 
 1.28225000e-08  0.00000000e+00  1.28225000e-08  9.34158641e-158  1.28225000e-08  4.59816478e-01  1.28225000e-08  1.19461362e-09  1.28225000e-08  1.19461362e-09 
 1.28275000e-08  0.00000000e+00  1.28275000e-08  6.37027143e-158  1.28275000e-08  4.59808854e-01  1.28275000e-08  1.19461362e-09  1.28275000e-08  1.19461362e-09 
 1.28325000e-08  0.00000000e+00  1.28325000e-08  4.34405424e-158  1.28325000e-08  4.59801245e-01  1.28325000e-08  1.19461362e-09  1.28325000e-08  1.19461362e-09 
 1.28375000e-08  0.00000000e+00  1.28375000e-08  2.96232389e-158  1.28375000e-08  4.59793653e-01  1.28375000e-08  1.19461362e-09  1.28375000e-08  1.19461362e-09 
 1.28425000e-08  0.00000000e+00  1.28425000e-08  2.02008593e-158  1.28425000e-08  4.59786076e-01  1.28425000e-08  1.19461362e-09  1.28425000e-08  1.19461362e-09 
 1.28475000e-08  0.00000000e+00  1.28475000e-08  1.37754929e-158  1.28475000e-08  4.59778514e-01  1.28475000e-08  1.19461362e-09  1.28475000e-08  1.19461362e-09 
 1.28525000e-08  0.00000000e+00  1.28525000e-08  9.39386788e-159  1.28525000e-08  4.59770969e-01  1.28525000e-08  1.19461362e-09  1.28525000e-08  1.19461362e-09 
 1.28575000e-08  0.00000000e+00  1.28575000e-08  6.40592353e-159  1.28575000e-08  4.59763439e-01  1.28575000e-08  1.19461362e-09  1.28575000e-08  1.19461362e-09 
 1.28625000e-08  0.00000000e+00  1.28625000e-08  4.36836634e-159  1.28625000e-08  4.59755925e-01  1.28625000e-08  1.19461362e-09  1.28625000e-08  1.19461362e-09 
 1.28675000e-08  0.00000000e+00  1.28675000e-08  2.97890295e-159  1.28675000e-08  4.59748426e-01  1.28675000e-08  1.19461362e-09  1.28675000e-08  1.19461362e-09 
 1.28725000e-08  0.00000000e+00  1.28725000e-08  2.03139162e-159  1.28725000e-08  4.59740943e-01  1.28725000e-08  1.19461362e-09  1.28725000e-08  1.19461362e-09 
 1.28775000e-08  0.00000000e+00  1.28775000e-08  1.38525893e-159  1.28775000e-08  4.59733475e-01  1.28775000e-08  1.19461362e-09  1.28775000e-08  1.19461362e-09 
 1.28825000e-08  0.00000000e+00  1.28825000e-08  9.44644195e-160  1.28825000e-08  4.59726023e-01  1.28825000e-08  1.19461362e-09  1.28825000e-08  1.19461362e-09 
 1.28875000e-08  0.00000000e+00  1.28875000e-08  6.44177515e-160  1.28875000e-08  4.59718586e-01  1.28875000e-08  1.19461362e-09  1.28875000e-08  1.19461362e-09 
 1.28925000e-08  0.00000000e+00  1.28925000e-08  4.39281450e-160  1.28925000e-08  4.59711165e-01  1.28925000e-08  1.19461362e-09  1.28925000e-08  1.19461362e-09 
 1.28975000e-08  0.00000000e+00  1.28975000e-08  2.99557478e-160  1.28975000e-08  4.59703758e-01  1.28975000e-08  1.19461362e-09  1.28975000e-08  1.19461362e-09 
 1.29025000e-08  0.00000000e+00  1.29025000e-08  2.04276058e-160  1.29025000e-08  4.59696367e-01  1.29025000e-08  1.19461362e-09  1.29025000e-08  1.19461362e-09 
 1.29075000e-08  0.00000000e+00  1.29075000e-08  1.39301172e-160  1.29075000e-08  4.59688991e-01  1.29075000e-08  1.19461362e-09  1.29075000e-08  1.19461362e-09 
 1.29125000e-08  0.00000000e+00  1.29125000e-08  9.49931025e-161  1.29125000e-08  4.59681630e-01  1.29125000e-08  1.19461362e-09  1.29125000e-08  1.19461362e-09 
 1.29175000e-08  0.00000000e+00  1.29175000e-08  6.47782743e-161  1.29175000e-08  4.59674284e-01  1.29175000e-08  1.19461362e-09  1.29175000e-08  1.19461362e-09 
 1.29225000e-08  0.00000000e+00  1.29225000e-08  4.41739949e-161  1.29225000e-08  4.59666954e-01  1.29225000e-08  1.19461362e-09  1.29225000e-08  1.19461362e-09 
 1.29275000e-08  0.00000000e+00  1.29275000e-08  3.01233993e-161  1.29275000e-08  4.59659638e-01  1.29275000e-08  1.19461362e-09  1.29275000e-08  1.19461362e-09 
 1.29325000e-08  0.00000000e+00  1.29325000e-08  2.05419317e-161  1.29325000e-08  4.59652337e-01  1.29325000e-08  1.19461362e-09  1.29325000e-08  1.19461362e-09 
 1.29375000e-08  0.00000000e+00  1.29375000e-08  1.40080790e-161  1.29375000e-08  4.59645051e-01  1.29375000e-08  1.19461362e-09  1.29375000e-08  1.19461362e-09 
 1.29425000e-08  0.00000000e+00  1.29425000e-08  9.55247444e-162  1.29425000e-08  4.59637780e-01  1.29425000e-08  1.19461362e-09  1.29425000e-08  1.19461362e-09 
 1.29475000e-08  0.00000000e+00  1.29475000e-08  6.51408148e-162  1.29475000e-08  4.59630524e-01  1.29475000e-08  1.19461362e-09  1.29475000e-08  1.19461362e-09 
 1.29525000e-08  0.00000000e+00  1.29525000e-08  4.44212207e-162  1.29525000e-08  4.59623282e-01  1.29525000e-08  1.19461362e-09  1.29525000e-08  1.19461362e-09 
 1.29575000e-08  0.00000000e+00  1.29575000e-08  3.02919890e-162  1.29575000e-08  4.59616055e-01  1.29575000e-08  1.19461362e-09  1.29575000e-08  1.19461362e-09 
 1.29625000e-08  0.00000000e+00  1.29625000e-08  2.06568974e-162  1.29625000e-08  4.59608843e-01  1.29625000e-08  1.19461362e-09  1.29625000e-08  1.19461362e-09 
 1.29675000e-08  0.00000000e+00  1.29675000e-08  1.40864771e-162  1.29675000e-08  4.59601646e-01  1.29675000e-08  1.19461362e-09  1.29675000e-08  1.19461362e-09 
 1.29725000e-08  0.00000000e+00  1.29725000e-08  9.60593617e-163  1.29725000e-08  4.59594463e-01  1.29725000e-08  1.19461362e-09  1.29725000e-08  1.19461362e-09 
 1.29775000e-08  0.00000000e+00  1.29775000e-08  6.55053843e-163  1.29775000e-08  4.59587294e-01  1.29775000e-08  1.19461362e-09  1.29775000e-08  1.19461362e-09 
 1.29825000e-08  0.00000000e+00  1.29825000e-08  4.46698301e-163  1.29825000e-08  4.59580140e-01  1.29825000e-08  1.19461362e-09  1.29825000e-08  1.19461362e-09 
 1.29875000e-08  0.00000000e+00  1.29875000e-08  3.04615223e-163  1.29875000e-08  4.59573001e-01  1.29875000e-08  1.19461362e-09  1.29875000e-08  1.19461362e-09 
 1.29925000e-08  0.00000000e+00  1.29925000e-08  2.07725066e-163  1.29925000e-08  4.59565876e-01  1.29925000e-08  1.19461362e-09  1.29925000e-08  1.19461362e-09 
 1.29975000e-08  0.00000000e+00  1.29975000e-08  1.41653140e-163  1.29975000e-08  4.59558765e-01  1.29975000e-08  1.19461362e-09  1.29975000e-08  1.19461362e-09 
 1.30025000e-08  0.00000000e+00  1.30025000e-08  9.65969711e-164  1.30025000e-08  4.59551669e-01  1.30025000e-08  1.19461362e-09  1.30025000e-08  1.19461362e-09 
 1.30075000e-08  0.00000000e+00  1.30075000e-08  6.58719941e-164  1.30075000e-08  4.59544586e-01  1.30075000e-08  1.19461362e-09  1.30075000e-08  1.19461362e-09 
 1.30125000e-08  0.00000000e+00  1.30125000e-08  4.49198309e-164  1.30125000e-08  4.59537519e-01  1.30125000e-08  1.19461362e-09  1.30125000e-08  1.19461362e-09 
 1.30175000e-08  0.00000000e+00  1.30175000e-08  3.06320044e-164  1.30175000e-08  4.59530465e-01  1.30175000e-08  1.19461362e-09  1.30175000e-08  1.19461362e-09 
 1.30225000e-08  0.00000000e+00  1.30225000e-08  2.08887627e-164  1.30225000e-08  4.59523425e-01  1.30225000e-08  1.19461362e-09  1.30225000e-08  1.19461362e-09 
 1.30275000e-08  0.00000000e+00  1.30275000e-08  1.42445922e-164  1.30275000e-08  4.59516400e-01  1.30275000e-08  1.19461362e-09  1.30275000e-08  1.19461362e-09 
 1.30325000e-08  0.00000000e+00  1.30325000e-08  9.71375893e-165  1.30325000e-08  4.59509388e-01  1.30325000e-08  1.19461362e-09  1.30325000e-08  1.19461362e-09 
 1.30375000e-08  0.00000000e+00  1.30375000e-08  6.62406558e-165  1.30375000e-08  4.59502391e-01  1.30375000e-08  1.19461362e-09  1.30375000e-08  1.19461362e-09 
 1.30425000e-08  0.00000000e+00  1.30425000e-08  4.51712309e-165  1.30425000e-08  4.59495407e-01  1.30425000e-08  1.19461362e-09  1.30425000e-08  1.19461362e-09 
 1.30475000e-08  0.00000000e+00  1.30475000e-08  3.08034406e-165  1.30475000e-08  4.59488438e-01  1.30475000e-08  1.19461362e-09  1.30475000e-08  1.19461362e-09 
 1.30525000e-08  0.00000000e+00  1.30525000e-08  2.10056696e-165  1.30525000e-08  4.59481482e-01  1.30525000e-08  1.19461362e-09  1.30525000e-08  1.19461362e-09 
 1.30575000e-08  0.00000000e+00  1.30575000e-08  1.43243140e-165  1.30575000e-08  4.59474541e-01  1.30575000e-08  1.19461362e-09  1.30575000e-08  1.19461362e-09 
 1.30625000e-08  0.00000000e+00  1.30625000e-08  9.76812331e-166  1.30625000e-08  4.59467613e-01  1.30625000e-08  1.19461362e-09  1.30625000e-08  1.19461362e-09 
 1.30675000e-08  0.00000000e+00  1.30675000e-08  6.66113807e-166  1.30675000e-08  4.59460698e-01  1.30675000e-08  1.19461362e-09  1.30675000e-08  1.19461362e-09 
 1.30725000e-08  0.00000000e+00  1.30725000e-08  4.54240379e-166  1.30725000e-08  4.59453798e-01  1.30725000e-08  1.19461362e-09  1.30725000e-08  1.19461362e-09 
 1.30775000e-08  0.00000000e+00  1.30775000e-08  3.09758362e-166  1.30775000e-08  4.59446911e-01  1.30775000e-08  1.19461362e-09  1.30775000e-08  1.19461362e-09 
 1.30825000e-08  0.00000000e+00  1.30825000e-08  2.11232307e-166  1.30825000e-08  4.59440038e-01  1.30825000e-08  1.19461362e-09  1.30825000e-08  1.19461362e-09 
 1.30875000e-08  0.00000000e+00  1.30875000e-08  1.44044819e-166  1.30875000e-08  4.59433178e-01  1.30875000e-08  1.19461362e-09  1.30875000e-08  1.19461362e-09 
 1.30925000e-08  0.00000000e+00  1.30925000e-08  9.82279195e-167  1.30925000e-08  4.59426332e-01  1.30925000e-08  1.19461362e-09  1.30925000e-08  1.19461362e-09 
 1.30975000e-08  0.00000000e+00  1.30975000e-08  6.69841804e-167  1.30975000e-08  4.59419500e-01  1.30975000e-08  1.19461362e-09  1.30975000e-08  1.19461362e-09 
 1.31025000e-08  0.00000000e+00  1.31025000e-08  4.56782597e-167  1.31025000e-08  4.59412681e-01  1.31025000e-08  1.19461362e-09  1.31025000e-08  1.19461362e-09 
 1.31075000e-08  0.00000000e+00  1.31075000e-08  3.11491967e-167  1.31075000e-08  4.59405876e-01  1.31075000e-08  1.19461362e-09  1.31075000e-08  1.19461362e-09 
 1.31125000e-08  0.00000000e+00  1.31125000e-08  2.12414497e-167  1.31125000e-08  4.59399083e-01  1.31125000e-08  1.19461362e-09  1.31125000e-08  1.19461362e-09 
 1.31175000e-08  0.00000000e+00  1.31175000e-08  1.44850986e-167  1.31175000e-08  4.59392305e-01  1.31175000e-08  1.19461362e-09  1.31175000e-08  1.19461362e-09 
 1.31225000e-08  0.00000000e+00  1.31225000e-08  9.87776655e-168  1.31225000e-08  4.59385539e-01  1.31225000e-08  1.19461362e-09  1.31225000e-08  1.19461362e-09 
 1.31275000e-08  0.00000000e+00  1.31275000e-08  6.73590665e-168  1.31275000e-08  4.59378787e-01  1.31275000e-08  1.19461362e-09  1.31275000e-08  1.19461362e-09 
 1.31325000e-08  0.00000000e+00  1.31325000e-08  4.59339044e-168  1.31325000e-08  4.59372048e-01  1.31325000e-08  1.19461362e-09  1.31325000e-08  1.19461362e-09 
 1.31375000e-08  0.00000000e+00  1.31375000e-08  3.13235275e-168  1.31375000e-08  4.59365322e-01  1.31375000e-08  1.19461362e-09  1.31375000e-08  1.19461362e-09 
 1.31425000e-08  0.00000000e+00  1.31425000e-08  2.13603304e-168  1.31425000e-08  4.59358610e-01  1.31425000e-08  1.19461362e-09  1.31425000e-08  1.19461362e-09 
 1.31475000e-08  0.00000000e+00  1.31475000e-08  1.45661664e-168  1.31475000e-08  4.59351911e-01  1.31475000e-08  1.19461362e-09  1.31475000e-08  1.19461362e-09 
 1.31525000e-08  0.00000000e+00  1.31525000e-08  9.93304882e-169  1.31525000e-08  4.59345224e-01  1.31525000e-08  1.19461362e-09  1.31525000e-08  1.19461362e-09 
 1.31575000e-08  0.00000000e+00  1.31575000e-08  6.77360507e-169  1.31575000e-08  4.59338551e-01  1.31575000e-08  1.19461362e-09  1.31575000e-08  1.19461362e-09 
 1.31625000e-08  0.00000000e+00  1.31625000e-08  4.61909798e-169  1.31625000e-08  4.59331891e-01  1.31625000e-08  1.19461362e-09  1.31625000e-08  1.19461362e-09 
 1.31675000e-08  0.00000000e+00  1.31675000e-08  3.14988339e-169  1.31675000e-08  4.59325244e-01  1.31675000e-08  1.19461362e-09  1.31675000e-08  1.19461362e-09 
 1.31725000e-08  0.00000000e+00  1.31725000e-08  2.14798764e-169  1.31725000e-08  4.59318609e-01  1.31725000e-08  1.19461362e-09  1.31725000e-08  1.19461362e-09 
 1.31775000e-08  0.00000000e+00  1.31775000e-08  1.46476880e-169  1.31775000e-08  4.59311988e-01  1.31775000e-08  1.19461362e-09  1.31775000e-08  1.19461362e-09 
 1.31825000e-08  0.00000000e+00  1.31825000e-08  9.98864049e-170  1.31825000e-08  4.59305379e-01  1.31825000e-08  1.19461362e-09  1.31825000e-08  1.19461362e-09 
 1.31875000e-08  0.00000000e+00  1.31875000e-08  6.81151448e-170  1.31875000e-08  4.59298783e-01  1.31875000e-08  1.19461362e-09  1.31875000e-08  1.19461362e-09 
 1.31925000e-08  0.00000000e+00  1.31925000e-08  4.64494939e-170  1.31925000e-08  4.59292201e-01  1.31925000e-08  1.19461362e-09  1.31925000e-08  1.19461362e-09 
 1.31975000e-08  0.00000000e+00  1.31975000e-08  3.16751214e-170  1.31975000e-08  4.59285630e-01  1.31975000e-08  1.19461362e-09  1.31975000e-08  1.19461362e-09 
 1.32025000e-08  0.00000000e+00  1.32025000e-08  2.16000915e-170  1.32025000e-08  4.59279073e-01  1.32025000e-08  1.19461362e-09  1.32025000e-08  1.19461362e-09 
 1.32075000e-08  0.00000000e+00  1.32075000e-08  1.47296658e-170  1.32075000e-08  4.59272528e-01  1.32075000e-08  1.19461362e-09  1.32075000e-08  1.19461362e-09 
 1.32125000e-08  0.00000000e+00  1.32125000e-08  1.00445433e-170  1.32125000e-08  4.59265996e-01  1.32125000e-08  1.19461362e-09  1.32125000e-08  1.19461362e-09 
 1.32175000e-08  0.00000000e+00  1.32175000e-08  6.84963606e-171  1.32175000e-08  4.59259476e-01  1.32175000e-08  1.19461362e-09  1.32175000e-08  1.19461362e-09 
 1.32225000e-08  0.00000000e+00  1.32225000e-08  4.67094548e-171  1.32225000e-08  4.59252969e-01  1.32225000e-08  1.19461362e-09  1.32225000e-08  1.19461362e-09 
 1.32275000e-08  0.00000000e+00  1.32275000e-08  3.18523956e-171  1.32275000e-08  4.59246475e-01  1.32275000e-08  1.19461362e-09  1.32275000e-08  1.19461362e-09 
 1.32325000e-08  0.00000000e+00  1.32325000e-08  2.17209793e-171  1.32325000e-08  4.59239993e-01  1.32325000e-08  1.19461362e-09  1.32325000e-08  1.19461362e-09 
 1.32375000e-08  0.00000000e+00  1.32375000e-08  1.48121024e-171  1.32375000e-08  4.59233523e-01  1.32375000e-08  1.19461362e-09  1.32375000e-08  1.19461362e-09 
 1.32425000e-08  0.00000000e+00  1.32425000e-08  1.01007589e-171  1.32425000e-08  4.59227066e-01  1.32425000e-08  1.19461362e-09  1.32425000e-08  1.19461362e-09 
 1.32475000e-08  0.00000000e+00  1.32475000e-08  6.88797098e-172  1.32475000e-08  4.59220622e-01  1.32475000e-08  1.19461362e-09  1.32475000e-08  1.19461362e-09 
 1.32525000e-08  0.00000000e+00  1.32525000e-08  4.69708707e-172  1.32525000e-08  4.59214189e-01  1.32525000e-08  1.19461362e-09  1.32525000e-08  1.19461362e-09 
 1.32575000e-08  0.00000000e+00  1.32575000e-08  3.20306619e-172  1.32575000e-08  4.59207769e-01  1.32575000e-08  1.19461362e-09  1.32575000e-08  1.19461362e-09 
 1.32625000e-08  0.00000000e+00  1.32625000e-08  2.18425438e-172  1.32625000e-08  4.59201362e-01  1.32625000e-08  1.19461362e-09  1.32625000e-08  1.19461362e-09 
 1.32675000e-08  0.00000000e+00  1.32675000e-08  1.48950003e-172  1.32675000e-08  4.59194966e-01  1.32675000e-08  1.19461362e-09  1.32675000e-08  1.19461362e-09 
 1.32725000e-08  0.00000000e+00  1.32725000e-08  1.01572892e-172  1.32725000e-08  4.59188583e-01  1.32725000e-08  1.19461362e-09  1.32725000e-08  1.19461362e-09 
 1.32775000e-08  0.00000000e+00  1.32775000e-08  6.92652045e-173  1.32775000e-08  4.59182212e-01  1.32775000e-08  1.19461362e-09  1.32775000e-08  1.19461362e-09 
 1.32825000e-08  0.00000000e+00  1.32825000e-08  4.72337496e-173  1.32825000e-08  4.59175853e-01  1.32825000e-08  1.19461362e-09  1.32825000e-08  1.19461362e-09 
 1.32875000e-08  0.00000000e+00  1.32875000e-08  3.22099259e-173  1.32875000e-08  4.59169506e-01  1.32875000e-08  1.19461362e-09  1.32875000e-08  1.19461362e-09 
 1.32925000e-08  0.00000000e+00  1.32925000e-08  2.19647886e-173  1.32925000e-08  4.59163171e-01  1.32925000e-08  1.19461362e-09  1.32925000e-08  1.19461362e-09 
 1.32975000e-08  0.00000000e+00  1.32975000e-08  1.49783622e-173  1.32975000e-08  4.59156848e-01  1.32975000e-08  1.19461362e-09  1.32975000e-08  1.19461362e-09 
 1.33025000e-08  0.00000000e+00  1.33025000e-08  1.02141359e-173  1.33025000e-08  4.59150538e-01  1.33025000e-08  1.19461362e-09  1.33025000e-08  1.19461362e-09 
 1.33075000e-08  0.00000000e+00  1.33075000e-08  6.96528567e-174  1.33075000e-08  4.59144239e-01  1.33075000e-08  1.19461362e-09  1.33075000e-08  1.19461362e-09 
 1.33125000e-08  0.00000000e+00  1.33125000e-08  4.74980998e-174  1.33125000e-08  4.59137952e-01  1.33125000e-08  1.19461362e-09  1.33125000e-08  1.19461362e-09 
 1.33175000e-08  0.00000000e+00  1.33175000e-08  3.23901931e-174  1.33175000e-08  4.59131677e-01  1.33175000e-08  1.19461362e-09  1.33175000e-08  1.19461362e-09 
 1.33225000e-08  0.00000000e+00  1.33225000e-08  2.20877175e-174  1.33225000e-08  4.59125414e-01  1.33225000e-08  1.19461362e-09  1.33225000e-08  1.19461362e-09 
 1.33275000e-08  0.00000000e+00  1.33275000e-08  1.50621907e-174  1.33275000e-08  4.59119163e-01  1.33275000e-08  1.19461362e-09  1.33275000e-08  1.19461362e-09 
 1.33325000e-08  0.00000000e+00  1.33325000e-08  1.02713007e-174  1.33325000e-08  4.59112923e-01  1.33325000e-08  1.19461362e-09  1.33325000e-08  1.19461362e-09 
 1.33375000e-08  0.00000000e+00  1.33375000e-08  7.00426785e-175  1.33375000e-08  4.59106696e-01  1.33375000e-08  1.19461362e-09  1.33375000e-08  1.19461362e-09 
 1.33425000e-08  0.00000000e+00  1.33425000e-08  4.77639294e-175  1.33425000e-08  4.59100480e-01  1.33425000e-08  1.19461362e-09  1.33425000e-08  1.19461362e-09 
 1.33475000e-08  0.00000000e+00  1.33475000e-08  3.25714693e-175  1.33475000e-08  4.59094276e-01  1.33475000e-08  1.19461362e-09  1.33475000e-08  1.19461362e-09 
 1.33525000e-08  0.00000000e+00  1.33525000e-08  2.22113345e-175  1.33525000e-08  4.59088083e-01  1.33525000e-08  1.19461362e-09  1.33525000e-08  1.19461362e-09 
 1.33575000e-08  0.00000000e+00  1.33575000e-08  1.51464883e-175  1.33575000e-08  4.59081902e-01  1.33575000e-08  1.19461362e-09  1.33575000e-08  1.19461362e-09 
 1.33625000e-08  0.00000000e+00  1.33625000e-08  1.03287854e-175  1.33625000e-08  4.59075733e-01  1.33625000e-08  1.19461362e-09  1.33625000e-08  1.19461362e-09 
 1.33675000e-08  0.00000000e+00  1.33675000e-08  7.04346819e-176  1.33675000e-08  4.59069575e-01  1.33675000e-08  1.19461362e-09  1.33675000e-08  1.19461362e-09 
 1.33725000e-08  0.00000000e+00  1.33725000e-08  4.80312467e-176  1.33725000e-08  4.59063429e-01  1.33725000e-08  1.19461362e-09  1.33725000e-08  1.19461362e-09 
 1.33775000e-08  0.00000000e+00  1.33775000e-08  3.27537600e-176  1.33775000e-08  4.59057294e-01  1.33775000e-08  1.19461362e-09  1.33775000e-08  1.19461362e-09 
 1.33825000e-08  0.00000000e+00  1.33825000e-08  2.23356432e-176  1.33825000e-08  4.59051171e-01  1.33825000e-08  1.19461362e-09  1.33825000e-08  1.19461362e-09 
 1.33875000e-08  0.00000000e+00  1.33875000e-08  1.52312577e-176  1.33875000e-08  4.59045059e-01  1.33875000e-08  1.19461362e-09  1.33875000e-08  1.19461362e-09 
 1.33925000e-08  0.00000000e+00  1.33925000e-08  1.03865919e-176  1.33925000e-08  4.59038959e-01  1.33925000e-08  1.19461362e-09  1.33925000e-08  1.19461362e-09 
 1.33975000e-08  0.00000000e+00  1.33975000e-08  7.08288793e-177  1.33975000e-08  4.59032870e-01  1.33975000e-08  1.19461362e-09  1.33975000e-08  1.19461362e-09 
 1.34025000e-08  0.00000000e+00  1.34025000e-08  4.83000602e-177  1.34025000e-08  4.59026792e-01  1.34025000e-08  1.19461362e-09  1.34025000e-08  1.19461362e-09 
 1.34075000e-08  0.00000000e+00  1.34075000e-08  3.29370709e-177  1.34075000e-08  4.59020725e-01  1.34075000e-08  1.19461362e-09  1.34075000e-08  1.19461362e-09 
 1.34125000e-08  0.00000000e+00  1.34125000e-08  2.24606477e-177  1.34125000e-08  4.59014670e-01  1.34125000e-08  1.19461362e-09  1.34125000e-08  1.19461362e-09 
 1.34175000e-08  0.00000000e+00  1.34175000e-08  1.53165015e-177  1.34175000e-08  4.59008627e-01  1.34175000e-08  1.19461362e-09  1.34175000e-08  1.19461362e-09 
 1.34225000e-08  0.00000000e+00  1.34225000e-08  1.04447219e-177  1.34225000e-08  4.59002594e-01  1.34225000e-08  1.19461362e-09  1.34225000e-08  1.19461362e-09 
 1.34275000e-08  0.00000000e+00  1.34275000e-08  7.12252828e-178  1.34275000e-08  4.58996573e-01  1.34275000e-08  1.19461362e-09  1.34275000e-08  1.19461362e-09 
 1.34325000e-08  0.00000000e+00  1.34325000e-08  4.85703781e-178  1.34325000e-08  4.58990562e-01  1.34325000e-08  1.19461362e-09  1.34325000e-08  1.19461362e-09 
 1.34375000e-08  0.00000000e+00  1.34375000e-08  3.31214077e-178  1.34375000e-08  4.58984563e-01  1.34375000e-08  1.19461362e-09  1.34375000e-08  1.19461362e-09 
 1.34425000e-08  0.00000000e+00  1.34425000e-08  2.25863518e-178  1.34425000e-08  4.58978575e-01  1.34425000e-08  1.19461362e-09  1.34425000e-08  1.19461362e-09 
 1.34475000e-08  0.00000000e+00  1.34475000e-08  1.54022224e-178  1.34475000e-08  4.58972598e-01  1.34475000e-08  1.19461362e-09  1.34475000e-08  1.19461362e-09 
 1.34525000e-08  0.00000000e+00  1.34525000e-08  1.05031772e-178  1.34525000e-08  4.58966632e-01  1.34525000e-08  1.19461362e-09  1.34525000e-08  1.19461362e-09 
 1.34575000e-08  0.00000000e+00  1.34575000e-08  7.16239048e-179  1.34575000e-08  4.58960677e-01  1.34575000e-08  1.19461362e-09  1.34575000e-08  1.19461362e-09 
 1.34625000e-08  0.00000000e+00  1.34625000e-08  4.88422089e-179  1.34625000e-08  4.58954733e-01  1.34625000e-08  1.19461362e-09  1.34625000e-08  1.19461362e-09 
 1.34675000e-08  0.00000000e+00  1.34675000e-08  3.33067762e-179  1.34675000e-08  4.58948800e-01  1.34675000e-08  1.19461362e-09  1.34675000e-08  1.19461362e-09 
 1.34725000e-08  0.00000000e+00  1.34725000e-08  2.27127594e-179  1.34725000e-08  4.58942878e-01  1.34725000e-08  1.19461362e-09  1.34725000e-08  1.19461362e-09 
 1.34775000e-08  0.00000000e+00  1.34775000e-08  1.54884231e-179  1.34775000e-08  4.58936967e-01  1.34775000e-08  1.19461362e-09  1.34775000e-08  1.19461362e-09 
 1.34825000e-08  0.00000000e+00  1.34825000e-08  1.05619597e-179  1.34825000e-08  4.58931066e-01  1.34825000e-08  1.19461362e-09  1.34825000e-08  1.19461362e-09 
 1.34875000e-08  0.00000000e+00  1.34875000e-08  7.20247578e-180  1.34875000e-08  4.58925177e-01  1.34875000e-08  1.19461362e-09  1.34875000e-08  1.19461362e-09 
 1.34925000e-08  0.00000000e+00  1.34925000e-08  4.91155610e-180  1.34925000e-08  4.58919298e-01  1.34925000e-08  1.19461362e-09  1.34925000e-08  1.19461362e-09 
 1.34975000e-08  0.00000000e+00  1.34975000e-08  3.34931821e-180  1.34975000e-08  4.58913430e-01  1.34975000e-08  1.19461362e-09  1.34975000e-08  1.19461362e-09 
 1.35025000e-08  0.00000000e+00  1.35025000e-08  2.28398745e-180  1.35025000e-08  4.58907573e-01  1.35025000e-08  1.19461362e-09  1.35025000e-08  1.19461362e-09 
 1.35075000e-08  0.00000000e+00  1.35075000e-08  1.55751061e-180  1.35075000e-08  4.58901726e-01  1.35075000e-08  1.19461362e-09  1.35075000e-08  1.19461362e-09 
 1.35125000e-08  0.00000000e+00  1.35125000e-08  1.06210711e-180  1.35125000e-08  4.58895890e-01  1.35125000e-08  1.19461362e-09  1.35125000e-08  1.19461362e-09 
 1.35175000e-08  0.00000000e+00  1.35175000e-08  7.24278542e-181  1.35175000e-08  4.58890065e-01  1.35175000e-08  1.19461362e-09  1.35175000e-08  1.19461362e-09 
 1.35225000e-08  0.00000000e+00  1.35225000e-08  4.93904429e-181  1.35225000e-08  4.58884250e-01  1.35225000e-08  1.19461362e-09  1.35225000e-08  1.19461362e-09 
 1.35275000e-08  0.00000000e+00  1.35275000e-08  3.36806313e-181  1.35275000e-08  4.58878446e-01  1.35275000e-08  1.19461362e-09  1.35275000e-08  1.19461362e-09 
 1.35325000e-08  0.00000000e+00  1.35325000e-08  2.29677010e-181  1.35325000e-08  4.58872653e-01  1.35325000e-08  1.19461362e-09  1.35325000e-08  1.19461362e-09 
 1.35375000e-08  0.00000000e+00  1.35375000e-08  1.56622743e-181  1.35375000e-08  4.58866870e-01  1.35375000e-08  1.19461362e-09  1.35375000e-08  1.19461362e-09 
 1.35425000e-08  0.00000000e+00  1.35425000e-08  1.06805134e-181  1.35425000e-08  4.58861097e-01  1.35425000e-08  1.19461362e-09  1.35425000e-08  1.19461362e-09 
 1.35475000e-08  0.00000000e+00  1.35475000e-08  7.28332066e-182  1.35475000e-08  4.58855335e-01  1.35475000e-08  1.19461362e-09  1.35475000e-08  1.19461362e-09 
 1.35525000e-08  0.00000000e+00  1.35525000e-08  4.96668633e-182  1.35525000e-08  4.58849584e-01  1.35525000e-08  1.19461362e-09  1.35525000e-08  1.19461362e-09 
 1.35575000e-08  0.00000000e+00  1.35575000e-08  3.38691295e-182  1.35575000e-08  4.58843842e-01  1.35575000e-08  1.19461362e-09  1.35575000e-08  1.19461362e-09 
 1.35625000e-08  0.00000000e+00  1.35625000e-08  2.30962428e-182  1.35625000e-08  4.58838112e-01  1.35625000e-08  1.19461362e-09  1.35625000e-08  1.19461362e-09 
 1.35675000e-08  0.00000000e+00  1.35675000e-08  1.57499304e-182  1.35675000e-08  4.58832391e-01  1.35675000e-08  1.19461362e-09  1.35675000e-08  1.19461362e-09 
 1.35725000e-08  0.00000000e+00  1.35725000e-08  1.07402884e-182  1.35725000e-08  4.58826681e-01  1.35725000e-08  1.19461362e-09  1.35725000e-08  1.19461362e-09 
 1.35775000e-08  0.00000000e+00  1.35775000e-08  7.32408276e-183  1.35775000e-08  4.58820981e-01  1.35775000e-08  1.19461362e-09  1.35775000e-08  1.19461362e-09 
 1.35825000e-08  0.00000000e+00  1.35825000e-08  4.99448307e-183  1.35825000e-08  4.58815292e-01  1.35825000e-08  1.19461362e-09  1.35825000e-08  1.19461362e-09 
 1.35875000e-08  0.00000000e+00  1.35875000e-08  3.40586828e-183  1.35875000e-08  4.58809613e-01  1.35875000e-08  1.19461362e-09  1.35875000e-08  1.19461362e-09 
 1.35925000e-08  0.00000000e+00  1.35925000e-08  2.32255041e-183  1.35925000e-08  4.58803944e-01  1.35925000e-08  1.19461362e-09  1.35925000e-08  1.19461362e-09 
 1.35975000e-08  0.00000000e+00  1.35975000e-08  1.58380771e-183  1.35975000e-08  4.58798285e-01  1.35975000e-08  1.19461362e-09  1.35975000e-08  1.19461362e-09 
 1.36025000e-08  0.00000000e+00  1.36025000e-08  1.08003978e-183  1.36025000e-08  4.58792636e-01  1.36025000e-08  1.19461362e-09  1.36025000e-08  1.19461362e-09 
 1.36075000e-08  0.00000000e+00  1.36075000e-08  7.36507300e-184  1.36075000e-08  4.58786997e-01  1.36075000e-08  1.19461362e-09  1.36075000e-08  1.19461362e-09 
 1.36125000e-08  0.00000000e+00  1.36125000e-08  5.02243538e-184  1.36125000e-08  4.58781369e-01  1.36125000e-08  1.19461362e-09  1.36125000e-08  1.19461362e-09 
 1.36175000e-08  0.00000000e+00  1.36175000e-08  3.42492968e-184  1.36175000e-08  4.58775751e-01  1.36175000e-08  1.19461362e-09  1.36175000e-08  1.19461362e-09 
 1.36225000e-08  0.00000000e+00  1.36225000e-08  2.33554888e-184  1.36225000e-08  4.58770142e-01  1.36225000e-08  1.19461362e-09  1.36225000e-08  1.19461362e-09 
 1.36275000e-08  0.00000000e+00  1.36275000e-08  1.59267170e-184  1.36275000e-08  4.58764544e-01  1.36275000e-08  1.19461362e-09  1.36275000e-08  1.19461362e-09 
 1.36325000e-08  0.00000000e+00  1.36325000e-08  1.08608438e-184  1.36325000e-08  4.58758956e-01  1.36325000e-08  1.19461362e-09  1.36325000e-08  1.19461362e-09 
 1.36375000e-08  0.00000000e+00  1.36375000e-08  7.40629264e-185  1.36375000e-08  4.58753378e-01  1.36375000e-08  1.19461362e-09  1.36375000e-08  1.19461362e-09 
 1.36425000e-08  0.00000000e+00  1.36425000e-08  5.05054413e-185  1.36425000e-08  4.58747809e-01  1.36425000e-08  1.19461362e-09  1.36425000e-08  1.19461362e-09 
 1.36475000e-08  0.00000000e+00  1.36475000e-08  3.44409777e-185  1.36475000e-08  4.58742251e-01  1.36475000e-08  1.19461362e-09  1.36475000e-08  1.19461362e-09 
 1.36525000e-08  0.00000000e+00  1.36525000e-08  2.34862010e-185  1.36525000e-08  4.58736702e-01  1.36525000e-08  1.19461362e-09  1.36525000e-08  1.19461362e-09 
 1.36575000e-08  0.00000000e+00  1.36575000e-08  1.60158531e-185  1.36575000e-08  4.58731164e-01  1.36575000e-08  1.19461362e-09  1.36575000e-08  1.19461362e-09 
 1.36625000e-08  0.00000000e+00  1.36625000e-08  1.09216279e-185  1.36625000e-08  4.58725635e-01  1.36625000e-08  1.19461362e-09  1.36625000e-08  1.19461362e-09 
 1.36675000e-08  0.00000000e+00  1.36675000e-08  7.44774297e-186  1.36675000e-08  4.58720116e-01  1.36675000e-08  1.19461362e-09  1.36675000e-08  1.19461362e-09 
 1.36725000e-08  0.00000000e+00  1.36725000e-08  5.07881019e-186  1.36725000e-08  4.58714607e-01  1.36725000e-08  1.19461362e-09  1.36725000e-08  1.19461362e-09 
 1.36775000e-08  0.00000000e+00  1.36775000e-08  3.46337314e-186  1.36775000e-08  4.58709107e-01  1.36775000e-08  1.19461362e-09  1.36775000e-08  1.19461362e-09 
 1.36825000e-08  0.00000000e+00  1.36825000e-08  2.36176448e-186  1.36825000e-08  4.58703617e-01  1.36825000e-08  1.19461362e-09  1.36825000e-08  1.19461362e-09 
 1.36875000e-08  0.00000000e+00  1.36875000e-08  1.61054880e-186  1.36875000e-08  4.58698137e-01  1.36875000e-08  1.19461362e-09  1.36875000e-08  1.19461362e-09 
 1.36925000e-08  0.00000000e+00  1.36925000e-08  1.09827523e-186  1.36925000e-08  4.58692667e-01  1.36925000e-08  1.19461362e-09  1.36925000e-08  1.19461362e-09 
 1.36975000e-08  0.00000000e+00  1.36975000e-08  7.48942528e-187  1.36975000e-08  4.58687206e-01  1.36975000e-08  1.19461362e-09  1.36975000e-08  1.19461362e-09 
 1.37025000e-08  0.00000000e+00  1.37025000e-08  5.10723444e-187  1.37025000e-08  4.58681755e-01  1.37025000e-08  1.19461362e-09  1.37025000e-08  1.19461362e-09 
 1.37075000e-08  0.00000000e+00  1.37075000e-08  3.48275638e-187  1.37075000e-08  4.58676314e-01  1.37075000e-08  1.19461362e-09  1.37075000e-08  1.19461362e-09 
 1.37125000e-08  0.00000000e+00  1.37125000e-08  2.37498242e-187  1.37125000e-08  4.58670882e-01  1.37125000e-08  1.19461362e-09  1.37125000e-08  1.19461362e-09 
 1.37175000e-08  0.00000000e+00  1.37175000e-08  1.61956246e-187  1.37175000e-08  4.58665460e-01  1.37175000e-08  1.19461362e-09  1.37175000e-08  1.19461362e-09 
 1.37225000e-08  0.00000000e+00  1.37225000e-08  1.10442188e-187  1.37225000e-08  4.58660047e-01  1.37225000e-08  1.19461362e-09  1.37225000e-08  1.19461362e-09 
 1.37275000e-08  0.00000000e+00  1.37275000e-08  7.53134087e-188  1.37275000e-08  4.58654644e-01  1.37275000e-08  1.19461362e-09  1.37275000e-08  1.19461362e-09 
 1.37325000e-08  0.00000000e+00  1.37325000e-08  5.13581778e-188  1.37325000e-08  4.58649250e-01  1.37325000e-08  1.19461362e-09  1.37325000e-08  1.19461362e-09 
 1.37375000e-08  0.00000000e+00  1.37375000e-08  3.50224810e-188  1.37375000e-08  4.58643866e-01  1.37375000e-08  1.19461362e-09  1.37375000e-08  1.19461362e-09 
 1.37425000e-08  0.00000000e+00  1.37425000e-08  2.38827433e-188  1.37425000e-08  4.58638491e-01  1.37425000e-08  1.19461362e-09  1.37425000e-08  1.19461362e-09 
 1.37475000e-08  0.00000000e+00  1.37475000e-08  1.62862656e-188  1.37475000e-08  4.58633126e-01  1.37475000e-08  1.19461362e-09  1.37475000e-08  1.19461362e-09 
 1.37525000e-08  0.00000000e+00  1.37525000e-08  1.11060293e-188  1.37525000e-08  4.58627770e-01  1.37525000e-08  1.19461362e-09  1.37525000e-08  1.19461362e-09 
 1.37575000e-08  0.00000000e+00  1.37575000e-08  7.57349105e-189  1.37575000e-08  4.58622423e-01  1.37575000e-08  1.19461362e-09  1.37575000e-08  1.19461362e-09 
 1.37625000e-08  0.00000000e+00  1.37625000e-08  5.16456109e-189  1.37625000e-08  4.58617085e-01  1.37625000e-08  1.19461362e-09  1.37625000e-08  1.19461362e-09 
 1.37675000e-08  0.00000000e+00  1.37675000e-08  3.52184891e-189  1.37675000e-08  4.58611757e-01  1.37675000e-08  1.19461362e-09  1.37675000e-08  1.19461362e-09 
 1.37725000e-08  0.00000000e+00  1.37725000e-08  2.40164063e-189  1.37725000e-08  4.58606439e-01  1.37725000e-08  1.19461362e-09  1.37725000e-08  1.19461362e-09 
 1.37775000e-08  0.00000000e+00  1.37775000e-08  1.63774139e-189  1.37775000e-08  4.58601129e-01  1.37775000e-08  1.19461362e-09  1.37775000e-08  1.19461362e-09 
 1.37825000e-08  0.00000000e+00  1.37825000e-08  1.11681857e-189  1.37825000e-08  4.58595829e-01  1.37825000e-08  1.19461362e-09  1.37825000e-08  1.19461362e-09 
 1.37875000e-08  0.00000000e+00  1.37875000e-08  7.61587713e-190  1.37875000e-08  4.58590538e-01  1.37875000e-08  1.19461362e-09  1.37875000e-08  1.19461362e-09 
 1.37925000e-08  0.00000000e+00  1.37925000e-08  5.19346526e-190  1.37925000e-08  4.58585256e-01  1.37925000e-08  1.19461362e-09  1.37925000e-08  1.19461362e-09 
 1.37975000e-08  0.00000000e+00  1.37975000e-08  3.54155942e-190  1.37975000e-08  4.58579983e-01  1.37975000e-08  1.19461362e-09  1.37975000e-08  1.19461362e-09 
 1.38025000e-08  0.00000000e+00  1.38025000e-08  2.41508174e-190  1.38025000e-08  4.58574720e-01  1.38025000e-08  1.19461362e-09  1.38025000e-08  1.19461362e-09 
 1.38075000e-08  0.00000000e+00  1.38075000e-08  1.64690723e-190  1.38075000e-08  4.58569465e-01  1.38075000e-08  1.19461362e-09  1.38075000e-08  1.19461362e-09 
 1.38125000e-08  0.00000000e+00  1.38125000e-08  1.12306900e-190  1.38125000e-08  4.58564220e-01  1.38125000e-08  1.19461362e-09  1.38125000e-08  1.19461362e-09 
 1.38175000e-08  0.00000000e+00  1.38175000e-08  7.65850043e-191  1.38175000e-08  4.58558984e-01  1.38175000e-08  1.19461362e-09  1.38175000e-08  1.19461362e-09 
 1.38225000e-08  0.00000000e+00  1.38225000e-08  5.22253120e-191  1.38225000e-08  4.58553756e-01  1.38225000e-08  1.19461362e-09  1.38225000e-08  1.19461362e-09 
 1.38275000e-08  0.00000000e+00  1.38275000e-08  3.56138024e-191  1.38275000e-08  4.58548538e-01  1.38275000e-08  1.19461362e-09  1.38275000e-08  1.19461362e-09 
 1.38325000e-08  0.00000000e+00  1.38325000e-08  2.42859808e-191  1.38325000e-08  4.58543329e-01  1.38325000e-08  1.19461362e-09  1.38325000e-08  1.19461362e-09 
 1.38375000e-08  0.00000000e+00  1.38375000e-08  1.65612438e-191  1.38375000e-08  4.58538129e-01  1.38375000e-08  1.19461362e-09  1.38375000e-08  1.19461362e-09 
 1.38425000e-08  0.00000000e+00  1.38425000e-08  1.12935441e-191  1.38425000e-08  4.58532938e-01  1.38425000e-08  1.19461362e-09  1.38425000e-08  1.19461362e-09 
 1.38475000e-08  0.00000000e+00  1.38475000e-08  7.70136228e-192  1.38475000e-08  4.58527755e-01  1.38475000e-08  1.19461362e-09  1.38475000e-08  1.19461362e-09 
 1.38525000e-08  0.00000000e+00  1.38525000e-08  5.25175981e-192  1.38525000e-08  4.58522582e-01  1.38525000e-08  1.19461362e-09  1.38525000e-08  1.19461362e-09 
 1.38575000e-08  0.00000000e+00  1.38575000e-08  3.58131200e-192  1.38575000e-08  4.58517417e-01  1.38575000e-08  1.19461362e-09  1.38575000e-08  1.19461362e-09 
 1.38625000e-08  0.00000000e+00  1.38625000e-08  2.44219006e-192  1.38625000e-08  4.58512262e-01  1.38625000e-08  1.19461362e-09  1.38625000e-08  1.19461362e-09 
 1.38675000e-08  0.00000000e+00  1.38675000e-08  1.66539310e-192  1.38675000e-08  4.58507115e-01  1.38675000e-08  1.19461362e-09  1.38675000e-08  1.19461362e-09 
 1.38725000e-08  0.00000000e+00  1.38725000e-08  1.13567499e-192  1.38725000e-08  4.58501977e-01  1.38725000e-08  1.19461362e-09  1.38725000e-08  1.19461362e-09 
 1.38775000e-08  0.00000000e+00  1.38775000e-08  7.74446401e-193  1.38775000e-08  4.58496847e-01  1.38775000e-08  1.19461362e-09  1.38775000e-08  1.19461362e-09 
 1.38825000e-08  0.00000000e+00  1.38825000e-08  5.28115200e-193  1.38825000e-08  4.58491727e-01  1.38825000e-08  1.19461362e-09  1.38825000e-08  1.19461362e-09 
 1.38875000e-08  0.00000000e+00  1.38875000e-08  3.60135530e-193  1.38875000e-08  4.58486615e-01  1.38875000e-08  1.19461362e-09  1.38875000e-08  1.19461362e-09 
 1.38925000e-08  0.00000000e+00  1.38925000e-08  2.45585811e-193  1.38925000e-08  4.58481512e-01  1.38925000e-08  1.19461362e-09  1.38925000e-08  1.19461362e-09 
 1.38975000e-08  0.00000000e+00  1.38975000e-08  1.67471370e-193  1.38975000e-08  4.58476418e-01  1.38975000e-08  1.19461362e-09  1.38975000e-08  1.19461362e-09 
 1.39025000e-08  0.00000000e+00  1.39025000e-08  1.14203096e-193  1.39025000e-08  4.58471332e-01  1.39025000e-08  1.19461362e-09  1.39025000e-08  1.19461362e-09 
 1.39075000e-08  0.00000000e+00  1.39075000e-08  7.78780696e-194  1.39075000e-08  4.58466255e-01  1.39075000e-08  1.19461362e-09  1.39075000e-08  1.19461362e-09 
 1.39125000e-08  0.00000000e+00  1.39125000e-08  5.31070869e-194  1.39125000e-08  4.58461187e-01  1.39125000e-08  1.19461362e-09  1.39125000e-08  1.19461362e-09 
 1.39175000e-08  0.00000000e+00  1.39175000e-08  3.62151078e-194  1.39175000e-08  4.58456128e-01  1.39175000e-08  1.19461362e-09  1.39175000e-08  1.19461362e-09 
 1.39225000e-08  0.00000000e+00  1.39225000e-08  2.46960266e-194  1.39225000e-08  4.58451076e-01  1.39225000e-08  1.19461362e-09  1.39225000e-08  1.19461362e-09 
 1.39275000e-08  0.00000000e+00  1.39275000e-08  1.68408647e-194  1.39275000e-08  4.58446034e-01  1.39275000e-08  1.19461362e-09  1.39275000e-08  1.19461362e-09 
 1.39325000e-08  0.00000000e+00  1.39325000e-08  1.14842249e-194  1.39325000e-08  4.58441000e-01  1.39325000e-08  1.19461362e-09  1.39325000e-08  1.19461362e-09 
 1.39375000e-08  0.00000000e+00  1.39375000e-08  7.83139249e-195  1.39375000e-08  4.58435974e-01  1.39375000e-08  1.19461362e-09  1.39375000e-08  1.19461362e-09 
 1.39425000e-08  0.00000000e+00  1.39425000e-08  5.34043080e-195  1.39425000e-08  4.58430958e-01  1.39425000e-08  1.19461362e-09  1.39425000e-08  1.19461362e-09 
 1.39475000e-08  0.00000000e+00  1.39475000e-08  3.64177906e-195  1.39475000e-08  4.58425949e-01  1.39475000e-08  1.19461362e-09  1.39475000e-08  1.19461362e-09 
 1.39525000e-08  0.00000000e+00  1.39525000e-08  2.48342413e-195  1.39525000e-08  4.58420949e-01  1.39525000e-08  1.19461362e-09  1.39525000e-08  1.19461362e-09 
 1.39575000e-08  0.00000000e+00  1.39575000e-08  1.69351169e-195  1.39575000e-08  4.58415958e-01  1.39575000e-08  1.19461362e-09  1.39575000e-08  1.19461362e-09 
 1.39625000e-08  0.00000000e+00  1.39625000e-08  1.15484979e-195  1.39625000e-08  4.58410974e-01  1.39625000e-08  1.19461362e-09  1.39625000e-08  1.19461362e-09 
 1.39675000e-08  0.00000000e+00  1.39675000e-08  7.87522195e-196  1.39675000e-08  4.58406000e-01  1.39675000e-08  1.19461362e-09  1.39675000e-08  1.19461362e-09 
 1.39725000e-08  0.00000000e+00  1.39725000e-08  5.37031925e-196  1.39725000e-08  4.58401033e-01  1.39725000e-08  1.19461362e-09  1.39725000e-08  1.19461362e-09 
 1.39775000e-08  0.00000000e+00  1.39775000e-08  3.66216077e-196  1.39775000e-08  4.58396075e-01  1.39775000e-08  1.19461362e-09  1.39775000e-08  1.19461362e-09 
 1.39825000e-08  0.00000000e+00  1.39825000e-08  2.49732295e-196  1.39825000e-08  4.58391126e-01  1.39825000e-08  1.19461362e-09  1.39825000e-08  1.19461362e-09 
 1.39875000e-08  0.00000000e+00  1.39875000e-08  1.70298966e-196  1.39875000e-08  4.58386184e-01  1.39875000e-08  1.19461362e-09  1.39875000e-08  1.19461362e-09 
 1.39925000e-08  0.00000000e+00  1.39925000e-08  1.16131307e-196  1.39925000e-08  4.58381251e-01  1.39925000e-08  1.19461362e-09  1.39925000e-08  1.19461362e-09 
 1.39975000e-08  0.00000000e+00  1.39975000e-08  7.91929670e-197  1.39975000e-08  4.58376327e-01  1.39975000e-08  1.19461362e-09  1.39975000e-08  1.19461362e-09 
 1.40000000e-08  0.00000000e+00  1.40000000e-08  6.55103365e-197  1.40000000e-08  4.58373867e-01  1.40000000e-08  1.19461362e-09  1.40000000e-08  1.19461362e-09 
