 0.00000000e+00  0.00000000e+00  0.00000000e+00  0.00000000e+00  0.00000000e+00  0.00000000e+00  0.00000000e+00  2.38922706e-09 
 5.00000000e-14  0.00000000e+00  5.00000000e-14  0.00000000e+00  5.00000000e-14  0.00000000e+00  5.00000000e-14  2.38922706e-09 
 1.00000000e-13  0.00000000e+00  1.00000000e-13  0.00000000e+00  1.00000000e-13  0.00000000e+00  1.00000000e-13  2.38922706e-09 
 2.00000000e-13  0.00000000e+00  2.00000000e-13  0.00000000e+00  2.00000000e-13  0.00000000e+00  2.00000000e-13  2.38922707e-09 
 4.00000000e-13  0.00000000e+00  4.00000000e-13  0.00000000e+00  4.00000000e-13  0.00000000e+00  4.00000000e-13  2.38922707e-09 
 8.00000000e-13  0.00000000e+00  8.00000000e-13  0.00000000e+00  8.00000000e-13  0.00000000e+00  8.00000000e-13  2.38922707e-09 
 1.60000000e-12  0.00000000e+00  1.60000000e-12  0.00000000e+00  1.60000000e-12  0.00000000e+00  1.60000000e-12  2.38922708e-09 
 3.20000000e-12  0.00000000e+00  3.20000000e-12  0.00000000e+00  3.20000000e-12  0.00000000e+00  3.20000000e-12  2.38922710e-09 
 6.40000000e-12  0.00000000e+00  6.40000000e-12  0.00000000e+00  6.40000000e-12  0.00000000e+00  6.40000000e-12  2.38922713e-09 
 1.14000000e-11  0.00000000e+00  1.14000000e-11  0.00000000e+00  1.14000000e-11  0.00000000e+00  1.14000000e-11  2.38922716e-09 
 1.64000000e-11  0.00000000e+00  1.64000000e-11  0.00000000e+00  1.64000000e-11  0.00000000e+00  1.64000000e-11  2.38922718e-09 
 2.14000000e-11  0.00000000e+00  2.14000000e-11  0.00000000e+00  2.14000000e-11  0.00000000e+00  2.14000000e-11  2.38922720e-09 
 2.64000000e-11  0.00000000e+00  2.64000000e-11  0.00000000e+00  2.64000000e-11  0.00000000e+00  2.64000000e-11  2.38922721e-09 
 3.14000000e-11  0.00000000e+00  3.14000000e-11  0.00000000e+00  3.14000000e-11  0.00000000e+00  3.14000000e-11  2.38922722e-09 
 3.64000000e-11  0.00000000e+00  3.64000000e-11  0.00000000e+00  3.64000000e-11  0.00000000e+00  3.64000000e-11  2.38922722e-09 
 4.14000000e-11  0.00000000e+00  4.14000000e-11  0.00000000e+00  4.14000000e-11  0.00000000e+00  4.14000000e-11  2.38922722e-09 
 4.64000000e-11  0.00000000e+00  4.64000000e-11  0.00000000e+00  4.64000000e-11  0.00000000e+00  4.64000000e-11  2.38922723e-09 
 5.14000000e-11  0.00000000e+00  5.14000000e-11  0.00000000e+00  5.14000000e-11  0.00000000e+00  5.14000000e-11  2.38922723e-09 
 5.64000000e-11  0.00000000e+00  5.64000000e-11  0.00000000e+00  5.64000000e-11  0.00000000e+00  5.64000000e-11  2.38922723e-09 
 6.14000000e-11  0.00000000e+00  6.14000000e-11  0.00000000e+00  6.14000000e-11  0.00000000e+00  6.14000000e-11  2.38922723e-09 
 6.64000000e-11  0.00000000e+00  6.64000000e-11  0.00000000e+00  6.64000000e-11  0.00000000e+00  6.64000000e-11  2.38922723e-09 
 7.14000000e-11  0.00000000e+00  7.14000000e-11  0.00000000e+00  7.14000000e-11  0.00000000e+00  7.14000000e-11  2.38922723e-09 
 7.64000000e-11  0.00000000e+00  7.64000000e-11  0.00000000e+00  7.64000000e-11  0.00000000e+00  7.64000000e-11  2.38922723e-09 
 8.14000000e-11  0.00000000e+00  8.14000000e-11  0.00000000e+00  8.14000000e-11  0.00000000e+00  8.14000000e-11  2.38922723e-09 
 8.64000000e-11  0.00000000e+00  8.64000000e-11  0.00000000e+00  8.64000000e-11  0.00000000e+00  8.64000000e-11  2.38922723e-09 
 9.14000000e-11  0.00000000e+00  9.14000000e-11  0.00000000e+00  9.14000000e-11  0.00000000e+00  9.14000000e-11  2.38922723e-09 
 9.64000000e-11  0.00000000e+00  9.64000000e-11  0.00000000e+00  9.64000000e-11  0.00000000e+00  9.64000000e-11  2.38922723e-09 
 1.01400000e-10  0.00000000e+00  1.01400000e-10  0.00000000e+00  1.01400000e-10  0.00000000e+00  1.01400000e-10  2.38922723e-09 
 1.06400000e-10  0.00000000e+00  1.06400000e-10  0.00000000e+00  1.06400000e-10  0.00000000e+00  1.06400000e-10  2.38922723e-09 
 1.11400000e-10  0.00000000e+00  1.11400000e-10  0.00000000e+00  1.11400000e-10  0.00000000e+00  1.11400000e-10  2.38922723e-09 
 1.16400000e-10  0.00000000e+00  1.16400000e-10  0.00000000e+00  1.16400000e-10  0.00000000e+00  1.16400000e-10  2.38922723e-09 
 1.21400000e-10  0.00000000e+00  1.21400000e-10  0.00000000e+00  1.21400000e-10  0.00000000e+00  1.21400000e-10  2.38922723e-09 
 1.26400000e-10  0.00000000e+00  1.26400000e-10  0.00000000e+00  1.26400000e-10  0.00000000e+00  1.26400000e-10  2.38922723e-09 
 1.31400000e-10  0.00000000e+00  1.31400000e-10  0.00000000e+00  1.31400000e-10  0.00000000e+00  1.31400000e-10  2.38922723e-09 
 1.36400000e-10  0.00000000e+00  1.36400000e-10  0.00000000e+00  1.36400000e-10  0.00000000e+00  1.36400000e-10  2.38922723e-09 
 1.41400000e-10  0.00000000e+00  1.41400000e-10  0.00000000e+00  1.41400000e-10  0.00000000e+00  1.41400000e-10  2.38922723e-09 
 1.46400000e-10  0.00000000e+00  1.46400000e-10  0.00000000e+00  1.46400000e-10  0.00000000e+00  1.46400000e-10  2.38922723e-09 
 1.51400000e-10  0.00000000e+00  1.51400000e-10  0.00000000e+00  1.51400000e-10  0.00000000e+00  1.51400000e-10  2.38922723e-09 
 1.56400000e-10  0.00000000e+00  1.56400000e-10  0.00000000e+00  1.56400000e-10  0.00000000e+00  1.56400000e-10  2.38922723e-09 
 1.61400000e-10  0.00000000e+00  1.61400000e-10  0.00000000e+00  1.61400000e-10  0.00000000e+00  1.61400000e-10  2.38922723e-09 
 1.66400000e-10  0.00000000e+00  1.66400000e-10  0.00000000e+00  1.66400000e-10  0.00000000e+00  1.66400000e-10  2.38922723e-09 
 1.71400000e-10  0.00000000e+00  1.71400000e-10  0.00000000e+00  1.71400000e-10  0.00000000e+00  1.71400000e-10  2.38922723e-09 
 1.76400000e-10  0.00000000e+00  1.76400000e-10  0.00000000e+00  1.76400000e-10  0.00000000e+00  1.76400000e-10  2.38922723e-09 
 1.81400000e-10  0.00000000e+00  1.81400000e-10  0.00000000e+00  1.81400000e-10  0.00000000e+00  1.81400000e-10  2.38922723e-09 
 1.86400000e-10  0.00000000e+00  1.86400000e-10  0.00000000e+00  1.86400000e-10  0.00000000e+00  1.86400000e-10  2.38922723e-09 
 1.91400000e-10  0.00000000e+00  1.91400000e-10  0.00000000e+00  1.91400000e-10  0.00000000e+00  1.91400000e-10  2.38922723e-09 
 1.96400000e-10  0.00000000e+00  1.96400000e-10  0.00000000e+00  1.96400000e-10  0.00000000e+00  1.96400000e-10  2.38922723e-09 
 2.01400000e-10  0.00000000e+00  2.01400000e-10  0.00000000e+00  2.01400000e-10  0.00000000e+00  2.01400000e-10  2.38922723e-09 
 2.06400000e-10  0.00000000e+00  2.06400000e-10  0.00000000e+00  2.06400000e-10  0.00000000e+00  2.06400000e-10  2.38922723e-09 
 2.11400000e-10  0.00000000e+00  2.11400000e-10  0.00000000e+00  2.11400000e-10  0.00000000e+00  2.11400000e-10  2.38922723e-09 
 2.16400000e-10  0.00000000e+00  2.16400000e-10  0.00000000e+00  2.16400000e-10  0.00000000e+00  2.16400000e-10  2.38922723e-09 
 2.21400000e-10  0.00000000e+00  2.21400000e-10  0.00000000e+00  2.21400000e-10  0.00000000e+00  2.21400000e-10  2.38922723e-09 
 2.26400000e-10  0.00000000e+00  2.26400000e-10  0.00000000e+00  2.26400000e-10  0.00000000e+00  2.26400000e-10  2.38922723e-09 
 2.31400000e-10  0.00000000e+00  2.31400000e-10  0.00000000e+00  2.31400000e-10  0.00000000e+00  2.31400000e-10  2.38922723e-09 
 2.36400000e-10  0.00000000e+00  2.36400000e-10  0.00000000e+00  2.36400000e-10  0.00000000e+00  2.36400000e-10  2.38922723e-09 
 2.41400000e-10  0.00000000e+00  2.41400000e-10  0.00000000e+00  2.41400000e-10  0.00000000e+00  2.41400000e-10  2.38922723e-09 
 2.46400000e-10  0.00000000e+00  2.46400000e-10  0.00000000e+00  2.46400000e-10  0.00000000e+00  2.46400000e-10  2.38922723e-09 
 2.51400000e-10  0.00000000e+00  2.51400000e-10  0.00000000e+00  2.51400000e-10  0.00000000e+00  2.51400000e-10  2.38922723e-09 
 2.56400000e-10  0.00000000e+00  2.56400000e-10  0.00000000e+00  2.56400000e-10  0.00000000e+00  2.56400000e-10  2.38922723e-09 
 2.61400000e-10  0.00000000e+00  2.61400000e-10  0.00000000e+00  2.61400000e-10  0.00000000e+00  2.61400000e-10  2.38922723e-09 
 2.66400000e-10  0.00000000e+00  2.66400000e-10  0.00000000e+00  2.66400000e-10  0.00000000e+00  2.66400000e-10  2.38922723e-09 
 2.71400000e-10  0.00000000e+00  2.71400000e-10  0.00000000e+00  2.71400000e-10  0.00000000e+00  2.71400000e-10  2.38922723e-09 
 2.76400000e-10  0.00000000e+00  2.76400000e-10  0.00000000e+00  2.76400000e-10  0.00000000e+00  2.76400000e-10  2.38922723e-09 
 2.81400000e-10  0.00000000e+00  2.81400000e-10  0.00000000e+00  2.81400000e-10  0.00000000e+00  2.81400000e-10  2.38922723e-09 
 2.86400000e-10  0.00000000e+00  2.86400000e-10  0.00000000e+00  2.86400000e-10  0.00000000e+00  2.86400000e-10  2.38922723e-09 
 2.91400000e-10  0.00000000e+00  2.91400000e-10  0.00000000e+00  2.91400000e-10  0.00000000e+00  2.91400000e-10  2.38922723e-09 
 2.96400000e-10  0.00000000e+00  2.96400000e-10  0.00000000e+00  2.96400000e-10  0.00000000e+00  2.96400000e-10  2.38922723e-09 
 3.01400000e-10  0.00000000e+00  3.01400000e-10  0.00000000e+00  3.01400000e-10  0.00000000e+00  3.01400000e-10  2.38922723e-09 
 3.06400000e-10  0.00000000e+00  3.06400000e-10  0.00000000e+00  3.06400000e-10  0.00000000e+00  3.06400000e-10  2.38922723e-09 
 3.11400000e-10  0.00000000e+00  3.11400000e-10  0.00000000e+00  3.11400000e-10  0.00000000e+00  3.11400000e-10  2.38922723e-09 
 3.16400000e-10  0.00000000e+00  3.16400000e-10  0.00000000e+00  3.16400000e-10  0.00000000e+00  3.16400000e-10  2.38922723e-09 
 3.21400000e-10  0.00000000e+00  3.21400000e-10  0.00000000e+00  3.21400000e-10  0.00000000e+00  3.21400000e-10  2.38922723e-09 
 3.26400000e-10  0.00000000e+00  3.26400000e-10  0.00000000e+00  3.26400000e-10  0.00000000e+00  3.26400000e-10  2.38922723e-09 
 3.31400000e-10  0.00000000e+00  3.31400000e-10  0.00000000e+00  3.31400000e-10  0.00000000e+00  3.31400000e-10  2.38922723e-09 
 3.36400000e-10  0.00000000e+00  3.36400000e-10  0.00000000e+00  3.36400000e-10  0.00000000e+00  3.36400000e-10  2.38922723e-09 
 3.41400000e-10  0.00000000e+00  3.41400000e-10  0.00000000e+00  3.41400000e-10  0.00000000e+00  3.41400000e-10  2.38922723e-09 
 3.46400000e-10  0.00000000e+00  3.46400000e-10  0.00000000e+00  3.46400000e-10  0.00000000e+00  3.46400000e-10  2.38922723e-09 
 3.51400000e-10  0.00000000e+00  3.51400000e-10  0.00000000e+00  3.51400000e-10  0.00000000e+00  3.51400000e-10  2.38922723e-09 
 3.56400000e-10  0.00000000e+00  3.56400000e-10  0.00000000e+00  3.56400000e-10  0.00000000e+00  3.56400000e-10  2.38922723e-09 
 3.61400000e-10  0.00000000e+00  3.61400000e-10  0.00000000e+00  3.61400000e-10  0.00000000e+00  3.61400000e-10  2.38922723e-09 
 3.66400000e-10  0.00000000e+00  3.66400000e-10  0.00000000e+00  3.66400000e-10  0.00000000e+00  3.66400000e-10  2.38922723e-09 
 3.71400000e-10  0.00000000e+00  3.71400000e-10  0.00000000e+00  3.71400000e-10  0.00000000e+00  3.71400000e-10  2.38922723e-09 
 3.76400000e-10  0.00000000e+00  3.76400000e-10  0.00000000e+00  3.76400000e-10  0.00000000e+00  3.76400000e-10  2.38922723e-09 
 3.81400000e-10  0.00000000e+00  3.81400000e-10  0.00000000e+00  3.81400000e-10  0.00000000e+00  3.81400000e-10  2.38922723e-09 
 3.86400000e-10  0.00000000e+00  3.86400000e-10  0.00000000e+00  3.86400000e-10  0.00000000e+00  3.86400000e-10  2.38922723e-09 
 3.91400000e-10  0.00000000e+00  3.91400000e-10  0.00000000e+00  3.91400000e-10  0.00000000e+00  3.91400000e-10  2.38922723e-09 
 3.96400000e-10  0.00000000e+00  3.96400000e-10  0.00000000e+00  3.96400000e-10  0.00000000e+00  3.96400000e-10  2.38922723e-09 
 4.01400000e-10  0.00000000e+00  4.01400000e-10  0.00000000e+00  4.01400000e-10  0.00000000e+00  4.01400000e-10  2.38922723e-09 
 4.06400000e-10  0.00000000e+00  4.06400000e-10  0.00000000e+00  4.06400000e-10  0.00000000e+00  4.06400000e-10  2.38922723e-09 
 4.11400000e-10  0.00000000e+00  4.11400000e-10  0.00000000e+00  4.11400000e-10  0.00000000e+00  4.11400000e-10  2.38922723e-09 
 4.16400000e-10  0.00000000e+00  4.16400000e-10  0.00000000e+00  4.16400000e-10  0.00000000e+00  4.16400000e-10  2.38922723e-09 
 4.21400000e-10  0.00000000e+00  4.21400000e-10  0.00000000e+00  4.21400000e-10  0.00000000e+00  4.21400000e-10  2.38922723e-09 
 4.26400000e-10  0.00000000e+00  4.26400000e-10  0.00000000e+00  4.26400000e-10  0.00000000e+00  4.26400000e-10  2.38922723e-09 
 4.31400000e-10  0.00000000e+00  4.31400000e-10  0.00000000e+00  4.31400000e-10  0.00000000e+00  4.31400000e-10  2.38922723e-09 
 4.36400000e-10  0.00000000e+00  4.36400000e-10  0.00000000e+00  4.36400000e-10  0.00000000e+00  4.36400000e-10  2.38922723e-09 
 4.41400000e-10  0.00000000e+00  4.41400000e-10  0.00000000e+00  4.41400000e-10  0.00000000e+00  4.41400000e-10  2.38922723e-09 
 4.46400000e-10  0.00000000e+00  4.46400000e-10  0.00000000e+00  4.46400000e-10  0.00000000e+00  4.46400000e-10  2.38922723e-09 
 4.51400000e-10  0.00000000e+00  4.51400000e-10  0.00000000e+00  4.51400000e-10  0.00000000e+00  4.51400000e-10  2.38922723e-09 
 4.56400000e-10  0.00000000e+00  4.56400000e-10  0.00000000e+00  4.56400000e-10  0.00000000e+00  4.56400000e-10  2.38922723e-09 
 4.61400000e-10  0.00000000e+00  4.61400000e-10  0.00000000e+00  4.61400000e-10  0.00000000e+00  4.61400000e-10  2.38922723e-09 
 4.66400000e-10  0.00000000e+00  4.66400000e-10  0.00000000e+00  4.66400000e-10  0.00000000e+00  4.66400000e-10  2.38922723e-09 
 4.71400000e-10  0.00000000e+00  4.71400000e-10  0.00000000e+00  4.71400000e-10  0.00000000e+00  4.71400000e-10  2.38922723e-09 
 4.76400000e-10  0.00000000e+00  4.76400000e-10  0.00000000e+00  4.76400000e-10  0.00000000e+00  4.76400000e-10  2.38922723e-09 
 4.81400000e-10  0.00000000e+00  4.81400000e-10  0.00000000e+00  4.81400000e-10  0.00000000e+00  4.81400000e-10  2.38922723e-09 
 4.86400000e-10  0.00000000e+00  4.86400000e-10  0.00000000e+00  4.86400000e-10  0.00000000e+00  4.86400000e-10  2.38922723e-09 
 4.91400000e-10  0.00000000e+00  4.91400000e-10  0.00000000e+00  4.91400000e-10  0.00000000e+00  4.91400000e-10  2.38922723e-09 
 4.96400000e-10  0.00000000e+00  4.96400000e-10  0.00000000e+00  4.96400000e-10  0.00000000e+00  4.96400000e-10  2.38922723e-09 
 5.01400000e-10  0.00000000e+00  5.01400000e-10  0.00000000e+00  5.01400000e-10  0.00000000e+00  5.01400000e-10  2.38922723e-09 
 5.06400000e-10  0.00000000e+00  5.06400000e-10  0.00000000e+00  5.06400000e-10  0.00000000e+00  5.06400000e-10  2.38922723e-09 
 5.11400000e-10  0.00000000e+00  5.11400000e-10  0.00000000e+00  5.11400000e-10  0.00000000e+00  5.11400000e-10  2.38922723e-09 
 5.16400000e-10  0.00000000e+00  5.16400000e-10  0.00000000e+00  5.16400000e-10  0.00000000e+00  5.16400000e-10  2.38922723e-09 
 5.21400000e-10  0.00000000e+00  5.21400000e-10  0.00000000e+00  5.21400000e-10  0.00000000e+00  5.21400000e-10  2.38922723e-09 
 5.26400000e-10  0.00000000e+00  5.26400000e-10  0.00000000e+00  5.26400000e-10  0.00000000e+00  5.26400000e-10  2.38922723e-09 
 5.31400000e-10  0.00000000e+00  5.31400000e-10  0.00000000e+00  5.31400000e-10  0.00000000e+00  5.31400000e-10  2.38922723e-09 
 5.36400000e-10  0.00000000e+00  5.36400000e-10  0.00000000e+00  5.36400000e-10  0.00000000e+00  5.36400000e-10  2.38922723e-09 
 5.41400000e-10  0.00000000e+00  5.41400000e-10  0.00000000e+00  5.41400000e-10  0.00000000e+00  5.41400000e-10  2.38922723e-09 
 5.46400000e-10  0.00000000e+00  5.46400000e-10  0.00000000e+00  5.46400000e-10  0.00000000e+00  5.46400000e-10  2.38922723e-09 
 5.51400000e-10  0.00000000e+00  5.51400000e-10  0.00000000e+00  5.51400000e-10  0.00000000e+00  5.51400000e-10  2.38922723e-09 
 5.56400000e-10  0.00000000e+00  5.56400000e-10  0.00000000e+00  5.56400000e-10  0.00000000e+00  5.56400000e-10  2.38922723e-09 
 5.61400000e-10  0.00000000e+00  5.61400000e-10  0.00000000e+00  5.61400000e-10  0.00000000e+00  5.61400000e-10  2.38922723e-09 
 5.66400000e-10  0.00000000e+00  5.66400000e-10  0.00000000e+00  5.66400000e-10  0.00000000e+00  5.66400000e-10  2.38922723e-09 
 5.71400000e-10  0.00000000e+00  5.71400000e-10  0.00000000e+00  5.71400000e-10  0.00000000e+00  5.71400000e-10  2.38922723e-09 
 5.76400000e-10  0.00000000e+00  5.76400000e-10  0.00000000e+00  5.76400000e-10  0.00000000e+00  5.76400000e-10  2.38922723e-09 
 5.81400000e-10  0.00000000e+00  5.81400000e-10  0.00000000e+00  5.81400000e-10  0.00000000e+00  5.81400000e-10  2.38922723e-09 
 5.86400000e-10  0.00000000e+00  5.86400000e-10  0.00000000e+00  5.86400000e-10  0.00000000e+00  5.86400000e-10  2.38922723e-09 
 5.91400000e-10  0.00000000e+00  5.91400000e-10  0.00000000e+00  5.91400000e-10  0.00000000e+00  5.91400000e-10  2.38922723e-09 
 5.96400000e-10  0.00000000e+00  5.96400000e-10  0.00000000e+00  5.96400000e-10  0.00000000e+00  5.96400000e-10  2.38922723e-09 
 6.01400000e-10  0.00000000e+00  6.01400000e-10  0.00000000e+00  6.01400000e-10  0.00000000e+00  6.01400000e-10  2.38922723e-09 
 6.06400000e-10  0.00000000e+00  6.06400000e-10  0.00000000e+00  6.06400000e-10  0.00000000e+00  6.06400000e-10  2.38922723e-09 
 6.11400000e-10  0.00000000e+00  6.11400000e-10  0.00000000e+00  6.11400000e-10  0.00000000e+00  6.11400000e-10  2.38922723e-09 
 6.16400000e-10  0.00000000e+00  6.16400000e-10  0.00000000e+00  6.16400000e-10  0.00000000e+00  6.16400000e-10  2.38922723e-09 
 6.21400000e-10  0.00000000e+00  6.21400000e-10  0.00000000e+00  6.21400000e-10  0.00000000e+00  6.21400000e-10  2.38922723e-09 
 6.26400000e-10  0.00000000e+00  6.26400000e-10  0.00000000e+00  6.26400000e-10  0.00000000e+00  6.26400000e-10  2.38922723e-09 
 6.31400000e-10  0.00000000e+00  6.31400000e-10  0.00000000e+00  6.31400000e-10  0.00000000e+00  6.31400000e-10  2.38922723e-09 
 6.36400000e-10  0.00000000e+00  6.36400000e-10  0.00000000e+00  6.36400000e-10  0.00000000e+00  6.36400000e-10  2.38922723e-09 
 6.41400000e-10  0.00000000e+00  6.41400000e-10  0.00000000e+00  6.41400000e-10  0.00000000e+00  6.41400000e-10  2.38922723e-09 
 6.46400000e-10  0.00000000e+00  6.46400000e-10  0.00000000e+00  6.46400000e-10  0.00000000e+00  6.46400000e-10  2.38922723e-09 
 6.51400000e-10  0.00000000e+00  6.51400000e-10  0.00000000e+00  6.51400000e-10  0.00000000e+00  6.51400000e-10  2.38922723e-09 
 6.56400000e-10  0.00000000e+00  6.56400000e-10  0.00000000e+00  6.56400000e-10  0.00000000e+00  6.56400000e-10  2.38922723e-09 
 6.61400000e-10  0.00000000e+00  6.61400000e-10  0.00000000e+00  6.61400000e-10  0.00000000e+00  6.61400000e-10  2.38922723e-09 
 6.66400000e-10  0.00000000e+00  6.66400000e-10  0.00000000e+00  6.66400000e-10  0.00000000e+00  6.66400000e-10  2.38922723e-09 
 6.71400000e-10  0.00000000e+00  6.71400000e-10  0.00000000e+00  6.71400000e-10  0.00000000e+00  6.71400000e-10  2.38922723e-09 
 6.76400000e-10  0.00000000e+00  6.76400000e-10  0.00000000e+00  6.76400000e-10  0.00000000e+00  6.76400000e-10  2.38922723e-09 
 6.81400000e-10  0.00000000e+00  6.81400000e-10  0.00000000e+00  6.81400000e-10  0.00000000e+00  6.81400000e-10  2.38922723e-09 
 6.86400000e-10  0.00000000e+00  6.86400000e-10  0.00000000e+00  6.86400000e-10  0.00000000e+00  6.86400000e-10  2.38922723e-09 
 6.91400000e-10  0.00000000e+00  6.91400000e-10  0.00000000e+00  6.91400000e-10  0.00000000e+00  6.91400000e-10  2.38922723e-09 
 6.96400000e-10  0.00000000e+00  6.96400000e-10  0.00000000e+00  6.96400000e-10  0.00000000e+00  6.96400000e-10  2.38922723e-09 
 7.01400000e-10  0.00000000e+00  7.01400000e-10  0.00000000e+00  7.01400000e-10  0.00000000e+00  7.01400000e-10  2.38922723e-09 
 7.06400000e-10  0.00000000e+00  7.06400000e-10  0.00000000e+00  7.06400000e-10  0.00000000e+00  7.06400000e-10  2.38922723e-09 
 7.11400000e-10  0.00000000e+00  7.11400000e-10  0.00000000e+00  7.11400000e-10  0.00000000e+00  7.11400000e-10  2.38922723e-09 
 7.16400000e-10  0.00000000e+00  7.16400000e-10  0.00000000e+00  7.16400000e-10  0.00000000e+00  7.16400000e-10  2.38922723e-09 
 7.21400000e-10  0.00000000e+00  7.21400000e-10  0.00000000e+00  7.21400000e-10  0.00000000e+00  7.21400000e-10  2.38922723e-09 
 7.26400000e-10  0.00000000e+00  7.26400000e-10  0.00000000e+00  7.26400000e-10  0.00000000e+00  7.26400000e-10  2.38922723e-09 
 7.31400000e-10  0.00000000e+00  7.31400000e-10  0.00000000e+00  7.31400000e-10  0.00000000e+00  7.31400000e-10  2.38922723e-09 
 7.36400000e-10  0.00000000e+00  7.36400000e-10  0.00000000e+00  7.36400000e-10  0.00000000e+00  7.36400000e-10  2.38922723e-09 
 7.41400000e-10  0.00000000e+00  7.41400000e-10  0.00000000e+00  7.41400000e-10  0.00000000e+00  7.41400000e-10  2.38922723e-09 
 7.46400000e-10  0.00000000e+00  7.46400000e-10  0.00000000e+00  7.46400000e-10  0.00000000e+00  7.46400000e-10  2.38922723e-09 
 7.51400000e-10  0.00000000e+00  7.51400000e-10  0.00000000e+00  7.51400000e-10  0.00000000e+00  7.51400000e-10  2.38922723e-09 
 7.56400000e-10  0.00000000e+00  7.56400000e-10  0.00000000e+00  7.56400000e-10  0.00000000e+00  7.56400000e-10  2.38922723e-09 
 7.61400000e-10  0.00000000e+00  7.61400000e-10  0.00000000e+00  7.61400000e-10  0.00000000e+00  7.61400000e-10  2.38922723e-09 
 7.66400000e-10  0.00000000e+00  7.66400000e-10  0.00000000e+00  7.66400000e-10  0.00000000e+00  7.66400000e-10  2.38922723e-09 
 7.71400000e-10  0.00000000e+00  7.71400000e-10  0.00000000e+00  7.71400000e-10  0.00000000e+00  7.71400000e-10  2.38922723e-09 
 7.76400000e-10  0.00000000e+00  7.76400000e-10  0.00000000e+00  7.76400000e-10  0.00000000e+00  7.76400000e-10  2.38922723e-09 
 7.81400000e-10  0.00000000e+00  7.81400000e-10  0.00000000e+00  7.81400000e-10  0.00000000e+00  7.81400000e-10  2.38922723e-09 
 7.86400000e-10  0.00000000e+00  7.86400000e-10  0.00000000e+00  7.86400000e-10  0.00000000e+00  7.86400000e-10  2.38922723e-09 
 7.91400000e-10  0.00000000e+00  7.91400000e-10  0.00000000e+00  7.91400000e-10  0.00000000e+00  7.91400000e-10  2.38922723e-09 
 7.96400000e-10  0.00000000e+00  7.96400000e-10  0.00000000e+00  7.96400000e-10  0.00000000e+00  7.96400000e-10  2.38922723e-09 
 8.01400000e-10  0.00000000e+00  8.01400000e-10  0.00000000e+00  8.01400000e-10  0.00000000e+00  8.01400000e-10  2.38922723e-09 
 8.06400000e-10  0.00000000e+00  8.06400000e-10  0.00000000e+00  8.06400000e-10  0.00000000e+00  8.06400000e-10  2.38922723e-09 
 8.11400000e-10  0.00000000e+00  8.11400000e-10  0.00000000e+00  8.11400000e-10  0.00000000e+00  8.11400000e-10  2.38922723e-09 
 8.16400000e-10  0.00000000e+00  8.16400000e-10  0.00000000e+00  8.16400000e-10  0.00000000e+00  8.16400000e-10  2.38922723e-09 
 8.21400000e-10  0.00000000e+00  8.21400000e-10  0.00000000e+00  8.21400000e-10  0.00000000e+00  8.21400000e-10  2.38922723e-09 
 8.26400000e-10  0.00000000e+00  8.26400000e-10  0.00000000e+00  8.26400000e-10  0.00000000e+00  8.26400000e-10  2.38922723e-09 
 8.31400000e-10  0.00000000e+00  8.31400000e-10  0.00000000e+00  8.31400000e-10  0.00000000e+00  8.31400000e-10  2.38922723e-09 
 8.36400000e-10  0.00000000e+00  8.36400000e-10  0.00000000e+00  8.36400000e-10  0.00000000e+00  8.36400000e-10  2.38922723e-09 
 8.41400000e-10  0.00000000e+00  8.41400000e-10  0.00000000e+00  8.41400000e-10  0.00000000e+00  8.41400000e-10  2.38922723e-09 
 8.46400000e-10  0.00000000e+00  8.46400000e-10  0.00000000e+00  8.46400000e-10  0.00000000e+00  8.46400000e-10  2.38922723e-09 
 8.51400000e-10  0.00000000e+00  8.51400000e-10  0.00000000e+00  8.51400000e-10  0.00000000e+00  8.51400000e-10  2.38922723e-09 
 8.56400000e-10  0.00000000e+00  8.56400000e-10  0.00000000e+00  8.56400000e-10  0.00000000e+00  8.56400000e-10  2.38922723e-09 
 8.61400000e-10  0.00000000e+00  8.61400000e-10  0.00000000e+00  8.61400000e-10  0.00000000e+00  8.61400000e-10  2.38922723e-09 
 8.66400000e-10  0.00000000e+00  8.66400000e-10  0.00000000e+00  8.66400000e-10  0.00000000e+00  8.66400000e-10  2.38922723e-09 
 8.71400000e-10  0.00000000e+00  8.71400000e-10  0.00000000e+00  8.71400000e-10  0.00000000e+00  8.71400000e-10  2.38922723e-09 
 8.76400000e-10  0.00000000e+00  8.76400000e-10  0.00000000e+00  8.76400000e-10  0.00000000e+00  8.76400000e-10  2.38922723e-09 
 8.81400000e-10  0.00000000e+00  8.81400000e-10  0.00000000e+00  8.81400000e-10  0.00000000e+00  8.81400000e-10  2.38922723e-09 
 8.86400000e-10  0.00000000e+00  8.86400000e-10  0.00000000e+00  8.86400000e-10  0.00000000e+00  8.86400000e-10  2.38922723e-09 
 8.91400000e-10  0.00000000e+00  8.91400000e-10  0.00000000e+00  8.91400000e-10  0.00000000e+00  8.91400000e-10  2.38922723e-09 
 8.96400000e-10  0.00000000e+00  8.96400000e-10  0.00000000e+00  8.96400000e-10  0.00000000e+00  8.96400000e-10  2.38922723e-09 
 9.01400000e-10  0.00000000e+00  9.01400000e-10  0.00000000e+00  9.01400000e-10  0.00000000e+00  9.01400000e-10  2.38922723e-09 
 9.06400000e-10  0.00000000e+00  9.06400000e-10  0.00000000e+00  9.06400000e-10  0.00000000e+00  9.06400000e-10  2.38922723e-09 
 9.11400000e-10  0.00000000e+00  9.11400000e-10  0.00000000e+00  9.11400000e-10  0.00000000e+00  9.11400000e-10  2.38922723e-09 
 9.16400000e-10  0.00000000e+00  9.16400000e-10  0.00000000e+00  9.16400000e-10  0.00000000e+00  9.16400000e-10  2.38922723e-09 
 9.21400000e-10  0.00000000e+00  9.21400000e-10  0.00000000e+00  9.21400000e-10  0.00000000e+00  9.21400000e-10  2.38922723e-09 
 9.26400000e-10  0.00000000e+00  9.26400000e-10  0.00000000e+00  9.26400000e-10  0.00000000e+00  9.26400000e-10  2.38922723e-09 
 9.31400000e-10  0.00000000e+00  9.31400000e-10  0.00000000e+00  9.31400000e-10  0.00000000e+00  9.31400000e-10  2.38922723e-09 
 9.36400000e-10  0.00000000e+00  9.36400000e-10  0.00000000e+00  9.36400000e-10  0.00000000e+00  9.36400000e-10  2.38922723e-09 
 9.41400000e-10  0.00000000e+00  9.41400000e-10  0.00000000e+00  9.41400000e-10  0.00000000e+00  9.41400000e-10  2.38922723e-09 
 9.46400000e-10  0.00000000e+00  9.46400000e-10  0.00000000e+00  9.46400000e-10  0.00000000e+00  9.46400000e-10  2.38922723e-09 
 9.51400000e-10  0.00000000e+00  9.51400000e-10  0.00000000e+00  9.51400000e-10  0.00000000e+00  9.51400000e-10  2.38922723e-09 
 9.56400000e-10  0.00000000e+00  9.56400000e-10  0.00000000e+00  9.56400000e-10  0.00000000e+00  9.56400000e-10  2.38922723e-09 
 9.61400000e-10  0.00000000e+00  9.61400000e-10  0.00000000e+00  9.61400000e-10  0.00000000e+00  9.61400000e-10  2.38922723e-09 
 9.66400000e-10  0.00000000e+00  9.66400000e-10  0.00000000e+00  9.66400000e-10  0.00000000e+00  9.66400000e-10  2.38922723e-09 
 9.71400000e-10  0.00000000e+00  9.71400000e-10  0.00000000e+00  9.71400000e-10  0.00000000e+00  9.71400000e-10  2.38922723e-09 
 9.76400000e-10  0.00000000e+00  9.76400000e-10  0.00000000e+00  9.76400000e-10  0.00000000e+00  9.76400000e-10  2.38922723e-09 
 9.81400000e-10  0.00000000e+00  9.81400000e-10  0.00000000e+00  9.81400000e-10  0.00000000e+00  9.81400000e-10  2.38922723e-09 
 9.86400000e-10  0.00000000e+00  9.86400000e-10  0.00000000e+00  9.86400000e-10  0.00000000e+00  9.86400000e-10  2.38922723e-09 
 9.91400000e-10  0.00000000e+00  9.91400000e-10  0.00000000e+00  9.91400000e-10  0.00000000e+00  9.91400000e-10  2.38922723e-09 
 9.96400000e-10  0.00000000e+00  9.96400000e-10  0.00000000e+00  9.96400000e-10  0.00000000e+00  9.96400000e-10  2.38922723e-09 
 1.00140000e-09  0.00000000e+00  1.00140000e-09  0.00000000e+00  1.00140000e-09  0.00000000e+00  1.00140000e-09  2.38922723e-09 
 1.00640000e-09  0.00000000e+00  1.00640000e-09  0.00000000e+00  1.00640000e-09  0.00000000e+00  1.00640000e-09  2.38922723e-09 
 1.01140000e-09  0.00000000e+00  1.01140000e-09  0.00000000e+00  1.01140000e-09  0.00000000e+00  1.01140000e-09  2.38922723e-09 
 1.01640000e-09  0.00000000e+00  1.01640000e-09  0.00000000e+00  1.01640000e-09  0.00000000e+00  1.01640000e-09  2.38922723e-09 
 1.02140000e-09  0.00000000e+00  1.02140000e-09  0.00000000e+00  1.02140000e-09  0.00000000e+00  1.02140000e-09  2.38922723e-09 
 1.02640000e-09  0.00000000e+00  1.02640000e-09  0.00000000e+00  1.02640000e-09  0.00000000e+00  1.02640000e-09  2.38922723e-09 
 1.03140000e-09  0.00000000e+00  1.03140000e-09  0.00000000e+00  1.03140000e-09  0.00000000e+00  1.03140000e-09  2.38922723e-09 
 1.03640000e-09  0.00000000e+00  1.03640000e-09  0.00000000e+00  1.03640000e-09  0.00000000e+00  1.03640000e-09  2.38922723e-09 
 1.04140000e-09  0.00000000e+00  1.04140000e-09  0.00000000e+00  1.04140000e-09  0.00000000e+00  1.04140000e-09  2.38922723e-09 
 1.04640000e-09  0.00000000e+00  1.04640000e-09  0.00000000e+00  1.04640000e-09  0.00000000e+00  1.04640000e-09  2.38922723e-09 
 1.05140000e-09  0.00000000e+00  1.05140000e-09  0.00000000e+00  1.05140000e-09  0.00000000e+00  1.05140000e-09  2.38922723e-09 
 1.05640000e-09  0.00000000e+00  1.05640000e-09  0.00000000e+00  1.05640000e-09  0.00000000e+00  1.05640000e-09  2.38922723e-09 
 1.06140000e-09  0.00000000e+00  1.06140000e-09  0.00000000e+00  1.06140000e-09  0.00000000e+00  1.06140000e-09  2.38922723e-09 
 1.06640000e-09  0.00000000e+00  1.06640000e-09  0.00000000e+00  1.06640000e-09  0.00000000e+00  1.06640000e-09  2.38922723e-09 
 1.07140000e-09  0.00000000e+00  1.07140000e-09  0.00000000e+00  1.07140000e-09  0.00000000e+00  1.07140000e-09  2.38922723e-09 
 1.07640000e-09  0.00000000e+00  1.07640000e-09  0.00000000e+00  1.07640000e-09  0.00000000e+00  1.07640000e-09  2.38922723e-09 
 1.08140000e-09  0.00000000e+00  1.08140000e-09  0.00000000e+00  1.08140000e-09  0.00000000e+00  1.08140000e-09  2.38922723e-09 
 1.08640000e-09  0.00000000e+00  1.08640000e-09  0.00000000e+00  1.08640000e-09  0.00000000e+00  1.08640000e-09  2.38922723e-09 
 1.09140000e-09  0.00000000e+00  1.09140000e-09  0.00000000e+00  1.09140000e-09  0.00000000e+00  1.09140000e-09  2.38922723e-09 
 1.09640000e-09  0.00000000e+00  1.09640000e-09  0.00000000e+00  1.09640000e-09  0.00000000e+00  1.09640000e-09  2.38922723e-09 
 1.10140000e-09  0.00000000e+00  1.10140000e-09  0.00000000e+00  1.10140000e-09  0.00000000e+00  1.10140000e-09  2.38922723e-09 
 1.10640000e-09  0.00000000e+00  1.10640000e-09  0.00000000e+00  1.10640000e-09  0.00000000e+00  1.10640000e-09  2.38922723e-09 
 1.11140000e-09  0.00000000e+00  1.11140000e-09  0.00000000e+00  1.11140000e-09  0.00000000e+00  1.11140000e-09  2.38922723e-09 
 1.11640000e-09  0.00000000e+00  1.11640000e-09  0.00000000e+00  1.11640000e-09  0.00000000e+00  1.11640000e-09  2.38922723e-09 
 1.12140000e-09  0.00000000e+00  1.12140000e-09  0.00000000e+00  1.12140000e-09  0.00000000e+00  1.12140000e-09  2.38922723e-09 
 1.12640000e-09  0.00000000e+00  1.12640000e-09  0.00000000e+00  1.12640000e-09  0.00000000e+00  1.12640000e-09  2.38922723e-09 
 1.13140000e-09  0.00000000e+00  1.13140000e-09  0.00000000e+00  1.13140000e-09  0.00000000e+00  1.13140000e-09  2.38922723e-09 
 1.13640000e-09  0.00000000e+00  1.13640000e-09  0.00000000e+00  1.13640000e-09  0.00000000e+00  1.13640000e-09  2.38922723e-09 
 1.14140000e-09  0.00000000e+00  1.14140000e-09  0.00000000e+00  1.14140000e-09  0.00000000e+00  1.14140000e-09  2.38922723e-09 
 1.14640000e-09  0.00000000e+00  1.14640000e-09  0.00000000e+00  1.14640000e-09  0.00000000e+00  1.14640000e-09  2.38922723e-09 
 1.15140000e-09  0.00000000e+00  1.15140000e-09  0.00000000e+00  1.15140000e-09  0.00000000e+00  1.15140000e-09  2.38922723e-09 
 1.15640000e-09  0.00000000e+00  1.15640000e-09  0.00000000e+00  1.15640000e-09  0.00000000e+00  1.15640000e-09  2.38922723e-09 
 1.16140000e-09  0.00000000e+00  1.16140000e-09  0.00000000e+00  1.16140000e-09  0.00000000e+00  1.16140000e-09  2.38922723e-09 
 1.16640000e-09  0.00000000e+00  1.16640000e-09  0.00000000e+00  1.16640000e-09  0.00000000e+00  1.16640000e-09  2.38922723e-09 
 1.17140000e-09  0.00000000e+00  1.17140000e-09  0.00000000e+00  1.17140000e-09  0.00000000e+00  1.17140000e-09  2.38922723e-09 
 1.17640000e-09  0.00000000e+00  1.17640000e-09  0.00000000e+00  1.17640000e-09  0.00000000e+00  1.17640000e-09  2.38922723e-09 
 1.18140000e-09  0.00000000e+00  1.18140000e-09  0.00000000e+00  1.18140000e-09  0.00000000e+00  1.18140000e-09  2.38922723e-09 
 1.18640000e-09  0.00000000e+00  1.18640000e-09  0.00000000e+00  1.18640000e-09  0.00000000e+00  1.18640000e-09  2.38922723e-09 
 1.19140000e-09  0.00000000e+00  1.19140000e-09  0.00000000e+00  1.19140000e-09  0.00000000e+00  1.19140000e-09  2.38922723e-09 
 1.19640000e-09  0.00000000e+00  1.19640000e-09  0.00000000e+00  1.19640000e-09  0.00000000e+00  1.19640000e-09  2.38922723e-09 
 1.20140000e-09  0.00000000e+00  1.20140000e-09  0.00000000e+00  1.20140000e-09  0.00000000e+00  1.20140000e-09  2.38922723e-09 
 1.20640000e-09  0.00000000e+00  1.20640000e-09  0.00000000e+00  1.20640000e-09  0.00000000e+00  1.20640000e-09  2.38922723e-09 
 1.21140000e-09  0.00000000e+00  1.21140000e-09  0.00000000e+00  1.21140000e-09  0.00000000e+00  1.21140000e-09  2.38922723e-09 
 1.21640000e-09  0.00000000e+00  1.21640000e-09  0.00000000e+00  1.21640000e-09  0.00000000e+00  1.21640000e-09  2.38922723e-09 
 1.22140000e-09  0.00000000e+00  1.22140000e-09  0.00000000e+00  1.22140000e-09  0.00000000e+00  1.22140000e-09  2.38922723e-09 
 1.22640000e-09  0.00000000e+00  1.22640000e-09  0.00000000e+00  1.22640000e-09  0.00000000e+00  1.22640000e-09  2.38922723e-09 
 1.23140000e-09  0.00000000e+00  1.23140000e-09  0.00000000e+00  1.23140000e-09  0.00000000e+00  1.23140000e-09  2.38922723e-09 
 1.23640000e-09  0.00000000e+00  1.23640000e-09  0.00000000e+00  1.23640000e-09  0.00000000e+00  1.23640000e-09  2.38922723e-09 
 1.24140000e-09  0.00000000e+00  1.24140000e-09  0.00000000e+00  1.24140000e-09  0.00000000e+00  1.24140000e-09  2.38922723e-09 
 1.24640000e-09  0.00000000e+00  1.24640000e-09  0.00000000e+00  1.24640000e-09  0.00000000e+00  1.24640000e-09  2.38922723e-09 
 1.25140000e-09  0.00000000e+00  1.25140000e-09  0.00000000e+00  1.25140000e-09  0.00000000e+00  1.25140000e-09  2.38922723e-09 
 1.25640000e-09  0.00000000e+00  1.25640000e-09  0.00000000e+00  1.25640000e-09  0.00000000e+00  1.25640000e-09  2.38922723e-09 
 1.26140000e-09  0.00000000e+00  1.26140000e-09  0.00000000e+00  1.26140000e-09  0.00000000e+00  1.26140000e-09  2.38922723e-09 
 1.26640000e-09  0.00000000e+00  1.26640000e-09  0.00000000e+00  1.26640000e-09  0.00000000e+00  1.26640000e-09  2.38922723e-09 
 1.27140000e-09  0.00000000e+00  1.27140000e-09  0.00000000e+00  1.27140000e-09  0.00000000e+00  1.27140000e-09  2.38922723e-09 
 1.27640000e-09  0.00000000e+00  1.27640000e-09  0.00000000e+00  1.27640000e-09  0.00000000e+00  1.27640000e-09  2.38922723e-09 
 1.28140000e-09  0.00000000e+00  1.28140000e-09  0.00000000e+00  1.28140000e-09  0.00000000e+00  1.28140000e-09  2.38922723e-09 
 1.28640000e-09  0.00000000e+00  1.28640000e-09  0.00000000e+00  1.28640000e-09  0.00000000e+00  1.28640000e-09  2.38922723e-09 
 1.29140000e-09  0.00000000e+00  1.29140000e-09  0.00000000e+00  1.29140000e-09  0.00000000e+00  1.29140000e-09  2.38922723e-09 
 1.29640000e-09  0.00000000e+00  1.29640000e-09  0.00000000e+00  1.29640000e-09  0.00000000e+00  1.29640000e-09  2.38922723e-09 
 1.30140000e-09  0.00000000e+00  1.30140000e-09  0.00000000e+00  1.30140000e-09  0.00000000e+00  1.30140000e-09  2.38922723e-09 
 1.30640000e-09  0.00000000e+00  1.30640000e-09  0.00000000e+00  1.30640000e-09  0.00000000e+00  1.30640000e-09  2.38922723e-09 
 1.31140000e-09  0.00000000e+00  1.31140000e-09  0.00000000e+00  1.31140000e-09  0.00000000e+00  1.31140000e-09  2.38922723e-09 
 1.31640000e-09  0.00000000e+00  1.31640000e-09  0.00000000e+00  1.31640000e-09  0.00000000e+00  1.31640000e-09  2.38922723e-09 
 1.32140000e-09  0.00000000e+00  1.32140000e-09  0.00000000e+00  1.32140000e-09  0.00000000e+00  1.32140000e-09  2.38922723e-09 
 1.32640000e-09  0.00000000e+00  1.32640000e-09  0.00000000e+00  1.32640000e-09  0.00000000e+00  1.32640000e-09  2.38922723e-09 
 1.33140000e-09  0.00000000e+00  1.33140000e-09  0.00000000e+00  1.33140000e-09  0.00000000e+00  1.33140000e-09  2.38922723e-09 
 1.33640000e-09  0.00000000e+00  1.33640000e-09  0.00000000e+00  1.33640000e-09  0.00000000e+00  1.33640000e-09  2.38922723e-09 
 1.34140000e-09  0.00000000e+00  1.34140000e-09  0.00000000e+00  1.34140000e-09  0.00000000e+00  1.34140000e-09  2.38922723e-09 
 1.34640000e-09  0.00000000e+00  1.34640000e-09  0.00000000e+00  1.34640000e-09  0.00000000e+00  1.34640000e-09  2.38922723e-09 
 1.35140000e-09  0.00000000e+00  1.35140000e-09  0.00000000e+00  1.35140000e-09  0.00000000e+00  1.35140000e-09  2.38922723e-09 
 1.35640000e-09  0.00000000e+00  1.35640000e-09  0.00000000e+00  1.35640000e-09  0.00000000e+00  1.35640000e-09  2.38922723e-09 
 1.36140000e-09  0.00000000e+00  1.36140000e-09  0.00000000e+00  1.36140000e-09  0.00000000e+00  1.36140000e-09  2.38922723e-09 
 1.36640000e-09  0.00000000e+00  1.36640000e-09  0.00000000e+00  1.36640000e-09  0.00000000e+00  1.36640000e-09  2.38922723e-09 
 1.37140000e-09  0.00000000e+00  1.37140000e-09  0.00000000e+00  1.37140000e-09  0.00000000e+00  1.37140000e-09  2.38922723e-09 
 1.37640000e-09  0.00000000e+00  1.37640000e-09  0.00000000e+00  1.37640000e-09  0.00000000e+00  1.37640000e-09  2.38922723e-09 
 1.38140000e-09  0.00000000e+00  1.38140000e-09  0.00000000e+00  1.38140000e-09  0.00000000e+00  1.38140000e-09  2.38922723e-09 
 1.38640000e-09  0.00000000e+00  1.38640000e-09  0.00000000e+00  1.38640000e-09  0.00000000e+00  1.38640000e-09  2.38922723e-09 
 1.39140000e-09  0.00000000e+00  1.39140000e-09  0.00000000e+00  1.39140000e-09  0.00000000e+00  1.39140000e-09  2.38922723e-09 
 1.39640000e-09  0.00000000e+00  1.39640000e-09  0.00000000e+00  1.39640000e-09  0.00000000e+00  1.39640000e-09  2.38922723e-09 
 1.40140000e-09  0.00000000e+00  1.40140000e-09  0.00000000e+00  1.40140000e-09  0.00000000e+00  1.40140000e-09  2.38922723e-09 
 1.40640000e-09  0.00000000e+00  1.40640000e-09  0.00000000e+00  1.40640000e-09  0.00000000e+00  1.40640000e-09  2.38922723e-09 
 1.41140000e-09  0.00000000e+00  1.41140000e-09  0.00000000e+00  1.41140000e-09  0.00000000e+00  1.41140000e-09  2.38922723e-09 
 1.41640000e-09  0.00000000e+00  1.41640000e-09  0.00000000e+00  1.41640000e-09  0.00000000e+00  1.41640000e-09  2.38922723e-09 
 1.42140000e-09  0.00000000e+00  1.42140000e-09  0.00000000e+00  1.42140000e-09  0.00000000e+00  1.42140000e-09  2.38922723e-09 
 1.42640000e-09  0.00000000e+00  1.42640000e-09  0.00000000e+00  1.42640000e-09  0.00000000e+00  1.42640000e-09  2.38922723e-09 
 1.43140000e-09  0.00000000e+00  1.43140000e-09  0.00000000e+00  1.43140000e-09  0.00000000e+00  1.43140000e-09  2.38922723e-09 
 1.43640000e-09  0.00000000e+00  1.43640000e-09  0.00000000e+00  1.43640000e-09  0.00000000e+00  1.43640000e-09  2.38922723e-09 
 1.44140000e-09  0.00000000e+00  1.44140000e-09  0.00000000e+00  1.44140000e-09  0.00000000e+00  1.44140000e-09  2.38922723e-09 
 1.44640000e-09  0.00000000e+00  1.44640000e-09  0.00000000e+00  1.44640000e-09  0.00000000e+00  1.44640000e-09  2.38922723e-09 
 1.45140000e-09  0.00000000e+00  1.45140000e-09  0.00000000e+00  1.45140000e-09  0.00000000e+00  1.45140000e-09  2.38922723e-09 
 1.45640000e-09  0.00000000e+00  1.45640000e-09  0.00000000e+00  1.45640000e-09  0.00000000e+00  1.45640000e-09  2.38922723e-09 
 1.46140000e-09  0.00000000e+00  1.46140000e-09  0.00000000e+00  1.46140000e-09  0.00000000e+00  1.46140000e-09  2.38922723e-09 
 1.46640000e-09  0.00000000e+00  1.46640000e-09  0.00000000e+00  1.46640000e-09  0.00000000e+00  1.46640000e-09  2.38922723e-09 
 1.47140000e-09  0.00000000e+00  1.47140000e-09  0.00000000e+00  1.47140000e-09  0.00000000e+00  1.47140000e-09  2.38922723e-09 
 1.47640000e-09  0.00000000e+00  1.47640000e-09  0.00000000e+00  1.47640000e-09  0.00000000e+00  1.47640000e-09  2.38922723e-09 
 1.48140000e-09  0.00000000e+00  1.48140000e-09  0.00000000e+00  1.48140000e-09  0.00000000e+00  1.48140000e-09  2.38922723e-09 
 1.48640000e-09  0.00000000e+00  1.48640000e-09  0.00000000e+00  1.48640000e-09  0.00000000e+00  1.48640000e-09  2.38922723e-09 
 1.49140000e-09  0.00000000e+00  1.49140000e-09  0.00000000e+00  1.49140000e-09  0.00000000e+00  1.49140000e-09  2.38922723e-09 
 1.49640000e-09  0.00000000e+00  1.49640000e-09  0.00000000e+00  1.49640000e-09  0.00000000e+00  1.49640000e-09  2.38922723e-09 
 1.50140000e-09  0.00000000e+00  1.50140000e-09  0.00000000e+00  1.50140000e-09  0.00000000e+00  1.50140000e-09  2.38922723e-09 
 1.50640000e-09  0.00000000e+00  1.50640000e-09  0.00000000e+00  1.50640000e-09  0.00000000e+00  1.50640000e-09  2.38922723e-09 
 1.51140000e-09  0.00000000e+00  1.51140000e-09  0.00000000e+00  1.51140000e-09  0.00000000e+00  1.51140000e-09  2.38922723e-09 
 1.51640000e-09  0.00000000e+00  1.51640000e-09  0.00000000e+00  1.51640000e-09  0.00000000e+00  1.51640000e-09  2.38922723e-09 
 1.52140000e-09  0.00000000e+00  1.52140000e-09  0.00000000e+00  1.52140000e-09  0.00000000e+00  1.52140000e-09  2.38922723e-09 
 1.52640000e-09  0.00000000e+00  1.52640000e-09  0.00000000e+00  1.52640000e-09  0.00000000e+00  1.52640000e-09  2.38922723e-09 
 1.53140000e-09  0.00000000e+00  1.53140000e-09  0.00000000e+00  1.53140000e-09  0.00000000e+00  1.53140000e-09  2.38922723e-09 
 1.53640000e-09  0.00000000e+00  1.53640000e-09  0.00000000e+00  1.53640000e-09  0.00000000e+00  1.53640000e-09  2.38922723e-09 
 1.54140000e-09  0.00000000e+00  1.54140000e-09  0.00000000e+00  1.54140000e-09  0.00000000e+00  1.54140000e-09  2.38922723e-09 
 1.54640000e-09  0.00000000e+00  1.54640000e-09  0.00000000e+00  1.54640000e-09  0.00000000e+00  1.54640000e-09  2.38922723e-09 
 1.55140000e-09  0.00000000e+00  1.55140000e-09  0.00000000e+00  1.55140000e-09  0.00000000e+00  1.55140000e-09  2.38922723e-09 
 1.55640000e-09  0.00000000e+00  1.55640000e-09  0.00000000e+00  1.55640000e-09  0.00000000e+00  1.55640000e-09  2.38922723e-09 
 1.56140000e-09  0.00000000e+00  1.56140000e-09  0.00000000e+00  1.56140000e-09  0.00000000e+00  1.56140000e-09  2.38922723e-09 
 1.56640000e-09  0.00000000e+00  1.56640000e-09  0.00000000e+00  1.56640000e-09  0.00000000e+00  1.56640000e-09  2.38922723e-09 
 1.57140000e-09  0.00000000e+00  1.57140000e-09  0.00000000e+00  1.57140000e-09  0.00000000e+00  1.57140000e-09  2.38922723e-09 
 1.57640000e-09  0.00000000e+00  1.57640000e-09  0.00000000e+00  1.57640000e-09  0.00000000e+00  1.57640000e-09  2.38922723e-09 
 1.58140000e-09  0.00000000e+00  1.58140000e-09  0.00000000e+00  1.58140000e-09  0.00000000e+00  1.58140000e-09  2.38922723e-09 
 1.58640000e-09  0.00000000e+00  1.58640000e-09  0.00000000e+00  1.58640000e-09  0.00000000e+00  1.58640000e-09  2.38922723e-09 
 1.59140000e-09  0.00000000e+00  1.59140000e-09  0.00000000e+00  1.59140000e-09  0.00000000e+00  1.59140000e-09  2.38922723e-09 
 1.59640000e-09  0.00000000e+00  1.59640000e-09  0.00000000e+00  1.59640000e-09  0.00000000e+00  1.59640000e-09  2.38922723e-09 
 1.60140000e-09  0.00000000e+00  1.60140000e-09  0.00000000e+00  1.60140000e-09  0.00000000e+00  1.60140000e-09  2.38922723e-09 
 1.60640000e-09  0.00000000e+00  1.60640000e-09  0.00000000e+00  1.60640000e-09  0.00000000e+00  1.60640000e-09  2.38922723e-09 
 1.61140000e-09  0.00000000e+00  1.61140000e-09  0.00000000e+00  1.61140000e-09  0.00000000e+00  1.61140000e-09  2.38922723e-09 
 1.61640000e-09  0.00000000e+00  1.61640000e-09  0.00000000e+00  1.61640000e-09  0.00000000e+00  1.61640000e-09  2.38922723e-09 
 1.62140000e-09  0.00000000e+00  1.62140000e-09  0.00000000e+00  1.62140000e-09  0.00000000e+00  1.62140000e-09  2.38922723e-09 
 1.62640000e-09  0.00000000e+00  1.62640000e-09  0.00000000e+00  1.62640000e-09  0.00000000e+00  1.62640000e-09  2.38922723e-09 
 1.63140000e-09  0.00000000e+00  1.63140000e-09  0.00000000e+00  1.63140000e-09  0.00000000e+00  1.63140000e-09  2.38922723e-09 
 1.63640000e-09  0.00000000e+00  1.63640000e-09  0.00000000e+00  1.63640000e-09  0.00000000e+00  1.63640000e-09  2.38922723e-09 
 1.64140000e-09  0.00000000e+00  1.64140000e-09  0.00000000e+00  1.64140000e-09  0.00000000e+00  1.64140000e-09  2.38922723e-09 
 1.64640000e-09  0.00000000e+00  1.64640000e-09  0.00000000e+00  1.64640000e-09  0.00000000e+00  1.64640000e-09  2.38922723e-09 
 1.65140000e-09  0.00000000e+00  1.65140000e-09  0.00000000e+00  1.65140000e-09  0.00000000e+00  1.65140000e-09  2.38922723e-09 
 1.65640000e-09  0.00000000e+00  1.65640000e-09  0.00000000e+00  1.65640000e-09  0.00000000e+00  1.65640000e-09  2.38922723e-09 
 1.66140000e-09  0.00000000e+00  1.66140000e-09  0.00000000e+00  1.66140000e-09  0.00000000e+00  1.66140000e-09  2.38922723e-09 
 1.66640000e-09  0.00000000e+00  1.66640000e-09  0.00000000e+00  1.66640000e-09  0.00000000e+00  1.66640000e-09  2.38922723e-09 
 1.67140000e-09  0.00000000e+00  1.67140000e-09  0.00000000e+00  1.67140000e-09  0.00000000e+00  1.67140000e-09  2.38922723e-09 
 1.67640000e-09  0.00000000e+00  1.67640000e-09  0.00000000e+00  1.67640000e-09  0.00000000e+00  1.67640000e-09  2.38922723e-09 
 1.68140000e-09  0.00000000e+00  1.68140000e-09  0.00000000e+00  1.68140000e-09  0.00000000e+00  1.68140000e-09  2.38922723e-09 
 1.68640000e-09  0.00000000e+00  1.68640000e-09  0.00000000e+00  1.68640000e-09  0.00000000e+00  1.68640000e-09  2.38922723e-09 
 1.69140000e-09  0.00000000e+00  1.69140000e-09  0.00000000e+00  1.69140000e-09  0.00000000e+00  1.69140000e-09  2.38922723e-09 
 1.69640000e-09  0.00000000e+00  1.69640000e-09  0.00000000e+00  1.69640000e-09  0.00000000e+00  1.69640000e-09  2.38922723e-09 
 1.70140000e-09  0.00000000e+00  1.70140000e-09  0.00000000e+00  1.70140000e-09  0.00000000e+00  1.70140000e-09  2.38922723e-09 
 1.70640000e-09  0.00000000e+00  1.70640000e-09  0.00000000e+00  1.70640000e-09  0.00000000e+00  1.70640000e-09  2.38922723e-09 
 1.71140000e-09  0.00000000e+00  1.71140000e-09  0.00000000e+00  1.71140000e-09  0.00000000e+00  1.71140000e-09  2.38922723e-09 
 1.71640000e-09  0.00000000e+00  1.71640000e-09  0.00000000e+00  1.71640000e-09  0.00000000e+00  1.71640000e-09  2.38922723e-09 
 1.72140000e-09  0.00000000e+00  1.72140000e-09  0.00000000e+00  1.72140000e-09  0.00000000e+00  1.72140000e-09  2.38922723e-09 
 1.72640000e-09  0.00000000e+00  1.72640000e-09  0.00000000e+00  1.72640000e-09  0.00000000e+00  1.72640000e-09  2.38922723e-09 
 1.73140000e-09  0.00000000e+00  1.73140000e-09  0.00000000e+00  1.73140000e-09  0.00000000e+00  1.73140000e-09  2.38922723e-09 
 1.73640000e-09  0.00000000e+00  1.73640000e-09  0.00000000e+00  1.73640000e-09  0.00000000e+00  1.73640000e-09  2.38922723e-09 
 1.74140000e-09  0.00000000e+00  1.74140000e-09  0.00000000e+00  1.74140000e-09  0.00000000e+00  1.74140000e-09  2.38922723e-09 
 1.74640000e-09  0.00000000e+00  1.74640000e-09  0.00000000e+00  1.74640000e-09  0.00000000e+00  1.74640000e-09  2.38922723e-09 
 1.75140000e-09  0.00000000e+00  1.75140000e-09  0.00000000e+00  1.75140000e-09  0.00000000e+00  1.75140000e-09  2.38922723e-09 
 1.75640000e-09  0.00000000e+00  1.75640000e-09  0.00000000e+00  1.75640000e-09  0.00000000e+00  1.75640000e-09  2.38922723e-09 
 1.76140000e-09  0.00000000e+00  1.76140000e-09  0.00000000e+00  1.76140000e-09  0.00000000e+00  1.76140000e-09  2.38922723e-09 
 1.76640000e-09  0.00000000e+00  1.76640000e-09  0.00000000e+00  1.76640000e-09  0.00000000e+00  1.76640000e-09  2.38922723e-09 
 1.77140000e-09  0.00000000e+00  1.77140000e-09  0.00000000e+00  1.77140000e-09  0.00000000e+00  1.77140000e-09  2.38922723e-09 
 1.77640000e-09  0.00000000e+00  1.77640000e-09  0.00000000e+00  1.77640000e-09  0.00000000e+00  1.77640000e-09  2.38922723e-09 
 1.78140000e-09  0.00000000e+00  1.78140000e-09  0.00000000e+00  1.78140000e-09  0.00000000e+00  1.78140000e-09  2.38922723e-09 
 1.78640000e-09  0.00000000e+00  1.78640000e-09  0.00000000e+00  1.78640000e-09  0.00000000e+00  1.78640000e-09  2.38922723e-09 
 1.79140000e-09  0.00000000e+00  1.79140000e-09  0.00000000e+00  1.79140000e-09  0.00000000e+00  1.79140000e-09  2.38922723e-09 
 1.79640000e-09  0.00000000e+00  1.79640000e-09  0.00000000e+00  1.79640000e-09  0.00000000e+00  1.79640000e-09  2.38922723e-09 
 1.80140000e-09  0.00000000e+00  1.80140000e-09  0.00000000e+00  1.80140000e-09  0.00000000e+00  1.80140000e-09  2.38922723e-09 
 1.80640000e-09  0.00000000e+00  1.80640000e-09  0.00000000e+00  1.80640000e-09  0.00000000e+00  1.80640000e-09  2.38922723e-09 
 1.81140000e-09  0.00000000e+00  1.81140000e-09  0.00000000e+00  1.81140000e-09  0.00000000e+00  1.81140000e-09  2.38922723e-09 
 1.81640000e-09  0.00000000e+00  1.81640000e-09  0.00000000e+00  1.81640000e-09  0.00000000e+00  1.81640000e-09  2.38922723e-09 
 1.82140000e-09  0.00000000e+00  1.82140000e-09  0.00000000e+00  1.82140000e-09  0.00000000e+00  1.82140000e-09  2.38922723e-09 
 1.82640000e-09  0.00000000e+00  1.82640000e-09  0.00000000e+00  1.82640000e-09  0.00000000e+00  1.82640000e-09  2.38922723e-09 
 1.83140000e-09  0.00000000e+00  1.83140000e-09  0.00000000e+00  1.83140000e-09  0.00000000e+00  1.83140000e-09  2.38922723e-09 
 1.83640000e-09  0.00000000e+00  1.83640000e-09  0.00000000e+00  1.83640000e-09  0.00000000e+00  1.83640000e-09  2.38922723e-09 
 1.84140000e-09  0.00000000e+00  1.84140000e-09  0.00000000e+00  1.84140000e-09  0.00000000e+00  1.84140000e-09  2.38922723e-09 
 1.84640000e-09  0.00000000e+00  1.84640000e-09  0.00000000e+00  1.84640000e-09  0.00000000e+00  1.84640000e-09  2.38922723e-09 
 1.85140000e-09  0.00000000e+00  1.85140000e-09  0.00000000e+00  1.85140000e-09  0.00000000e+00  1.85140000e-09  2.38922723e-09 
 1.85640000e-09  0.00000000e+00  1.85640000e-09  0.00000000e+00  1.85640000e-09  0.00000000e+00  1.85640000e-09  2.38922723e-09 
 1.86140000e-09  0.00000000e+00  1.86140000e-09  0.00000000e+00  1.86140000e-09  0.00000000e+00  1.86140000e-09  2.38922723e-09 
 1.86640000e-09  0.00000000e+00  1.86640000e-09  0.00000000e+00  1.86640000e-09  0.00000000e+00  1.86640000e-09  2.38922723e-09 
 1.87140000e-09  0.00000000e+00  1.87140000e-09  0.00000000e+00  1.87140000e-09  0.00000000e+00  1.87140000e-09  2.38922723e-09 
 1.87640000e-09  0.00000000e+00  1.87640000e-09  0.00000000e+00  1.87640000e-09  0.00000000e+00  1.87640000e-09  2.38922723e-09 
 1.88140000e-09  0.00000000e+00  1.88140000e-09  0.00000000e+00  1.88140000e-09  0.00000000e+00  1.88140000e-09  2.38922723e-09 
 1.88640000e-09  0.00000000e+00  1.88640000e-09  0.00000000e+00  1.88640000e-09  0.00000000e+00  1.88640000e-09  2.38922723e-09 
 1.89140000e-09  0.00000000e+00  1.89140000e-09  0.00000000e+00  1.89140000e-09  0.00000000e+00  1.89140000e-09  2.38922723e-09 
 1.89640000e-09  0.00000000e+00  1.89640000e-09  0.00000000e+00  1.89640000e-09  0.00000000e+00  1.89640000e-09  2.38922723e-09 
 1.90140000e-09  0.00000000e+00  1.90140000e-09  0.00000000e+00  1.90140000e-09  0.00000000e+00  1.90140000e-09  2.38922723e-09 
 1.90640000e-09  0.00000000e+00  1.90640000e-09  0.00000000e+00  1.90640000e-09  0.00000000e+00  1.90640000e-09  2.38922723e-09 
 1.91140000e-09  0.00000000e+00  1.91140000e-09  0.00000000e+00  1.91140000e-09  0.00000000e+00  1.91140000e-09  2.38922723e-09 
 1.91640000e-09  0.00000000e+00  1.91640000e-09  0.00000000e+00  1.91640000e-09  0.00000000e+00  1.91640000e-09  2.38922723e-09 
 1.92140000e-09  0.00000000e+00  1.92140000e-09  0.00000000e+00  1.92140000e-09  0.00000000e+00  1.92140000e-09  2.38922723e-09 
 1.92640000e-09  0.00000000e+00  1.92640000e-09  0.00000000e+00  1.92640000e-09  0.00000000e+00  1.92640000e-09  2.38922723e-09 
 1.93140000e-09  0.00000000e+00  1.93140000e-09  0.00000000e+00  1.93140000e-09  0.00000000e+00  1.93140000e-09  2.38922723e-09 
 1.93640000e-09  0.00000000e+00  1.93640000e-09  0.00000000e+00  1.93640000e-09  0.00000000e+00  1.93640000e-09  2.38922723e-09 
 1.94140000e-09  0.00000000e+00  1.94140000e-09  0.00000000e+00  1.94140000e-09  0.00000000e+00  1.94140000e-09  2.38922723e-09 
 1.94640000e-09  0.00000000e+00  1.94640000e-09  0.00000000e+00  1.94640000e-09  0.00000000e+00  1.94640000e-09  2.38922723e-09 
 1.95140000e-09  0.00000000e+00  1.95140000e-09  0.00000000e+00  1.95140000e-09  0.00000000e+00  1.95140000e-09  2.38922723e-09 
 1.95640000e-09  0.00000000e+00  1.95640000e-09  0.00000000e+00  1.95640000e-09  0.00000000e+00  1.95640000e-09  2.38922723e-09 
 1.96140000e-09  0.00000000e+00  1.96140000e-09  0.00000000e+00  1.96140000e-09  0.00000000e+00  1.96140000e-09  2.38922723e-09 
 1.96640000e-09  0.00000000e+00  1.96640000e-09  0.00000000e+00  1.96640000e-09  0.00000000e+00  1.96640000e-09  2.38922723e-09 
 1.97140000e-09  0.00000000e+00  1.97140000e-09  0.00000000e+00  1.97140000e-09  0.00000000e+00  1.97140000e-09  2.38922723e-09 
 1.97640000e-09  0.00000000e+00  1.97640000e-09  0.00000000e+00  1.97640000e-09  0.00000000e+00  1.97640000e-09  2.38922723e-09 
 1.98140000e-09  0.00000000e+00  1.98140000e-09  0.00000000e+00  1.98140000e-09  0.00000000e+00  1.98140000e-09  2.38922723e-09 
 1.98640000e-09  0.00000000e+00  1.98640000e-09  0.00000000e+00  1.98640000e-09  0.00000000e+00  1.98640000e-09  2.38922723e-09 
 1.99140000e-09  0.00000000e+00  1.99140000e-09  0.00000000e+00  1.99140000e-09  0.00000000e+00  1.99140000e-09  2.38922723e-09 
 1.99640000e-09  0.00000000e+00  1.99640000e-09  0.00000000e+00  1.99640000e-09  0.00000000e+00  1.99640000e-09  2.38922723e-09 
 2.00140000e-09  0.00000000e+00  2.00140000e-09  0.00000000e+00  2.00140000e-09  0.00000000e+00  2.00140000e-09  2.38922723e-09 
 2.00640000e-09  0.00000000e+00  2.00640000e-09  0.00000000e+00  2.00640000e-09  0.00000000e+00  2.00640000e-09  2.38922723e-09 
 2.01140000e-09  0.00000000e+00  2.01140000e-09  0.00000000e+00  2.01140000e-09  0.00000000e+00  2.01140000e-09  2.38922723e-09 
 2.01640000e-09  0.00000000e+00  2.01640000e-09  0.00000000e+00  2.01640000e-09  0.00000000e+00  2.01640000e-09  2.38922723e-09 
 2.02140000e-09  0.00000000e+00  2.02140000e-09  0.00000000e+00  2.02140000e-09  0.00000000e+00  2.02140000e-09  2.38922723e-09 
 2.02640000e-09  0.00000000e+00  2.02640000e-09  0.00000000e+00  2.02640000e-09  0.00000000e+00  2.02640000e-09  2.38922723e-09 
 2.03140000e-09  0.00000000e+00  2.03140000e-09  0.00000000e+00  2.03140000e-09  0.00000000e+00  2.03140000e-09  2.38922723e-09 
 2.03640000e-09  0.00000000e+00  2.03640000e-09  0.00000000e+00  2.03640000e-09  0.00000000e+00  2.03640000e-09  2.38922723e-09 
 2.04140000e-09  0.00000000e+00  2.04140000e-09  0.00000000e+00  2.04140000e-09  0.00000000e+00  2.04140000e-09  2.38922723e-09 
 2.04640000e-09  0.00000000e+00  2.04640000e-09  0.00000000e+00  2.04640000e-09  0.00000000e+00  2.04640000e-09  2.38922723e-09 
 2.05140000e-09  0.00000000e+00  2.05140000e-09  0.00000000e+00  2.05140000e-09  0.00000000e+00  2.05140000e-09  2.38922723e-09 
 2.05640000e-09  0.00000000e+00  2.05640000e-09  0.00000000e+00  2.05640000e-09  0.00000000e+00  2.05640000e-09  2.38922723e-09 
 2.06140000e-09  0.00000000e+00  2.06140000e-09  0.00000000e+00  2.06140000e-09  0.00000000e+00  2.06140000e-09  2.38922723e-09 
 2.06640000e-09  0.00000000e+00  2.06640000e-09  0.00000000e+00  2.06640000e-09  0.00000000e+00  2.06640000e-09  2.38922723e-09 
 2.07140000e-09  0.00000000e+00  2.07140000e-09  0.00000000e+00  2.07140000e-09  0.00000000e+00  2.07140000e-09  2.38922723e-09 
 2.07640000e-09  0.00000000e+00  2.07640000e-09  0.00000000e+00  2.07640000e-09  0.00000000e+00  2.07640000e-09  2.38922723e-09 
 2.08140000e-09  0.00000000e+00  2.08140000e-09  0.00000000e+00  2.08140000e-09  0.00000000e+00  2.08140000e-09  2.38922723e-09 
 2.08640000e-09  0.00000000e+00  2.08640000e-09  0.00000000e+00  2.08640000e-09  0.00000000e+00  2.08640000e-09  2.38922723e-09 
 2.09140000e-09  0.00000000e+00  2.09140000e-09  0.00000000e+00  2.09140000e-09  0.00000000e+00  2.09140000e-09  2.38922723e-09 
 2.09640000e-09  0.00000000e+00  2.09640000e-09  0.00000000e+00  2.09640000e-09  0.00000000e+00  2.09640000e-09  2.38922723e-09 
 2.10140000e-09  0.00000000e+00  2.10140000e-09  0.00000000e+00  2.10140000e-09  0.00000000e+00  2.10140000e-09  2.38922723e-09 
 2.10640000e-09  0.00000000e+00  2.10640000e-09  0.00000000e+00  2.10640000e-09  0.00000000e+00  2.10640000e-09  2.38922723e-09 
 2.11140000e-09  0.00000000e+00  2.11140000e-09  0.00000000e+00  2.11140000e-09  0.00000000e+00  2.11140000e-09  2.38922723e-09 
 2.11640000e-09  0.00000000e+00  2.11640000e-09  0.00000000e+00  2.11640000e-09  0.00000000e+00  2.11640000e-09  2.38922723e-09 
 2.12140000e-09  0.00000000e+00  2.12140000e-09  0.00000000e+00  2.12140000e-09  0.00000000e+00  2.12140000e-09  2.38922723e-09 
 2.12640000e-09  0.00000000e+00  2.12640000e-09  0.00000000e+00  2.12640000e-09  0.00000000e+00  2.12640000e-09  2.38922723e-09 
 2.13140000e-09  0.00000000e+00  2.13140000e-09  0.00000000e+00  2.13140000e-09  0.00000000e+00  2.13140000e-09  2.38922723e-09 
 2.13640000e-09  0.00000000e+00  2.13640000e-09  0.00000000e+00  2.13640000e-09  0.00000000e+00  2.13640000e-09  2.38922723e-09 
 2.14140000e-09  0.00000000e+00  2.14140000e-09  0.00000000e+00  2.14140000e-09  0.00000000e+00  2.14140000e-09  2.38922723e-09 
 2.14640000e-09  0.00000000e+00  2.14640000e-09  0.00000000e+00  2.14640000e-09  0.00000000e+00  2.14640000e-09  2.38922723e-09 
 2.15140000e-09  0.00000000e+00  2.15140000e-09  0.00000000e+00  2.15140000e-09  0.00000000e+00  2.15140000e-09  2.38922723e-09 
 2.15640000e-09  0.00000000e+00  2.15640000e-09  0.00000000e+00  2.15640000e-09  0.00000000e+00  2.15640000e-09  2.38922723e-09 
 2.16140000e-09  0.00000000e+00  2.16140000e-09  0.00000000e+00  2.16140000e-09  0.00000000e+00  2.16140000e-09  2.38922723e-09 
 2.16640000e-09  0.00000000e+00  2.16640000e-09  0.00000000e+00  2.16640000e-09  0.00000000e+00  2.16640000e-09  2.38922723e-09 
 2.17140000e-09  0.00000000e+00  2.17140000e-09  0.00000000e+00  2.17140000e-09  0.00000000e+00  2.17140000e-09  2.38922723e-09 
 2.17640000e-09  0.00000000e+00  2.17640000e-09  0.00000000e+00  2.17640000e-09  0.00000000e+00  2.17640000e-09  2.38922723e-09 
 2.18140000e-09  0.00000000e+00  2.18140000e-09  0.00000000e+00  2.18140000e-09  0.00000000e+00  2.18140000e-09  2.38922723e-09 
 2.18640000e-09  0.00000000e+00  2.18640000e-09  0.00000000e+00  2.18640000e-09  0.00000000e+00  2.18640000e-09  2.38922723e-09 
 2.19140000e-09  0.00000000e+00  2.19140000e-09  0.00000000e+00  2.19140000e-09  0.00000000e+00  2.19140000e-09  2.38922723e-09 
 2.19640000e-09  0.00000000e+00  2.19640000e-09  0.00000000e+00  2.19640000e-09  0.00000000e+00  2.19640000e-09  2.38922723e-09 
 2.20140000e-09  0.00000000e+00  2.20140000e-09  0.00000000e+00  2.20140000e-09  0.00000000e+00  2.20140000e-09  2.38922723e-09 
 2.20640000e-09  0.00000000e+00  2.20640000e-09  0.00000000e+00  2.20640000e-09  0.00000000e+00  2.20640000e-09  2.38922723e-09 
 2.21140000e-09  0.00000000e+00  2.21140000e-09  0.00000000e+00  2.21140000e-09  0.00000000e+00  2.21140000e-09  2.38922723e-09 
 2.21640000e-09  0.00000000e+00  2.21640000e-09  0.00000000e+00  2.21640000e-09  0.00000000e+00  2.21640000e-09  2.38922723e-09 
 2.22140000e-09  0.00000000e+00  2.22140000e-09  0.00000000e+00  2.22140000e-09  0.00000000e+00  2.22140000e-09  2.38922723e-09 
 2.22640000e-09  0.00000000e+00  2.22640000e-09  0.00000000e+00  2.22640000e-09  0.00000000e+00  2.22640000e-09  2.38922723e-09 
 2.23140000e-09  0.00000000e+00  2.23140000e-09  0.00000000e+00  2.23140000e-09  0.00000000e+00  2.23140000e-09  2.38922723e-09 
 2.23640000e-09  0.00000000e+00  2.23640000e-09  0.00000000e+00  2.23640000e-09  0.00000000e+00  2.23640000e-09  2.38922723e-09 
 2.24140000e-09  0.00000000e+00  2.24140000e-09  0.00000000e+00  2.24140000e-09  0.00000000e+00  2.24140000e-09  2.38922723e-09 
 2.24640000e-09  0.00000000e+00  2.24640000e-09  0.00000000e+00  2.24640000e-09  0.00000000e+00  2.24640000e-09  2.38922723e-09 
 2.25140000e-09  0.00000000e+00  2.25140000e-09  0.00000000e+00  2.25140000e-09  0.00000000e+00  2.25140000e-09  2.38922723e-09 
 2.25640000e-09  0.00000000e+00  2.25640000e-09  0.00000000e+00  2.25640000e-09  0.00000000e+00  2.25640000e-09  2.38922723e-09 
 2.26140000e-09  0.00000000e+00  2.26140000e-09  0.00000000e+00  2.26140000e-09  0.00000000e+00  2.26140000e-09  2.38922723e-09 
 2.26640000e-09  0.00000000e+00  2.26640000e-09  0.00000000e+00  2.26640000e-09  0.00000000e+00  2.26640000e-09  2.38922723e-09 
 2.27140000e-09  0.00000000e+00  2.27140000e-09  0.00000000e+00  2.27140000e-09  0.00000000e+00  2.27140000e-09  2.38922723e-09 
 2.27640000e-09  0.00000000e+00  2.27640000e-09  0.00000000e+00  2.27640000e-09  0.00000000e+00  2.27640000e-09  2.38922723e-09 
 2.28140000e-09  0.00000000e+00  2.28140000e-09  0.00000000e+00  2.28140000e-09  0.00000000e+00  2.28140000e-09  2.38922723e-09 
 2.28640000e-09  0.00000000e+00  2.28640000e-09  0.00000000e+00  2.28640000e-09  0.00000000e+00  2.28640000e-09  2.38922723e-09 
 2.29140000e-09  0.00000000e+00  2.29140000e-09  0.00000000e+00  2.29140000e-09  0.00000000e+00  2.29140000e-09  2.38922723e-09 
 2.29640000e-09  0.00000000e+00  2.29640000e-09  0.00000000e+00  2.29640000e-09  0.00000000e+00  2.29640000e-09  2.38922723e-09 
 2.30140000e-09  0.00000000e+00  2.30140000e-09  0.00000000e+00  2.30140000e-09  0.00000000e+00  2.30140000e-09  2.38922723e-09 
 2.30640000e-09  0.00000000e+00  2.30640000e-09  0.00000000e+00  2.30640000e-09  0.00000000e+00  2.30640000e-09  2.38922723e-09 
 2.31140000e-09  0.00000000e+00  2.31140000e-09  0.00000000e+00  2.31140000e-09  0.00000000e+00  2.31140000e-09  2.38922723e-09 
 2.31640000e-09  0.00000000e+00  2.31640000e-09  0.00000000e+00  2.31640000e-09  0.00000000e+00  2.31640000e-09  2.38922723e-09 
 2.32140000e-09  0.00000000e+00  2.32140000e-09  0.00000000e+00  2.32140000e-09  0.00000000e+00  2.32140000e-09  2.38922723e-09 
 2.32640000e-09  0.00000000e+00  2.32640000e-09  0.00000000e+00  2.32640000e-09  0.00000000e+00  2.32640000e-09  2.38922723e-09 
 2.33140000e-09  0.00000000e+00  2.33140000e-09  0.00000000e+00  2.33140000e-09  0.00000000e+00  2.33140000e-09  2.38922723e-09 
 2.33640000e-09  0.00000000e+00  2.33640000e-09  0.00000000e+00  2.33640000e-09  0.00000000e+00  2.33640000e-09  2.38922723e-09 
 2.34140000e-09  0.00000000e+00  2.34140000e-09  0.00000000e+00  2.34140000e-09  0.00000000e+00  2.34140000e-09  2.38922723e-09 
 2.34640000e-09  0.00000000e+00  2.34640000e-09  0.00000000e+00  2.34640000e-09  0.00000000e+00  2.34640000e-09  2.38922723e-09 
 2.35140000e-09  0.00000000e+00  2.35140000e-09  0.00000000e+00  2.35140000e-09  0.00000000e+00  2.35140000e-09  2.38922723e-09 
 2.35640000e-09  0.00000000e+00  2.35640000e-09  0.00000000e+00  2.35640000e-09  0.00000000e+00  2.35640000e-09  2.38922723e-09 
 2.36140000e-09  0.00000000e+00  2.36140000e-09  0.00000000e+00  2.36140000e-09  0.00000000e+00  2.36140000e-09  2.38922723e-09 
 2.36640000e-09  0.00000000e+00  2.36640000e-09  0.00000000e+00  2.36640000e-09  0.00000000e+00  2.36640000e-09  2.38922723e-09 
 2.37140000e-09  0.00000000e+00  2.37140000e-09  0.00000000e+00  2.37140000e-09  0.00000000e+00  2.37140000e-09  2.38922723e-09 
 2.37640000e-09  0.00000000e+00  2.37640000e-09  0.00000000e+00  2.37640000e-09  0.00000000e+00  2.37640000e-09  2.38922723e-09 
 2.38140000e-09  0.00000000e+00  2.38140000e-09  0.00000000e+00  2.38140000e-09  0.00000000e+00  2.38140000e-09  2.38922723e-09 
 2.38640000e-09  0.00000000e+00  2.38640000e-09  0.00000000e+00  2.38640000e-09  0.00000000e+00  2.38640000e-09  2.38922723e-09 
 2.39140000e-09  0.00000000e+00  2.39140000e-09  0.00000000e+00  2.39140000e-09  0.00000000e+00  2.39140000e-09  2.38922723e-09 
 2.39640000e-09  0.00000000e+00  2.39640000e-09  0.00000000e+00  2.39640000e-09  0.00000000e+00  2.39640000e-09  2.38922723e-09 
 2.40140000e-09  0.00000000e+00  2.40140000e-09  0.00000000e+00  2.40140000e-09  0.00000000e+00  2.40140000e-09  2.38922723e-09 
 2.40640000e-09  0.00000000e+00  2.40640000e-09  0.00000000e+00  2.40640000e-09  0.00000000e+00  2.40640000e-09  2.38922723e-09 
 2.41140000e-09  0.00000000e+00  2.41140000e-09  0.00000000e+00  2.41140000e-09  0.00000000e+00  2.41140000e-09  2.38922723e-09 
 2.41640000e-09  0.00000000e+00  2.41640000e-09  0.00000000e+00  2.41640000e-09  0.00000000e+00  2.41640000e-09  2.38922723e-09 
 2.42140000e-09  0.00000000e+00  2.42140000e-09  0.00000000e+00  2.42140000e-09  0.00000000e+00  2.42140000e-09  2.38922723e-09 
 2.42640000e-09  0.00000000e+00  2.42640000e-09  0.00000000e+00  2.42640000e-09  0.00000000e+00  2.42640000e-09  2.38922723e-09 
 2.43140000e-09  0.00000000e+00  2.43140000e-09  0.00000000e+00  2.43140000e-09  0.00000000e+00  2.43140000e-09  2.38922723e-09 
 2.43640000e-09  0.00000000e+00  2.43640000e-09  0.00000000e+00  2.43640000e-09  0.00000000e+00  2.43640000e-09  2.38922723e-09 
 2.44140000e-09  0.00000000e+00  2.44140000e-09  0.00000000e+00  2.44140000e-09  0.00000000e+00  2.44140000e-09  2.38922723e-09 
 2.44640000e-09  0.00000000e+00  2.44640000e-09  0.00000000e+00  2.44640000e-09  0.00000000e+00  2.44640000e-09  2.38922723e-09 
 2.45140000e-09  0.00000000e+00  2.45140000e-09  0.00000000e+00  2.45140000e-09  0.00000000e+00  2.45140000e-09  2.38922723e-09 
 2.45640000e-09  0.00000000e+00  2.45640000e-09  0.00000000e+00  2.45640000e-09  0.00000000e+00  2.45640000e-09  2.38922723e-09 
 2.46140000e-09  0.00000000e+00  2.46140000e-09  0.00000000e+00  2.46140000e-09  0.00000000e+00  2.46140000e-09  2.38922723e-09 
 2.46640000e-09  0.00000000e+00  2.46640000e-09  0.00000000e+00  2.46640000e-09  0.00000000e+00  2.46640000e-09  2.38922723e-09 
 2.47140000e-09  0.00000000e+00  2.47140000e-09  0.00000000e+00  2.47140000e-09  0.00000000e+00  2.47140000e-09  2.38922723e-09 
 2.47640000e-09  0.00000000e+00  2.47640000e-09  0.00000000e+00  2.47640000e-09  0.00000000e+00  2.47640000e-09  2.38922723e-09 
 2.48140000e-09  0.00000000e+00  2.48140000e-09  0.00000000e+00  2.48140000e-09  0.00000000e+00  2.48140000e-09  2.38922723e-09 
 2.48640000e-09  0.00000000e+00  2.48640000e-09  0.00000000e+00  2.48640000e-09  0.00000000e+00  2.48640000e-09  2.38922723e-09 
 2.49140000e-09  0.00000000e+00  2.49140000e-09  0.00000000e+00  2.49140000e-09  0.00000000e+00  2.49140000e-09  2.38922723e-09 
 2.49640000e-09  0.00000000e+00  2.49640000e-09  0.00000000e+00  2.49640000e-09  0.00000000e+00  2.49640000e-09  2.38922723e-09 
 2.50140000e-09  0.00000000e+00  2.50140000e-09  0.00000000e+00  2.50140000e-09  0.00000000e+00  2.50140000e-09  2.38922723e-09 
 2.50640000e-09  0.00000000e+00  2.50640000e-09  0.00000000e+00  2.50640000e-09  0.00000000e+00  2.50640000e-09  2.38922723e-09 
 2.51140000e-09  0.00000000e+00  2.51140000e-09  0.00000000e+00  2.51140000e-09  0.00000000e+00  2.51140000e-09  2.38922723e-09 
 2.51640000e-09  0.00000000e+00  2.51640000e-09  0.00000000e+00  2.51640000e-09  0.00000000e+00  2.51640000e-09  2.38922723e-09 
 2.52140000e-09  0.00000000e+00  2.52140000e-09  0.00000000e+00  2.52140000e-09  0.00000000e+00  2.52140000e-09  2.38922723e-09 
 2.52640000e-09  0.00000000e+00  2.52640000e-09  0.00000000e+00  2.52640000e-09  0.00000000e+00  2.52640000e-09  2.38922723e-09 
 2.53140000e-09  0.00000000e+00  2.53140000e-09  0.00000000e+00  2.53140000e-09  0.00000000e+00  2.53140000e-09  2.38922723e-09 
 2.53640000e-09  0.00000000e+00  2.53640000e-09  0.00000000e+00  2.53640000e-09  0.00000000e+00  2.53640000e-09  2.38922723e-09 
 2.54140000e-09  0.00000000e+00  2.54140000e-09  0.00000000e+00  2.54140000e-09  0.00000000e+00  2.54140000e-09  2.38922723e-09 
 2.54640000e-09  0.00000000e+00  2.54640000e-09  0.00000000e+00  2.54640000e-09  0.00000000e+00  2.54640000e-09  2.38922723e-09 
 2.55140000e-09  0.00000000e+00  2.55140000e-09  0.00000000e+00  2.55140000e-09  0.00000000e+00  2.55140000e-09  2.38922723e-09 
 2.55640000e-09  0.00000000e+00  2.55640000e-09  0.00000000e+00  2.55640000e-09  0.00000000e+00  2.55640000e-09  2.38922723e-09 
 2.56140000e-09  0.00000000e+00  2.56140000e-09  0.00000000e+00  2.56140000e-09  0.00000000e+00  2.56140000e-09  2.38922723e-09 
 2.56640000e-09  0.00000000e+00  2.56640000e-09  0.00000000e+00  2.56640000e-09  0.00000000e+00  2.56640000e-09  2.38922723e-09 
 2.57140000e-09  0.00000000e+00  2.57140000e-09  0.00000000e+00  2.57140000e-09  0.00000000e+00  2.57140000e-09  2.38922723e-09 
 2.57640000e-09  0.00000000e+00  2.57640000e-09  0.00000000e+00  2.57640000e-09  0.00000000e+00  2.57640000e-09  2.38922723e-09 
 2.58140000e-09  0.00000000e+00  2.58140000e-09  0.00000000e+00  2.58140000e-09  0.00000000e+00  2.58140000e-09  2.38922723e-09 
 2.58640000e-09  0.00000000e+00  2.58640000e-09  0.00000000e+00  2.58640000e-09  0.00000000e+00  2.58640000e-09  2.38922723e-09 
 2.59140000e-09  0.00000000e+00  2.59140000e-09  0.00000000e+00  2.59140000e-09  0.00000000e+00  2.59140000e-09  2.38922723e-09 
 2.59640000e-09  0.00000000e+00  2.59640000e-09  0.00000000e+00  2.59640000e-09  0.00000000e+00  2.59640000e-09  2.38922723e-09 
 2.60140000e-09  0.00000000e+00  2.60140000e-09  0.00000000e+00  2.60140000e-09  0.00000000e+00  2.60140000e-09  2.38922723e-09 
 2.60640000e-09  0.00000000e+00  2.60640000e-09  0.00000000e+00  2.60640000e-09  0.00000000e+00  2.60640000e-09  2.38922723e-09 
 2.61140000e-09  0.00000000e+00  2.61140000e-09  0.00000000e+00  2.61140000e-09  0.00000000e+00  2.61140000e-09  2.38922723e-09 
 2.61640000e-09  0.00000000e+00  2.61640000e-09  0.00000000e+00  2.61640000e-09  0.00000000e+00  2.61640000e-09  2.38922723e-09 
 2.62140000e-09  0.00000000e+00  2.62140000e-09  0.00000000e+00  2.62140000e-09  0.00000000e+00  2.62140000e-09  2.38922723e-09 
 2.62640000e-09  0.00000000e+00  2.62640000e-09  0.00000000e+00  2.62640000e-09  0.00000000e+00  2.62640000e-09  2.38922723e-09 
 2.63140000e-09  0.00000000e+00  2.63140000e-09  0.00000000e+00  2.63140000e-09  0.00000000e+00  2.63140000e-09  2.38922723e-09 
 2.63640000e-09  0.00000000e+00  2.63640000e-09  0.00000000e+00  2.63640000e-09  0.00000000e+00  2.63640000e-09  2.38922723e-09 
 2.64140000e-09  0.00000000e+00  2.64140000e-09  0.00000000e+00  2.64140000e-09  0.00000000e+00  2.64140000e-09  2.38922723e-09 
 2.64640000e-09  0.00000000e+00  2.64640000e-09  0.00000000e+00  2.64640000e-09  0.00000000e+00  2.64640000e-09  2.38922723e-09 
 2.65140000e-09  0.00000000e+00  2.65140000e-09  0.00000000e+00  2.65140000e-09  0.00000000e+00  2.65140000e-09  2.38922723e-09 
 2.65640000e-09  0.00000000e+00  2.65640000e-09  0.00000000e+00  2.65640000e-09  0.00000000e+00  2.65640000e-09  2.38922723e-09 
 2.66140000e-09  0.00000000e+00  2.66140000e-09  0.00000000e+00  2.66140000e-09  0.00000000e+00  2.66140000e-09  2.38922723e-09 
 2.66640000e-09  0.00000000e+00  2.66640000e-09  0.00000000e+00  2.66640000e-09  0.00000000e+00  2.66640000e-09  2.38922723e-09 
 2.67140000e-09  0.00000000e+00  2.67140000e-09  0.00000000e+00  2.67140000e-09  0.00000000e+00  2.67140000e-09  2.38922723e-09 
 2.67640000e-09  0.00000000e+00  2.67640000e-09  0.00000000e+00  2.67640000e-09  0.00000000e+00  2.67640000e-09  2.38922723e-09 
 2.68140000e-09  0.00000000e+00  2.68140000e-09  0.00000000e+00  2.68140000e-09  0.00000000e+00  2.68140000e-09  2.38922723e-09 
 2.68640000e-09  0.00000000e+00  2.68640000e-09  0.00000000e+00  2.68640000e-09  0.00000000e+00  2.68640000e-09  2.38922723e-09 
 2.69140000e-09  0.00000000e+00  2.69140000e-09  0.00000000e+00  2.69140000e-09  0.00000000e+00  2.69140000e-09  2.38922723e-09 
 2.69640000e-09  0.00000000e+00  2.69640000e-09  0.00000000e+00  2.69640000e-09  0.00000000e+00  2.69640000e-09  2.38922723e-09 
 2.70140000e-09  0.00000000e+00  2.70140000e-09  0.00000000e+00  2.70140000e-09  0.00000000e+00  2.70140000e-09  2.38922723e-09 
 2.70640000e-09  0.00000000e+00  2.70640000e-09  0.00000000e+00  2.70640000e-09  0.00000000e+00  2.70640000e-09  2.38922723e-09 
 2.71140000e-09  0.00000000e+00  2.71140000e-09  0.00000000e+00  2.71140000e-09  0.00000000e+00  2.71140000e-09  2.38922723e-09 
 2.71640000e-09  0.00000000e+00  2.71640000e-09  0.00000000e+00  2.71640000e-09  0.00000000e+00  2.71640000e-09  2.38922723e-09 
 2.72140000e-09  0.00000000e+00  2.72140000e-09  0.00000000e+00  2.72140000e-09  0.00000000e+00  2.72140000e-09  2.38922723e-09 
 2.72640000e-09  0.00000000e+00  2.72640000e-09  0.00000000e+00  2.72640000e-09  0.00000000e+00  2.72640000e-09  2.38922723e-09 
 2.73140000e-09  0.00000000e+00  2.73140000e-09  0.00000000e+00  2.73140000e-09  0.00000000e+00  2.73140000e-09  2.38922723e-09 
 2.73640000e-09  0.00000000e+00  2.73640000e-09  0.00000000e+00  2.73640000e-09  0.00000000e+00  2.73640000e-09  2.38922723e-09 
 2.74140000e-09  0.00000000e+00  2.74140000e-09  0.00000000e+00  2.74140000e-09  0.00000000e+00  2.74140000e-09  2.38922723e-09 
 2.74640000e-09  0.00000000e+00  2.74640000e-09  0.00000000e+00  2.74640000e-09  0.00000000e+00  2.74640000e-09  2.38922723e-09 
 2.75140000e-09  0.00000000e+00  2.75140000e-09  0.00000000e+00  2.75140000e-09  0.00000000e+00  2.75140000e-09  2.38922723e-09 
 2.75640000e-09  0.00000000e+00  2.75640000e-09  0.00000000e+00  2.75640000e-09  0.00000000e+00  2.75640000e-09  2.38922723e-09 
 2.76140000e-09  0.00000000e+00  2.76140000e-09  0.00000000e+00  2.76140000e-09  0.00000000e+00  2.76140000e-09  2.38922723e-09 
 2.76640000e-09  0.00000000e+00  2.76640000e-09  0.00000000e+00  2.76640000e-09  0.00000000e+00  2.76640000e-09  2.38922723e-09 
 2.77140000e-09  0.00000000e+00  2.77140000e-09  0.00000000e+00  2.77140000e-09  0.00000000e+00  2.77140000e-09  2.38922723e-09 
 2.77640000e-09  0.00000000e+00  2.77640000e-09  0.00000000e+00  2.77640000e-09  0.00000000e+00  2.77640000e-09  2.38922723e-09 
 2.78140000e-09  0.00000000e+00  2.78140000e-09  0.00000000e+00  2.78140000e-09  0.00000000e+00  2.78140000e-09  2.38922723e-09 
 2.78640000e-09  0.00000000e+00  2.78640000e-09  0.00000000e+00  2.78640000e-09  0.00000000e+00  2.78640000e-09  2.38922723e-09 
 2.79140000e-09  0.00000000e+00  2.79140000e-09  0.00000000e+00  2.79140000e-09  0.00000000e+00  2.79140000e-09  2.38922723e-09 
 2.79640000e-09  0.00000000e+00  2.79640000e-09  0.00000000e+00  2.79640000e-09  0.00000000e+00  2.79640000e-09  2.38922723e-09 
 2.80140000e-09  0.00000000e+00  2.80140000e-09  0.00000000e+00  2.80140000e-09  0.00000000e+00  2.80140000e-09  2.38922723e-09 
 2.80640000e-09  0.00000000e+00  2.80640000e-09  0.00000000e+00  2.80640000e-09  0.00000000e+00  2.80640000e-09  2.38922723e-09 
 2.81140000e-09  0.00000000e+00  2.81140000e-09  0.00000000e+00  2.81140000e-09  0.00000000e+00  2.81140000e-09  2.38922723e-09 
 2.81640000e-09  0.00000000e+00  2.81640000e-09  0.00000000e+00  2.81640000e-09  0.00000000e+00  2.81640000e-09  2.38922723e-09 
 2.82140000e-09  0.00000000e+00  2.82140000e-09  0.00000000e+00  2.82140000e-09  0.00000000e+00  2.82140000e-09  2.38922723e-09 
 2.82640000e-09  0.00000000e+00  2.82640000e-09  0.00000000e+00  2.82640000e-09  0.00000000e+00  2.82640000e-09  2.38922723e-09 
 2.83140000e-09  0.00000000e+00  2.83140000e-09  0.00000000e+00  2.83140000e-09  0.00000000e+00  2.83140000e-09  2.38922723e-09 
 2.83640000e-09  0.00000000e+00  2.83640000e-09  0.00000000e+00  2.83640000e-09  0.00000000e+00  2.83640000e-09  2.38922723e-09 
 2.84140000e-09  0.00000000e+00  2.84140000e-09  0.00000000e+00  2.84140000e-09  0.00000000e+00  2.84140000e-09  2.38922723e-09 
 2.84640000e-09  0.00000000e+00  2.84640000e-09  0.00000000e+00  2.84640000e-09  0.00000000e+00  2.84640000e-09  2.38922723e-09 
 2.85140000e-09  0.00000000e+00  2.85140000e-09  0.00000000e+00  2.85140000e-09  0.00000000e+00  2.85140000e-09  2.38922723e-09 
 2.85640000e-09  0.00000000e+00  2.85640000e-09  0.00000000e+00  2.85640000e-09  0.00000000e+00  2.85640000e-09  2.38922723e-09 
 2.86140000e-09  0.00000000e+00  2.86140000e-09  0.00000000e+00  2.86140000e-09  0.00000000e+00  2.86140000e-09  2.38922723e-09 
 2.86640000e-09  0.00000000e+00  2.86640000e-09  0.00000000e+00  2.86640000e-09  0.00000000e+00  2.86640000e-09  2.38922723e-09 
 2.87140000e-09  0.00000000e+00  2.87140000e-09  0.00000000e+00  2.87140000e-09  0.00000000e+00  2.87140000e-09  2.38922723e-09 
 2.87640000e-09  0.00000000e+00  2.87640000e-09  0.00000000e+00  2.87640000e-09  0.00000000e+00  2.87640000e-09  2.38922723e-09 
 2.88140000e-09  0.00000000e+00  2.88140000e-09  0.00000000e+00  2.88140000e-09  0.00000000e+00  2.88140000e-09  2.38922723e-09 
 2.88640000e-09  0.00000000e+00  2.88640000e-09  0.00000000e+00  2.88640000e-09  0.00000000e+00  2.88640000e-09  2.38922723e-09 
 2.89140000e-09  0.00000000e+00  2.89140000e-09  0.00000000e+00  2.89140000e-09  0.00000000e+00  2.89140000e-09  2.38922723e-09 
 2.89640000e-09  0.00000000e+00  2.89640000e-09  0.00000000e+00  2.89640000e-09  0.00000000e+00  2.89640000e-09  2.38922723e-09 
 2.90140000e-09  0.00000000e+00  2.90140000e-09  0.00000000e+00  2.90140000e-09  0.00000000e+00  2.90140000e-09  2.38922723e-09 
 2.90640000e-09  0.00000000e+00  2.90640000e-09  0.00000000e+00  2.90640000e-09  0.00000000e+00  2.90640000e-09  2.38922723e-09 
 2.91140000e-09  0.00000000e+00  2.91140000e-09  0.00000000e+00  2.91140000e-09  0.00000000e+00  2.91140000e-09  2.38922723e-09 
 2.91640000e-09  0.00000000e+00  2.91640000e-09  0.00000000e+00  2.91640000e-09  0.00000000e+00  2.91640000e-09  2.38922723e-09 
 2.92140000e-09  0.00000000e+00  2.92140000e-09  0.00000000e+00  2.92140000e-09  0.00000000e+00  2.92140000e-09  2.38922723e-09 
 2.92640000e-09  0.00000000e+00  2.92640000e-09  0.00000000e+00  2.92640000e-09  0.00000000e+00  2.92640000e-09  2.38922723e-09 
 2.93140000e-09  0.00000000e+00  2.93140000e-09  0.00000000e+00  2.93140000e-09  0.00000000e+00  2.93140000e-09  2.38922723e-09 
 2.93640000e-09  0.00000000e+00  2.93640000e-09  0.00000000e+00  2.93640000e-09  0.00000000e+00  2.93640000e-09  2.38922723e-09 
 2.94140000e-09  0.00000000e+00  2.94140000e-09  0.00000000e+00  2.94140000e-09  0.00000000e+00  2.94140000e-09  2.38922723e-09 
 2.94640000e-09  0.00000000e+00  2.94640000e-09  0.00000000e+00  2.94640000e-09  0.00000000e+00  2.94640000e-09  2.38922723e-09 
 2.95140000e-09  0.00000000e+00  2.95140000e-09  0.00000000e+00  2.95140000e-09  0.00000000e+00  2.95140000e-09  2.38922723e-09 
 2.95640000e-09  0.00000000e+00  2.95640000e-09  0.00000000e+00  2.95640000e-09  0.00000000e+00  2.95640000e-09  2.38922723e-09 
 2.96140000e-09  0.00000000e+00  2.96140000e-09  0.00000000e+00  2.96140000e-09  0.00000000e+00  2.96140000e-09  2.38922723e-09 
 2.96640000e-09  0.00000000e+00  2.96640000e-09  0.00000000e+00  2.96640000e-09  0.00000000e+00  2.96640000e-09  2.38922723e-09 
 2.97140000e-09  0.00000000e+00  2.97140000e-09  0.00000000e+00  2.97140000e-09  0.00000000e+00  2.97140000e-09  2.38922723e-09 
 2.97640000e-09  0.00000000e+00  2.97640000e-09  0.00000000e+00  2.97640000e-09  0.00000000e+00  2.97640000e-09  2.38922723e-09 
 2.98140000e-09  0.00000000e+00  2.98140000e-09  0.00000000e+00  2.98140000e-09  0.00000000e+00  2.98140000e-09  2.38922723e-09 
 2.98640000e-09  0.00000000e+00  2.98640000e-09  0.00000000e+00  2.98640000e-09  0.00000000e+00  2.98640000e-09  2.38922723e-09 
 2.99140000e-09  0.00000000e+00  2.99140000e-09  0.00000000e+00  2.99140000e-09  0.00000000e+00  2.99140000e-09  2.38922723e-09 
 2.99640000e-09  0.00000000e+00  2.99640000e-09  0.00000000e+00  2.99640000e-09  0.00000000e+00  2.99640000e-09  2.38922723e-09 
 3.00000000e-09  0.00000000e+00  3.00000000e-09  0.00000000e+00  3.00000000e-09  0.00000000e+00  3.00000000e-09  2.38922723e-09 
 3.00050000e-09  0.00000000e+00  3.00050000e-09  0.00000000e+00  3.00050000e-09  1.80000000e-02  3.00050000e-09  2.38922723e-09 
 3.00150000e-09  0.00000000e+00  3.00150000e-09  0.00000000e+00  3.00150000e-09  5.40000000e-02  3.00150000e-09  2.38922723e-09 
 3.00350000e-09  0.00000000e+00  3.00350000e-09  0.00000000e+00  3.00350000e-09  1.26000000e-01  3.00350000e-09  2.38922723e-09 
 3.00750000e-09  0.00000000e+00  3.00750000e-09  0.00000000e+00  3.00750000e-09  2.70000000e-01  3.00750000e-09  2.38922723e-09 
 3.01250000e-09  0.00000000e+00  3.01250000e-09  0.00000000e+00  3.01250000e-09  4.50000000e-01  3.01250000e-09  2.38922723e-09 
 3.01750000e-09  0.00000000e+00  3.01750000e-09  0.00000000e+00  3.01750000e-09  6.30000000e-01  3.01750000e-09  2.38922723e-09 
 3.02250000e-09  0.00000000e+00  3.02250000e-09  0.00000000e+00  3.02250000e-09  8.10000000e-01  3.02250000e-09  2.38922723e-09 
 3.02750000e-09  0.00000000e+00  3.02750000e-09  0.00000000e+00  3.02750000e-09  9.90000000e-01  3.02750000e-09  2.38922723e-09 
 3.03250000e-09  0.00000000e+00  3.03250000e-09  0.00000000e+00  3.03250000e-09  1.17000000e+00  3.03250000e-09  2.38922723e-09 
 3.03750000e-09  0.00000000e+00  3.03750000e-09  0.00000000e+00  3.03750000e-09  1.35000000e+00  3.03750000e-09  2.38922723e-09 
 3.04250000e-09  0.00000000e+00  3.04250000e-09  0.00000000e+00  3.04250000e-09  1.53000000e+00  3.04250000e-09  2.38922723e-09 
 3.04750000e-09  0.00000000e+00  3.04750000e-09  0.00000000e+00  3.04750000e-09  1.71000000e+00  3.04750000e-09  2.38922723e-09 
 3.05000000e-09  0.00000000e+00  3.05000000e-09  0.00000000e+00  3.05000000e-09  1.80000000e+00  3.05000000e-09  2.38922723e-09 
 3.05050000e-09  0.00000000e+00  3.05050000e-09  0.00000000e+00  3.05050000e-09  1.80000000e+00  3.05050000e-09  2.38922723e-09 
 3.05150000e-09  0.00000000e+00  3.05150000e-09  0.00000000e+00  3.05150000e-09  1.80000000e+00  3.05150000e-09  2.38922723e-09 
 3.05350000e-09  0.00000000e+00  3.05350000e-09  0.00000000e+00  3.05350000e-09  1.80000000e+00  3.05350000e-09  2.38922723e-09 
 3.05750000e-09  0.00000000e+00  3.05750000e-09  0.00000000e+00  3.05750000e-09  1.80000000e+00  3.05750000e-09  2.38922723e-09 
 3.06250000e-09  0.00000000e+00  3.06250000e-09  0.00000000e+00  3.06250000e-09  1.80000000e+00  3.06250000e-09  2.38922723e-09 
 3.06750000e-09  0.00000000e+00  3.06750000e-09  0.00000000e+00  3.06750000e-09  1.80000000e+00  3.06750000e-09  2.38922723e-09 
 3.07250000e-09  0.00000000e+00  3.07250000e-09  0.00000000e+00  3.07250000e-09  1.80000000e+00  3.07250000e-09  2.38922723e-09 
 3.07750000e-09  0.00000000e+00  3.07750000e-09  0.00000000e+00  3.07750000e-09  1.80000000e+00  3.07750000e-09  2.38922723e-09 
 3.08250000e-09  0.00000000e+00  3.08250000e-09  0.00000000e+00  3.08250000e-09  1.80000000e+00  3.08250000e-09  2.38922723e-09 
 3.08750000e-09  0.00000000e+00  3.08750000e-09  0.00000000e+00  3.08750000e-09  1.80000000e+00  3.08750000e-09  2.38922723e-09 
 3.09250000e-09  0.00000000e+00  3.09250000e-09  0.00000000e+00  3.09250000e-09  1.80000000e+00  3.09250000e-09  2.38922723e-09 
 3.09750000e-09  0.00000000e+00  3.09750000e-09  0.00000000e+00  3.09750000e-09  1.80000000e+00  3.09750000e-09  2.38922723e-09 
 3.10250000e-09  0.00000000e+00  3.10250000e-09  0.00000000e+00  3.10250000e-09  1.80000000e+00  3.10250000e-09  2.38922723e-09 
 3.10750000e-09  0.00000000e+00  3.10750000e-09  0.00000000e+00  3.10750000e-09  1.80000000e+00  3.10750000e-09  2.38922723e-09 
 3.11250000e-09  0.00000000e+00  3.11250000e-09  0.00000000e+00  3.11250000e-09  1.80000000e+00  3.11250000e-09  2.38922723e-09 
 3.11750000e-09  0.00000000e+00  3.11750000e-09  0.00000000e+00  3.11750000e-09  1.80000000e+00  3.11750000e-09  2.38922723e-09 
 3.12250000e-09  0.00000000e+00  3.12250000e-09  0.00000000e+00  3.12250000e-09  1.80000000e+00  3.12250000e-09  2.38922723e-09 
 3.12750000e-09  0.00000000e+00  3.12750000e-09  0.00000000e+00  3.12750000e-09  1.80000000e+00  3.12750000e-09  2.38922723e-09 
 3.13250000e-09  0.00000000e+00  3.13250000e-09  0.00000000e+00  3.13250000e-09  1.80000000e+00  3.13250000e-09  2.38922723e-09 
 3.13750000e-09  0.00000000e+00  3.13750000e-09  0.00000000e+00  3.13750000e-09  1.80000000e+00  3.13750000e-09  2.38922723e-09 
 3.14250000e-09  0.00000000e+00  3.14250000e-09  0.00000000e+00  3.14250000e-09  1.80000000e+00  3.14250000e-09  2.38922723e-09 
 3.14750000e-09  0.00000000e+00  3.14750000e-09  0.00000000e+00  3.14750000e-09  1.80000000e+00  3.14750000e-09  2.38922723e-09 
 3.15250000e-09  0.00000000e+00  3.15250000e-09  0.00000000e+00  3.15250000e-09  1.80000000e+00  3.15250000e-09  2.38922723e-09 
 3.15750000e-09  0.00000000e+00  3.15750000e-09  0.00000000e+00  3.15750000e-09  1.80000000e+00  3.15750000e-09  2.38922723e-09 
 3.16250000e-09  0.00000000e+00  3.16250000e-09  0.00000000e+00  3.16250000e-09  1.80000000e+00  3.16250000e-09  2.38922723e-09 
 3.16750000e-09  0.00000000e+00  3.16750000e-09  0.00000000e+00  3.16750000e-09  1.80000000e+00  3.16750000e-09  2.38922723e-09 
 3.17250000e-09  0.00000000e+00  3.17250000e-09  0.00000000e+00  3.17250000e-09  1.80000000e+00  3.17250000e-09  2.38922723e-09 
 3.17750000e-09  0.00000000e+00  3.17750000e-09  0.00000000e+00  3.17750000e-09  1.80000000e+00  3.17750000e-09  2.38922723e-09 
 3.18250000e-09  0.00000000e+00  3.18250000e-09  0.00000000e+00  3.18250000e-09  1.80000000e+00  3.18250000e-09  2.38922723e-09 
 3.18750000e-09  0.00000000e+00  3.18750000e-09  0.00000000e+00  3.18750000e-09  1.80000000e+00  3.18750000e-09  2.38922723e-09 
 3.19250000e-09  0.00000000e+00  3.19250000e-09  0.00000000e+00  3.19250000e-09  1.80000000e+00  3.19250000e-09  2.38922723e-09 
 3.19750000e-09  0.00000000e+00  3.19750000e-09  0.00000000e+00  3.19750000e-09  1.80000000e+00  3.19750000e-09  2.38922723e-09 
 3.20250000e-09  0.00000000e+00  3.20250000e-09  0.00000000e+00  3.20250000e-09  1.80000000e+00  3.20250000e-09  2.38922723e-09 
 3.20750000e-09  0.00000000e+00  3.20750000e-09  0.00000000e+00  3.20750000e-09  1.80000000e+00  3.20750000e-09  2.38922723e-09 
 3.21250000e-09  0.00000000e+00  3.21250000e-09  0.00000000e+00  3.21250000e-09  1.80000000e+00  3.21250000e-09  2.38922723e-09 
 3.21750000e-09  0.00000000e+00  3.21750000e-09  0.00000000e+00  3.21750000e-09  1.80000000e+00  3.21750000e-09  2.38922723e-09 
 3.22250000e-09  0.00000000e+00  3.22250000e-09  0.00000000e+00  3.22250000e-09  1.80000000e+00  3.22250000e-09  2.38922723e-09 
 3.22750000e-09  0.00000000e+00  3.22750000e-09  0.00000000e+00  3.22750000e-09  1.80000000e+00  3.22750000e-09  2.38922723e-09 
 3.23250000e-09  0.00000000e+00  3.23250000e-09  0.00000000e+00  3.23250000e-09  1.80000000e+00  3.23250000e-09  2.38922723e-09 
 3.23750000e-09  0.00000000e+00  3.23750000e-09  0.00000000e+00  3.23750000e-09  1.80000000e+00  3.23750000e-09  2.38922723e-09 
 3.24250000e-09  0.00000000e+00  3.24250000e-09  0.00000000e+00  3.24250000e-09  1.80000000e+00  3.24250000e-09  2.38922723e-09 
 3.24750000e-09  0.00000000e+00  3.24750000e-09  0.00000000e+00  3.24750000e-09  1.80000000e+00  3.24750000e-09  2.38922723e-09 
 3.25250000e-09  0.00000000e+00  3.25250000e-09  0.00000000e+00  3.25250000e-09  1.80000000e+00  3.25250000e-09  2.38922723e-09 
 3.25750000e-09  0.00000000e+00  3.25750000e-09  0.00000000e+00  3.25750000e-09  1.80000000e+00  3.25750000e-09  2.38922723e-09 
 3.26250000e-09  0.00000000e+00  3.26250000e-09  0.00000000e+00  3.26250000e-09  1.80000000e+00  3.26250000e-09  2.38922723e-09 
 3.26750000e-09  0.00000000e+00  3.26750000e-09  0.00000000e+00  3.26750000e-09  1.80000000e+00  3.26750000e-09  2.38922723e-09 
 3.27250000e-09  0.00000000e+00  3.27250000e-09  0.00000000e+00  3.27250000e-09  1.80000000e+00  3.27250000e-09  2.38922723e-09 
 3.27750000e-09  0.00000000e+00  3.27750000e-09  0.00000000e+00  3.27750000e-09  1.80000000e+00  3.27750000e-09  2.38922723e-09 
 3.28250000e-09  0.00000000e+00  3.28250000e-09  0.00000000e+00  3.28250000e-09  1.80000000e+00  3.28250000e-09  2.38922723e-09 
 3.28750000e-09  0.00000000e+00  3.28750000e-09  0.00000000e+00  3.28750000e-09  1.80000000e+00  3.28750000e-09  2.38922723e-09 
 3.29250000e-09  0.00000000e+00  3.29250000e-09  0.00000000e+00  3.29250000e-09  1.80000000e+00  3.29250000e-09  2.38922723e-09 
 3.29750000e-09  0.00000000e+00  3.29750000e-09  0.00000000e+00  3.29750000e-09  1.80000000e+00  3.29750000e-09  2.38922723e-09 
 3.30250000e-09  0.00000000e+00  3.30250000e-09  0.00000000e+00  3.30250000e-09  1.80000000e+00  3.30250000e-09  2.38922723e-09 
 3.30750000e-09  0.00000000e+00  3.30750000e-09  0.00000000e+00  3.30750000e-09  1.80000000e+00  3.30750000e-09  2.38922723e-09 
 3.31250000e-09  0.00000000e+00  3.31250000e-09  0.00000000e+00  3.31250000e-09  1.80000000e+00  3.31250000e-09  2.38922723e-09 
 3.31750000e-09  0.00000000e+00  3.31750000e-09  0.00000000e+00  3.31750000e-09  1.80000000e+00  3.31750000e-09  2.38922723e-09 
 3.32250000e-09  0.00000000e+00  3.32250000e-09  0.00000000e+00  3.32250000e-09  1.80000000e+00  3.32250000e-09  2.38922723e-09 
 3.32750000e-09  0.00000000e+00  3.32750000e-09  0.00000000e+00  3.32750000e-09  1.80000000e+00  3.32750000e-09  2.38922723e-09 
 3.33250000e-09  0.00000000e+00  3.33250000e-09  0.00000000e+00  3.33250000e-09  1.80000000e+00  3.33250000e-09  2.38922723e-09 
 3.33750000e-09  0.00000000e+00  3.33750000e-09  0.00000000e+00  3.33750000e-09  1.80000000e+00  3.33750000e-09  2.38922723e-09 
 3.34250000e-09  0.00000000e+00  3.34250000e-09  0.00000000e+00  3.34250000e-09  1.80000000e+00  3.34250000e-09  2.38922723e-09 
 3.34750000e-09  0.00000000e+00  3.34750000e-09  0.00000000e+00  3.34750000e-09  1.80000000e+00  3.34750000e-09  2.38922723e-09 
 3.35250000e-09  0.00000000e+00  3.35250000e-09  0.00000000e+00  3.35250000e-09  1.80000000e+00  3.35250000e-09  2.38922723e-09 
 3.35750000e-09  0.00000000e+00  3.35750000e-09  0.00000000e+00  3.35750000e-09  1.80000000e+00  3.35750000e-09  2.38922723e-09 
 3.36250000e-09  0.00000000e+00  3.36250000e-09  0.00000000e+00  3.36250000e-09  1.80000000e+00  3.36250000e-09  2.38922723e-09 
 3.36750000e-09  0.00000000e+00  3.36750000e-09  0.00000000e+00  3.36750000e-09  1.80000000e+00  3.36750000e-09  2.38922723e-09 
 3.37250000e-09  0.00000000e+00  3.37250000e-09  0.00000000e+00  3.37250000e-09  1.80000000e+00  3.37250000e-09  2.38922723e-09 
 3.37750000e-09  0.00000000e+00  3.37750000e-09  0.00000000e+00  3.37750000e-09  1.80000000e+00  3.37750000e-09  2.38922723e-09 
 3.38250000e-09  0.00000000e+00  3.38250000e-09  0.00000000e+00  3.38250000e-09  1.80000000e+00  3.38250000e-09  2.38922723e-09 
 3.38750000e-09  0.00000000e+00  3.38750000e-09  0.00000000e+00  3.38750000e-09  1.80000000e+00  3.38750000e-09  2.38922723e-09 
 3.39250000e-09  0.00000000e+00  3.39250000e-09  0.00000000e+00  3.39250000e-09  1.80000000e+00  3.39250000e-09  2.38922723e-09 
 3.39750000e-09  0.00000000e+00  3.39750000e-09  0.00000000e+00  3.39750000e-09  1.80000000e+00  3.39750000e-09  2.38922723e-09 
 3.40250000e-09  0.00000000e+00  3.40250000e-09  0.00000000e+00  3.40250000e-09  1.80000000e+00  3.40250000e-09  2.38922723e-09 
 3.40750000e-09  0.00000000e+00  3.40750000e-09  0.00000000e+00  3.40750000e-09  1.80000000e+00  3.40750000e-09  2.38922723e-09 
 3.41250000e-09  0.00000000e+00  3.41250000e-09  0.00000000e+00  3.41250000e-09  1.80000000e+00  3.41250000e-09  2.38922723e-09 
 3.41750000e-09  0.00000000e+00  3.41750000e-09  0.00000000e+00  3.41750000e-09  1.80000000e+00  3.41750000e-09  2.38922723e-09 
 3.42250000e-09  0.00000000e+00  3.42250000e-09  0.00000000e+00  3.42250000e-09  1.80000000e+00  3.42250000e-09  2.38922723e-09 
 3.42750000e-09  0.00000000e+00  3.42750000e-09  0.00000000e+00  3.42750000e-09  1.80000000e+00  3.42750000e-09  2.38922723e-09 
 3.43250000e-09  0.00000000e+00  3.43250000e-09  0.00000000e+00  3.43250000e-09  1.80000000e+00  3.43250000e-09  2.38922723e-09 
 3.43750000e-09  0.00000000e+00  3.43750000e-09  0.00000000e+00  3.43750000e-09  1.80000000e+00  3.43750000e-09  2.38922723e-09 
 3.44250000e-09  0.00000000e+00  3.44250000e-09  0.00000000e+00  3.44250000e-09  1.80000000e+00  3.44250000e-09  2.38922723e-09 
 3.44750000e-09  0.00000000e+00  3.44750000e-09  0.00000000e+00  3.44750000e-09  1.80000000e+00  3.44750000e-09  2.38922723e-09 
 3.45250000e-09  0.00000000e+00  3.45250000e-09  0.00000000e+00  3.45250000e-09  1.80000000e+00  3.45250000e-09  2.38922723e-09 
 3.45750000e-09  0.00000000e+00  3.45750000e-09  0.00000000e+00  3.45750000e-09  1.80000000e+00  3.45750000e-09  2.38922723e-09 
 3.46250000e-09  0.00000000e+00  3.46250000e-09  0.00000000e+00  3.46250000e-09  1.80000000e+00  3.46250000e-09  2.38922723e-09 
 3.46750000e-09  0.00000000e+00  3.46750000e-09  0.00000000e+00  3.46750000e-09  1.80000000e+00  3.46750000e-09  2.38922723e-09 
 3.47250000e-09  0.00000000e+00  3.47250000e-09  0.00000000e+00  3.47250000e-09  1.80000000e+00  3.47250000e-09  2.38922723e-09 
 3.47750000e-09  0.00000000e+00  3.47750000e-09  0.00000000e+00  3.47750000e-09  1.80000000e+00  3.47750000e-09  2.38922723e-09 
 3.48250000e-09  0.00000000e+00  3.48250000e-09  0.00000000e+00  3.48250000e-09  1.80000000e+00  3.48250000e-09  2.38922723e-09 
 3.48750000e-09  0.00000000e+00  3.48750000e-09  0.00000000e+00  3.48750000e-09  1.80000000e+00  3.48750000e-09  2.38922723e-09 
 3.49250000e-09  0.00000000e+00  3.49250000e-09  0.00000000e+00  3.49250000e-09  1.80000000e+00  3.49250000e-09  2.38922723e-09 
 3.49750000e-09  0.00000000e+00  3.49750000e-09  0.00000000e+00  3.49750000e-09  1.80000000e+00  3.49750000e-09  2.38922723e-09 
 3.50250000e-09  0.00000000e+00  3.50250000e-09  0.00000000e+00  3.50250000e-09  1.80000000e+00  3.50250000e-09  2.38922723e-09 
 3.50750000e-09  0.00000000e+00  3.50750000e-09  0.00000000e+00  3.50750000e-09  1.80000000e+00  3.50750000e-09  2.38922723e-09 
 3.51250000e-09  0.00000000e+00  3.51250000e-09  0.00000000e+00  3.51250000e-09  1.80000000e+00  3.51250000e-09  2.38922723e-09 
 3.51750000e-09  0.00000000e+00  3.51750000e-09  0.00000000e+00  3.51750000e-09  1.80000000e+00  3.51750000e-09  2.38922723e-09 
 3.52250000e-09  0.00000000e+00  3.52250000e-09  0.00000000e+00  3.52250000e-09  1.80000000e+00  3.52250000e-09  2.38922723e-09 
 3.52750000e-09  0.00000000e+00  3.52750000e-09  0.00000000e+00  3.52750000e-09  1.80000000e+00  3.52750000e-09  2.38922723e-09 
 3.53250000e-09  0.00000000e+00  3.53250000e-09  0.00000000e+00  3.53250000e-09  1.80000000e+00  3.53250000e-09  2.38922723e-09 
 3.53750000e-09  0.00000000e+00  3.53750000e-09  0.00000000e+00  3.53750000e-09  1.80000000e+00  3.53750000e-09  2.38922723e-09 
 3.54250000e-09  0.00000000e+00  3.54250000e-09  0.00000000e+00  3.54250000e-09  1.80000000e+00  3.54250000e-09  2.38922723e-09 
 3.54750000e-09  0.00000000e+00  3.54750000e-09  0.00000000e+00  3.54750000e-09  1.80000000e+00  3.54750000e-09  2.38922723e-09 
 3.55250000e-09  0.00000000e+00  3.55250000e-09  0.00000000e+00  3.55250000e-09  1.80000000e+00  3.55250000e-09  2.38922723e-09 
 3.55750000e-09  0.00000000e+00  3.55750000e-09  0.00000000e+00  3.55750000e-09  1.80000000e+00  3.55750000e-09  2.38922723e-09 
 3.56250000e-09  0.00000000e+00  3.56250000e-09  0.00000000e+00  3.56250000e-09  1.80000000e+00  3.56250000e-09  2.38922723e-09 
 3.56750000e-09  0.00000000e+00  3.56750000e-09  0.00000000e+00  3.56750000e-09  1.80000000e+00  3.56750000e-09  2.38922723e-09 
 3.57250000e-09  0.00000000e+00  3.57250000e-09  0.00000000e+00  3.57250000e-09  1.80000000e+00  3.57250000e-09  2.38922723e-09 
 3.57750000e-09  0.00000000e+00  3.57750000e-09  0.00000000e+00  3.57750000e-09  1.80000000e+00  3.57750000e-09  2.38922723e-09 
 3.58250000e-09  0.00000000e+00  3.58250000e-09  0.00000000e+00  3.58250000e-09  1.80000000e+00  3.58250000e-09  2.38922723e-09 
 3.58750000e-09  0.00000000e+00  3.58750000e-09  0.00000000e+00  3.58750000e-09  1.80000000e+00  3.58750000e-09  2.38922723e-09 
 3.59250000e-09  0.00000000e+00  3.59250000e-09  0.00000000e+00  3.59250000e-09  1.80000000e+00  3.59250000e-09  2.38922723e-09 
 3.59750000e-09  0.00000000e+00  3.59750000e-09  0.00000000e+00  3.59750000e-09  1.80000000e+00  3.59750000e-09  2.38922723e-09 
 3.60250000e-09  0.00000000e+00  3.60250000e-09  0.00000000e+00  3.60250000e-09  1.80000000e+00  3.60250000e-09  2.38922723e-09 
 3.60750000e-09  0.00000000e+00  3.60750000e-09  0.00000000e+00  3.60750000e-09  1.80000000e+00  3.60750000e-09  2.38922723e-09 
 3.61250000e-09  0.00000000e+00  3.61250000e-09  0.00000000e+00  3.61250000e-09  1.80000000e+00  3.61250000e-09  2.38922723e-09 
 3.61750000e-09  0.00000000e+00  3.61750000e-09  0.00000000e+00  3.61750000e-09  1.80000000e+00  3.61750000e-09  2.38922723e-09 
 3.62250000e-09  0.00000000e+00  3.62250000e-09  0.00000000e+00  3.62250000e-09  1.80000000e+00  3.62250000e-09  2.38922723e-09 
 3.62750000e-09  0.00000000e+00  3.62750000e-09  0.00000000e+00  3.62750000e-09  1.80000000e+00  3.62750000e-09  2.38922723e-09 
 3.63250000e-09  0.00000000e+00  3.63250000e-09  0.00000000e+00  3.63250000e-09  1.80000000e+00  3.63250000e-09  2.38922723e-09 
 3.63750000e-09  0.00000000e+00  3.63750000e-09  0.00000000e+00  3.63750000e-09  1.80000000e+00  3.63750000e-09  2.38922723e-09 
 3.64250000e-09  0.00000000e+00  3.64250000e-09  0.00000000e+00  3.64250000e-09  1.80000000e+00  3.64250000e-09  2.38922723e-09 
 3.64750000e-09  0.00000000e+00  3.64750000e-09  0.00000000e+00  3.64750000e-09  1.80000000e+00  3.64750000e-09  2.38922723e-09 
 3.65250000e-09  0.00000000e+00  3.65250000e-09  0.00000000e+00  3.65250000e-09  1.80000000e+00  3.65250000e-09  2.38922723e-09 
 3.65750000e-09  0.00000000e+00  3.65750000e-09  0.00000000e+00  3.65750000e-09  1.80000000e+00  3.65750000e-09  2.38922723e-09 
 3.66250000e-09  0.00000000e+00  3.66250000e-09  0.00000000e+00  3.66250000e-09  1.80000000e+00  3.66250000e-09  2.38922723e-09 
 3.66750000e-09  0.00000000e+00  3.66750000e-09  0.00000000e+00  3.66750000e-09  1.80000000e+00  3.66750000e-09  2.38922723e-09 
 3.67250000e-09  0.00000000e+00  3.67250000e-09  0.00000000e+00  3.67250000e-09  1.80000000e+00  3.67250000e-09  2.38922723e-09 
 3.67750000e-09  0.00000000e+00  3.67750000e-09  0.00000000e+00  3.67750000e-09  1.80000000e+00  3.67750000e-09  2.38922723e-09 
 3.68250000e-09  0.00000000e+00  3.68250000e-09  0.00000000e+00  3.68250000e-09  1.80000000e+00  3.68250000e-09  2.38922723e-09 
 3.68750000e-09  0.00000000e+00  3.68750000e-09  0.00000000e+00  3.68750000e-09  1.80000000e+00  3.68750000e-09  2.38922723e-09 
 3.69250000e-09  0.00000000e+00  3.69250000e-09  0.00000000e+00  3.69250000e-09  1.80000000e+00  3.69250000e-09  2.38922723e-09 
 3.69750000e-09  0.00000000e+00  3.69750000e-09  0.00000000e+00  3.69750000e-09  1.80000000e+00  3.69750000e-09  2.38922723e-09 
 3.70250000e-09  0.00000000e+00  3.70250000e-09  0.00000000e+00  3.70250000e-09  1.80000000e+00  3.70250000e-09  2.38922723e-09 
 3.70750000e-09  0.00000000e+00  3.70750000e-09  0.00000000e+00  3.70750000e-09  1.80000000e+00  3.70750000e-09  2.38922723e-09 
 3.71250000e-09  0.00000000e+00  3.71250000e-09  0.00000000e+00  3.71250000e-09  1.80000000e+00  3.71250000e-09  2.38922723e-09 
 3.71750000e-09  0.00000000e+00  3.71750000e-09  0.00000000e+00  3.71750000e-09  1.80000000e+00  3.71750000e-09  2.38922723e-09 
 3.72250000e-09  0.00000000e+00  3.72250000e-09  0.00000000e+00  3.72250000e-09  1.80000000e+00  3.72250000e-09  2.38922723e-09 
 3.72750000e-09  0.00000000e+00  3.72750000e-09  0.00000000e+00  3.72750000e-09  1.80000000e+00  3.72750000e-09  2.38922723e-09 
 3.73250000e-09  0.00000000e+00  3.73250000e-09  0.00000000e+00  3.73250000e-09  1.80000000e+00  3.73250000e-09  2.38922723e-09 
 3.73750000e-09  0.00000000e+00  3.73750000e-09  0.00000000e+00  3.73750000e-09  1.80000000e+00  3.73750000e-09  2.38922723e-09 
 3.74250000e-09  0.00000000e+00  3.74250000e-09  0.00000000e+00  3.74250000e-09  1.80000000e+00  3.74250000e-09  2.38922723e-09 
 3.74750000e-09  0.00000000e+00  3.74750000e-09  0.00000000e+00  3.74750000e-09  1.80000000e+00  3.74750000e-09  2.38922723e-09 
 3.75250000e-09  0.00000000e+00  3.75250000e-09  0.00000000e+00  3.75250000e-09  1.80000000e+00  3.75250000e-09  2.38922723e-09 
 3.75750000e-09  0.00000000e+00  3.75750000e-09  0.00000000e+00  3.75750000e-09  1.80000000e+00  3.75750000e-09  2.38922723e-09 
 3.76250000e-09  0.00000000e+00  3.76250000e-09  0.00000000e+00  3.76250000e-09  1.80000000e+00  3.76250000e-09  2.38922723e-09 
 3.76750000e-09  0.00000000e+00  3.76750000e-09  0.00000000e+00  3.76750000e-09  1.80000000e+00  3.76750000e-09  2.38922723e-09 
 3.77250000e-09  0.00000000e+00  3.77250000e-09  0.00000000e+00  3.77250000e-09  1.80000000e+00  3.77250000e-09  2.38922723e-09 
 3.77750000e-09  0.00000000e+00  3.77750000e-09  0.00000000e+00  3.77750000e-09  1.80000000e+00  3.77750000e-09  2.38922723e-09 
 3.78250000e-09  0.00000000e+00  3.78250000e-09  0.00000000e+00  3.78250000e-09  1.80000000e+00  3.78250000e-09  2.38922723e-09 
 3.78750000e-09  0.00000000e+00  3.78750000e-09  0.00000000e+00  3.78750000e-09  1.80000000e+00  3.78750000e-09  2.38922723e-09 
 3.79250000e-09  0.00000000e+00  3.79250000e-09  0.00000000e+00  3.79250000e-09  1.80000000e+00  3.79250000e-09  2.38922723e-09 
 3.79750000e-09  0.00000000e+00  3.79750000e-09  0.00000000e+00  3.79750000e-09  1.80000000e+00  3.79750000e-09  2.38922723e-09 
 3.80250000e-09  0.00000000e+00  3.80250000e-09  0.00000000e+00  3.80250000e-09  1.80000000e+00  3.80250000e-09  2.38922723e-09 
 3.80750000e-09  0.00000000e+00  3.80750000e-09  0.00000000e+00  3.80750000e-09  1.80000000e+00  3.80750000e-09  2.38922723e-09 
 3.81250000e-09  0.00000000e+00  3.81250000e-09  0.00000000e+00  3.81250000e-09  1.80000000e+00  3.81250000e-09  2.38922723e-09 
 3.81750000e-09  0.00000000e+00  3.81750000e-09  0.00000000e+00  3.81750000e-09  1.80000000e+00  3.81750000e-09  2.38922723e-09 
 3.82250000e-09  0.00000000e+00  3.82250000e-09  0.00000000e+00  3.82250000e-09  1.80000000e+00  3.82250000e-09  2.38922723e-09 
 3.82750000e-09  0.00000000e+00  3.82750000e-09  0.00000000e+00  3.82750000e-09  1.80000000e+00  3.82750000e-09  2.38922723e-09 
 3.83250000e-09  0.00000000e+00  3.83250000e-09  0.00000000e+00  3.83250000e-09  1.80000000e+00  3.83250000e-09  2.38922723e-09 
 3.83750000e-09  0.00000000e+00  3.83750000e-09  0.00000000e+00  3.83750000e-09  1.80000000e+00  3.83750000e-09  2.38922723e-09 
 3.84250000e-09  0.00000000e+00  3.84250000e-09  0.00000000e+00  3.84250000e-09  1.80000000e+00  3.84250000e-09  2.38922723e-09 
 3.84750000e-09  0.00000000e+00  3.84750000e-09  0.00000000e+00  3.84750000e-09  1.80000000e+00  3.84750000e-09  2.38922723e-09 
 3.85250000e-09  0.00000000e+00  3.85250000e-09  0.00000000e+00  3.85250000e-09  1.80000000e+00  3.85250000e-09  2.38922723e-09 
 3.85750000e-09  0.00000000e+00  3.85750000e-09  0.00000000e+00  3.85750000e-09  1.80000000e+00  3.85750000e-09  2.38922723e-09 
 3.86250000e-09  0.00000000e+00  3.86250000e-09  0.00000000e+00  3.86250000e-09  1.80000000e+00  3.86250000e-09  2.38922723e-09 
 3.86750000e-09  0.00000000e+00  3.86750000e-09  0.00000000e+00  3.86750000e-09  1.80000000e+00  3.86750000e-09  2.38922723e-09 
 3.87250000e-09  0.00000000e+00  3.87250000e-09  0.00000000e+00  3.87250000e-09  1.80000000e+00  3.87250000e-09  2.38922723e-09 
 3.87750000e-09  0.00000000e+00  3.87750000e-09  0.00000000e+00  3.87750000e-09  1.80000000e+00  3.87750000e-09  2.38922723e-09 
 3.88250000e-09  0.00000000e+00  3.88250000e-09  0.00000000e+00  3.88250000e-09  1.80000000e+00  3.88250000e-09  2.38922723e-09 
 3.88750000e-09  0.00000000e+00  3.88750000e-09  0.00000000e+00  3.88750000e-09  1.80000000e+00  3.88750000e-09  2.38922723e-09 
 3.89250000e-09  0.00000000e+00  3.89250000e-09  0.00000000e+00  3.89250000e-09  1.80000000e+00  3.89250000e-09  2.38922723e-09 
 3.89750000e-09  0.00000000e+00  3.89750000e-09  0.00000000e+00  3.89750000e-09  1.80000000e+00  3.89750000e-09  2.38922723e-09 
 3.90250000e-09  0.00000000e+00  3.90250000e-09  0.00000000e+00  3.90250000e-09  1.80000000e+00  3.90250000e-09  2.38922723e-09 
 3.90750000e-09  0.00000000e+00  3.90750000e-09  0.00000000e+00  3.90750000e-09  1.80000000e+00  3.90750000e-09  2.38922723e-09 
 3.91250000e-09  0.00000000e+00  3.91250000e-09  0.00000000e+00  3.91250000e-09  1.80000000e+00  3.91250000e-09  2.38922723e-09 
 3.91750000e-09  0.00000000e+00  3.91750000e-09  0.00000000e+00  3.91750000e-09  1.80000000e+00  3.91750000e-09  2.38922723e-09 
 3.92250000e-09  0.00000000e+00  3.92250000e-09  0.00000000e+00  3.92250000e-09  1.80000000e+00  3.92250000e-09  2.38922723e-09 
 3.92750000e-09  0.00000000e+00  3.92750000e-09  0.00000000e+00  3.92750000e-09  1.80000000e+00  3.92750000e-09  2.38922723e-09 
 3.93250000e-09  0.00000000e+00  3.93250000e-09  0.00000000e+00  3.93250000e-09  1.80000000e+00  3.93250000e-09  2.38922723e-09 
 3.93750000e-09  0.00000000e+00  3.93750000e-09  0.00000000e+00  3.93750000e-09  1.80000000e+00  3.93750000e-09  2.38922723e-09 
 3.94250000e-09  0.00000000e+00  3.94250000e-09  0.00000000e+00  3.94250000e-09  1.80000000e+00  3.94250000e-09  2.38922723e-09 
 3.94750000e-09  0.00000000e+00  3.94750000e-09  0.00000000e+00  3.94750000e-09  1.80000000e+00  3.94750000e-09  2.38922723e-09 
 3.95250000e-09  0.00000000e+00  3.95250000e-09  0.00000000e+00  3.95250000e-09  1.80000000e+00  3.95250000e-09  2.38922723e-09 
 3.95750000e-09  0.00000000e+00  3.95750000e-09  0.00000000e+00  3.95750000e-09  1.80000000e+00  3.95750000e-09  2.38922723e-09 
 3.96250000e-09  0.00000000e+00  3.96250000e-09  0.00000000e+00  3.96250000e-09  1.80000000e+00  3.96250000e-09  2.38922723e-09 
 3.96750000e-09  0.00000000e+00  3.96750000e-09  0.00000000e+00  3.96750000e-09  1.80000000e+00  3.96750000e-09  2.38922723e-09 
 3.97250000e-09  0.00000000e+00  3.97250000e-09  0.00000000e+00  3.97250000e-09  1.80000000e+00  3.97250000e-09  2.38922723e-09 
 3.97750000e-09  0.00000000e+00  3.97750000e-09  0.00000000e+00  3.97750000e-09  1.80000000e+00  3.97750000e-09  2.38922723e-09 
 3.98250000e-09  0.00000000e+00  3.98250000e-09  0.00000000e+00  3.98250000e-09  1.80000000e+00  3.98250000e-09  2.38922723e-09 
 3.98750000e-09  0.00000000e+00  3.98750000e-09  0.00000000e+00  3.98750000e-09  1.80000000e+00  3.98750000e-09  2.38922723e-09 
 3.99250000e-09  0.00000000e+00  3.99250000e-09  0.00000000e+00  3.99250000e-09  1.80000000e+00  3.99250000e-09  2.38922723e-09 
 3.99750000e-09  0.00000000e+00  3.99750000e-09  0.00000000e+00  3.99750000e-09  1.80000000e+00  3.99750000e-09  2.38922723e-09 
 4.00250000e-09  0.00000000e+00  4.00250000e-09  0.00000000e+00  4.00250000e-09  1.80000000e+00  4.00250000e-09  2.38922723e-09 
 4.00750000e-09  0.00000000e+00  4.00750000e-09  0.00000000e+00  4.00750000e-09  1.80000000e+00  4.00750000e-09  2.38922723e-09 
 4.01250000e-09  0.00000000e+00  4.01250000e-09  0.00000000e+00  4.01250000e-09  1.80000000e+00  4.01250000e-09  2.38922723e-09 
 4.01750000e-09  0.00000000e+00  4.01750000e-09  0.00000000e+00  4.01750000e-09  1.80000000e+00  4.01750000e-09  2.38922723e-09 
 4.02250000e-09  0.00000000e+00  4.02250000e-09  0.00000000e+00  4.02250000e-09  1.80000000e+00  4.02250000e-09  2.38922723e-09 
 4.02750000e-09  0.00000000e+00  4.02750000e-09  0.00000000e+00  4.02750000e-09  1.80000000e+00  4.02750000e-09  2.38922723e-09 
 4.03250000e-09  0.00000000e+00  4.03250000e-09  0.00000000e+00  4.03250000e-09  1.80000000e+00  4.03250000e-09  2.38922723e-09 
 4.03750000e-09  0.00000000e+00  4.03750000e-09  0.00000000e+00  4.03750000e-09  1.80000000e+00  4.03750000e-09  2.38922723e-09 
 4.04250000e-09  0.00000000e+00  4.04250000e-09  0.00000000e+00  4.04250000e-09  1.80000000e+00  4.04250000e-09  2.38922723e-09 
 4.04750000e-09  0.00000000e+00  4.04750000e-09  0.00000000e+00  4.04750000e-09  1.80000000e+00  4.04750000e-09  2.38922723e-09 
 4.05250000e-09  0.00000000e+00  4.05250000e-09  0.00000000e+00  4.05250000e-09  1.80000000e+00  4.05250000e-09  2.38922723e-09 
 4.05750000e-09  0.00000000e+00  4.05750000e-09  0.00000000e+00  4.05750000e-09  1.80000000e+00  4.05750000e-09  2.38922723e-09 
 4.06250000e-09  0.00000000e+00  4.06250000e-09  0.00000000e+00  4.06250000e-09  1.80000000e+00  4.06250000e-09  2.38922723e-09 
 4.06750000e-09  0.00000000e+00  4.06750000e-09  0.00000000e+00  4.06750000e-09  1.80000000e+00  4.06750000e-09  2.38922723e-09 
 4.07250000e-09  0.00000000e+00  4.07250000e-09  0.00000000e+00  4.07250000e-09  1.80000000e+00  4.07250000e-09  2.38922723e-09 
 4.07750000e-09  0.00000000e+00  4.07750000e-09  0.00000000e+00  4.07750000e-09  1.80000000e+00  4.07750000e-09  2.38922723e-09 
 4.08250000e-09  0.00000000e+00  4.08250000e-09  0.00000000e+00  4.08250000e-09  1.80000000e+00  4.08250000e-09  2.38922723e-09 
 4.08750000e-09  0.00000000e+00  4.08750000e-09  0.00000000e+00  4.08750000e-09  1.80000000e+00  4.08750000e-09  2.38922723e-09 
 4.09250000e-09  0.00000000e+00  4.09250000e-09  0.00000000e+00  4.09250000e-09  1.80000000e+00  4.09250000e-09  2.38922723e-09 
 4.09750000e-09  0.00000000e+00  4.09750000e-09  0.00000000e+00  4.09750000e-09  1.80000000e+00  4.09750000e-09  2.38922723e-09 
 4.10250000e-09  0.00000000e+00  4.10250000e-09  0.00000000e+00  4.10250000e-09  1.80000000e+00  4.10250000e-09  2.38922723e-09 
 4.10750000e-09  0.00000000e+00  4.10750000e-09  0.00000000e+00  4.10750000e-09  1.80000000e+00  4.10750000e-09  2.38922723e-09 
 4.11250000e-09  0.00000000e+00  4.11250000e-09  0.00000000e+00  4.11250000e-09  1.80000000e+00  4.11250000e-09  2.38922723e-09 
 4.11750000e-09  0.00000000e+00  4.11750000e-09  0.00000000e+00  4.11750000e-09  1.80000000e+00  4.11750000e-09  2.38922723e-09 
 4.12250000e-09  0.00000000e+00  4.12250000e-09  0.00000000e+00  4.12250000e-09  1.80000000e+00  4.12250000e-09  2.38922723e-09 
 4.12750000e-09  0.00000000e+00  4.12750000e-09  0.00000000e+00  4.12750000e-09  1.80000000e+00  4.12750000e-09  2.38922723e-09 
 4.13250000e-09  0.00000000e+00  4.13250000e-09  0.00000000e+00  4.13250000e-09  1.80000000e+00  4.13250000e-09  2.38922723e-09 
 4.13750000e-09  0.00000000e+00  4.13750000e-09  0.00000000e+00  4.13750000e-09  1.80000000e+00  4.13750000e-09  2.38922723e-09 
 4.14250000e-09  0.00000000e+00  4.14250000e-09  0.00000000e+00  4.14250000e-09  1.80000000e+00  4.14250000e-09  2.38922723e-09 
 4.14750000e-09  0.00000000e+00  4.14750000e-09  0.00000000e+00  4.14750000e-09  1.80000000e+00  4.14750000e-09  2.38922723e-09 
 4.15250000e-09  0.00000000e+00  4.15250000e-09  0.00000000e+00  4.15250000e-09  1.80000000e+00  4.15250000e-09  2.38922723e-09 
 4.15750000e-09  0.00000000e+00  4.15750000e-09  0.00000000e+00  4.15750000e-09  1.80000000e+00  4.15750000e-09  2.38922723e-09 
 4.16250000e-09  0.00000000e+00  4.16250000e-09  0.00000000e+00  4.16250000e-09  1.80000000e+00  4.16250000e-09  2.38922723e-09 
 4.16750000e-09  0.00000000e+00  4.16750000e-09  0.00000000e+00  4.16750000e-09  1.80000000e+00  4.16750000e-09  2.38922723e-09 
 4.17250000e-09  0.00000000e+00  4.17250000e-09  0.00000000e+00  4.17250000e-09  1.80000000e+00  4.17250000e-09  2.38922723e-09 
 4.17750000e-09  0.00000000e+00  4.17750000e-09  0.00000000e+00  4.17750000e-09  1.80000000e+00  4.17750000e-09  2.38922723e-09 
 4.18250000e-09  0.00000000e+00  4.18250000e-09  0.00000000e+00  4.18250000e-09  1.80000000e+00  4.18250000e-09  2.38922723e-09 
 4.18750000e-09  0.00000000e+00  4.18750000e-09  0.00000000e+00  4.18750000e-09  1.80000000e+00  4.18750000e-09  2.38922723e-09 
 4.19250000e-09  0.00000000e+00  4.19250000e-09  0.00000000e+00  4.19250000e-09  1.80000000e+00  4.19250000e-09  2.38922723e-09 
 4.19750000e-09  0.00000000e+00  4.19750000e-09  0.00000000e+00  4.19750000e-09  1.80000000e+00  4.19750000e-09  2.38922723e-09 
 4.20250000e-09  0.00000000e+00  4.20250000e-09  0.00000000e+00  4.20250000e-09  1.80000000e+00  4.20250000e-09  2.38922723e-09 
 4.20750000e-09  0.00000000e+00  4.20750000e-09  0.00000000e+00  4.20750000e-09  1.80000000e+00  4.20750000e-09  2.38922723e-09 
 4.21250000e-09  0.00000000e+00  4.21250000e-09  0.00000000e+00  4.21250000e-09  1.80000000e+00  4.21250000e-09  2.38922723e-09 
 4.21750000e-09  0.00000000e+00  4.21750000e-09  0.00000000e+00  4.21750000e-09  1.80000000e+00  4.21750000e-09  2.38922723e-09 
 4.22250000e-09  0.00000000e+00  4.22250000e-09  0.00000000e+00  4.22250000e-09  1.80000000e+00  4.22250000e-09  2.38922723e-09 
 4.22750000e-09  0.00000000e+00  4.22750000e-09  0.00000000e+00  4.22750000e-09  1.80000000e+00  4.22750000e-09  2.38922723e-09 
 4.23250000e-09  0.00000000e+00  4.23250000e-09  0.00000000e+00  4.23250000e-09  1.80000000e+00  4.23250000e-09  2.38922723e-09 
 4.23750000e-09  0.00000000e+00  4.23750000e-09  0.00000000e+00  4.23750000e-09  1.80000000e+00  4.23750000e-09  2.38922723e-09 
 4.24250000e-09  0.00000000e+00  4.24250000e-09  0.00000000e+00  4.24250000e-09  1.80000000e+00  4.24250000e-09  2.38922723e-09 
 4.24750000e-09  0.00000000e+00  4.24750000e-09  0.00000000e+00  4.24750000e-09  1.80000000e+00  4.24750000e-09  2.38922723e-09 
 4.25250000e-09  0.00000000e+00  4.25250000e-09  0.00000000e+00  4.25250000e-09  1.80000000e+00  4.25250000e-09  2.38922723e-09 
 4.25750000e-09  0.00000000e+00  4.25750000e-09  0.00000000e+00  4.25750000e-09  1.80000000e+00  4.25750000e-09  2.38922723e-09 
 4.26250000e-09  0.00000000e+00  4.26250000e-09  0.00000000e+00  4.26250000e-09  1.80000000e+00  4.26250000e-09  2.38922723e-09 
 4.26750000e-09  0.00000000e+00  4.26750000e-09  0.00000000e+00  4.26750000e-09  1.80000000e+00  4.26750000e-09  2.38922723e-09 
 4.27250000e-09  0.00000000e+00  4.27250000e-09  0.00000000e+00  4.27250000e-09  1.80000000e+00  4.27250000e-09  2.38922723e-09 
 4.27750000e-09  0.00000000e+00  4.27750000e-09  0.00000000e+00  4.27750000e-09  1.80000000e+00  4.27750000e-09  2.38922723e-09 
 4.28250000e-09  0.00000000e+00  4.28250000e-09  0.00000000e+00  4.28250000e-09  1.80000000e+00  4.28250000e-09  2.38922723e-09 
 4.28750000e-09  0.00000000e+00  4.28750000e-09  0.00000000e+00  4.28750000e-09  1.80000000e+00  4.28750000e-09  2.38922723e-09 
 4.29250000e-09  0.00000000e+00  4.29250000e-09  0.00000000e+00  4.29250000e-09  1.80000000e+00  4.29250000e-09  2.38922723e-09 
 4.29750000e-09  0.00000000e+00  4.29750000e-09  0.00000000e+00  4.29750000e-09  1.80000000e+00  4.29750000e-09  2.38922723e-09 
 4.30250000e-09  0.00000000e+00  4.30250000e-09  0.00000000e+00  4.30250000e-09  1.80000000e+00  4.30250000e-09  2.38922723e-09 
 4.30750000e-09  0.00000000e+00  4.30750000e-09  0.00000000e+00  4.30750000e-09  1.80000000e+00  4.30750000e-09  2.38922723e-09 
 4.31250000e-09  0.00000000e+00  4.31250000e-09  0.00000000e+00  4.31250000e-09  1.80000000e+00  4.31250000e-09  2.38922723e-09 
 4.31750000e-09  0.00000000e+00  4.31750000e-09  0.00000000e+00  4.31750000e-09  1.80000000e+00  4.31750000e-09  2.38922723e-09 
 4.32250000e-09  0.00000000e+00  4.32250000e-09  0.00000000e+00  4.32250000e-09  1.80000000e+00  4.32250000e-09  2.38922723e-09 
 4.32750000e-09  0.00000000e+00  4.32750000e-09  0.00000000e+00  4.32750000e-09  1.80000000e+00  4.32750000e-09  2.38922723e-09 
 4.33250000e-09  0.00000000e+00  4.33250000e-09  0.00000000e+00  4.33250000e-09  1.80000000e+00  4.33250000e-09  2.38922723e-09 
 4.33750000e-09  0.00000000e+00  4.33750000e-09  0.00000000e+00  4.33750000e-09  1.80000000e+00  4.33750000e-09  2.38922723e-09 
 4.34250000e-09  0.00000000e+00  4.34250000e-09  0.00000000e+00  4.34250000e-09  1.80000000e+00  4.34250000e-09  2.38922723e-09 
 4.34750000e-09  0.00000000e+00  4.34750000e-09  0.00000000e+00  4.34750000e-09  1.80000000e+00  4.34750000e-09  2.38922723e-09 
 4.35250000e-09  0.00000000e+00  4.35250000e-09  0.00000000e+00  4.35250000e-09  1.80000000e+00  4.35250000e-09  2.38922723e-09 
 4.35750000e-09  0.00000000e+00  4.35750000e-09  0.00000000e+00  4.35750000e-09  1.80000000e+00  4.35750000e-09  2.38922723e-09 
 4.36250000e-09  0.00000000e+00  4.36250000e-09  0.00000000e+00  4.36250000e-09  1.80000000e+00  4.36250000e-09  2.38922723e-09 
 4.36750000e-09  0.00000000e+00  4.36750000e-09  0.00000000e+00  4.36750000e-09  1.80000000e+00  4.36750000e-09  2.38922723e-09 
 4.37250000e-09  0.00000000e+00  4.37250000e-09  0.00000000e+00  4.37250000e-09  1.80000000e+00  4.37250000e-09  2.38922723e-09 
 4.37750000e-09  0.00000000e+00  4.37750000e-09  0.00000000e+00  4.37750000e-09  1.80000000e+00  4.37750000e-09  2.38922723e-09 
 4.38250000e-09  0.00000000e+00  4.38250000e-09  0.00000000e+00  4.38250000e-09  1.80000000e+00  4.38250000e-09  2.38922723e-09 
 4.38750000e-09  0.00000000e+00  4.38750000e-09  0.00000000e+00  4.38750000e-09  1.80000000e+00  4.38750000e-09  2.38922723e-09 
 4.39250000e-09  0.00000000e+00  4.39250000e-09  0.00000000e+00  4.39250000e-09  1.80000000e+00  4.39250000e-09  2.38922723e-09 
 4.39750000e-09  0.00000000e+00  4.39750000e-09  0.00000000e+00  4.39750000e-09  1.80000000e+00  4.39750000e-09  2.38922723e-09 
 4.40250000e-09  0.00000000e+00  4.40250000e-09  0.00000000e+00  4.40250000e-09  1.80000000e+00  4.40250000e-09  2.38922723e-09 
 4.40750000e-09  0.00000000e+00  4.40750000e-09  0.00000000e+00  4.40750000e-09  1.80000000e+00  4.40750000e-09  2.38922723e-09 
 4.41250000e-09  0.00000000e+00  4.41250000e-09  0.00000000e+00  4.41250000e-09  1.80000000e+00  4.41250000e-09  2.38922723e-09 
 4.41750000e-09  0.00000000e+00  4.41750000e-09  0.00000000e+00  4.41750000e-09  1.80000000e+00  4.41750000e-09  2.38922723e-09 
 4.42250000e-09  0.00000000e+00  4.42250000e-09  0.00000000e+00  4.42250000e-09  1.80000000e+00  4.42250000e-09  2.38922723e-09 
 4.42750000e-09  0.00000000e+00  4.42750000e-09  0.00000000e+00  4.42750000e-09  1.80000000e+00  4.42750000e-09  2.38922723e-09 
 4.43250000e-09  0.00000000e+00  4.43250000e-09  0.00000000e+00  4.43250000e-09  1.80000000e+00  4.43250000e-09  2.38922723e-09 
 4.43750000e-09  0.00000000e+00  4.43750000e-09  0.00000000e+00  4.43750000e-09  1.80000000e+00  4.43750000e-09  2.38922723e-09 
 4.44250000e-09  0.00000000e+00  4.44250000e-09  0.00000000e+00  4.44250000e-09  1.80000000e+00  4.44250000e-09  2.38922723e-09 
 4.44750000e-09  0.00000000e+00  4.44750000e-09  0.00000000e+00  4.44750000e-09  1.80000000e+00  4.44750000e-09  2.38922723e-09 
 4.45250000e-09  0.00000000e+00  4.45250000e-09  0.00000000e+00  4.45250000e-09  1.80000000e+00  4.45250000e-09  2.38922723e-09 
 4.45750000e-09  0.00000000e+00  4.45750000e-09  0.00000000e+00  4.45750000e-09  1.80000000e+00  4.45750000e-09  2.38922723e-09 
 4.46250000e-09  0.00000000e+00  4.46250000e-09  0.00000000e+00  4.46250000e-09  1.80000000e+00  4.46250000e-09  2.38922723e-09 
 4.46750000e-09  0.00000000e+00  4.46750000e-09  0.00000000e+00  4.46750000e-09  1.80000000e+00  4.46750000e-09  2.38922723e-09 
 4.47250000e-09  0.00000000e+00  4.47250000e-09  0.00000000e+00  4.47250000e-09  1.80000000e+00  4.47250000e-09  2.38922723e-09 
 4.47750000e-09  0.00000000e+00  4.47750000e-09  0.00000000e+00  4.47750000e-09  1.80000000e+00  4.47750000e-09  2.38922723e-09 
 4.48250000e-09  0.00000000e+00  4.48250000e-09  0.00000000e+00  4.48250000e-09  1.80000000e+00  4.48250000e-09  2.38922723e-09 
 4.48750000e-09  0.00000000e+00  4.48750000e-09  0.00000000e+00  4.48750000e-09  1.80000000e+00  4.48750000e-09  2.38922723e-09 
 4.49250000e-09  0.00000000e+00  4.49250000e-09  0.00000000e+00  4.49250000e-09  1.80000000e+00  4.49250000e-09  2.38922723e-09 
 4.49750000e-09  0.00000000e+00  4.49750000e-09  0.00000000e+00  4.49750000e-09  1.80000000e+00  4.49750000e-09  2.38922723e-09 
 4.50250000e-09  0.00000000e+00  4.50250000e-09  0.00000000e+00  4.50250000e-09  1.80000000e+00  4.50250000e-09  2.38922723e-09 
 4.50750000e-09  0.00000000e+00  4.50750000e-09  0.00000000e+00  4.50750000e-09  1.80000000e+00  4.50750000e-09  2.38922723e-09 
 4.51250000e-09  0.00000000e+00  4.51250000e-09  0.00000000e+00  4.51250000e-09  1.80000000e+00  4.51250000e-09  2.38922723e-09 
 4.51750000e-09  0.00000000e+00  4.51750000e-09  0.00000000e+00  4.51750000e-09  1.80000000e+00  4.51750000e-09  2.38922723e-09 
 4.52250000e-09  0.00000000e+00  4.52250000e-09  0.00000000e+00  4.52250000e-09  1.80000000e+00  4.52250000e-09  2.38922723e-09 
 4.52750000e-09  0.00000000e+00  4.52750000e-09  0.00000000e+00  4.52750000e-09  1.80000000e+00  4.52750000e-09  2.38922723e-09 
 4.53250000e-09  0.00000000e+00  4.53250000e-09  0.00000000e+00  4.53250000e-09  1.80000000e+00  4.53250000e-09  2.38922723e-09 
 4.53750000e-09  0.00000000e+00  4.53750000e-09  0.00000000e+00  4.53750000e-09  1.80000000e+00  4.53750000e-09  2.38922723e-09 
 4.54250000e-09  0.00000000e+00  4.54250000e-09  0.00000000e+00  4.54250000e-09  1.80000000e+00  4.54250000e-09  2.38922723e-09 
 4.54750000e-09  0.00000000e+00  4.54750000e-09  0.00000000e+00  4.54750000e-09  1.80000000e+00  4.54750000e-09  2.38922723e-09 
 4.55250000e-09  0.00000000e+00  4.55250000e-09  0.00000000e+00  4.55250000e-09  1.80000000e+00  4.55250000e-09  2.38922723e-09 
 4.55750000e-09  0.00000000e+00  4.55750000e-09  0.00000000e+00  4.55750000e-09  1.80000000e+00  4.55750000e-09  2.38922723e-09 
 4.56250000e-09  0.00000000e+00  4.56250000e-09  0.00000000e+00  4.56250000e-09  1.80000000e+00  4.56250000e-09  2.38922723e-09 
 4.56750000e-09  0.00000000e+00  4.56750000e-09  0.00000000e+00  4.56750000e-09  1.80000000e+00  4.56750000e-09  2.38922723e-09 
 4.57250000e-09  0.00000000e+00  4.57250000e-09  0.00000000e+00  4.57250000e-09  1.80000000e+00  4.57250000e-09  2.38922723e-09 
 4.57750000e-09  0.00000000e+00  4.57750000e-09  0.00000000e+00  4.57750000e-09  1.80000000e+00  4.57750000e-09  2.38922723e-09 
 4.58250000e-09  0.00000000e+00  4.58250000e-09  0.00000000e+00  4.58250000e-09  1.80000000e+00  4.58250000e-09  2.38922723e-09 
 4.58750000e-09  0.00000000e+00  4.58750000e-09  0.00000000e+00  4.58750000e-09  1.80000000e+00  4.58750000e-09  2.38922723e-09 
 4.59250000e-09  0.00000000e+00  4.59250000e-09  0.00000000e+00  4.59250000e-09  1.80000000e+00  4.59250000e-09  2.38922723e-09 
 4.59750000e-09  0.00000000e+00  4.59750000e-09  0.00000000e+00  4.59750000e-09  1.80000000e+00  4.59750000e-09  2.38922723e-09 
 4.60250000e-09  0.00000000e+00  4.60250000e-09  0.00000000e+00  4.60250000e-09  1.80000000e+00  4.60250000e-09  2.38922723e-09 
 4.60750000e-09  0.00000000e+00  4.60750000e-09  0.00000000e+00  4.60750000e-09  1.80000000e+00  4.60750000e-09  2.38922723e-09 
 4.61250000e-09  0.00000000e+00  4.61250000e-09  0.00000000e+00  4.61250000e-09  1.80000000e+00  4.61250000e-09  2.38922723e-09 
 4.61750000e-09  0.00000000e+00  4.61750000e-09  0.00000000e+00  4.61750000e-09  1.80000000e+00  4.61750000e-09  2.38922723e-09 
 4.62250000e-09  0.00000000e+00  4.62250000e-09  0.00000000e+00  4.62250000e-09  1.80000000e+00  4.62250000e-09  2.38922723e-09 
 4.62750000e-09  0.00000000e+00  4.62750000e-09  0.00000000e+00  4.62750000e-09  1.80000000e+00  4.62750000e-09  2.38922723e-09 
 4.63250000e-09  0.00000000e+00  4.63250000e-09  0.00000000e+00  4.63250000e-09  1.80000000e+00  4.63250000e-09  2.38922723e-09 
 4.63750000e-09  0.00000000e+00  4.63750000e-09  0.00000000e+00  4.63750000e-09  1.80000000e+00  4.63750000e-09  2.38922723e-09 
 4.64250000e-09  0.00000000e+00  4.64250000e-09  0.00000000e+00  4.64250000e-09  1.80000000e+00  4.64250000e-09  2.38922723e-09 
 4.64750000e-09  0.00000000e+00  4.64750000e-09  0.00000000e+00  4.64750000e-09  1.80000000e+00  4.64750000e-09  2.38922723e-09 
 4.65250000e-09  0.00000000e+00  4.65250000e-09  0.00000000e+00  4.65250000e-09  1.80000000e+00  4.65250000e-09  2.38922723e-09 
 4.65750000e-09  0.00000000e+00  4.65750000e-09  0.00000000e+00  4.65750000e-09  1.80000000e+00  4.65750000e-09  2.38922723e-09 
 4.66250000e-09  0.00000000e+00  4.66250000e-09  0.00000000e+00  4.66250000e-09  1.80000000e+00  4.66250000e-09  2.38922723e-09 
 4.66750000e-09  0.00000000e+00  4.66750000e-09  0.00000000e+00  4.66750000e-09  1.80000000e+00  4.66750000e-09  2.38922723e-09 
 4.67250000e-09  0.00000000e+00  4.67250000e-09  0.00000000e+00  4.67250000e-09  1.80000000e+00  4.67250000e-09  2.38922723e-09 
 4.67750000e-09  0.00000000e+00  4.67750000e-09  0.00000000e+00  4.67750000e-09  1.80000000e+00  4.67750000e-09  2.38922723e-09 
 4.68250000e-09  0.00000000e+00  4.68250000e-09  0.00000000e+00  4.68250000e-09  1.80000000e+00  4.68250000e-09  2.38922723e-09 
 4.68750000e-09  0.00000000e+00  4.68750000e-09  0.00000000e+00  4.68750000e-09  1.80000000e+00  4.68750000e-09  2.38922723e-09 
 4.69250000e-09  0.00000000e+00  4.69250000e-09  0.00000000e+00  4.69250000e-09  1.80000000e+00  4.69250000e-09  2.38922723e-09 
 4.69750000e-09  0.00000000e+00  4.69750000e-09  0.00000000e+00  4.69750000e-09  1.80000000e+00  4.69750000e-09  2.38922723e-09 
 4.70250000e-09  0.00000000e+00  4.70250000e-09  0.00000000e+00  4.70250000e-09  1.80000000e+00  4.70250000e-09  2.38922723e-09 
 4.70750000e-09  0.00000000e+00  4.70750000e-09  0.00000000e+00  4.70750000e-09  1.80000000e+00  4.70750000e-09  2.38922723e-09 
 4.71250000e-09  0.00000000e+00  4.71250000e-09  0.00000000e+00  4.71250000e-09  1.80000000e+00  4.71250000e-09  2.38922723e-09 
 4.71750000e-09  0.00000000e+00  4.71750000e-09  0.00000000e+00  4.71750000e-09  1.80000000e+00  4.71750000e-09  2.38922723e-09 
 4.72250000e-09  0.00000000e+00  4.72250000e-09  0.00000000e+00  4.72250000e-09  1.80000000e+00  4.72250000e-09  2.38922723e-09 
 4.72750000e-09  0.00000000e+00  4.72750000e-09  0.00000000e+00  4.72750000e-09  1.80000000e+00  4.72750000e-09  2.38922723e-09 
 4.73250000e-09  0.00000000e+00  4.73250000e-09  0.00000000e+00  4.73250000e-09  1.80000000e+00  4.73250000e-09  2.38922723e-09 
 4.73750000e-09  0.00000000e+00  4.73750000e-09  0.00000000e+00  4.73750000e-09  1.80000000e+00  4.73750000e-09  2.38922723e-09 
 4.74250000e-09  0.00000000e+00  4.74250000e-09  0.00000000e+00  4.74250000e-09  1.80000000e+00  4.74250000e-09  2.38922723e-09 
 4.74750000e-09  0.00000000e+00  4.74750000e-09  0.00000000e+00  4.74750000e-09  1.80000000e+00  4.74750000e-09  2.38922723e-09 
 4.75250000e-09  0.00000000e+00  4.75250000e-09  0.00000000e+00  4.75250000e-09  1.80000000e+00  4.75250000e-09  2.38922723e-09 
 4.75750000e-09  0.00000000e+00  4.75750000e-09  0.00000000e+00  4.75750000e-09  1.80000000e+00  4.75750000e-09  2.38922723e-09 
 4.76250000e-09  0.00000000e+00  4.76250000e-09  0.00000000e+00  4.76250000e-09  1.80000000e+00  4.76250000e-09  2.38922723e-09 
 4.76750000e-09  0.00000000e+00  4.76750000e-09  0.00000000e+00  4.76750000e-09  1.80000000e+00  4.76750000e-09  2.38922723e-09 
 4.77250000e-09  0.00000000e+00  4.77250000e-09  0.00000000e+00  4.77250000e-09  1.80000000e+00  4.77250000e-09  2.38922723e-09 
 4.77750000e-09  0.00000000e+00  4.77750000e-09  0.00000000e+00  4.77750000e-09  1.80000000e+00  4.77750000e-09  2.38922723e-09 
 4.78250000e-09  0.00000000e+00  4.78250000e-09  0.00000000e+00  4.78250000e-09  1.80000000e+00  4.78250000e-09  2.38922723e-09 
 4.78750000e-09  0.00000000e+00  4.78750000e-09  0.00000000e+00  4.78750000e-09  1.80000000e+00  4.78750000e-09  2.38922723e-09 
 4.79250000e-09  0.00000000e+00  4.79250000e-09  0.00000000e+00  4.79250000e-09  1.80000000e+00  4.79250000e-09  2.38922723e-09 
 4.79750000e-09  0.00000000e+00  4.79750000e-09  0.00000000e+00  4.79750000e-09  1.80000000e+00  4.79750000e-09  2.38922723e-09 
 4.80250000e-09  0.00000000e+00  4.80250000e-09  0.00000000e+00  4.80250000e-09  1.80000000e+00  4.80250000e-09  2.38922723e-09 
 4.80750000e-09  0.00000000e+00  4.80750000e-09  0.00000000e+00  4.80750000e-09  1.80000000e+00  4.80750000e-09  2.38922723e-09 
 4.81250000e-09  0.00000000e+00  4.81250000e-09  0.00000000e+00  4.81250000e-09  1.80000000e+00  4.81250000e-09  2.38922723e-09 
 4.81750000e-09  0.00000000e+00  4.81750000e-09  0.00000000e+00  4.81750000e-09  1.80000000e+00  4.81750000e-09  2.38922723e-09 
 4.82250000e-09  0.00000000e+00  4.82250000e-09  0.00000000e+00  4.82250000e-09  1.80000000e+00  4.82250000e-09  2.38922723e-09 
 4.82750000e-09  0.00000000e+00  4.82750000e-09  0.00000000e+00  4.82750000e-09  1.80000000e+00  4.82750000e-09  2.38922723e-09 
 4.83250000e-09  0.00000000e+00  4.83250000e-09  0.00000000e+00  4.83250000e-09  1.80000000e+00  4.83250000e-09  2.38922723e-09 
 4.83750000e-09  0.00000000e+00  4.83750000e-09  0.00000000e+00  4.83750000e-09  1.80000000e+00  4.83750000e-09  2.38922723e-09 
 4.84250000e-09  0.00000000e+00  4.84250000e-09  0.00000000e+00  4.84250000e-09  1.80000000e+00  4.84250000e-09  2.38922723e-09 
 4.84750000e-09  0.00000000e+00  4.84750000e-09  0.00000000e+00  4.84750000e-09  1.80000000e+00  4.84750000e-09  2.38922723e-09 
 4.85250000e-09  0.00000000e+00  4.85250000e-09  0.00000000e+00  4.85250000e-09  1.80000000e+00  4.85250000e-09  2.38922723e-09 
 4.85750000e-09  0.00000000e+00  4.85750000e-09  0.00000000e+00  4.85750000e-09  1.80000000e+00  4.85750000e-09  2.38922723e-09 
 4.86250000e-09  0.00000000e+00  4.86250000e-09  0.00000000e+00  4.86250000e-09  1.80000000e+00  4.86250000e-09  2.38922723e-09 
 4.86750000e-09  0.00000000e+00  4.86750000e-09  0.00000000e+00  4.86750000e-09  1.80000000e+00  4.86750000e-09  2.38922723e-09 
 4.87250000e-09  0.00000000e+00  4.87250000e-09  0.00000000e+00  4.87250000e-09  1.80000000e+00  4.87250000e-09  2.38922723e-09 
 4.87750000e-09  0.00000000e+00  4.87750000e-09  0.00000000e+00  4.87750000e-09  1.80000000e+00  4.87750000e-09  2.38922723e-09 
 4.88250000e-09  0.00000000e+00  4.88250000e-09  0.00000000e+00  4.88250000e-09  1.80000000e+00  4.88250000e-09  2.38922723e-09 
 4.88750000e-09  0.00000000e+00  4.88750000e-09  0.00000000e+00  4.88750000e-09  1.80000000e+00  4.88750000e-09  2.38922723e-09 
 4.89250000e-09  0.00000000e+00  4.89250000e-09  0.00000000e+00  4.89250000e-09  1.80000000e+00  4.89250000e-09  2.38922723e-09 
 4.89750000e-09  0.00000000e+00  4.89750000e-09  0.00000000e+00  4.89750000e-09  1.80000000e+00  4.89750000e-09  2.38922723e-09 
 4.90250000e-09  0.00000000e+00  4.90250000e-09  0.00000000e+00  4.90250000e-09  1.80000000e+00  4.90250000e-09  2.38922723e-09 
 4.90750000e-09  0.00000000e+00  4.90750000e-09  0.00000000e+00  4.90750000e-09  1.80000000e+00  4.90750000e-09  2.38922723e-09 
 4.91250000e-09  0.00000000e+00  4.91250000e-09  0.00000000e+00  4.91250000e-09  1.80000000e+00  4.91250000e-09  2.38922723e-09 
 4.91750000e-09  0.00000000e+00  4.91750000e-09  0.00000000e+00  4.91750000e-09  1.80000000e+00  4.91750000e-09  2.38922723e-09 
 4.92250000e-09  0.00000000e+00  4.92250000e-09  0.00000000e+00  4.92250000e-09  1.80000000e+00  4.92250000e-09  2.38922723e-09 
 4.92750000e-09  0.00000000e+00  4.92750000e-09  0.00000000e+00  4.92750000e-09  1.80000000e+00  4.92750000e-09  2.38922723e-09 
 4.93250000e-09  0.00000000e+00  4.93250000e-09  0.00000000e+00  4.93250000e-09  1.80000000e+00  4.93250000e-09  2.38922723e-09 
 4.93750000e-09  0.00000000e+00  4.93750000e-09  0.00000000e+00  4.93750000e-09  1.80000000e+00  4.93750000e-09  2.38922723e-09 
 4.94250000e-09  0.00000000e+00  4.94250000e-09  0.00000000e+00  4.94250000e-09  1.80000000e+00  4.94250000e-09  2.38922723e-09 
 4.94750000e-09  0.00000000e+00  4.94750000e-09  0.00000000e+00  4.94750000e-09  1.80000000e+00  4.94750000e-09  2.38922723e-09 
 4.95250000e-09  0.00000000e+00  4.95250000e-09  0.00000000e+00  4.95250000e-09  1.80000000e+00  4.95250000e-09  2.38922723e-09 
 4.95750000e-09  0.00000000e+00  4.95750000e-09  0.00000000e+00  4.95750000e-09  1.80000000e+00  4.95750000e-09  2.38922723e-09 
 4.96250000e-09  0.00000000e+00  4.96250000e-09  0.00000000e+00  4.96250000e-09  1.80000000e+00  4.96250000e-09  2.38922723e-09 
 4.96750000e-09  0.00000000e+00  4.96750000e-09  0.00000000e+00  4.96750000e-09  1.80000000e+00  4.96750000e-09  2.38922723e-09 
 4.97250000e-09  0.00000000e+00  4.97250000e-09  0.00000000e+00  4.97250000e-09  1.80000000e+00  4.97250000e-09  2.38922723e-09 
 4.97750000e-09  0.00000000e+00  4.97750000e-09  0.00000000e+00  4.97750000e-09  1.80000000e+00  4.97750000e-09  2.38922723e-09 
 4.98250000e-09  0.00000000e+00  4.98250000e-09  0.00000000e+00  4.98250000e-09  1.80000000e+00  4.98250000e-09  2.38922723e-09 
 4.98750000e-09  0.00000000e+00  4.98750000e-09  0.00000000e+00  4.98750000e-09  1.80000000e+00  4.98750000e-09  2.38922723e-09 
 4.99250000e-09  0.00000000e+00  4.99250000e-09  0.00000000e+00  4.99250000e-09  1.80000000e+00  4.99250000e-09  2.38922723e-09 
 4.99750000e-09  0.00000000e+00  4.99750000e-09  0.00000000e+00  4.99750000e-09  1.80000000e+00  4.99750000e-09  2.38922723e-09 
 5.00250000e-09  0.00000000e+00  5.00250000e-09  0.00000000e+00  5.00250000e-09  1.80000000e+00  5.00250000e-09  2.38922723e-09 
 5.00750000e-09  0.00000000e+00  5.00750000e-09  0.00000000e+00  5.00750000e-09  1.80000000e+00  5.00750000e-09  2.38922723e-09 
 5.01250000e-09  0.00000000e+00  5.01250000e-09  0.00000000e+00  5.01250000e-09  1.80000000e+00  5.01250000e-09  2.38922723e-09 
 5.01750000e-09  0.00000000e+00  5.01750000e-09  0.00000000e+00  5.01750000e-09  1.80000000e+00  5.01750000e-09  2.38922723e-09 
 5.02250000e-09  0.00000000e+00  5.02250000e-09  0.00000000e+00  5.02250000e-09  1.80000000e+00  5.02250000e-09  2.38922723e-09 
 5.02750000e-09  0.00000000e+00  5.02750000e-09  0.00000000e+00  5.02750000e-09  1.80000000e+00  5.02750000e-09  2.38922723e-09 
 5.03250000e-09  0.00000000e+00  5.03250000e-09  0.00000000e+00  5.03250000e-09  1.80000000e+00  5.03250000e-09  2.38922723e-09 
 5.03750000e-09  0.00000000e+00  5.03750000e-09  0.00000000e+00  5.03750000e-09  1.80000000e+00  5.03750000e-09  2.38922723e-09 
 5.04250000e-09  0.00000000e+00  5.04250000e-09  0.00000000e+00  5.04250000e-09  1.80000000e+00  5.04250000e-09  2.38922723e-09 
 5.04750000e-09  0.00000000e+00  5.04750000e-09  0.00000000e+00  5.04750000e-09  1.80000000e+00  5.04750000e-09  2.38922723e-09 
 5.05250000e-09  0.00000000e+00  5.05250000e-09  0.00000000e+00  5.05250000e-09  1.80000000e+00  5.05250000e-09  2.38922723e-09 
 5.05750000e-09  0.00000000e+00  5.05750000e-09  0.00000000e+00  5.05750000e-09  1.80000000e+00  5.05750000e-09  2.38922723e-09 
 5.06250000e-09  0.00000000e+00  5.06250000e-09  0.00000000e+00  5.06250000e-09  1.80000000e+00  5.06250000e-09  2.38922723e-09 
 5.06750000e-09  0.00000000e+00  5.06750000e-09  0.00000000e+00  5.06750000e-09  1.80000000e+00  5.06750000e-09  2.38922723e-09 
 5.07250000e-09  0.00000000e+00  5.07250000e-09  0.00000000e+00  5.07250000e-09  1.80000000e+00  5.07250000e-09  2.38922723e-09 
 5.07750000e-09  0.00000000e+00  5.07750000e-09  0.00000000e+00  5.07750000e-09  1.80000000e+00  5.07750000e-09  2.38922723e-09 
 5.08250000e-09  0.00000000e+00  5.08250000e-09  0.00000000e+00  5.08250000e-09  1.80000000e+00  5.08250000e-09  2.38922723e-09 
 5.08750000e-09  0.00000000e+00  5.08750000e-09  0.00000000e+00  5.08750000e-09  1.80000000e+00  5.08750000e-09  2.38922723e-09 
 5.09250000e-09  0.00000000e+00  5.09250000e-09  0.00000000e+00  5.09250000e-09  1.80000000e+00  5.09250000e-09  2.38922723e-09 
 5.09750000e-09  0.00000000e+00  5.09750000e-09  0.00000000e+00  5.09750000e-09  1.80000000e+00  5.09750000e-09  2.38922723e-09 
 5.10250000e-09  0.00000000e+00  5.10250000e-09  0.00000000e+00  5.10250000e-09  1.80000000e+00  5.10250000e-09  2.38922723e-09 
 5.10750000e-09  0.00000000e+00  5.10750000e-09  0.00000000e+00  5.10750000e-09  1.80000000e+00  5.10750000e-09  2.38922723e-09 
 5.11250000e-09  0.00000000e+00  5.11250000e-09  0.00000000e+00  5.11250000e-09  1.80000000e+00  5.11250000e-09  2.38922723e-09 
 5.11750000e-09  0.00000000e+00  5.11750000e-09  0.00000000e+00  5.11750000e-09  1.80000000e+00  5.11750000e-09  2.38922723e-09 
 5.12250000e-09  0.00000000e+00  5.12250000e-09  0.00000000e+00  5.12250000e-09  1.80000000e+00  5.12250000e-09  2.38922723e-09 
 5.12750000e-09  0.00000000e+00  5.12750000e-09  0.00000000e+00  5.12750000e-09  1.80000000e+00  5.12750000e-09  2.38922723e-09 
 5.13250000e-09  0.00000000e+00  5.13250000e-09  0.00000000e+00  5.13250000e-09  1.80000000e+00  5.13250000e-09  2.38922723e-09 
 5.13750000e-09  0.00000000e+00  5.13750000e-09  0.00000000e+00  5.13750000e-09  1.80000000e+00  5.13750000e-09  2.38922723e-09 
 5.14250000e-09  0.00000000e+00  5.14250000e-09  0.00000000e+00  5.14250000e-09  1.80000000e+00  5.14250000e-09  2.38922723e-09 
 5.14750000e-09  0.00000000e+00  5.14750000e-09  0.00000000e+00  5.14750000e-09  1.80000000e+00  5.14750000e-09  2.38922723e-09 
 5.15250000e-09  0.00000000e+00  5.15250000e-09  0.00000000e+00  5.15250000e-09  1.80000000e+00  5.15250000e-09  2.38922723e-09 
 5.15750000e-09  0.00000000e+00  5.15750000e-09  0.00000000e+00  5.15750000e-09  1.80000000e+00  5.15750000e-09  2.38922723e-09 
 5.16250000e-09  0.00000000e+00  5.16250000e-09  0.00000000e+00  5.16250000e-09  1.80000000e+00  5.16250000e-09  2.38922723e-09 
 5.16750000e-09  0.00000000e+00  5.16750000e-09  0.00000000e+00  5.16750000e-09  1.80000000e+00  5.16750000e-09  2.38922723e-09 
 5.17250000e-09  0.00000000e+00  5.17250000e-09  0.00000000e+00  5.17250000e-09  1.80000000e+00  5.17250000e-09  2.38922723e-09 
 5.17750000e-09  0.00000000e+00  5.17750000e-09  0.00000000e+00  5.17750000e-09  1.80000000e+00  5.17750000e-09  2.38922723e-09 
 5.18250000e-09  0.00000000e+00  5.18250000e-09  0.00000000e+00  5.18250000e-09  1.80000000e+00  5.18250000e-09  2.38922723e-09 
 5.18750000e-09  0.00000000e+00  5.18750000e-09  0.00000000e+00  5.18750000e-09  1.80000000e+00  5.18750000e-09  2.38922723e-09 
 5.19250000e-09  0.00000000e+00  5.19250000e-09  0.00000000e+00  5.19250000e-09  1.80000000e+00  5.19250000e-09  2.38922723e-09 
 5.19750000e-09  0.00000000e+00  5.19750000e-09  0.00000000e+00  5.19750000e-09  1.80000000e+00  5.19750000e-09  2.38922723e-09 
 5.20250000e-09  0.00000000e+00  5.20250000e-09  0.00000000e+00  5.20250000e-09  1.80000000e+00  5.20250000e-09  2.38922723e-09 
 5.20750000e-09  0.00000000e+00  5.20750000e-09  0.00000000e+00  5.20750000e-09  1.80000000e+00  5.20750000e-09  2.38922723e-09 
 5.21250000e-09  0.00000000e+00  5.21250000e-09  0.00000000e+00  5.21250000e-09  1.80000000e+00  5.21250000e-09  2.38922723e-09 
 5.21750000e-09  0.00000000e+00  5.21750000e-09  0.00000000e+00  5.21750000e-09  1.80000000e+00  5.21750000e-09  2.38922723e-09 
 5.22250000e-09  0.00000000e+00  5.22250000e-09  0.00000000e+00  5.22250000e-09  1.80000000e+00  5.22250000e-09  2.38922723e-09 
 5.22750000e-09  0.00000000e+00  5.22750000e-09  0.00000000e+00  5.22750000e-09  1.80000000e+00  5.22750000e-09  2.38922723e-09 
 5.23250000e-09  0.00000000e+00  5.23250000e-09  0.00000000e+00  5.23250000e-09  1.80000000e+00  5.23250000e-09  2.38922723e-09 
 5.23750000e-09  0.00000000e+00  5.23750000e-09  0.00000000e+00  5.23750000e-09  1.80000000e+00  5.23750000e-09  2.38922723e-09 
 5.24250000e-09  0.00000000e+00  5.24250000e-09  0.00000000e+00  5.24250000e-09  1.80000000e+00  5.24250000e-09  2.38922723e-09 
 5.24750000e-09  0.00000000e+00  5.24750000e-09  0.00000000e+00  5.24750000e-09  1.80000000e+00  5.24750000e-09  2.38922723e-09 
 5.25250000e-09  0.00000000e+00  5.25250000e-09  0.00000000e+00  5.25250000e-09  1.80000000e+00  5.25250000e-09  2.38922723e-09 
 5.25750000e-09  0.00000000e+00  5.25750000e-09  0.00000000e+00  5.25750000e-09  1.80000000e+00  5.25750000e-09  2.38922723e-09 
 5.26250000e-09  0.00000000e+00  5.26250000e-09  0.00000000e+00  5.26250000e-09  1.80000000e+00  5.26250000e-09  2.38922723e-09 
 5.26750000e-09  0.00000000e+00  5.26750000e-09  0.00000000e+00  5.26750000e-09  1.80000000e+00  5.26750000e-09  2.38922723e-09 
 5.27250000e-09  0.00000000e+00  5.27250000e-09  0.00000000e+00  5.27250000e-09  1.80000000e+00  5.27250000e-09  2.38922723e-09 
 5.27750000e-09  0.00000000e+00  5.27750000e-09  0.00000000e+00  5.27750000e-09  1.80000000e+00  5.27750000e-09  2.38922723e-09 
 5.28250000e-09  0.00000000e+00  5.28250000e-09  0.00000000e+00  5.28250000e-09  1.80000000e+00  5.28250000e-09  2.38922723e-09 
 5.28750000e-09  0.00000000e+00  5.28750000e-09  0.00000000e+00  5.28750000e-09  1.80000000e+00  5.28750000e-09  2.38922723e-09 
 5.29250000e-09  0.00000000e+00  5.29250000e-09  0.00000000e+00  5.29250000e-09  1.80000000e+00  5.29250000e-09  2.38922723e-09 
 5.29750000e-09  0.00000000e+00  5.29750000e-09  0.00000000e+00  5.29750000e-09  1.80000000e+00  5.29750000e-09  2.38922723e-09 
 5.30250000e-09  0.00000000e+00  5.30250000e-09  0.00000000e+00  5.30250000e-09  1.80000000e+00  5.30250000e-09  2.38922723e-09 
 5.30750000e-09  0.00000000e+00  5.30750000e-09  0.00000000e+00  5.30750000e-09  1.80000000e+00  5.30750000e-09  2.38922723e-09 
 5.31250000e-09  0.00000000e+00  5.31250000e-09  0.00000000e+00  5.31250000e-09  1.80000000e+00  5.31250000e-09  2.38922723e-09 
 5.31750000e-09  0.00000000e+00  5.31750000e-09  0.00000000e+00  5.31750000e-09  1.80000000e+00  5.31750000e-09  2.38922723e-09 
 5.32250000e-09  0.00000000e+00  5.32250000e-09  0.00000000e+00  5.32250000e-09  1.80000000e+00  5.32250000e-09  2.38922723e-09 
 5.32750000e-09  0.00000000e+00  5.32750000e-09  0.00000000e+00  5.32750000e-09  1.80000000e+00  5.32750000e-09  2.38922723e-09 
 5.33250000e-09  0.00000000e+00  5.33250000e-09  0.00000000e+00  5.33250000e-09  1.80000000e+00  5.33250000e-09  2.38922723e-09 
 5.33750000e-09  0.00000000e+00  5.33750000e-09  0.00000000e+00  5.33750000e-09  1.80000000e+00  5.33750000e-09  2.38922723e-09 
 5.34250000e-09  0.00000000e+00  5.34250000e-09  0.00000000e+00  5.34250000e-09  1.80000000e+00  5.34250000e-09  2.38922723e-09 
 5.34750000e-09  0.00000000e+00  5.34750000e-09  0.00000000e+00  5.34750000e-09  1.80000000e+00  5.34750000e-09  2.38922723e-09 
 5.35250000e-09  0.00000000e+00  5.35250000e-09  0.00000000e+00  5.35250000e-09  1.80000000e+00  5.35250000e-09  2.38922723e-09 
 5.35750000e-09  0.00000000e+00  5.35750000e-09  0.00000000e+00  5.35750000e-09  1.80000000e+00  5.35750000e-09  2.38922723e-09 
 5.36250000e-09  0.00000000e+00  5.36250000e-09  0.00000000e+00  5.36250000e-09  1.80000000e+00  5.36250000e-09  2.38922723e-09 
 5.36750000e-09  0.00000000e+00  5.36750000e-09  0.00000000e+00  5.36750000e-09  1.80000000e+00  5.36750000e-09  2.38922723e-09 
 5.37250000e-09  0.00000000e+00  5.37250000e-09  0.00000000e+00  5.37250000e-09  1.80000000e+00  5.37250000e-09  2.38922723e-09 
 5.37750000e-09  0.00000000e+00  5.37750000e-09  0.00000000e+00  5.37750000e-09  1.80000000e+00  5.37750000e-09  2.38922723e-09 
 5.38250000e-09  0.00000000e+00  5.38250000e-09  0.00000000e+00  5.38250000e-09  1.80000000e+00  5.38250000e-09  2.38922723e-09 
 5.38750000e-09  0.00000000e+00  5.38750000e-09  0.00000000e+00  5.38750000e-09  1.80000000e+00  5.38750000e-09  2.38922723e-09 
 5.39250000e-09  0.00000000e+00  5.39250000e-09  0.00000000e+00  5.39250000e-09  1.80000000e+00  5.39250000e-09  2.38922723e-09 
 5.39750000e-09  0.00000000e+00  5.39750000e-09  0.00000000e+00  5.39750000e-09  1.80000000e+00  5.39750000e-09  2.38922723e-09 
 5.40250000e-09  0.00000000e+00  5.40250000e-09  0.00000000e+00  5.40250000e-09  1.80000000e+00  5.40250000e-09  2.38922723e-09 
 5.40750000e-09  0.00000000e+00  5.40750000e-09  0.00000000e+00  5.40750000e-09  1.80000000e+00  5.40750000e-09  2.38922723e-09 
 5.41250000e-09  0.00000000e+00  5.41250000e-09  0.00000000e+00  5.41250000e-09  1.80000000e+00  5.41250000e-09  2.38922723e-09 
 5.41750000e-09  0.00000000e+00  5.41750000e-09  0.00000000e+00  5.41750000e-09  1.80000000e+00  5.41750000e-09  2.38922723e-09 
 5.42250000e-09  0.00000000e+00  5.42250000e-09  0.00000000e+00  5.42250000e-09  1.80000000e+00  5.42250000e-09  2.38922723e-09 
 5.42750000e-09  0.00000000e+00  5.42750000e-09  0.00000000e+00  5.42750000e-09  1.80000000e+00  5.42750000e-09  2.38922723e-09 
 5.43250000e-09  0.00000000e+00  5.43250000e-09  0.00000000e+00  5.43250000e-09  1.80000000e+00  5.43250000e-09  2.38922723e-09 
 5.43750000e-09  0.00000000e+00  5.43750000e-09  0.00000000e+00  5.43750000e-09  1.80000000e+00  5.43750000e-09  2.38922723e-09 
 5.44250000e-09  0.00000000e+00  5.44250000e-09  0.00000000e+00  5.44250000e-09  1.80000000e+00  5.44250000e-09  2.38922723e-09 
 5.44750000e-09  0.00000000e+00  5.44750000e-09  0.00000000e+00  5.44750000e-09  1.80000000e+00  5.44750000e-09  2.38922723e-09 
 5.45250000e-09  0.00000000e+00  5.45250000e-09  0.00000000e+00  5.45250000e-09  1.80000000e+00  5.45250000e-09  2.38922723e-09 
 5.45750000e-09  0.00000000e+00  5.45750000e-09  0.00000000e+00  5.45750000e-09  1.80000000e+00  5.45750000e-09  2.38922723e-09 
 5.46250000e-09  0.00000000e+00  5.46250000e-09  0.00000000e+00  5.46250000e-09  1.80000000e+00  5.46250000e-09  2.38922723e-09 
 5.46750000e-09  0.00000000e+00  5.46750000e-09  0.00000000e+00  5.46750000e-09  1.80000000e+00  5.46750000e-09  2.38922723e-09 
 5.47250000e-09  0.00000000e+00  5.47250000e-09  0.00000000e+00  5.47250000e-09  1.80000000e+00  5.47250000e-09  2.38922723e-09 
 5.47750000e-09  0.00000000e+00  5.47750000e-09  0.00000000e+00  5.47750000e-09  1.80000000e+00  5.47750000e-09  2.38922723e-09 
 5.48250000e-09  0.00000000e+00  5.48250000e-09  0.00000000e+00  5.48250000e-09  1.80000000e+00  5.48250000e-09  2.38922723e-09 
 5.48750000e-09  0.00000000e+00  5.48750000e-09  0.00000000e+00  5.48750000e-09  1.80000000e+00  5.48750000e-09  2.38922723e-09 
 5.49250000e-09  0.00000000e+00  5.49250000e-09  0.00000000e+00  5.49250000e-09  1.80000000e+00  5.49250000e-09  2.38922723e-09 
 5.49750000e-09  0.00000000e+00  5.49750000e-09  0.00000000e+00  5.49750000e-09  1.80000000e+00  5.49750000e-09  2.38922723e-09 
 5.50250000e-09  0.00000000e+00  5.50250000e-09  0.00000000e+00  5.50250000e-09  1.80000000e+00  5.50250000e-09  2.38922723e-09 
 5.50750000e-09  0.00000000e+00  5.50750000e-09  0.00000000e+00  5.50750000e-09  1.80000000e+00  5.50750000e-09  2.38922723e-09 
 5.51250000e-09  0.00000000e+00  5.51250000e-09  0.00000000e+00  5.51250000e-09  1.80000000e+00  5.51250000e-09  2.38922723e-09 
 5.51750000e-09  0.00000000e+00  5.51750000e-09  0.00000000e+00  5.51750000e-09  1.80000000e+00  5.51750000e-09  2.38922723e-09 
 5.52250000e-09  0.00000000e+00  5.52250000e-09  0.00000000e+00  5.52250000e-09  1.80000000e+00  5.52250000e-09  2.38922723e-09 
 5.52750000e-09  0.00000000e+00  5.52750000e-09  0.00000000e+00  5.52750000e-09  1.80000000e+00  5.52750000e-09  2.38922723e-09 
 5.53250000e-09  0.00000000e+00  5.53250000e-09  0.00000000e+00  5.53250000e-09  1.80000000e+00  5.53250000e-09  2.38922723e-09 
 5.53750000e-09  0.00000000e+00  5.53750000e-09  0.00000000e+00  5.53750000e-09  1.80000000e+00  5.53750000e-09  2.38922723e-09 
 5.54250000e-09  0.00000000e+00  5.54250000e-09  0.00000000e+00  5.54250000e-09  1.80000000e+00  5.54250000e-09  2.38922723e-09 
 5.54750000e-09  0.00000000e+00  5.54750000e-09  0.00000000e+00  5.54750000e-09  1.80000000e+00  5.54750000e-09  2.38922723e-09 
 5.55250000e-09  0.00000000e+00  5.55250000e-09  0.00000000e+00  5.55250000e-09  1.80000000e+00  5.55250000e-09  2.38922723e-09 
 5.55750000e-09  0.00000000e+00  5.55750000e-09  0.00000000e+00  5.55750000e-09  1.80000000e+00  5.55750000e-09  2.38922723e-09 
 5.56250000e-09  0.00000000e+00  5.56250000e-09  0.00000000e+00  5.56250000e-09  1.80000000e+00  5.56250000e-09  2.38922723e-09 
 5.56750000e-09  0.00000000e+00  5.56750000e-09  0.00000000e+00  5.56750000e-09  1.80000000e+00  5.56750000e-09  2.38922723e-09 
 5.57250000e-09  0.00000000e+00  5.57250000e-09  0.00000000e+00  5.57250000e-09  1.80000000e+00  5.57250000e-09  2.38922723e-09 
 5.57750000e-09  0.00000000e+00  5.57750000e-09  0.00000000e+00  5.57750000e-09  1.80000000e+00  5.57750000e-09  2.38922723e-09 
 5.58250000e-09  0.00000000e+00  5.58250000e-09  0.00000000e+00  5.58250000e-09  1.80000000e+00  5.58250000e-09  2.38922723e-09 
 5.58750000e-09  0.00000000e+00  5.58750000e-09  0.00000000e+00  5.58750000e-09  1.80000000e+00  5.58750000e-09  2.38922723e-09 
 5.59250000e-09  0.00000000e+00  5.59250000e-09  0.00000000e+00  5.59250000e-09  1.80000000e+00  5.59250000e-09  2.38922723e-09 
 5.59750000e-09  0.00000000e+00  5.59750000e-09  0.00000000e+00  5.59750000e-09  1.80000000e+00  5.59750000e-09  2.38922723e-09 
 5.60250000e-09  0.00000000e+00  5.60250000e-09  0.00000000e+00  5.60250000e-09  1.80000000e+00  5.60250000e-09  2.38922723e-09 
 5.60750000e-09  0.00000000e+00  5.60750000e-09  0.00000000e+00  5.60750000e-09  1.80000000e+00  5.60750000e-09  2.38922723e-09 
 5.61250000e-09  0.00000000e+00  5.61250000e-09  0.00000000e+00  5.61250000e-09  1.80000000e+00  5.61250000e-09  2.38922723e-09 
 5.61750000e-09  0.00000000e+00  5.61750000e-09  0.00000000e+00  5.61750000e-09  1.80000000e+00  5.61750000e-09  2.38922723e-09 
 5.62250000e-09  0.00000000e+00  5.62250000e-09  0.00000000e+00  5.62250000e-09  1.80000000e+00  5.62250000e-09  2.38922723e-09 
 5.62750000e-09  0.00000000e+00  5.62750000e-09  0.00000000e+00  5.62750000e-09  1.80000000e+00  5.62750000e-09  2.38922723e-09 
 5.63250000e-09  0.00000000e+00  5.63250000e-09  0.00000000e+00  5.63250000e-09  1.80000000e+00  5.63250000e-09  2.38922723e-09 
 5.63750000e-09  0.00000000e+00  5.63750000e-09  0.00000000e+00  5.63750000e-09  1.80000000e+00  5.63750000e-09  2.38922723e-09 
 5.64250000e-09  0.00000000e+00  5.64250000e-09  0.00000000e+00  5.64250000e-09  1.80000000e+00  5.64250000e-09  2.38922723e-09 
 5.64750000e-09  0.00000000e+00  5.64750000e-09  0.00000000e+00  5.64750000e-09  1.80000000e+00  5.64750000e-09  2.38922723e-09 
 5.65250000e-09  0.00000000e+00  5.65250000e-09  0.00000000e+00  5.65250000e-09  1.80000000e+00  5.65250000e-09  2.38922723e-09 
 5.65750000e-09  0.00000000e+00  5.65750000e-09  0.00000000e+00  5.65750000e-09  1.80000000e+00  5.65750000e-09  2.38922723e-09 
 5.66250000e-09  0.00000000e+00  5.66250000e-09  0.00000000e+00  5.66250000e-09  1.80000000e+00  5.66250000e-09  2.38922723e-09 
 5.66750000e-09  0.00000000e+00  5.66750000e-09  0.00000000e+00  5.66750000e-09  1.80000000e+00  5.66750000e-09  2.38922723e-09 
 5.67250000e-09  0.00000000e+00  5.67250000e-09  0.00000000e+00  5.67250000e-09  1.80000000e+00  5.67250000e-09  2.38922723e-09 
 5.67750000e-09  0.00000000e+00  5.67750000e-09  0.00000000e+00  5.67750000e-09  1.80000000e+00  5.67750000e-09  2.38922723e-09 
 5.68250000e-09  0.00000000e+00  5.68250000e-09  0.00000000e+00  5.68250000e-09  1.80000000e+00  5.68250000e-09  2.38922723e-09 
 5.68750000e-09  0.00000000e+00  5.68750000e-09  0.00000000e+00  5.68750000e-09  1.80000000e+00  5.68750000e-09  2.38922723e-09 
 5.69250000e-09  0.00000000e+00  5.69250000e-09  0.00000000e+00  5.69250000e-09  1.80000000e+00  5.69250000e-09  2.38922723e-09 
 5.69750000e-09  0.00000000e+00  5.69750000e-09  0.00000000e+00  5.69750000e-09  1.80000000e+00  5.69750000e-09  2.38922723e-09 
 5.70250000e-09  0.00000000e+00  5.70250000e-09  0.00000000e+00  5.70250000e-09  1.80000000e+00  5.70250000e-09  2.38922723e-09 
 5.70750000e-09  0.00000000e+00  5.70750000e-09  0.00000000e+00  5.70750000e-09  1.80000000e+00  5.70750000e-09  2.38922723e-09 
 5.71250000e-09  0.00000000e+00  5.71250000e-09  0.00000000e+00  5.71250000e-09  1.80000000e+00  5.71250000e-09  2.38922723e-09 
 5.71750000e-09  0.00000000e+00  5.71750000e-09  0.00000000e+00  5.71750000e-09  1.80000000e+00  5.71750000e-09  2.38922723e-09 
 5.72250000e-09  0.00000000e+00  5.72250000e-09  0.00000000e+00  5.72250000e-09  1.80000000e+00  5.72250000e-09  2.38922723e-09 
 5.72750000e-09  0.00000000e+00  5.72750000e-09  0.00000000e+00  5.72750000e-09  1.80000000e+00  5.72750000e-09  2.38922723e-09 
 5.73250000e-09  0.00000000e+00  5.73250000e-09  0.00000000e+00  5.73250000e-09  1.80000000e+00  5.73250000e-09  2.38922723e-09 
 5.73750000e-09  0.00000000e+00  5.73750000e-09  0.00000000e+00  5.73750000e-09  1.80000000e+00  5.73750000e-09  2.38922723e-09 
 5.74250000e-09  0.00000000e+00  5.74250000e-09  0.00000000e+00  5.74250000e-09  1.80000000e+00  5.74250000e-09  2.38922723e-09 
 5.74750000e-09  0.00000000e+00  5.74750000e-09  0.00000000e+00  5.74750000e-09  1.80000000e+00  5.74750000e-09  2.38922723e-09 
 5.75250000e-09  0.00000000e+00  5.75250000e-09  0.00000000e+00  5.75250000e-09  1.80000000e+00  5.75250000e-09  2.38922723e-09 
 5.75750000e-09  0.00000000e+00  5.75750000e-09  0.00000000e+00  5.75750000e-09  1.80000000e+00  5.75750000e-09  2.38922723e-09 
 5.76250000e-09  0.00000000e+00  5.76250000e-09  0.00000000e+00  5.76250000e-09  1.80000000e+00  5.76250000e-09  2.38922723e-09 
 5.76750000e-09  0.00000000e+00  5.76750000e-09  0.00000000e+00  5.76750000e-09  1.80000000e+00  5.76750000e-09  2.38922723e-09 
 5.77250000e-09  0.00000000e+00  5.77250000e-09  0.00000000e+00  5.77250000e-09  1.80000000e+00  5.77250000e-09  2.38922723e-09 
 5.77750000e-09  0.00000000e+00  5.77750000e-09  0.00000000e+00  5.77750000e-09  1.80000000e+00  5.77750000e-09  2.38922723e-09 
 5.78250000e-09  0.00000000e+00  5.78250000e-09  0.00000000e+00  5.78250000e-09  1.80000000e+00  5.78250000e-09  2.38922723e-09 
 5.78750000e-09  0.00000000e+00  5.78750000e-09  0.00000000e+00  5.78750000e-09  1.80000000e+00  5.78750000e-09  2.38922723e-09 
 5.79250000e-09  0.00000000e+00  5.79250000e-09  0.00000000e+00  5.79250000e-09  1.80000000e+00  5.79250000e-09  2.38922723e-09 
 5.79750000e-09  0.00000000e+00  5.79750000e-09  0.00000000e+00  5.79750000e-09  1.80000000e+00  5.79750000e-09  2.38922723e-09 
 5.80250000e-09  0.00000000e+00  5.80250000e-09  0.00000000e+00  5.80250000e-09  1.80000000e+00  5.80250000e-09  2.38922723e-09 
 5.80750000e-09  0.00000000e+00  5.80750000e-09  0.00000000e+00  5.80750000e-09  1.80000000e+00  5.80750000e-09  2.38922723e-09 
 5.81250000e-09  0.00000000e+00  5.81250000e-09  0.00000000e+00  5.81250000e-09  1.80000000e+00  5.81250000e-09  2.38922723e-09 
 5.81750000e-09  0.00000000e+00  5.81750000e-09  0.00000000e+00  5.81750000e-09  1.80000000e+00  5.81750000e-09  2.38922723e-09 
 5.82250000e-09  0.00000000e+00  5.82250000e-09  0.00000000e+00  5.82250000e-09  1.80000000e+00  5.82250000e-09  2.38922723e-09 
 5.82750000e-09  0.00000000e+00  5.82750000e-09  0.00000000e+00  5.82750000e-09  1.80000000e+00  5.82750000e-09  2.38922723e-09 
 5.83250000e-09  0.00000000e+00  5.83250000e-09  0.00000000e+00  5.83250000e-09  1.80000000e+00  5.83250000e-09  2.38922723e-09 
 5.83750000e-09  0.00000000e+00  5.83750000e-09  0.00000000e+00  5.83750000e-09  1.80000000e+00  5.83750000e-09  2.38922723e-09 
 5.84250000e-09  0.00000000e+00  5.84250000e-09  0.00000000e+00  5.84250000e-09  1.80000000e+00  5.84250000e-09  2.38922723e-09 
 5.84750000e-09  0.00000000e+00  5.84750000e-09  0.00000000e+00  5.84750000e-09  1.80000000e+00  5.84750000e-09  2.38922723e-09 
 5.85250000e-09  0.00000000e+00  5.85250000e-09  0.00000000e+00  5.85250000e-09  1.80000000e+00  5.85250000e-09  2.38922723e-09 
 5.85750000e-09  0.00000000e+00  5.85750000e-09  0.00000000e+00  5.85750000e-09  1.80000000e+00  5.85750000e-09  2.38922723e-09 
 5.86250000e-09  0.00000000e+00  5.86250000e-09  0.00000000e+00  5.86250000e-09  1.80000000e+00  5.86250000e-09  2.38922723e-09 
 5.86750000e-09  0.00000000e+00  5.86750000e-09  0.00000000e+00  5.86750000e-09  1.80000000e+00  5.86750000e-09  2.38922723e-09 
 5.87250000e-09  0.00000000e+00  5.87250000e-09  0.00000000e+00  5.87250000e-09  1.80000000e+00  5.87250000e-09  2.38922723e-09 
 5.87750000e-09  0.00000000e+00  5.87750000e-09  0.00000000e+00  5.87750000e-09  1.80000000e+00  5.87750000e-09  2.38922723e-09 
 5.88250000e-09  0.00000000e+00  5.88250000e-09  0.00000000e+00  5.88250000e-09  1.80000000e+00  5.88250000e-09  2.38922723e-09 
 5.88750000e-09  0.00000000e+00  5.88750000e-09  0.00000000e+00  5.88750000e-09  1.80000000e+00  5.88750000e-09  2.38922723e-09 
 5.89250000e-09  0.00000000e+00  5.89250000e-09  0.00000000e+00  5.89250000e-09  1.80000000e+00  5.89250000e-09  2.38922723e-09 
 5.89750000e-09  0.00000000e+00  5.89750000e-09  0.00000000e+00  5.89750000e-09  1.80000000e+00  5.89750000e-09  2.38922723e-09 
 5.90250000e-09  0.00000000e+00  5.90250000e-09  0.00000000e+00  5.90250000e-09  1.80000000e+00  5.90250000e-09  2.38922723e-09 
 5.90750000e-09  0.00000000e+00  5.90750000e-09  0.00000000e+00  5.90750000e-09  1.80000000e+00  5.90750000e-09  2.38922723e-09 
 5.91250000e-09  0.00000000e+00  5.91250000e-09  0.00000000e+00  5.91250000e-09  1.80000000e+00  5.91250000e-09  2.38922723e-09 
 5.91750000e-09  0.00000000e+00  5.91750000e-09  0.00000000e+00  5.91750000e-09  1.80000000e+00  5.91750000e-09  2.38922723e-09 
 5.92250000e-09  0.00000000e+00  5.92250000e-09  0.00000000e+00  5.92250000e-09  1.80000000e+00  5.92250000e-09  2.38922723e-09 
 5.92750000e-09  0.00000000e+00  5.92750000e-09  0.00000000e+00  5.92750000e-09  1.80000000e+00  5.92750000e-09  2.38922723e-09 
 5.93250000e-09  0.00000000e+00  5.93250000e-09  0.00000000e+00  5.93250000e-09  1.80000000e+00  5.93250000e-09  2.38922723e-09 
 5.93750000e-09  0.00000000e+00  5.93750000e-09  0.00000000e+00  5.93750000e-09  1.80000000e+00  5.93750000e-09  2.38922723e-09 
 5.94250000e-09  0.00000000e+00  5.94250000e-09  0.00000000e+00  5.94250000e-09  1.80000000e+00  5.94250000e-09  2.38922723e-09 
 5.94750000e-09  0.00000000e+00  5.94750000e-09  0.00000000e+00  5.94750000e-09  1.80000000e+00  5.94750000e-09  2.38922723e-09 
 5.95250000e-09  0.00000000e+00  5.95250000e-09  0.00000000e+00  5.95250000e-09  1.80000000e+00  5.95250000e-09  2.38922723e-09 
 5.95750000e-09  0.00000000e+00  5.95750000e-09  0.00000000e+00  5.95750000e-09  1.80000000e+00  5.95750000e-09  2.38922723e-09 
 5.96250000e-09  0.00000000e+00  5.96250000e-09  0.00000000e+00  5.96250000e-09  1.80000000e+00  5.96250000e-09  2.38922723e-09 
 5.96750000e-09  0.00000000e+00  5.96750000e-09  0.00000000e+00  5.96750000e-09  1.80000000e+00  5.96750000e-09  2.38922723e-09 
 5.97250000e-09  0.00000000e+00  5.97250000e-09  0.00000000e+00  5.97250000e-09  1.80000000e+00  5.97250000e-09  2.38922723e-09 
 5.97750000e-09  0.00000000e+00  5.97750000e-09  0.00000000e+00  5.97750000e-09  1.80000000e+00  5.97750000e-09  2.38922723e-09 
 5.98250000e-09  0.00000000e+00  5.98250000e-09  0.00000000e+00  5.98250000e-09  1.80000000e+00  5.98250000e-09  2.38922723e-09 
 5.98750000e-09  0.00000000e+00  5.98750000e-09  0.00000000e+00  5.98750000e-09  1.80000000e+00  5.98750000e-09  2.38922723e-09 
 5.99250000e-09  0.00000000e+00  5.99250000e-09  0.00000000e+00  5.99250000e-09  1.80000000e+00  5.99250000e-09  2.38922723e-09 
 5.99750000e-09  0.00000000e+00  5.99750000e-09  0.00000000e+00  5.99750000e-09  1.80000000e+00  5.99750000e-09  2.38922723e-09 
 6.00000000e-09  0.00000000e+00  6.00000000e-09  2.97785021e-14  6.00000000e-09  1.80000000e+00  6.00000000e-09  2.38922980e-09 
 6.00050000e-09  0.00000000e+00  6.00050000e-09  1.80000000e-02  6.00050000e-09  1.78200000e+00  6.00050000e-09  6.52059125e-04 
 6.00150000e-09  0.00000000e+00  6.00150000e-09  5.40000000e-02  6.00150000e-09  1.74600000e+00  6.00150000e-09  3.18895468e-03 
 6.00350000e-09  0.00000000e+00  6.00350000e-09  1.26000000e-01  6.00350000e-09  1.67400000e+00  6.00350000e-09  1.49535530e-02 
 6.00750000e-09  0.00000000e+00  6.00750000e-09  2.70000000e-01  6.00750000e-09  1.53000000e+00  6.00750000e-09  5.91569453e-02 
 6.01250000e-09  0.00000000e+00  6.01250000e-09  4.50000000e-01  6.01250000e-09  1.35000000e+00  6.01250000e-09  1.40625374e-01 
 6.01750000e-09  0.00000000e+00  6.01750000e-09  6.30000000e-01  6.01750000e-09  1.17000000e+00  6.01750000e-09  2.39810451e-01 
 6.02250000e-09  0.00000000e+00  6.02250000e-09  8.10000000e-01  6.02250000e-09  9.90000000e-01  6.02250000e-09  3.52083530e-01 
 6.02750000e-09  0.00000000e+00  6.02750000e-09  9.90000000e-01  6.02750000e-09  8.10000000e-01  6.02750000e-09  4.77126913e-01 
 6.03250000e-09  0.00000000e+00  6.03250000e-09  1.17000000e+00  6.03250000e-09  6.30000000e-01  6.03250000e-09  6.14251515e-01 
 6.03750000e-09  0.00000000e+00  6.03750000e-09  1.35000000e+00  6.03750000e-09  4.50000000e-01  6.03750000e-09  7.61320061e-01 
 6.04250000e-09  0.00000000e+00  6.04250000e-09  1.53000000e+00  6.04250000e-09  2.70000000e-01  6.04250000e-09  9.18146270e-01 
 6.04750000e-09  0.00000000e+00  6.04750000e-09  1.71000000e+00  6.04750000e-09  9.00000000e-02  6.04750000e-09  1.08868875e+00 
 6.05000000e-09  0.00000000e+00  6.05000000e-09  1.80000000e+00  6.05000000e-09  0.00000000e+00  6.05000000e-09  1.18060913e+00 
 6.05050000e-09  0.00000000e+00  6.05050000e-09  1.80000000e+00  6.05050000e-09  0.00000000e+00  6.05050000e-09  1.19900253e+00 
 6.05150000e-09  0.00000000e+00  6.05150000e-09  1.80000000e+00  6.05150000e-09  0.00000000e+00  6.05150000e-09  1.23484770e+00 
 6.05350000e-09  0.00000000e+00  6.05350000e-09  1.80000000e+00  6.05350000e-09  0.00000000e+00  6.05350000e-09  1.30116508e+00 
 6.05750000e-09  0.00000000e+00  6.05750000e-09  1.80000000e+00  6.05750000e-09  0.00000000e+00  6.05750000e-09  1.41471794e+00 
 6.06250000e-09  0.00000000e+00  6.06250000e-09  1.80000000e+00  6.06250000e-09  0.00000000e+00  6.06250000e-09  1.52527619e+00 
 6.06750000e-09  0.00000000e+00  6.06750000e-09  1.80000000e+00  6.06750000e-09  0.00000000e+00  6.06750000e-09  1.60662300e+00 
 6.07250000e-09  0.00000000e+00  6.07250000e-09  1.80000000e+00  6.07250000e-09  0.00000000e+00  6.07250000e-09  1.66516273e+00 
 6.07750000e-09  0.00000000e+00  6.07750000e-09  1.80000000e+00  6.07750000e-09  0.00000000e+00  6.07750000e-09  1.70662868e+00 
 6.08250000e-09  0.00000000e+00  6.08250000e-09  1.80000000e+00  6.08250000e-09  0.00000000e+00  6.08250000e-09  1.73566220e+00 
 6.08750000e-09  0.00000000e+00  6.08750000e-09  1.80000000e+00  6.08750000e-09  0.00000000e+00  6.08750000e-09  1.75581046e+00 
 6.09250000e-09  0.00000000e+00  6.09250000e-09  1.80000000e+00  6.09250000e-09  0.00000000e+00  6.09250000e-09  1.76971624e+00 
 6.09750000e-09  0.00000000e+00  6.09750000e-09  1.80000000e+00  6.09750000e-09  0.00000000e+00  6.09750000e-09  1.77927760e+00 
 6.10250000e-09  0.00000000e+00  6.10250000e-09  1.80000000e+00  6.10250000e-09  0.00000000e+00  6.10250000e-09  1.78583494e+00 
 6.10750000e-09  0.00000000e+00  6.10750000e-09  1.80000000e+00  6.10750000e-09  0.00000000e+00  6.10750000e-09  1.79032418e+00 
 6.11250000e-09  0.00000000e+00  6.11250000e-09  1.80000000e+00  6.11250000e-09  0.00000000e+00  6.11250000e-09  1.79339389e+00 
 6.11750000e-09  0.00000000e+00  6.11750000e-09  1.80000000e+00  6.11750000e-09  0.00000000e+00  6.11750000e-09  1.79549121e+00 
 6.12250000e-09  0.00000000e+00  6.12250000e-09  1.80000000e+00  6.12250000e-09  0.00000000e+00  6.12250000e-09  1.79692336e+00 
 6.12750000e-09  0.00000000e+00  6.12750000e-09  1.80000000e+00  6.12750000e-09  0.00000000e+00  6.12750000e-09  1.79790094e+00 
 6.13250000e-09  0.00000000e+00  6.13250000e-09  1.80000000e+00  6.13250000e-09  0.00000000e+00  6.13250000e-09  1.79856805e+00 
 6.13750000e-09  0.00000000e+00  6.13750000e-09  1.80000000e+00  6.13750000e-09  0.00000000e+00  6.13750000e-09  1.79902321e+00 
 6.14250000e-09  0.00000000e+00  6.14250000e-09  1.80000000e+00  6.14250000e-09  0.00000000e+00  6.14250000e-09  1.79933373e+00 
 6.14750000e-09  0.00000000e+00  6.14750000e-09  1.80000000e+00  6.14750000e-09  0.00000000e+00  6.14750000e-09  1.79954555e+00 
 6.15250000e-09  0.00000000e+00  6.15250000e-09  1.80000000e+00  6.15250000e-09  0.00000000e+00  6.15250000e-09  1.79969003e+00 
 6.15750000e-09  0.00000000e+00  6.15750000e-09  1.80000000e+00  6.15750000e-09  0.00000000e+00  6.15750000e-09  1.79978858e+00 
 6.16250000e-09  0.00000000e+00  6.16250000e-09  1.80000000e+00  6.16250000e-09  0.00000000e+00  6.16250000e-09  1.79985580e+00 
 6.16750000e-09  0.00000000e+00  6.16750000e-09  1.80000000e+00  6.16750000e-09  0.00000000e+00  6.16750000e-09  1.79990165e+00 
 6.17250000e-09  0.00000000e+00  6.17250000e-09  1.80000000e+00  6.17250000e-09  0.00000000e+00  6.17250000e-09  1.79993292e+00 
 6.17750000e-09  0.00000000e+00  6.17750000e-09  1.80000000e+00  6.17750000e-09  0.00000000e+00  6.17750000e-09  1.79995425e+00 
 6.18250000e-09  0.00000000e+00  6.18250000e-09  1.80000000e+00  6.18250000e-09  0.00000000e+00  6.18250000e-09  1.79996880e+00 
 6.18750000e-09  0.00000000e+00  6.18750000e-09  1.80000000e+00  6.18750000e-09  0.00000000e+00  6.18750000e-09  1.79997872e+00 
 6.19250000e-09  0.00000000e+00  6.19250000e-09  1.80000000e+00  6.19250000e-09  0.00000000e+00  6.19250000e-09  1.79998548e+00 
 6.19750000e-09  0.00000000e+00  6.19750000e-09  1.80000000e+00  6.19750000e-09  0.00000000e+00  6.19750000e-09  1.79999010e+00 
 6.20250000e-09  0.00000000e+00  6.20250000e-09  1.80000000e+00  6.20250000e-09  0.00000000e+00  6.20250000e-09  1.79999325e+00 
 6.20750000e-09  0.00000000e+00  6.20750000e-09  1.80000000e+00  6.20750000e-09  0.00000000e+00  6.20750000e-09  1.79999539e+00 
 6.21250000e-09  0.00000000e+00  6.21250000e-09  1.80000000e+00  6.21250000e-09  0.00000000e+00  6.21250000e-09  1.79999686e+00 
 6.21750000e-09  0.00000000e+00  6.21750000e-09  1.80000000e+00  6.21750000e-09  0.00000000e+00  6.21750000e-09  1.79999786e+00 
 6.22250000e-09  0.00000000e+00  6.22250000e-09  1.80000000e+00  6.22250000e-09  0.00000000e+00  6.22250000e-09  1.79999854e+00 
 6.22750000e-09  0.00000000e+00  6.22750000e-09  1.80000000e+00  6.22750000e-09  0.00000000e+00  6.22750000e-09  1.79999900e+00 
 6.23250000e-09  0.00000000e+00  6.23250000e-09  1.80000000e+00  6.23250000e-09  0.00000000e+00  6.23250000e-09  1.79999932e+00 
 6.23750000e-09  0.00000000e+00  6.23750000e-09  1.80000000e+00  6.23750000e-09  0.00000000e+00  6.23750000e-09  1.79999953e+00 
 6.24250000e-09  0.00000000e+00  6.24250000e-09  1.80000000e+00  6.24250000e-09  0.00000000e+00  6.24250000e-09  1.79999968e+00 
 6.24750000e-09  0.00000000e+00  6.24750000e-09  1.80000000e+00  6.24750000e-09  0.00000000e+00  6.24750000e-09  1.79999978e+00 
 6.25250000e-09  0.00000000e+00  6.25250000e-09  1.80000000e+00  6.25250000e-09  0.00000000e+00  6.25250000e-09  1.79999985e+00 
 6.25750000e-09  0.00000000e+00  6.25750000e-09  1.80000000e+00  6.25750000e-09  0.00000000e+00  6.25750000e-09  1.79999990e+00 
 6.26250000e-09  0.00000000e+00  6.26250000e-09  1.80000000e+00  6.26250000e-09  0.00000000e+00  6.26250000e-09  1.79999993e+00 
 6.26750000e-09  0.00000000e+00  6.26750000e-09  1.80000000e+00  6.26750000e-09  0.00000000e+00  6.26750000e-09  1.79999995e+00 
 6.27250000e-09  0.00000000e+00  6.27250000e-09  1.80000000e+00  6.27250000e-09  0.00000000e+00  6.27250000e-09  1.79999997e+00 
 6.27750000e-09  0.00000000e+00  6.27750000e-09  1.80000000e+00  6.27750000e-09  0.00000000e+00  6.27750000e-09  1.79999998e+00 
 6.28250000e-09  0.00000000e+00  6.28250000e-09  1.80000000e+00  6.28250000e-09  0.00000000e+00  6.28250000e-09  1.79999998e+00 
 6.28750000e-09  0.00000000e+00  6.28750000e-09  1.80000000e+00  6.28750000e-09  0.00000000e+00  6.28750000e-09  1.79999999e+00 
 6.29250000e-09  0.00000000e+00  6.29250000e-09  1.80000000e+00  6.29250000e-09  0.00000000e+00  6.29250000e-09  1.79999999e+00 
 6.29750000e-09  0.00000000e+00  6.29750000e-09  1.80000000e+00  6.29750000e-09  0.00000000e+00  6.29750000e-09  1.79999999e+00 
 6.30250000e-09  0.00000000e+00  6.30250000e-09  1.80000000e+00  6.30250000e-09  0.00000000e+00  6.30250000e-09  1.79999999e+00 
 6.30750000e-09  0.00000000e+00  6.30750000e-09  1.80000000e+00  6.30750000e-09  0.00000000e+00  6.30750000e-09  1.80000000e+00 
 6.31250000e-09  0.00000000e+00  6.31250000e-09  1.80000000e+00  6.31250000e-09  0.00000000e+00  6.31250000e-09  1.80000000e+00 
 6.31750000e-09  0.00000000e+00  6.31750000e-09  1.80000000e+00  6.31750000e-09  0.00000000e+00  6.31750000e-09  1.80000000e+00 
 6.32250000e-09  0.00000000e+00  6.32250000e-09  1.80000000e+00  6.32250000e-09  0.00000000e+00  6.32250000e-09  1.80000000e+00 
 6.32750000e-09  0.00000000e+00  6.32750000e-09  1.80000000e+00  6.32750000e-09  0.00000000e+00  6.32750000e-09  1.80000000e+00 
 6.33250000e-09  0.00000000e+00  6.33250000e-09  1.80000000e+00  6.33250000e-09  0.00000000e+00  6.33250000e-09  1.80000000e+00 
 6.33750000e-09  0.00000000e+00  6.33750000e-09  1.80000000e+00  6.33750000e-09  0.00000000e+00  6.33750000e-09  1.80000000e+00 
 6.34250000e-09  0.00000000e+00  6.34250000e-09  1.80000000e+00  6.34250000e-09  0.00000000e+00  6.34250000e-09  1.80000000e+00 
 6.34750000e-09  0.00000000e+00  6.34750000e-09  1.80000000e+00  6.34750000e-09  0.00000000e+00  6.34750000e-09  1.80000000e+00 
 6.35250000e-09  0.00000000e+00  6.35250000e-09  1.80000000e+00  6.35250000e-09  0.00000000e+00  6.35250000e-09  1.80000000e+00 
 6.35750000e-09  0.00000000e+00  6.35750000e-09  1.80000000e+00  6.35750000e-09  0.00000000e+00  6.35750000e-09  1.80000000e+00 
 6.36250000e-09  0.00000000e+00  6.36250000e-09  1.80000000e+00  6.36250000e-09  0.00000000e+00  6.36250000e-09  1.80000000e+00 
 6.36750000e-09  0.00000000e+00  6.36750000e-09  1.80000000e+00  6.36750000e-09  0.00000000e+00  6.36750000e-09  1.80000000e+00 
 6.37250000e-09  0.00000000e+00  6.37250000e-09  1.80000000e+00  6.37250000e-09  0.00000000e+00  6.37250000e-09  1.80000000e+00 
 6.37750000e-09  0.00000000e+00  6.37750000e-09  1.80000000e+00  6.37750000e-09  0.00000000e+00  6.37750000e-09  1.80000000e+00 
 6.38250000e-09  0.00000000e+00  6.38250000e-09  1.80000000e+00  6.38250000e-09  0.00000000e+00  6.38250000e-09  1.80000000e+00 
 6.38750000e-09  0.00000000e+00  6.38750000e-09  1.80000000e+00  6.38750000e-09  0.00000000e+00  6.38750000e-09  1.80000000e+00 
 6.39250000e-09  0.00000000e+00  6.39250000e-09  1.80000000e+00  6.39250000e-09  0.00000000e+00  6.39250000e-09  1.80000000e+00 
 6.39750000e-09  0.00000000e+00  6.39750000e-09  1.80000000e+00  6.39750000e-09  0.00000000e+00  6.39750000e-09  1.80000000e+00 
 6.40250000e-09  0.00000000e+00  6.40250000e-09  1.80000000e+00  6.40250000e-09  0.00000000e+00  6.40250000e-09  1.80000000e+00 
 6.40750000e-09  0.00000000e+00  6.40750000e-09  1.80000000e+00  6.40750000e-09  0.00000000e+00  6.40750000e-09  1.80000000e+00 
 6.41250000e-09  0.00000000e+00  6.41250000e-09  1.80000000e+00  6.41250000e-09  0.00000000e+00  6.41250000e-09  1.80000000e+00 
 6.41750000e-09  0.00000000e+00  6.41750000e-09  1.80000000e+00  6.41750000e-09  0.00000000e+00  6.41750000e-09  1.80000000e+00 
 6.42250000e-09  0.00000000e+00  6.42250000e-09  1.80000000e+00  6.42250000e-09  0.00000000e+00  6.42250000e-09  1.80000000e+00 
 6.42750000e-09  0.00000000e+00  6.42750000e-09  1.80000000e+00  6.42750000e-09  0.00000000e+00  6.42750000e-09  1.80000000e+00 
 6.43250000e-09  0.00000000e+00  6.43250000e-09  1.80000000e+00  6.43250000e-09  0.00000000e+00  6.43250000e-09  1.80000000e+00 
 6.43750000e-09  0.00000000e+00  6.43750000e-09  1.80000000e+00  6.43750000e-09  0.00000000e+00  6.43750000e-09  1.80000000e+00 
 6.44250000e-09  0.00000000e+00  6.44250000e-09  1.80000000e+00  6.44250000e-09  0.00000000e+00  6.44250000e-09  1.80000000e+00 
 6.44750000e-09  0.00000000e+00  6.44750000e-09  1.80000000e+00  6.44750000e-09  0.00000000e+00  6.44750000e-09  1.80000000e+00 
 6.45250000e-09  0.00000000e+00  6.45250000e-09  1.80000000e+00  6.45250000e-09  0.00000000e+00  6.45250000e-09  1.80000000e+00 
 6.45750000e-09  0.00000000e+00  6.45750000e-09  1.80000000e+00  6.45750000e-09  0.00000000e+00  6.45750000e-09  1.80000000e+00 
 6.46250000e-09  0.00000000e+00  6.46250000e-09  1.80000000e+00  6.46250000e-09  0.00000000e+00  6.46250000e-09  1.80000000e+00 
 6.46750000e-09  0.00000000e+00  6.46750000e-09  1.80000000e+00  6.46750000e-09  0.00000000e+00  6.46750000e-09  1.80000000e+00 
 6.47250000e-09  0.00000000e+00  6.47250000e-09  1.80000000e+00  6.47250000e-09  0.00000000e+00  6.47250000e-09  1.80000000e+00 
 6.47750000e-09  0.00000000e+00  6.47750000e-09  1.80000000e+00  6.47750000e-09  0.00000000e+00  6.47750000e-09  1.80000000e+00 
 6.48250000e-09  0.00000000e+00  6.48250000e-09  1.80000000e+00  6.48250000e-09  0.00000000e+00  6.48250000e-09  1.80000000e+00 
 6.48750000e-09  0.00000000e+00  6.48750000e-09  1.80000000e+00  6.48750000e-09  0.00000000e+00  6.48750000e-09  1.80000000e+00 
 6.49250000e-09  0.00000000e+00  6.49250000e-09  1.80000000e+00  6.49250000e-09  0.00000000e+00  6.49250000e-09  1.80000000e+00 
 6.49750000e-09  0.00000000e+00  6.49750000e-09  1.80000000e+00  6.49750000e-09  0.00000000e+00  6.49750000e-09  1.80000000e+00 
 6.50250000e-09  0.00000000e+00  6.50250000e-09  1.80000000e+00  6.50250000e-09  0.00000000e+00  6.50250000e-09  1.80000000e+00 
 6.50750000e-09  0.00000000e+00  6.50750000e-09  1.80000000e+00  6.50750000e-09  0.00000000e+00  6.50750000e-09  1.80000000e+00 
 6.51250000e-09  0.00000000e+00  6.51250000e-09  1.80000000e+00  6.51250000e-09  0.00000000e+00  6.51250000e-09  1.80000000e+00 
 6.51750000e-09  0.00000000e+00  6.51750000e-09  1.80000000e+00  6.51750000e-09  0.00000000e+00  6.51750000e-09  1.80000000e+00 
 6.52250000e-09  0.00000000e+00  6.52250000e-09  1.80000000e+00  6.52250000e-09  0.00000000e+00  6.52250000e-09  1.80000000e+00 
 6.52750000e-09  0.00000000e+00  6.52750000e-09  1.80000000e+00  6.52750000e-09  0.00000000e+00  6.52750000e-09  1.80000000e+00 
 6.53250000e-09  0.00000000e+00  6.53250000e-09  1.80000000e+00  6.53250000e-09  0.00000000e+00  6.53250000e-09  1.80000000e+00 
 6.53750000e-09  0.00000000e+00  6.53750000e-09  1.80000000e+00  6.53750000e-09  0.00000000e+00  6.53750000e-09  1.80000000e+00 
 6.54250000e-09  0.00000000e+00  6.54250000e-09  1.80000000e+00  6.54250000e-09  0.00000000e+00  6.54250000e-09  1.80000000e+00 
 6.54750000e-09  0.00000000e+00  6.54750000e-09  1.80000000e+00  6.54750000e-09  0.00000000e+00  6.54750000e-09  1.80000000e+00 
 6.55250000e-09  0.00000000e+00  6.55250000e-09  1.80000000e+00  6.55250000e-09  0.00000000e+00  6.55250000e-09  1.80000000e+00 
 6.55750000e-09  0.00000000e+00  6.55750000e-09  1.80000000e+00  6.55750000e-09  0.00000000e+00  6.55750000e-09  1.80000000e+00 
 6.56250000e-09  0.00000000e+00  6.56250000e-09  1.80000000e+00  6.56250000e-09  0.00000000e+00  6.56250000e-09  1.80000000e+00 
 6.56750000e-09  0.00000000e+00  6.56750000e-09  1.80000000e+00  6.56750000e-09  0.00000000e+00  6.56750000e-09  1.80000000e+00 
 6.57250000e-09  0.00000000e+00  6.57250000e-09  1.80000000e+00  6.57250000e-09  0.00000000e+00  6.57250000e-09  1.80000000e+00 
 6.57750000e-09  0.00000000e+00  6.57750000e-09  1.80000000e+00  6.57750000e-09  0.00000000e+00  6.57750000e-09  1.80000000e+00 
 6.58250000e-09  0.00000000e+00  6.58250000e-09  1.80000000e+00  6.58250000e-09  0.00000000e+00  6.58250000e-09  1.80000000e+00 
 6.58750000e-09  0.00000000e+00  6.58750000e-09  1.80000000e+00  6.58750000e-09  0.00000000e+00  6.58750000e-09  1.80000000e+00 
 6.59250000e-09  0.00000000e+00  6.59250000e-09  1.80000000e+00  6.59250000e-09  0.00000000e+00  6.59250000e-09  1.80000000e+00 
 6.59750000e-09  0.00000000e+00  6.59750000e-09  1.80000000e+00  6.59750000e-09  0.00000000e+00  6.59750000e-09  1.80000000e+00 
 6.60250000e-09  0.00000000e+00  6.60250000e-09  1.80000000e+00  6.60250000e-09  0.00000000e+00  6.60250000e-09  1.80000000e+00 
 6.60750000e-09  0.00000000e+00  6.60750000e-09  1.80000000e+00  6.60750000e-09  0.00000000e+00  6.60750000e-09  1.80000000e+00 
 6.61250000e-09  0.00000000e+00  6.61250000e-09  1.80000000e+00  6.61250000e-09  0.00000000e+00  6.61250000e-09  1.80000000e+00 
 6.61750000e-09  0.00000000e+00  6.61750000e-09  1.80000000e+00  6.61750000e-09  0.00000000e+00  6.61750000e-09  1.80000000e+00 
 6.62250000e-09  0.00000000e+00  6.62250000e-09  1.80000000e+00  6.62250000e-09  0.00000000e+00  6.62250000e-09  1.80000000e+00 
 6.62750000e-09  0.00000000e+00  6.62750000e-09  1.80000000e+00  6.62750000e-09  0.00000000e+00  6.62750000e-09  1.80000000e+00 
 6.63250000e-09  0.00000000e+00  6.63250000e-09  1.80000000e+00  6.63250000e-09  0.00000000e+00  6.63250000e-09  1.80000000e+00 
 6.63750000e-09  0.00000000e+00  6.63750000e-09  1.80000000e+00  6.63750000e-09  0.00000000e+00  6.63750000e-09  1.80000000e+00 
 6.64250000e-09  0.00000000e+00  6.64250000e-09  1.80000000e+00  6.64250000e-09  0.00000000e+00  6.64250000e-09  1.80000000e+00 
 6.64750000e-09  0.00000000e+00  6.64750000e-09  1.80000000e+00  6.64750000e-09  0.00000000e+00  6.64750000e-09  1.80000000e+00 
 6.65250000e-09  0.00000000e+00  6.65250000e-09  1.80000000e+00  6.65250000e-09  0.00000000e+00  6.65250000e-09  1.80000000e+00 
 6.65750000e-09  0.00000000e+00  6.65750000e-09  1.80000000e+00  6.65750000e-09  0.00000000e+00  6.65750000e-09  1.80000000e+00 
 6.66250000e-09  0.00000000e+00  6.66250000e-09  1.80000000e+00  6.66250000e-09  0.00000000e+00  6.66250000e-09  1.80000000e+00 
 6.66750000e-09  0.00000000e+00  6.66750000e-09  1.80000000e+00  6.66750000e-09  0.00000000e+00  6.66750000e-09  1.80000000e+00 
 6.67250000e-09  0.00000000e+00  6.67250000e-09  1.80000000e+00  6.67250000e-09  0.00000000e+00  6.67250000e-09  1.80000000e+00 
 6.67750000e-09  0.00000000e+00  6.67750000e-09  1.80000000e+00  6.67750000e-09  0.00000000e+00  6.67750000e-09  1.80000000e+00 
 6.68250000e-09  0.00000000e+00  6.68250000e-09  1.80000000e+00  6.68250000e-09  0.00000000e+00  6.68250000e-09  1.80000000e+00 
 6.68750000e-09  0.00000000e+00  6.68750000e-09  1.80000000e+00  6.68750000e-09  0.00000000e+00  6.68750000e-09  1.80000000e+00 
 6.69250000e-09  0.00000000e+00  6.69250000e-09  1.80000000e+00  6.69250000e-09  0.00000000e+00  6.69250000e-09  1.80000000e+00 
 6.69750000e-09  0.00000000e+00  6.69750000e-09  1.80000000e+00  6.69750000e-09  0.00000000e+00  6.69750000e-09  1.80000000e+00 
 6.70250000e-09  0.00000000e+00  6.70250000e-09  1.80000000e+00  6.70250000e-09  0.00000000e+00  6.70250000e-09  1.80000000e+00 
 6.70750000e-09  0.00000000e+00  6.70750000e-09  1.80000000e+00  6.70750000e-09  0.00000000e+00  6.70750000e-09  1.80000000e+00 
 6.71250000e-09  0.00000000e+00  6.71250000e-09  1.80000000e+00  6.71250000e-09  0.00000000e+00  6.71250000e-09  1.80000000e+00 
 6.71750000e-09  0.00000000e+00  6.71750000e-09  1.80000000e+00  6.71750000e-09  0.00000000e+00  6.71750000e-09  1.80000000e+00 
 6.72250000e-09  0.00000000e+00  6.72250000e-09  1.80000000e+00  6.72250000e-09  0.00000000e+00  6.72250000e-09  1.80000000e+00 
 6.72750000e-09  0.00000000e+00  6.72750000e-09  1.80000000e+00  6.72750000e-09  0.00000000e+00  6.72750000e-09  1.80000000e+00 
 6.73250000e-09  0.00000000e+00  6.73250000e-09  1.80000000e+00  6.73250000e-09  0.00000000e+00  6.73250000e-09  1.80000000e+00 
 6.73750000e-09  0.00000000e+00  6.73750000e-09  1.80000000e+00  6.73750000e-09  0.00000000e+00  6.73750000e-09  1.80000000e+00 
 6.74250000e-09  0.00000000e+00  6.74250000e-09  1.80000000e+00  6.74250000e-09  0.00000000e+00  6.74250000e-09  1.80000000e+00 
 6.74750000e-09  0.00000000e+00  6.74750000e-09  1.80000000e+00  6.74750000e-09  0.00000000e+00  6.74750000e-09  1.80000000e+00 
 6.75250000e-09  0.00000000e+00  6.75250000e-09  1.80000000e+00  6.75250000e-09  0.00000000e+00  6.75250000e-09  1.80000000e+00 
 6.75750000e-09  0.00000000e+00  6.75750000e-09  1.80000000e+00  6.75750000e-09  0.00000000e+00  6.75750000e-09  1.80000000e+00 
 6.76250000e-09  0.00000000e+00  6.76250000e-09  1.80000000e+00  6.76250000e-09  0.00000000e+00  6.76250000e-09  1.80000000e+00 
 6.76750000e-09  0.00000000e+00  6.76750000e-09  1.80000000e+00  6.76750000e-09  0.00000000e+00  6.76750000e-09  1.80000000e+00 
 6.77250000e-09  0.00000000e+00  6.77250000e-09  1.80000000e+00  6.77250000e-09  0.00000000e+00  6.77250000e-09  1.80000000e+00 
 6.77750000e-09  0.00000000e+00  6.77750000e-09  1.80000000e+00  6.77750000e-09  0.00000000e+00  6.77750000e-09  1.80000000e+00 
 6.78250000e-09  0.00000000e+00  6.78250000e-09  1.80000000e+00  6.78250000e-09  0.00000000e+00  6.78250000e-09  1.80000000e+00 
 6.78750000e-09  0.00000000e+00  6.78750000e-09  1.80000000e+00  6.78750000e-09  0.00000000e+00  6.78750000e-09  1.80000000e+00 
 6.79250000e-09  0.00000000e+00  6.79250000e-09  1.80000000e+00  6.79250000e-09  0.00000000e+00  6.79250000e-09  1.80000000e+00 
 6.79750000e-09  0.00000000e+00  6.79750000e-09  1.80000000e+00  6.79750000e-09  0.00000000e+00  6.79750000e-09  1.80000000e+00 
 6.80250000e-09  0.00000000e+00  6.80250000e-09  1.80000000e+00  6.80250000e-09  0.00000000e+00  6.80250000e-09  1.80000000e+00 
 6.80750000e-09  0.00000000e+00  6.80750000e-09  1.80000000e+00  6.80750000e-09  0.00000000e+00  6.80750000e-09  1.80000000e+00 
 6.81250000e-09  0.00000000e+00  6.81250000e-09  1.80000000e+00  6.81250000e-09  0.00000000e+00  6.81250000e-09  1.80000000e+00 
 6.81750000e-09  0.00000000e+00  6.81750000e-09  1.80000000e+00  6.81750000e-09  0.00000000e+00  6.81750000e-09  1.80000000e+00 
 6.82250000e-09  0.00000000e+00  6.82250000e-09  1.80000000e+00  6.82250000e-09  0.00000000e+00  6.82250000e-09  1.80000000e+00 
 6.82750000e-09  0.00000000e+00  6.82750000e-09  1.80000000e+00  6.82750000e-09  0.00000000e+00  6.82750000e-09  1.80000000e+00 
 6.83250000e-09  0.00000000e+00  6.83250000e-09  1.80000000e+00  6.83250000e-09  0.00000000e+00  6.83250000e-09  1.80000000e+00 
 6.83750000e-09  0.00000000e+00  6.83750000e-09  1.80000000e+00  6.83750000e-09  0.00000000e+00  6.83750000e-09  1.80000000e+00 
 6.84250000e-09  0.00000000e+00  6.84250000e-09  1.80000000e+00  6.84250000e-09  0.00000000e+00  6.84250000e-09  1.80000000e+00 
 6.84750000e-09  0.00000000e+00  6.84750000e-09  1.80000000e+00  6.84750000e-09  0.00000000e+00  6.84750000e-09  1.80000000e+00 
 6.85250000e-09  0.00000000e+00  6.85250000e-09  1.80000000e+00  6.85250000e-09  0.00000000e+00  6.85250000e-09  1.80000000e+00 
 6.85750000e-09  0.00000000e+00  6.85750000e-09  1.80000000e+00  6.85750000e-09  0.00000000e+00  6.85750000e-09  1.80000000e+00 
 6.86250000e-09  0.00000000e+00  6.86250000e-09  1.80000000e+00  6.86250000e-09  0.00000000e+00  6.86250000e-09  1.80000000e+00 
 6.86750000e-09  0.00000000e+00  6.86750000e-09  1.80000000e+00  6.86750000e-09  0.00000000e+00  6.86750000e-09  1.80000000e+00 
 6.87250000e-09  0.00000000e+00  6.87250000e-09  1.80000000e+00  6.87250000e-09  0.00000000e+00  6.87250000e-09  1.80000000e+00 
 6.87750000e-09  0.00000000e+00  6.87750000e-09  1.80000000e+00  6.87750000e-09  0.00000000e+00  6.87750000e-09  1.80000000e+00 
 6.88250000e-09  0.00000000e+00  6.88250000e-09  1.80000000e+00  6.88250000e-09  0.00000000e+00  6.88250000e-09  1.80000000e+00 
 6.88750000e-09  0.00000000e+00  6.88750000e-09  1.80000000e+00  6.88750000e-09  0.00000000e+00  6.88750000e-09  1.80000000e+00 
 6.89250000e-09  0.00000000e+00  6.89250000e-09  1.80000000e+00  6.89250000e-09  0.00000000e+00  6.89250000e-09  1.80000000e+00 
 6.89750000e-09  0.00000000e+00  6.89750000e-09  1.80000000e+00  6.89750000e-09  0.00000000e+00  6.89750000e-09  1.80000000e+00 
 6.90250000e-09  0.00000000e+00  6.90250000e-09  1.80000000e+00  6.90250000e-09  0.00000000e+00  6.90250000e-09  1.80000000e+00 
 6.90750000e-09  0.00000000e+00  6.90750000e-09  1.80000000e+00  6.90750000e-09  0.00000000e+00  6.90750000e-09  1.80000000e+00 
 6.91250000e-09  0.00000000e+00  6.91250000e-09  1.80000000e+00  6.91250000e-09  0.00000000e+00  6.91250000e-09  1.80000000e+00 
 6.91750000e-09  0.00000000e+00  6.91750000e-09  1.80000000e+00  6.91750000e-09  0.00000000e+00  6.91750000e-09  1.80000000e+00 
 6.92250000e-09  0.00000000e+00  6.92250000e-09  1.80000000e+00  6.92250000e-09  0.00000000e+00  6.92250000e-09  1.80000000e+00 
 6.92750000e-09  0.00000000e+00  6.92750000e-09  1.80000000e+00  6.92750000e-09  0.00000000e+00  6.92750000e-09  1.80000000e+00 
 6.93250000e-09  0.00000000e+00  6.93250000e-09  1.80000000e+00  6.93250000e-09  0.00000000e+00  6.93250000e-09  1.80000000e+00 
 6.93750000e-09  0.00000000e+00  6.93750000e-09  1.80000000e+00  6.93750000e-09  0.00000000e+00  6.93750000e-09  1.80000000e+00 
 6.94250000e-09  0.00000000e+00  6.94250000e-09  1.80000000e+00  6.94250000e-09  0.00000000e+00  6.94250000e-09  1.80000000e+00 
 6.94750000e-09  0.00000000e+00  6.94750000e-09  1.80000000e+00  6.94750000e-09  0.00000000e+00  6.94750000e-09  1.80000000e+00 
 6.95250000e-09  0.00000000e+00  6.95250000e-09  1.80000000e+00  6.95250000e-09  0.00000000e+00  6.95250000e-09  1.80000000e+00 
 6.95750000e-09  0.00000000e+00  6.95750000e-09  1.80000000e+00  6.95750000e-09  0.00000000e+00  6.95750000e-09  1.80000000e+00 
 6.96250000e-09  0.00000000e+00  6.96250000e-09  1.80000000e+00  6.96250000e-09  0.00000000e+00  6.96250000e-09  1.80000000e+00 
 6.96750000e-09  0.00000000e+00  6.96750000e-09  1.80000000e+00  6.96750000e-09  0.00000000e+00  6.96750000e-09  1.80000000e+00 
 6.97250000e-09  0.00000000e+00  6.97250000e-09  1.80000000e+00  6.97250000e-09  0.00000000e+00  6.97250000e-09  1.80000000e+00 
 6.97750000e-09  0.00000000e+00  6.97750000e-09  1.80000000e+00  6.97750000e-09  0.00000000e+00  6.97750000e-09  1.80000000e+00 
 6.98250000e-09  0.00000000e+00  6.98250000e-09  1.80000000e+00  6.98250000e-09  0.00000000e+00  6.98250000e-09  1.80000000e+00 
 6.98750000e-09  0.00000000e+00  6.98750000e-09  1.80000000e+00  6.98750000e-09  0.00000000e+00  6.98750000e-09  1.80000000e+00 
 6.99250000e-09  0.00000000e+00  6.99250000e-09  1.80000000e+00  6.99250000e-09  0.00000000e+00  6.99250000e-09  1.80000000e+00 
 6.99750000e-09  0.00000000e+00  6.99750000e-09  1.80000000e+00  6.99750000e-09  0.00000000e+00  6.99750000e-09  1.80000000e+00 
 7.00250000e-09  0.00000000e+00  7.00250000e-09  1.80000000e+00  7.00250000e-09  0.00000000e+00  7.00250000e-09  1.80000000e+00 
 7.00750000e-09  0.00000000e+00  7.00750000e-09  1.80000000e+00  7.00750000e-09  0.00000000e+00  7.00750000e-09  1.80000000e+00 
 7.01250000e-09  0.00000000e+00  7.01250000e-09  1.80000000e+00  7.01250000e-09  0.00000000e+00  7.01250000e-09  1.80000000e+00 
 7.01750000e-09  0.00000000e+00  7.01750000e-09  1.80000000e+00  7.01750000e-09  0.00000000e+00  7.01750000e-09  1.80000000e+00 
 7.02250000e-09  0.00000000e+00  7.02250000e-09  1.80000000e+00  7.02250000e-09  0.00000000e+00  7.02250000e-09  1.80000000e+00 
 7.02750000e-09  0.00000000e+00  7.02750000e-09  1.80000000e+00  7.02750000e-09  0.00000000e+00  7.02750000e-09  1.80000000e+00 
 7.03250000e-09  0.00000000e+00  7.03250000e-09  1.80000000e+00  7.03250000e-09  0.00000000e+00  7.03250000e-09  1.80000000e+00 
 7.03750000e-09  0.00000000e+00  7.03750000e-09  1.80000000e+00  7.03750000e-09  0.00000000e+00  7.03750000e-09  1.80000000e+00 
 7.04250000e-09  0.00000000e+00  7.04250000e-09  1.80000000e+00  7.04250000e-09  0.00000000e+00  7.04250000e-09  1.80000000e+00 
 7.04750000e-09  0.00000000e+00  7.04750000e-09  1.80000000e+00  7.04750000e-09  0.00000000e+00  7.04750000e-09  1.80000000e+00 
 7.05250000e-09  0.00000000e+00  7.05250000e-09  1.80000000e+00  7.05250000e-09  0.00000000e+00  7.05250000e-09  1.80000000e+00 
 7.05750000e-09  0.00000000e+00  7.05750000e-09  1.80000000e+00  7.05750000e-09  0.00000000e+00  7.05750000e-09  1.80000000e+00 
 7.06250000e-09  0.00000000e+00  7.06250000e-09  1.80000000e+00  7.06250000e-09  0.00000000e+00  7.06250000e-09  1.80000000e+00 
 7.06750000e-09  0.00000000e+00  7.06750000e-09  1.80000000e+00  7.06750000e-09  0.00000000e+00  7.06750000e-09  1.80000000e+00 
 7.07250000e-09  0.00000000e+00  7.07250000e-09  1.80000000e+00  7.07250000e-09  0.00000000e+00  7.07250000e-09  1.80000000e+00 
 7.07750000e-09  0.00000000e+00  7.07750000e-09  1.80000000e+00  7.07750000e-09  0.00000000e+00  7.07750000e-09  1.80000000e+00 
 7.08250000e-09  0.00000000e+00  7.08250000e-09  1.80000000e+00  7.08250000e-09  0.00000000e+00  7.08250000e-09  1.80000000e+00 
 7.08750000e-09  0.00000000e+00  7.08750000e-09  1.80000000e+00  7.08750000e-09  0.00000000e+00  7.08750000e-09  1.80000000e+00 
 7.09250000e-09  0.00000000e+00  7.09250000e-09  1.80000000e+00  7.09250000e-09  0.00000000e+00  7.09250000e-09  1.80000000e+00 
 7.09750000e-09  0.00000000e+00  7.09750000e-09  1.80000000e+00  7.09750000e-09  0.00000000e+00  7.09750000e-09  1.80000000e+00 
 7.10250000e-09  0.00000000e+00  7.10250000e-09  1.80000000e+00  7.10250000e-09  0.00000000e+00  7.10250000e-09  1.80000000e+00 
 7.10750000e-09  0.00000000e+00  7.10750000e-09  1.80000000e+00  7.10750000e-09  0.00000000e+00  7.10750000e-09  1.80000000e+00 
 7.11250000e-09  0.00000000e+00  7.11250000e-09  1.80000000e+00  7.11250000e-09  0.00000000e+00  7.11250000e-09  1.80000000e+00 
 7.11750000e-09  0.00000000e+00  7.11750000e-09  1.80000000e+00  7.11750000e-09  0.00000000e+00  7.11750000e-09  1.80000000e+00 
 7.12250000e-09  0.00000000e+00  7.12250000e-09  1.80000000e+00  7.12250000e-09  0.00000000e+00  7.12250000e-09  1.80000000e+00 
 7.12750000e-09  0.00000000e+00  7.12750000e-09  1.80000000e+00  7.12750000e-09  0.00000000e+00  7.12750000e-09  1.80000000e+00 
 7.13250000e-09  0.00000000e+00  7.13250000e-09  1.80000000e+00  7.13250000e-09  0.00000000e+00  7.13250000e-09  1.80000000e+00 
 7.13750000e-09  0.00000000e+00  7.13750000e-09  1.80000000e+00  7.13750000e-09  0.00000000e+00  7.13750000e-09  1.80000000e+00 
 7.14250000e-09  0.00000000e+00  7.14250000e-09  1.80000000e+00  7.14250000e-09  0.00000000e+00  7.14250000e-09  1.80000000e+00 
 7.14750000e-09  0.00000000e+00  7.14750000e-09  1.80000000e+00  7.14750000e-09  0.00000000e+00  7.14750000e-09  1.80000000e+00 
 7.15250000e-09  0.00000000e+00  7.15250000e-09  1.80000000e+00  7.15250000e-09  0.00000000e+00  7.15250000e-09  1.80000000e+00 
 7.15750000e-09  0.00000000e+00  7.15750000e-09  1.80000000e+00  7.15750000e-09  0.00000000e+00  7.15750000e-09  1.80000000e+00 
 7.16250000e-09  0.00000000e+00  7.16250000e-09  1.80000000e+00  7.16250000e-09  0.00000000e+00  7.16250000e-09  1.80000000e+00 
 7.16750000e-09  0.00000000e+00  7.16750000e-09  1.80000000e+00  7.16750000e-09  0.00000000e+00  7.16750000e-09  1.80000000e+00 
 7.17250000e-09  0.00000000e+00  7.17250000e-09  1.80000000e+00  7.17250000e-09  0.00000000e+00  7.17250000e-09  1.80000000e+00 
 7.17750000e-09  0.00000000e+00  7.17750000e-09  1.80000000e+00  7.17750000e-09  0.00000000e+00  7.17750000e-09  1.80000000e+00 
 7.18250000e-09  0.00000000e+00  7.18250000e-09  1.80000000e+00  7.18250000e-09  0.00000000e+00  7.18250000e-09  1.80000000e+00 
 7.18750000e-09  0.00000000e+00  7.18750000e-09  1.80000000e+00  7.18750000e-09  0.00000000e+00  7.18750000e-09  1.80000000e+00 
 7.19250000e-09  0.00000000e+00  7.19250000e-09  1.80000000e+00  7.19250000e-09  0.00000000e+00  7.19250000e-09  1.80000000e+00 
 7.19750000e-09  0.00000000e+00  7.19750000e-09  1.80000000e+00  7.19750000e-09  0.00000000e+00  7.19750000e-09  1.80000000e+00 
 7.20250000e-09  0.00000000e+00  7.20250000e-09  1.80000000e+00  7.20250000e-09  0.00000000e+00  7.20250000e-09  1.80000000e+00 
 7.20750000e-09  0.00000000e+00  7.20750000e-09  1.80000000e+00  7.20750000e-09  0.00000000e+00  7.20750000e-09  1.80000000e+00 
 7.21250000e-09  0.00000000e+00  7.21250000e-09  1.80000000e+00  7.21250000e-09  0.00000000e+00  7.21250000e-09  1.80000000e+00 
 7.21750000e-09  0.00000000e+00  7.21750000e-09  1.80000000e+00  7.21750000e-09  0.00000000e+00  7.21750000e-09  1.80000000e+00 
 7.22250000e-09  0.00000000e+00  7.22250000e-09  1.80000000e+00  7.22250000e-09  0.00000000e+00  7.22250000e-09  1.80000000e+00 
 7.22750000e-09  0.00000000e+00  7.22750000e-09  1.80000000e+00  7.22750000e-09  0.00000000e+00  7.22750000e-09  1.80000000e+00 
 7.23250000e-09  0.00000000e+00  7.23250000e-09  1.80000000e+00  7.23250000e-09  0.00000000e+00  7.23250000e-09  1.80000000e+00 
 7.23750000e-09  0.00000000e+00  7.23750000e-09  1.80000000e+00  7.23750000e-09  0.00000000e+00  7.23750000e-09  1.80000000e+00 
 7.24250000e-09  0.00000000e+00  7.24250000e-09  1.80000000e+00  7.24250000e-09  0.00000000e+00  7.24250000e-09  1.80000000e+00 
 7.24750000e-09  0.00000000e+00  7.24750000e-09  1.80000000e+00  7.24750000e-09  0.00000000e+00  7.24750000e-09  1.80000000e+00 
 7.25250000e-09  0.00000000e+00  7.25250000e-09  1.80000000e+00  7.25250000e-09  0.00000000e+00  7.25250000e-09  1.80000000e+00 
 7.25750000e-09  0.00000000e+00  7.25750000e-09  1.80000000e+00  7.25750000e-09  0.00000000e+00  7.25750000e-09  1.80000000e+00 
 7.26250000e-09  0.00000000e+00  7.26250000e-09  1.80000000e+00  7.26250000e-09  0.00000000e+00  7.26250000e-09  1.80000000e+00 
 7.26750000e-09  0.00000000e+00  7.26750000e-09  1.80000000e+00  7.26750000e-09  0.00000000e+00  7.26750000e-09  1.80000000e+00 
 7.27250000e-09  0.00000000e+00  7.27250000e-09  1.80000000e+00  7.27250000e-09  0.00000000e+00  7.27250000e-09  1.80000000e+00 
 7.27750000e-09  0.00000000e+00  7.27750000e-09  1.80000000e+00  7.27750000e-09  0.00000000e+00  7.27750000e-09  1.80000000e+00 
 7.28250000e-09  0.00000000e+00  7.28250000e-09  1.80000000e+00  7.28250000e-09  0.00000000e+00  7.28250000e-09  1.80000000e+00 
 7.28750000e-09  0.00000000e+00  7.28750000e-09  1.80000000e+00  7.28750000e-09  0.00000000e+00  7.28750000e-09  1.80000000e+00 
 7.29250000e-09  0.00000000e+00  7.29250000e-09  1.80000000e+00  7.29250000e-09  0.00000000e+00  7.29250000e-09  1.80000000e+00 
 7.29750000e-09  0.00000000e+00  7.29750000e-09  1.80000000e+00  7.29750000e-09  0.00000000e+00  7.29750000e-09  1.80000000e+00 
 7.30250000e-09  0.00000000e+00  7.30250000e-09  1.80000000e+00  7.30250000e-09  0.00000000e+00  7.30250000e-09  1.80000000e+00 
 7.30750000e-09  0.00000000e+00  7.30750000e-09  1.80000000e+00  7.30750000e-09  0.00000000e+00  7.30750000e-09  1.80000000e+00 
 7.31250000e-09  0.00000000e+00  7.31250000e-09  1.80000000e+00  7.31250000e-09  0.00000000e+00  7.31250000e-09  1.80000000e+00 
 7.31750000e-09  0.00000000e+00  7.31750000e-09  1.80000000e+00  7.31750000e-09  0.00000000e+00  7.31750000e-09  1.80000000e+00 
 7.32250000e-09  0.00000000e+00  7.32250000e-09  1.80000000e+00  7.32250000e-09  0.00000000e+00  7.32250000e-09  1.80000000e+00 
 7.32750000e-09  0.00000000e+00  7.32750000e-09  1.80000000e+00  7.32750000e-09  0.00000000e+00  7.32750000e-09  1.80000000e+00 
 7.33250000e-09  0.00000000e+00  7.33250000e-09  1.80000000e+00  7.33250000e-09  0.00000000e+00  7.33250000e-09  1.80000000e+00 
 7.33750000e-09  0.00000000e+00  7.33750000e-09  1.80000000e+00  7.33750000e-09  0.00000000e+00  7.33750000e-09  1.80000000e+00 
 7.34250000e-09  0.00000000e+00  7.34250000e-09  1.80000000e+00  7.34250000e-09  0.00000000e+00  7.34250000e-09  1.80000000e+00 
 7.34750000e-09  0.00000000e+00  7.34750000e-09  1.80000000e+00  7.34750000e-09  0.00000000e+00  7.34750000e-09  1.80000000e+00 
 7.35250000e-09  0.00000000e+00  7.35250000e-09  1.80000000e+00  7.35250000e-09  0.00000000e+00  7.35250000e-09  1.80000000e+00 
 7.35750000e-09  0.00000000e+00  7.35750000e-09  1.80000000e+00  7.35750000e-09  0.00000000e+00  7.35750000e-09  1.80000000e+00 
 7.36250000e-09  0.00000000e+00  7.36250000e-09  1.80000000e+00  7.36250000e-09  0.00000000e+00  7.36250000e-09  1.80000000e+00 
 7.36750000e-09  0.00000000e+00  7.36750000e-09  1.80000000e+00  7.36750000e-09  0.00000000e+00  7.36750000e-09  1.80000000e+00 
 7.37250000e-09  0.00000000e+00  7.37250000e-09  1.80000000e+00  7.37250000e-09  0.00000000e+00  7.37250000e-09  1.80000000e+00 
 7.37750000e-09  0.00000000e+00  7.37750000e-09  1.80000000e+00  7.37750000e-09  0.00000000e+00  7.37750000e-09  1.80000000e+00 
 7.38250000e-09  0.00000000e+00  7.38250000e-09  1.80000000e+00  7.38250000e-09  0.00000000e+00  7.38250000e-09  1.80000000e+00 
 7.38750000e-09  0.00000000e+00  7.38750000e-09  1.80000000e+00  7.38750000e-09  0.00000000e+00  7.38750000e-09  1.80000000e+00 
 7.39250000e-09  0.00000000e+00  7.39250000e-09  1.80000000e+00  7.39250000e-09  0.00000000e+00  7.39250000e-09  1.80000000e+00 
 7.39750000e-09  0.00000000e+00  7.39750000e-09  1.80000000e+00  7.39750000e-09  0.00000000e+00  7.39750000e-09  1.80000000e+00 
 7.40250000e-09  0.00000000e+00  7.40250000e-09  1.80000000e+00  7.40250000e-09  0.00000000e+00  7.40250000e-09  1.80000000e+00 
 7.40750000e-09  0.00000000e+00  7.40750000e-09  1.80000000e+00  7.40750000e-09  0.00000000e+00  7.40750000e-09  1.80000000e+00 
 7.41250000e-09  0.00000000e+00  7.41250000e-09  1.80000000e+00  7.41250000e-09  0.00000000e+00  7.41250000e-09  1.80000000e+00 
 7.41750000e-09  0.00000000e+00  7.41750000e-09  1.80000000e+00  7.41750000e-09  0.00000000e+00  7.41750000e-09  1.80000000e+00 
 7.42250000e-09  0.00000000e+00  7.42250000e-09  1.80000000e+00  7.42250000e-09  0.00000000e+00  7.42250000e-09  1.80000000e+00 
 7.42750000e-09  0.00000000e+00  7.42750000e-09  1.80000000e+00  7.42750000e-09  0.00000000e+00  7.42750000e-09  1.80000000e+00 
 7.43250000e-09  0.00000000e+00  7.43250000e-09  1.80000000e+00  7.43250000e-09  0.00000000e+00  7.43250000e-09  1.80000000e+00 
 7.43750000e-09  0.00000000e+00  7.43750000e-09  1.80000000e+00  7.43750000e-09  0.00000000e+00  7.43750000e-09  1.80000000e+00 
 7.44250000e-09  0.00000000e+00  7.44250000e-09  1.80000000e+00  7.44250000e-09  0.00000000e+00  7.44250000e-09  1.80000000e+00 
 7.44750000e-09  0.00000000e+00  7.44750000e-09  1.80000000e+00  7.44750000e-09  0.00000000e+00  7.44750000e-09  1.80000000e+00 
 7.45250000e-09  0.00000000e+00  7.45250000e-09  1.80000000e+00  7.45250000e-09  0.00000000e+00  7.45250000e-09  1.80000000e+00 
 7.45750000e-09  0.00000000e+00  7.45750000e-09  1.80000000e+00  7.45750000e-09  0.00000000e+00  7.45750000e-09  1.80000000e+00 
 7.46250000e-09  0.00000000e+00  7.46250000e-09  1.80000000e+00  7.46250000e-09  0.00000000e+00  7.46250000e-09  1.80000000e+00 
 7.46750000e-09  0.00000000e+00  7.46750000e-09  1.80000000e+00  7.46750000e-09  0.00000000e+00  7.46750000e-09  1.80000000e+00 
 7.47250000e-09  0.00000000e+00  7.47250000e-09  1.80000000e+00  7.47250000e-09  0.00000000e+00  7.47250000e-09  1.80000000e+00 
 7.47750000e-09  0.00000000e+00  7.47750000e-09  1.80000000e+00  7.47750000e-09  0.00000000e+00  7.47750000e-09  1.80000000e+00 
 7.48250000e-09  0.00000000e+00  7.48250000e-09  1.80000000e+00  7.48250000e-09  0.00000000e+00  7.48250000e-09  1.80000000e+00 
 7.48750000e-09  0.00000000e+00  7.48750000e-09  1.80000000e+00  7.48750000e-09  0.00000000e+00  7.48750000e-09  1.80000000e+00 
 7.49250000e-09  0.00000000e+00  7.49250000e-09  1.80000000e+00  7.49250000e-09  0.00000000e+00  7.49250000e-09  1.80000000e+00 
 7.49750000e-09  0.00000000e+00  7.49750000e-09  1.80000000e+00  7.49750000e-09  0.00000000e+00  7.49750000e-09  1.80000000e+00 
 7.50250000e-09  0.00000000e+00  7.50250000e-09  1.80000000e+00  7.50250000e-09  0.00000000e+00  7.50250000e-09  1.80000000e+00 
 7.50750000e-09  0.00000000e+00  7.50750000e-09  1.80000000e+00  7.50750000e-09  0.00000000e+00  7.50750000e-09  1.80000000e+00 
 7.51250000e-09  0.00000000e+00  7.51250000e-09  1.80000000e+00  7.51250000e-09  0.00000000e+00  7.51250000e-09  1.80000000e+00 
 7.51750000e-09  0.00000000e+00  7.51750000e-09  1.80000000e+00  7.51750000e-09  0.00000000e+00  7.51750000e-09  1.80000000e+00 
 7.52250000e-09  0.00000000e+00  7.52250000e-09  1.80000000e+00  7.52250000e-09  0.00000000e+00  7.52250000e-09  1.80000000e+00 
 7.52750000e-09  0.00000000e+00  7.52750000e-09  1.80000000e+00  7.52750000e-09  0.00000000e+00  7.52750000e-09  1.80000000e+00 
 7.53250000e-09  0.00000000e+00  7.53250000e-09  1.80000000e+00  7.53250000e-09  0.00000000e+00  7.53250000e-09  1.80000000e+00 
 7.53750000e-09  0.00000000e+00  7.53750000e-09  1.80000000e+00  7.53750000e-09  0.00000000e+00  7.53750000e-09  1.80000000e+00 
 7.54250000e-09  0.00000000e+00  7.54250000e-09  1.80000000e+00  7.54250000e-09  0.00000000e+00  7.54250000e-09  1.80000000e+00 
 7.54750000e-09  0.00000000e+00  7.54750000e-09  1.80000000e+00  7.54750000e-09  0.00000000e+00  7.54750000e-09  1.80000000e+00 
 7.55250000e-09  0.00000000e+00  7.55250000e-09  1.80000000e+00  7.55250000e-09  0.00000000e+00  7.55250000e-09  1.80000000e+00 
 7.55750000e-09  0.00000000e+00  7.55750000e-09  1.80000000e+00  7.55750000e-09  0.00000000e+00  7.55750000e-09  1.80000000e+00 
 7.56250000e-09  0.00000000e+00  7.56250000e-09  1.80000000e+00  7.56250000e-09  0.00000000e+00  7.56250000e-09  1.80000000e+00 
 7.56750000e-09  0.00000000e+00  7.56750000e-09  1.80000000e+00  7.56750000e-09  0.00000000e+00  7.56750000e-09  1.80000000e+00 
 7.57250000e-09  0.00000000e+00  7.57250000e-09  1.80000000e+00  7.57250000e-09  0.00000000e+00  7.57250000e-09  1.80000000e+00 
 7.57750000e-09  0.00000000e+00  7.57750000e-09  1.80000000e+00  7.57750000e-09  0.00000000e+00  7.57750000e-09  1.80000000e+00 
 7.58250000e-09  0.00000000e+00  7.58250000e-09  1.80000000e+00  7.58250000e-09  0.00000000e+00  7.58250000e-09  1.80000000e+00 
 7.58750000e-09  0.00000000e+00  7.58750000e-09  1.80000000e+00  7.58750000e-09  0.00000000e+00  7.58750000e-09  1.80000000e+00 
 7.59250000e-09  0.00000000e+00  7.59250000e-09  1.80000000e+00  7.59250000e-09  0.00000000e+00  7.59250000e-09  1.80000000e+00 
 7.59750000e-09  0.00000000e+00  7.59750000e-09  1.80000000e+00  7.59750000e-09  0.00000000e+00  7.59750000e-09  1.80000000e+00 
 7.60250000e-09  0.00000000e+00  7.60250000e-09  1.80000000e+00  7.60250000e-09  0.00000000e+00  7.60250000e-09  1.80000000e+00 
 7.60750000e-09  0.00000000e+00  7.60750000e-09  1.80000000e+00  7.60750000e-09  0.00000000e+00  7.60750000e-09  1.80000000e+00 
 7.61250000e-09  0.00000000e+00  7.61250000e-09  1.80000000e+00  7.61250000e-09  0.00000000e+00  7.61250000e-09  1.80000000e+00 
 7.61750000e-09  0.00000000e+00  7.61750000e-09  1.80000000e+00  7.61750000e-09  0.00000000e+00  7.61750000e-09  1.80000000e+00 
 7.62250000e-09  0.00000000e+00  7.62250000e-09  1.80000000e+00  7.62250000e-09  0.00000000e+00  7.62250000e-09  1.80000000e+00 
 7.62750000e-09  0.00000000e+00  7.62750000e-09  1.80000000e+00  7.62750000e-09  0.00000000e+00  7.62750000e-09  1.80000000e+00 
 7.63250000e-09  0.00000000e+00  7.63250000e-09  1.80000000e+00  7.63250000e-09  0.00000000e+00  7.63250000e-09  1.80000000e+00 
 7.63750000e-09  0.00000000e+00  7.63750000e-09  1.80000000e+00  7.63750000e-09  0.00000000e+00  7.63750000e-09  1.80000000e+00 
 7.64250000e-09  0.00000000e+00  7.64250000e-09  1.80000000e+00  7.64250000e-09  0.00000000e+00  7.64250000e-09  1.80000000e+00 
 7.64750000e-09  0.00000000e+00  7.64750000e-09  1.80000000e+00  7.64750000e-09  0.00000000e+00  7.64750000e-09  1.80000000e+00 
 7.65250000e-09  0.00000000e+00  7.65250000e-09  1.80000000e+00  7.65250000e-09  0.00000000e+00  7.65250000e-09  1.80000000e+00 
 7.65750000e-09  0.00000000e+00  7.65750000e-09  1.80000000e+00  7.65750000e-09  0.00000000e+00  7.65750000e-09  1.80000000e+00 
 7.66250000e-09  0.00000000e+00  7.66250000e-09  1.80000000e+00  7.66250000e-09  0.00000000e+00  7.66250000e-09  1.80000000e+00 
 7.66750000e-09  0.00000000e+00  7.66750000e-09  1.80000000e+00  7.66750000e-09  0.00000000e+00  7.66750000e-09  1.80000000e+00 
 7.67250000e-09  0.00000000e+00  7.67250000e-09  1.80000000e+00  7.67250000e-09  0.00000000e+00  7.67250000e-09  1.80000000e+00 
 7.67750000e-09  0.00000000e+00  7.67750000e-09  1.80000000e+00  7.67750000e-09  0.00000000e+00  7.67750000e-09  1.80000000e+00 
 7.68250000e-09  0.00000000e+00  7.68250000e-09  1.80000000e+00  7.68250000e-09  0.00000000e+00  7.68250000e-09  1.80000000e+00 
 7.68750000e-09  0.00000000e+00  7.68750000e-09  1.80000000e+00  7.68750000e-09  0.00000000e+00  7.68750000e-09  1.80000000e+00 
 7.69250000e-09  0.00000000e+00  7.69250000e-09  1.80000000e+00  7.69250000e-09  0.00000000e+00  7.69250000e-09  1.80000000e+00 
 7.69750000e-09  0.00000000e+00  7.69750000e-09  1.80000000e+00  7.69750000e-09  0.00000000e+00  7.69750000e-09  1.80000000e+00 
 7.70250000e-09  0.00000000e+00  7.70250000e-09  1.80000000e+00  7.70250000e-09  0.00000000e+00  7.70250000e-09  1.80000000e+00 
 7.70750000e-09  0.00000000e+00  7.70750000e-09  1.80000000e+00  7.70750000e-09  0.00000000e+00  7.70750000e-09  1.80000000e+00 
 7.71250000e-09  0.00000000e+00  7.71250000e-09  1.80000000e+00  7.71250000e-09  0.00000000e+00  7.71250000e-09  1.80000000e+00 
 7.71750000e-09  0.00000000e+00  7.71750000e-09  1.80000000e+00  7.71750000e-09  0.00000000e+00  7.71750000e-09  1.80000000e+00 
 7.72250000e-09  0.00000000e+00  7.72250000e-09  1.80000000e+00  7.72250000e-09  0.00000000e+00  7.72250000e-09  1.80000000e+00 
 7.72750000e-09  0.00000000e+00  7.72750000e-09  1.80000000e+00  7.72750000e-09  0.00000000e+00  7.72750000e-09  1.80000000e+00 
 7.73250000e-09  0.00000000e+00  7.73250000e-09  1.80000000e+00  7.73250000e-09  0.00000000e+00  7.73250000e-09  1.80000000e+00 
 7.73750000e-09  0.00000000e+00  7.73750000e-09  1.80000000e+00  7.73750000e-09  0.00000000e+00  7.73750000e-09  1.80000000e+00 
 7.74250000e-09  0.00000000e+00  7.74250000e-09  1.80000000e+00  7.74250000e-09  0.00000000e+00  7.74250000e-09  1.80000000e+00 
 7.74750000e-09  0.00000000e+00  7.74750000e-09  1.80000000e+00  7.74750000e-09  0.00000000e+00  7.74750000e-09  1.80000000e+00 
 7.75250000e-09  0.00000000e+00  7.75250000e-09  1.80000000e+00  7.75250000e-09  0.00000000e+00  7.75250000e-09  1.80000000e+00 
 7.75750000e-09  0.00000000e+00  7.75750000e-09  1.80000000e+00  7.75750000e-09  0.00000000e+00  7.75750000e-09  1.80000000e+00 
 7.76250000e-09  0.00000000e+00  7.76250000e-09  1.80000000e+00  7.76250000e-09  0.00000000e+00  7.76250000e-09  1.80000000e+00 
 7.76750000e-09  0.00000000e+00  7.76750000e-09  1.80000000e+00  7.76750000e-09  0.00000000e+00  7.76750000e-09  1.80000000e+00 
 7.77250000e-09  0.00000000e+00  7.77250000e-09  1.80000000e+00  7.77250000e-09  0.00000000e+00  7.77250000e-09  1.80000000e+00 
 7.77750000e-09  0.00000000e+00  7.77750000e-09  1.80000000e+00  7.77750000e-09  0.00000000e+00  7.77750000e-09  1.80000000e+00 
 7.78250000e-09  0.00000000e+00  7.78250000e-09  1.80000000e+00  7.78250000e-09  0.00000000e+00  7.78250000e-09  1.80000000e+00 
 7.78750000e-09  0.00000000e+00  7.78750000e-09  1.80000000e+00  7.78750000e-09  0.00000000e+00  7.78750000e-09  1.80000000e+00 
 7.79250000e-09  0.00000000e+00  7.79250000e-09  1.80000000e+00  7.79250000e-09  0.00000000e+00  7.79250000e-09  1.80000000e+00 
 7.79750000e-09  0.00000000e+00  7.79750000e-09  1.80000000e+00  7.79750000e-09  0.00000000e+00  7.79750000e-09  1.80000000e+00 
 7.80250000e-09  0.00000000e+00  7.80250000e-09  1.80000000e+00  7.80250000e-09  0.00000000e+00  7.80250000e-09  1.80000000e+00 
 7.80750000e-09  0.00000000e+00  7.80750000e-09  1.80000000e+00  7.80750000e-09  0.00000000e+00  7.80750000e-09  1.80000000e+00 
 7.81250000e-09  0.00000000e+00  7.81250000e-09  1.80000000e+00  7.81250000e-09  0.00000000e+00  7.81250000e-09  1.80000000e+00 
 7.81750000e-09  0.00000000e+00  7.81750000e-09  1.80000000e+00  7.81750000e-09  0.00000000e+00  7.81750000e-09  1.80000000e+00 
 7.82250000e-09  0.00000000e+00  7.82250000e-09  1.80000000e+00  7.82250000e-09  0.00000000e+00  7.82250000e-09  1.80000000e+00 
 7.82750000e-09  0.00000000e+00  7.82750000e-09  1.80000000e+00  7.82750000e-09  0.00000000e+00  7.82750000e-09  1.80000000e+00 
 7.83250000e-09  0.00000000e+00  7.83250000e-09  1.80000000e+00  7.83250000e-09  0.00000000e+00  7.83250000e-09  1.80000000e+00 
 7.83750000e-09  0.00000000e+00  7.83750000e-09  1.80000000e+00  7.83750000e-09  0.00000000e+00  7.83750000e-09  1.80000000e+00 
 7.84250000e-09  0.00000000e+00  7.84250000e-09  1.80000000e+00  7.84250000e-09  0.00000000e+00  7.84250000e-09  1.80000000e+00 
 7.84750000e-09  0.00000000e+00  7.84750000e-09  1.80000000e+00  7.84750000e-09  0.00000000e+00  7.84750000e-09  1.80000000e+00 
 7.85250000e-09  0.00000000e+00  7.85250000e-09  1.80000000e+00  7.85250000e-09  0.00000000e+00  7.85250000e-09  1.80000000e+00 
 7.85750000e-09  0.00000000e+00  7.85750000e-09  1.80000000e+00  7.85750000e-09  0.00000000e+00  7.85750000e-09  1.80000000e+00 
 7.86250000e-09  0.00000000e+00  7.86250000e-09  1.80000000e+00  7.86250000e-09  0.00000000e+00  7.86250000e-09  1.80000000e+00 
 7.86750000e-09  0.00000000e+00  7.86750000e-09  1.80000000e+00  7.86750000e-09  0.00000000e+00  7.86750000e-09  1.80000000e+00 
 7.87250000e-09  0.00000000e+00  7.87250000e-09  1.80000000e+00  7.87250000e-09  0.00000000e+00  7.87250000e-09  1.80000000e+00 
 7.87750000e-09  0.00000000e+00  7.87750000e-09  1.80000000e+00  7.87750000e-09  0.00000000e+00  7.87750000e-09  1.80000000e+00 
 7.88250000e-09  0.00000000e+00  7.88250000e-09  1.80000000e+00  7.88250000e-09  0.00000000e+00  7.88250000e-09  1.80000000e+00 
 7.88750000e-09  0.00000000e+00  7.88750000e-09  1.80000000e+00  7.88750000e-09  0.00000000e+00  7.88750000e-09  1.80000000e+00 
 7.89250000e-09  0.00000000e+00  7.89250000e-09  1.80000000e+00  7.89250000e-09  0.00000000e+00  7.89250000e-09  1.80000000e+00 
 7.89750000e-09  0.00000000e+00  7.89750000e-09  1.80000000e+00  7.89750000e-09  0.00000000e+00  7.89750000e-09  1.80000000e+00 
 7.90250000e-09  0.00000000e+00  7.90250000e-09  1.80000000e+00  7.90250000e-09  0.00000000e+00  7.90250000e-09  1.80000000e+00 
 7.90750000e-09  0.00000000e+00  7.90750000e-09  1.80000000e+00  7.90750000e-09  0.00000000e+00  7.90750000e-09  1.80000000e+00 
 7.91250000e-09  0.00000000e+00  7.91250000e-09  1.80000000e+00  7.91250000e-09  0.00000000e+00  7.91250000e-09  1.80000000e+00 
 7.91750000e-09  0.00000000e+00  7.91750000e-09  1.80000000e+00  7.91750000e-09  0.00000000e+00  7.91750000e-09  1.80000000e+00 
 7.92250000e-09  0.00000000e+00  7.92250000e-09  1.80000000e+00  7.92250000e-09  0.00000000e+00  7.92250000e-09  1.80000000e+00 
 7.92750000e-09  0.00000000e+00  7.92750000e-09  1.80000000e+00  7.92750000e-09  0.00000000e+00  7.92750000e-09  1.80000000e+00 
 7.93250000e-09  0.00000000e+00  7.93250000e-09  1.80000000e+00  7.93250000e-09  0.00000000e+00  7.93250000e-09  1.80000000e+00 
 7.93750000e-09  0.00000000e+00  7.93750000e-09  1.80000000e+00  7.93750000e-09  0.00000000e+00  7.93750000e-09  1.80000000e+00 
 7.94250000e-09  0.00000000e+00  7.94250000e-09  1.80000000e+00  7.94250000e-09  0.00000000e+00  7.94250000e-09  1.80000000e+00 
 7.94750000e-09  0.00000000e+00  7.94750000e-09  1.80000000e+00  7.94750000e-09  0.00000000e+00  7.94750000e-09  1.80000000e+00 
 7.95250000e-09  0.00000000e+00  7.95250000e-09  1.80000000e+00  7.95250000e-09  0.00000000e+00  7.95250000e-09  1.80000000e+00 
 7.95750000e-09  0.00000000e+00  7.95750000e-09  1.80000000e+00  7.95750000e-09  0.00000000e+00  7.95750000e-09  1.80000000e+00 
 7.96250000e-09  0.00000000e+00  7.96250000e-09  1.80000000e+00  7.96250000e-09  0.00000000e+00  7.96250000e-09  1.80000000e+00 
 7.96750000e-09  0.00000000e+00  7.96750000e-09  1.80000000e+00  7.96750000e-09  0.00000000e+00  7.96750000e-09  1.80000000e+00 
 7.97250000e-09  0.00000000e+00  7.97250000e-09  1.80000000e+00  7.97250000e-09  0.00000000e+00  7.97250000e-09  1.80000000e+00 
 7.97750000e-09  0.00000000e+00  7.97750000e-09  1.80000000e+00  7.97750000e-09  0.00000000e+00  7.97750000e-09  1.80000000e+00 
 7.98250000e-09  0.00000000e+00  7.98250000e-09  1.80000000e+00  7.98250000e-09  0.00000000e+00  7.98250000e-09  1.80000000e+00 
 7.98750000e-09  0.00000000e+00  7.98750000e-09  1.80000000e+00  7.98750000e-09  0.00000000e+00  7.98750000e-09  1.80000000e+00 
 7.99250000e-09  0.00000000e+00  7.99250000e-09  1.80000000e+00  7.99250000e-09  0.00000000e+00  7.99250000e-09  1.80000000e+00 
 7.99750000e-09  0.00000000e+00  7.99750000e-09  1.80000000e+00  7.99750000e-09  0.00000000e+00  7.99750000e-09  1.80000000e+00 
 8.00250000e-09  0.00000000e+00  8.00250000e-09  1.80000000e+00  8.00250000e-09  0.00000000e+00  8.00250000e-09  1.80000000e+00 
 8.00750000e-09  0.00000000e+00  8.00750000e-09  1.80000000e+00  8.00750000e-09  0.00000000e+00  8.00750000e-09  1.80000000e+00 
 8.01250000e-09  0.00000000e+00  8.01250000e-09  1.80000000e+00  8.01250000e-09  0.00000000e+00  8.01250000e-09  1.80000000e+00 
 8.01750000e-09  0.00000000e+00  8.01750000e-09  1.80000000e+00  8.01750000e-09  0.00000000e+00  8.01750000e-09  1.80000000e+00 
 8.02250000e-09  0.00000000e+00  8.02250000e-09  1.80000000e+00  8.02250000e-09  0.00000000e+00  8.02250000e-09  1.80000000e+00 
 8.02750000e-09  0.00000000e+00  8.02750000e-09  1.80000000e+00  8.02750000e-09  0.00000000e+00  8.02750000e-09  1.80000000e+00 
 8.03250000e-09  0.00000000e+00  8.03250000e-09  1.80000000e+00  8.03250000e-09  0.00000000e+00  8.03250000e-09  1.80000000e+00 
 8.03750000e-09  0.00000000e+00  8.03750000e-09  1.80000000e+00  8.03750000e-09  0.00000000e+00  8.03750000e-09  1.80000000e+00 
 8.04250000e-09  0.00000000e+00  8.04250000e-09  1.80000000e+00  8.04250000e-09  0.00000000e+00  8.04250000e-09  1.80000000e+00 
 8.04750000e-09  0.00000000e+00  8.04750000e-09  1.80000000e+00  8.04750000e-09  0.00000000e+00  8.04750000e-09  1.80000000e+00 
 8.05250000e-09  0.00000000e+00  8.05250000e-09  1.80000000e+00  8.05250000e-09  0.00000000e+00  8.05250000e-09  1.80000000e+00 
 8.05750000e-09  0.00000000e+00  8.05750000e-09  1.80000000e+00  8.05750000e-09  0.00000000e+00  8.05750000e-09  1.80000000e+00 
 8.06250000e-09  0.00000000e+00  8.06250000e-09  1.80000000e+00  8.06250000e-09  0.00000000e+00  8.06250000e-09  1.80000000e+00 
 8.06750000e-09  0.00000000e+00  8.06750000e-09  1.80000000e+00  8.06750000e-09  0.00000000e+00  8.06750000e-09  1.80000000e+00 
 8.07250000e-09  0.00000000e+00  8.07250000e-09  1.80000000e+00  8.07250000e-09  0.00000000e+00  8.07250000e-09  1.80000000e+00 
 8.07750000e-09  0.00000000e+00  8.07750000e-09  1.80000000e+00  8.07750000e-09  0.00000000e+00  8.07750000e-09  1.80000000e+00 
 8.08250000e-09  0.00000000e+00  8.08250000e-09  1.80000000e+00  8.08250000e-09  0.00000000e+00  8.08250000e-09  1.80000000e+00 
 8.08750000e-09  0.00000000e+00  8.08750000e-09  1.80000000e+00  8.08750000e-09  0.00000000e+00  8.08750000e-09  1.80000000e+00 
 8.09250000e-09  0.00000000e+00  8.09250000e-09  1.80000000e+00  8.09250000e-09  0.00000000e+00  8.09250000e-09  1.80000000e+00 
 8.09750000e-09  0.00000000e+00  8.09750000e-09  1.80000000e+00  8.09750000e-09  0.00000000e+00  8.09750000e-09  1.80000000e+00 
 8.10250000e-09  0.00000000e+00  8.10250000e-09  1.80000000e+00  8.10250000e-09  0.00000000e+00  8.10250000e-09  1.80000000e+00 
 8.10750000e-09  0.00000000e+00  8.10750000e-09  1.80000000e+00  8.10750000e-09  0.00000000e+00  8.10750000e-09  1.80000000e+00 
 8.11250000e-09  0.00000000e+00  8.11250000e-09  1.80000000e+00  8.11250000e-09  0.00000000e+00  8.11250000e-09  1.80000000e+00 
 8.11750000e-09  0.00000000e+00  8.11750000e-09  1.80000000e+00  8.11750000e-09  0.00000000e+00  8.11750000e-09  1.80000000e+00 
 8.12250000e-09  0.00000000e+00  8.12250000e-09  1.80000000e+00  8.12250000e-09  0.00000000e+00  8.12250000e-09  1.80000000e+00 
 8.12750000e-09  0.00000000e+00  8.12750000e-09  1.80000000e+00  8.12750000e-09  0.00000000e+00  8.12750000e-09  1.80000000e+00 
 8.13250000e-09  0.00000000e+00  8.13250000e-09  1.80000000e+00  8.13250000e-09  0.00000000e+00  8.13250000e-09  1.80000000e+00 
 8.13750000e-09  0.00000000e+00  8.13750000e-09  1.80000000e+00  8.13750000e-09  0.00000000e+00  8.13750000e-09  1.80000000e+00 
 8.14250000e-09  0.00000000e+00  8.14250000e-09  1.80000000e+00  8.14250000e-09  0.00000000e+00  8.14250000e-09  1.80000000e+00 
 8.14750000e-09  0.00000000e+00  8.14750000e-09  1.80000000e+00  8.14750000e-09  0.00000000e+00  8.14750000e-09  1.80000000e+00 
 8.15250000e-09  0.00000000e+00  8.15250000e-09  1.80000000e+00  8.15250000e-09  0.00000000e+00  8.15250000e-09  1.80000000e+00 
 8.15750000e-09  0.00000000e+00  8.15750000e-09  1.80000000e+00  8.15750000e-09  0.00000000e+00  8.15750000e-09  1.80000000e+00 
 8.16250000e-09  0.00000000e+00  8.16250000e-09  1.80000000e+00  8.16250000e-09  0.00000000e+00  8.16250000e-09  1.80000000e+00 
 8.16750000e-09  0.00000000e+00  8.16750000e-09  1.80000000e+00  8.16750000e-09  0.00000000e+00  8.16750000e-09  1.80000000e+00 
 8.17250000e-09  0.00000000e+00  8.17250000e-09  1.80000000e+00  8.17250000e-09  0.00000000e+00  8.17250000e-09  1.80000000e+00 
 8.17750000e-09  0.00000000e+00  8.17750000e-09  1.80000000e+00  8.17750000e-09  0.00000000e+00  8.17750000e-09  1.80000000e+00 
 8.18250000e-09  0.00000000e+00  8.18250000e-09  1.80000000e+00  8.18250000e-09  0.00000000e+00  8.18250000e-09  1.80000000e+00 
 8.18750000e-09  0.00000000e+00  8.18750000e-09  1.80000000e+00  8.18750000e-09  0.00000000e+00  8.18750000e-09  1.80000000e+00 
 8.19250000e-09  0.00000000e+00  8.19250000e-09  1.80000000e+00  8.19250000e-09  0.00000000e+00  8.19250000e-09  1.80000000e+00 
 8.19750000e-09  0.00000000e+00  8.19750000e-09  1.80000000e+00  8.19750000e-09  0.00000000e+00  8.19750000e-09  1.80000000e+00 
 8.20250000e-09  0.00000000e+00  8.20250000e-09  1.80000000e+00  8.20250000e-09  0.00000000e+00  8.20250000e-09  1.80000000e+00 
 8.20750000e-09  0.00000000e+00  8.20750000e-09  1.80000000e+00  8.20750000e-09  0.00000000e+00  8.20750000e-09  1.80000000e+00 
 8.21250000e-09  0.00000000e+00  8.21250000e-09  1.80000000e+00  8.21250000e-09  0.00000000e+00  8.21250000e-09  1.80000000e+00 
 8.21750000e-09  0.00000000e+00  8.21750000e-09  1.80000000e+00  8.21750000e-09  0.00000000e+00  8.21750000e-09  1.80000000e+00 
 8.22250000e-09  0.00000000e+00  8.22250000e-09  1.80000000e+00  8.22250000e-09  0.00000000e+00  8.22250000e-09  1.80000000e+00 
 8.22750000e-09  0.00000000e+00  8.22750000e-09  1.80000000e+00  8.22750000e-09  0.00000000e+00  8.22750000e-09  1.80000000e+00 
 8.23250000e-09  0.00000000e+00  8.23250000e-09  1.80000000e+00  8.23250000e-09  0.00000000e+00  8.23250000e-09  1.80000000e+00 
 8.23750000e-09  0.00000000e+00  8.23750000e-09  1.80000000e+00  8.23750000e-09  0.00000000e+00  8.23750000e-09  1.80000000e+00 
 8.24250000e-09  0.00000000e+00  8.24250000e-09  1.80000000e+00  8.24250000e-09  0.00000000e+00  8.24250000e-09  1.80000000e+00 
 8.24750000e-09  0.00000000e+00  8.24750000e-09  1.80000000e+00  8.24750000e-09  0.00000000e+00  8.24750000e-09  1.80000000e+00 
 8.25250000e-09  0.00000000e+00  8.25250000e-09  1.80000000e+00  8.25250000e-09  0.00000000e+00  8.25250000e-09  1.80000000e+00 
 8.25750000e-09  0.00000000e+00  8.25750000e-09  1.80000000e+00  8.25750000e-09  0.00000000e+00  8.25750000e-09  1.80000000e+00 
 8.26250000e-09  0.00000000e+00  8.26250000e-09  1.80000000e+00  8.26250000e-09  0.00000000e+00  8.26250000e-09  1.80000000e+00 
 8.26750000e-09  0.00000000e+00  8.26750000e-09  1.80000000e+00  8.26750000e-09  0.00000000e+00  8.26750000e-09  1.80000000e+00 
 8.27250000e-09  0.00000000e+00  8.27250000e-09  1.80000000e+00  8.27250000e-09  0.00000000e+00  8.27250000e-09  1.80000000e+00 
 8.27750000e-09  0.00000000e+00  8.27750000e-09  1.80000000e+00  8.27750000e-09  0.00000000e+00  8.27750000e-09  1.80000000e+00 
 8.28250000e-09  0.00000000e+00  8.28250000e-09  1.80000000e+00  8.28250000e-09  0.00000000e+00  8.28250000e-09  1.80000000e+00 
 8.28750000e-09  0.00000000e+00  8.28750000e-09  1.80000000e+00  8.28750000e-09  0.00000000e+00  8.28750000e-09  1.80000000e+00 
 8.29250000e-09  0.00000000e+00  8.29250000e-09  1.80000000e+00  8.29250000e-09  0.00000000e+00  8.29250000e-09  1.80000000e+00 
 8.29750000e-09  0.00000000e+00  8.29750000e-09  1.80000000e+00  8.29750000e-09  0.00000000e+00  8.29750000e-09  1.80000000e+00 
 8.30250000e-09  0.00000000e+00  8.30250000e-09  1.80000000e+00  8.30250000e-09  0.00000000e+00  8.30250000e-09  1.80000000e+00 
 8.30750000e-09  0.00000000e+00  8.30750000e-09  1.80000000e+00  8.30750000e-09  0.00000000e+00  8.30750000e-09  1.80000000e+00 
 8.31250000e-09  0.00000000e+00  8.31250000e-09  1.80000000e+00  8.31250000e-09  0.00000000e+00  8.31250000e-09  1.80000000e+00 
 8.31750000e-09  0.00000000e+00  8.31750000e-09  1.80000000e+00  8.31750000e-09  0.00000000e+00  8.31750000e-09  1.80000000e+00 
 8.32250000e-09  0.00000000e+00  8.32250000e-09  1.80000000e+00  8.32250000e-09  0.00000000e+00  8.32250000e-09  1.80000000e+00 
 8.32750000e-09  0.00000000e+00  8.32750000e-09  1.80000000e+00  8.32750000e-09  0.00000000e+00  8.32750000e-09  1.80000000e+00 
 8.33250000e-09  0.00000000e+00  8.33250000e-09  1.80000000e+00  8.33250000e-09  0.00000000e+00  8.33250000e-09  1.80000000e+00 
 8.33750000e-09  0.00000000e+00  8.33750000e-09  1.80000000e+00  8.33750000e-09  0.00000000e+00  8.33750000e-09  1.80000000e+00 
 8.34250000e-09  0.00000000e+00  8.34250000e-09  1.80000000e+00  8.34250000e-09  0.00000000e+00  8.34250000e-09  1.80000000e+00 
 8.34750000e-09  0.00000000e+00  8.34750000e-09  1.80000000e+00  8.34750000e-09  0.00000000e+00  8.34750000e-09  1.80000000e+00 
 8.35250000e-09  0.00000000e+00  8.35250000e-09  1.80000000e+00  8.35250000e-09  0.00000000e+00  8.35250000e-09  1.80000000e+00 
 8.35750000e-09  0.00000000e+00  8.35750000e-09  1.80000000e+00  8.35750000e-09  0.00000000e+00  8.35750000e-09  1.80000000e+00 
 8.36250000e-09  0.00000000e+00  8.36250000e-09  1.80000000e+00  8.36250000e-09  0.00000000e+00  8.36250000e-09  1.80000000e+00 
 8.36750000e-09  0.00000000e+00  8.36750000e-09  1.80000000e+00  8.36750000e-09  0.00000000e+00  8.36750000e-09  1.80000000e+00 
 8.37250000e-09  0.00000000e+00  8.37250000e-09  1.80000000e+00  8.37250000e-09  0.00000000e+00  8.37250000e-09  1.80000000e+00 
 8.37750000e-09  0.00000000e+00  8.37750000e-09  1.80000000e+00  8.37750000e-09  0.00000000e+00  8.37750000e-09  1.80000000e+00 
 8.38250000e-09  0.00000000e+00  8.38250000e-09  1.80000000e+00  8.38250000e-09  0.00000000e+00  8.38250000e-09  1.80000000e+00 
 8.38750000e-09  0.00000000e+00  8.38750000e-09  1.80000000e+00  8.38750000e-09  0.00000000e+00  8.38750000e-09  1.80000000e+00 
 8.39250000e-09  0.00000000e+00  8.39250000e-09  1.80000000e+00  8.39250000e-09  0.00000000e+00  8.39250000e-09  1.80000000e+00 
 8.39750000e-09  0.00000000e+00  8.39750000e-09  1.80000000e+00  8.39750000e-09  0.00000000e+00  8.39750000e-09  1.80000000e+00 
 8.40250000e-09  0.00000000e+00  8.40250000e-09  1.80000000e+00  8.40250000e-09  0.00000000e+00  8.40250000e-09  1.80000000e+00 
 8.40750000e-09  0.00000000e+00  8.40750000e-09  1.80000000e+00  8.40750000e-09  0.00000000e+00  8.40750000e-09  1.80000000e+00 
 8.41250000e-09  0.00000000e+00  8.41250000e-09  1.80000000e+00  8.41250000e-09  0.00000000e+00  8.41250000e-09  1.80000000e+00 
 8.41750000e-09  0.00000000e+00  8.41750000e-09  1.80000000e+00  8.41750000e-09  0.00000000e+00  8.41750000e-09  1.80000000e+00 
 8.42250000e-09  0.00000000e+00  8.42250000e-09  1.80000000e+00  8.42250000e-09  0.00000000e+00  8.42250000e-09  1.80000000e+00 
 8.42750000e-09  0.00000000e+00  8.42750000e-09  1.80000000e+00  8.42750000e-09  0.00000000e+00  8.42750000e-09  1.80000000e+00 
 8.43250000e-09  0.00000000e+00  8.43250000e-09  1.80000000e+00  8.43250000e-09  0.00000000e+00  8.43250000e-09  1.80000000e+00 
 8.43750000e-09  0.00000000e+00  8.43750000e-09  1.80000000e+00  8.43750000e-09  0.00000000e+00  8.43750000e-09  1.80000000e+00 
 8.44250000e-09  0.00000000e+00  8.44250000e-09  1.80000000e+00  8.44250000e-09  0.00000000e+00  8.44250000e-09  1.80000000e+00 
 8.44750000e-09  0.00000000e+00  8.44750000e-09  1.80000000e+00  8.44750000e-09  0.00000000e+00  8.44750000e-09  1.80000000e+00 
 8.45250000e-09  0.00000000e+00  8.45250000e-09  1.80000000e+00  8.45250000e-09  0.00000000e+00  8.45250000e-09  1.80000000e+00 
 8.45750000e-09  0.00000000e+00  8.45750000e-09  1.80000000e+00  8.45750000e-09  0.00000000e+00  8.45750000e-09  1.80000000e+00 
 8.46250000e-09  0.00000000e+00  8.46250000e-09  1.80000000e+00  8.46250000e-09  0.00000000e+00  8.46250000e-09  1.80000000e+00 
 8.46750000e-09  0.00000000e+00  8.46750000e-09  1.80000000e+00  8.46750000e-09  0.00000000e+00  8.46750000e-09  1.80000000e+00 
 8.47250000e-09  0.00000000e+00  8.47250000e-09  1.80000000e+00  8.47250000e-09  0.00000000e+00  8.47250000e-09  1.80000000e+00 
 8.47750000e-09  0.00000000e+00  8.47750000e-09  1.80000000e+00  8.47750000e-09  0.00000000e+00  8.47750000e-09  1.80000000e+00 
 8.48250000e-09  0.00000000e+00  8.48250000e-09  1.80000000e+00  8.48250000e-09  0.00000000e+00  8.48250000e-09  1.80000000e+00 
 8.48750000e-09  0.00000000e+00  8.48750000e-09  1.80000000e+00  8.48750000e-09  0.00000000e+00  8.48750000e-09  1.80000000e+00 
 8.49250000e-09  0.00000000e+00  8.49250000e-09  1.80000000e+00  8.49250000e-09  0.00000000e+00  8.49250000e-09  1.80000000e+00 
 8.49750000e-09  0.00000000e+00  8.49750000e-09  1.80000000e+00  8.49750000e-09  0.00000000e+00  8.49750000e-09  1.80000000e+00 
 8.50250000e-09  0.00000000e+00  8.50250000e-09  1.80000000e+00  8.50250000e-09  0.00000000e+00  8.50250000e-09  1.80000000e+00 
 8.50750000e-09  0.00000000e+00  8.50750000e-09  1.80000000e+00  8.50750000e-09  0.00000000e+00  8.50750000e-09  1.80000000e+00 
 8.51250000e-09  0.00000000e+00  8.51250000e-09  1.80000000e+00  8.51250000e-09  0.00000000e+00  8.51250000e-09  1.80000000e+00 
 8.51750000e-09  0.00000000e+00  8.51750000e-09  1.80000000e+00  8.51750000e-09  0.00000000e+00  8.51750000e-09  1.80000000e+00 
 8.52250000e-09  0.00000000e+00  8.52250000e-09  1.80000000e+00  8.52250000e-09  0.00000000e+00  8.52250000e-09  1.80000000e+00 
 8.52750000e-09  0.00000000e+00  8.52750000e-09  1.80000000e+00  8.52750000e-09  0.00000000e+00  8.52750000e-09  1.80000000e+00 
 8.53250000e-09  0.00000000e+00  8.53250000e-09  1.80000000e+00  8.53250000e-09  0.00000000e+00  8.53250000e-09  1.80000000e+00 
 8.53750000e-09  0.00000000e+00  8.53750000e-09  1.80000000e+00  8.53750000e-09  0.00000000e+00  8.53750000e-09  1.80000000e+00 
 8.54250000e-09  0.00000000e+00  8.54250000e-09  1.80000000e+00  8.54250000e-09  0.00000000e+00  8.54250000e-09  1.80000000e+00 
 8.54750000e-09  0.00000000e+00  8.54750000e-09  1.80000000e+00  8.54750000e-09  0.00000000e+00  8.54750000e-09  1.80000000e+00 
 8.55250000e-09  0.00000000e+00  8.55250000e-09  1.80000000e+00  8.55250000e-09  0.00000000e+00  8.55250000e-09  1.80000000e+00 
 8.55750000e-09  0.00000000e+00  8.55750000e-09  1.80000000e+00  8.55750000e-09  0.00000000e+00  8.55750000e-09  1.80000000e+00 
 8.56250000e-09  0.00000000e+00  8.56250000e-09  1.80000000e+00  8.56250000e-09  0.00000000e+00  8.56250000e-09  1.80000000e+00 
 8.56750000e-09  0.00000000e+00  8.56750000e-09  1.80000000e+00  8.56750000e-09  0.00000000e+00  8.56750000e-09  1.80000000e+00 
 8.57250000e-09  0.00000000e+00  8.57250000e-09  1.80000000e+00  8.57250000e-09  0.00000000e+00  8.57250000e-09  1.80000000e+00 
 8.57750000e-09  0.00000000e+00  8.57750000e-09  1.80000000e+00  8.57750000e-09  0.00000000e+00  8.57750000e-09  1.80000000e+00 
 8.58250000e-09  0.00000000e+00  8.58250000e-09  1.80000000e+00  8.58250000e-09  0.00000000e+00  8.58250000e-09  1.80000000e+00 
 8.58750000e-09  0.00000000e+00  8.58750000e-09  1.80000000e+00  8.58750000e-09  0.00000000e+00  8.58750000e-09  1.80000000e+00 
 8.59250000e-09  0.00000000e+00  8.59250000e-09  1.80000000e+00  8.59250000e-09  0.00000000e+00  8.59250000e-09  1.80000000e+00 
 8.59750000e-09  0.00000000e+00  8.59750000e-09  1.80000000e+00  8.59750000e-09  0.00000000e+00  8.59750000e-09  1.80000000e+00 
 8.60250000e-09  0.00000000e+00  8.60250000e-09  1.80000000e+00  8.60250000e-09  0.00000000e+00  8.60250000e-09  1.80000000e+00 
 8.60750000e-09  0.00000000e+00  8.60750000e-09  1.80000000e+00  8.60750000e-09  0.00000000e+00  8.60750000e-09  1.80000000e+00 
 8.61250000e-09  0.00000000e+00  8.61250000e-09  1.80000000e+00  8.61250000e-09  0.00000000e+00  8.61250000e-09  1.80000000e+00 
 8.61750000e-09  0.00000000e+00  8.61750000e-09  1.80000000e+00  8.61750000e-09  0.00000000e+00  8.61750000e-09  1.80000000e+00 
 8.62250000e-09  0.00000000e+00  8.62250000e-09  1.80000000e+00  8.62250000e-09  0.00000000e+00  8.62250000e-09  1.80000000e+00 
 8.62750000e-09  0.00000000e+00  8.62750000e-09  1.80000000e+00  8.62750000e-09  0.00000000e+00  8.62750000e-09  1.80000000e+00 
 8.63250000e-09  0.00000000e+00  8.63250000e-09  1.80000000e+00  8.63250000e-09  0.00000000e+00  8.63250000e-09  1.80000000e+00 
 8.63750000e-09  0.00000000e+00  8.63750000e-09  1.80000000e+00  8.63750000e-09  0.00000000e+00  8.63750000e-09  1.80000000e+00 
 8.64250000e-09  0.00000000e+00  8.64250000e-09  1.80000000e+00  8.64250000e-09  0.00000000e+00  8.64250000e-09  1.80000000e+00 
 8.64750000e-09  0.00000000e+00  8.64750000e-09  1.80000000e+00  8.64750000e-09  0.00000000e+00  8.64750000e-09  1.80000000e+00 
 8.65250000e-09  0.00000000e+00  8.65250000e-09  1.80000000e+00  8.65250000e-09  0.00000000e+00  8.65250000e-09  1.80000000e+00 
 8.65750000e-09  0.00000000e+00  8.65750000e-09  1.80000000e+00  8.65750000e-09  0.00000000e+00  8.65750000e-09  1.80000000e+00 
 8.66250000e-09  0.00000000e+00  8.66250000e-09  1.80000000e+00  8.66250000e-09  0.00000000e+00  8.66250000e-09  1.80000000e+00 
 8.66750000e-09  0.00000000e+00  8.66750000e-09  1.80000000e+00  8.66750000e-09  0.00000000e+00  8.66750000e-09  1.80000000e+00 
 8.67250000e-09  0.00000000e+00  8.67250000e-09  1.80000000e+00  8.67250000e-09  0.00000000e+00  8.67250000e-09  1.80000000e+00 
 8.67750000e-09  0.00000000e+00  8.67750000e-09  1.80000000e+00  8.67750000e-09  0.00000000e+00  8.67750000e-09  1.80000000e+00 
 8.68250000e-09  0.00000000e+00  8.68250000e-09  1.80000000e+00  8.68250000e-09  0.00000000e+00  8.68250000e-09  1.80000000e+00 
 8.68750000e-09  0.00000000e+00  8.68750000e-09  1.80000000e+00  8.68750000e-09  0.00000000e+00  8.68750000e-09  1.80000000e+00 
 8.69250000e-09  0.00000000e+00  8.69250000e-09  1.80000000e+00  8.69250000e-09  0.00000000e+00  8.69250000e-09  1.80000000e+00 
 8.69750000e-09  0.00000000e+00  8.69750000e-09  1.80000000e+00  8.69750000e-09  0.00000000e+00  8.69750000e-09  1.80000000e+00 
 8.70250000e-09  0.00000000e+00  8.70250000e-09  1.80000000e+00  8.70250000e-09  0.00000000e+00  8.70250000e-09  1.80000000e+00 
 8.70750000e-09  0.00000000e+00  8.70750000e-09  1.80000000e+00  8.70750000e-09  0.00000000e+00  8.70750000e-09  1.80000000e+00 
 8.71250000e-09  0.00000000e+00  8.71250000e-09  1.80000000e+00  8.71250000e-09  0.00000000e+00  8.71250000e-09  1.80000000e+00 
 8.71750000e-09  0.00000000e+00  8.71750000e-09  1.80000000e+00  8.71750000e-09  0.00000000e+00  8.71750000e-09  1.80000000e+00 
 8.72250000e-09  0.00000000e+00  8.72250000e-09  1.80000000e+00  8.72250000e-09  0.00000000e+00  8.72250000e-09  1.80000000e+00 
 8.72750000e-09  0.00000000e+00  8.72750000e-09  1.80000000e+00  8.72750000e-09  0.00000000e+00  8.72750000e-09  1.80000000e+00 
 8.73250000e-09  0.00000000e+00  8.73250000e-09  1.80000000e+00  8.73250000e-09  0.00000000e+00  8.73250000e-09  1.80000000e+00 
 8.73750000e-09  0.00000000e+00  8.73750000e-09  1.80000000e+00  8.73750000e-09  0.00000000e+00  8.73750000e-09  1.80000000e+00 
 8.74250000e-09  0.00000000e+00  8.74250000e-09  1.80000000e+00  8.74250000e-09  0.00000000e+00  8.74250000e-09  1.80000000e+00 
 8.74750000e-09  0.00000000e+00  8.74750000e-09  1.80000000e+00  8.74750000e-09  0.00000000e+00  8.74750000e-09  1.80000000e+00 
 8.75250000e-09  0.00000000e+00  8.75250000e-09  1.80000000e+00  8.75250000e-09  0.00000000e+00  8.75250000e-09  1.80000000e+00 
 8.75750000e-09  0.00000000e+00  8.75750000e-09  1.80000000e+00  8.75750000e-09  0.00000000e+00  8.75750000e-09  1.80000000e+00 
 8.76250000e-09  0.00000000e+00  8.76250000e-09  1.80000000e+00  8.76250000e-09  0.00000000e+00  8.76250000e-09  1.80000000e+00 
 8.76750000e-09  0.00000000e+00  8.76750000e-09  1.80000000e+00  8.76750000e-09  0.00000000e+00  8.76750000e-09  1.80000000e+00 
 8.77250000e-09  0.00000000e+00  8.77250000e-09  1.80000000e+00  8.77250000e-09  0.00000000e+00  8.77250000e-09  1.80000000e+00 
 8.77750000e-09  0.00000000e+00  8.77750000e-09  1.80000000e+00  8.77750000e-09  0.00000000e+00  8.77750000e-09  1.80000000e+00 
 8.78250000e-09  0.00000000e+00  8.78250000e-09  1.80000000e+00  8.78250000e-09  0.00000000e+00  8.78250000e-09  1.80000000e+00 
 8.78750000e-09  0.00000000e+00  8.78750000e-09  1.80000000e+00  8.78750000e-09  0.00000000e+00  8.78750000e-09  1.80000000e+00 
 8.79250000e-09  0.00000000e+00  8.79250000e-09  1.80000000e+00  8.79250000e-09  0.00000000e+00  8.79250000e-09  1.80000000e+00 
 8.79750000e-09  0.00000000e+00  8.79750000e-09  1.80000000e+00  8.79750000e-09  0.00000000e+00  8.79750000e-09  1.80000000e+00 
 8.80250000e-09  0.00000000e+00  8.80250000e-09  1.80000000e+00  8.80250000e-09  0.00000000e+00  8.80250000e-09  1.80000000e+00 
 8.80750000e-09  0.00000000e+00  8.80750000e-09  1.80000000e+00  8.80750000e-09  0.00000000e+00  8.80750000e-09  1.80000000e+00 
 8.81250000e-09  0.00000000e+00  8.81250000e-09  1.80000000e+00  8.81250000e-09  0.00000000e+00  8.81250000e-09  1.80000000e+00 
 8.81750000e-09  0.00000000e+00  8.81750000e-09  1.80000000e+00  8.81750000e-09  0.00000000e+00  8.81750000e-09  1.80000000e+00 
 8.82250000e-09  0.00000000e+00  8.82250000e-09  1.80000000e+00  8.82250000e-09  0.00000000e+00  8.82250000e-09  1.80000000e+00 
 8.82750000e-09  0.00000000e+00  8.82750000e-09  1.80000000e+00  8.82750000e-09  0.00000000e+00  8.82750000e-09  1.80000000e+00 
 8.83250000e-09  0.00000000e+00  8.83250000e-09  1.80000000e+00  8.83250000e-09  0.00000000e+00  8.83250000e-09  1.80000000e+00 
 8.83750000e-09  0.00000000e+00  8.83750000e-09  1.80000000e+00  8.83750000e-09  0.00000000e+00  8.83750000e-09  1.80000000e+00 
 8.84250000e-09  0.00000000e+00  8.84250000e-09  1.80000000e+00  8.84250000e-09  0.00000000e+00  8.84250000e-09  1.80000000e+00 
 8.84750000e-09  0.00000000e+00  8.84750000e-09  1.80000000e+00  8.84750000e-09  0.00000000e+00  8.84750000e-09  1.80000000e+00 
 8.85250000e-09  0.00000000e+00  8.85250000e-09  1.80000000e+00  8.85250000e-09  0.00000000e+00  8.85250000e-09  1.80000000e+00 
 8.85750000e-09  0.00000000e+00  8.85750000e-09  1.80000000e+00  8.85750000e-09  0.00000000e+00  8.85750000e-09  1.80000000e+00 
 8.86250000e-09  0.00000000e+00  8.86250000e-09  1.80000000e+00  8.86250000e-09  0.00000000e+00  8.86250000e-09  1.80000000e+00 
 8.86750000e-09  0.00000000e+00  8.86750000e-09  1.80000000e+00  8.86750000e-09  0.00000000e+00  8.86750000e-09  1.80000000e+00 
 8.87250000e-09  0.00000000e+00  8.87250000e-09  1.80000000e+00  8.87250000e-09  0.00000000e+00  8.87250000e-09  1.80000000e+00 
 8.87750000e-09  0.00000000e+00  8.87750000e-09  1.80000000e+00  8.87750000e-09  0.00000000e+00  8.87750000e-09  1.80000000e+00 
 8.88250000e-09  0.00000000e+00  8.88250000e-09  1.80000000e+00  8.88250000e-09  0.00000000e+00  8.88250000e-09  1.80000000e+00 
 8.88750000e-09  0.00000000e+00  8.88750000e-09  1.80000000e+00  8.88750000e-09  0.00000000e+00  8.88750000e-09  1.80000000e+00 
 8.89250000e-09  0.00000000e+00  8.89250000e-09  1.80000000e+00  8.89250000e-09  0.00000000e+00  8.89250000e-09  1.80000000e+00 
 8.89750000e-09  0.00000000e+00  8.89750000e-09  1.80000000e+00  8.89750000e-09  0.00000000e+00  8.89750000e-09  1.80000000e+00 
 8.90250000e-09  0.00000000e+00  8.90250000e-09  1.80000000e+00  8.90250000e-09  0.00000000e+00  8.90250000e-09  1.80000000e+00 
 8.90750000e-09  0.00000000e+00  8.90750000e-09  1.80000000e+00  8.90750000e-09  0.00000000e+00  8.90750000e-09  1.80000000e+00 
 8.91250000e-09  0.00000000e+00  8.91250000e-09  1.80000000e+00  8.91250000e-09  0.00000000e+00  8.91250000e-09  1.80000000e+00 
 8.91750000e-09  0.00000000e+00  8.91750000e-09  1.80000000e+00  8.91750000e-09  0.00000000e+00  8.91750000e-09  1.80000000e+00 
 8.92250000e-09  0.00000000e+00  8.92250000e-09  1.80000000e+00  8.92250000e-09  0.00000000e+00  8.92250000e-09  1.80000000e+00 
 8.92750000e-09  0.00000000e+00  8.92750000e-09  1.80000000e+00  8.92750000e-09  0.00000000e+00  8.92750000e-09  1.80000000e+00 
 8.93250000e-09  0.00000000e+00  8.93250000e-09  1.80000000e+00  8.93250000e-09  0.00000000e+00  8.93250000e-09  1.80000000e+00 
 8.93750000e-09  0.00000000e+00  8.93750000e-09  1.80000000e+00  8.93750000e-09  0.00000000e+00  8.93750000e-09  1.80000000e+00 
 8.94250000e-09  0.00000000e+00  8.94250000e-09  1.80000000e+00  8.94250000e-09  0.00000000e+00  8.94250000e-09  1.80000000e+00 
 8.94750000e-09  0.00000000e+00  8.94750000e-09  1.80000000e+00  8.94750000e-09  0.00000000e+00  8.94750000e-09  1.80000000e+00 
 8.95250000e-09  0.00000000e+00  8.95250000e-09  1.80000000e+00  8.95250000e-09  0.00000000e+00  8.95250000e-09  1.80000000e+00 
 8.95750000e-09  0.00000000e+00  8.95750000e-09  1.80000000e+00  8.95750000e-09  0.00000000e+00  8.95750000e-09  1.80000000e+00 
 8.96250000e-09  0.00000000e+00  8.96250000e-09  1.80000000e+00  8.96250000e-09  0.00000000e+00  8.96250000e-09  1.80000000e+00 
 8.96750000e-09  0.00000000e+00  8.96750000e-09  1.80000000e+00  8.96750000e-09  0.00000000e+00  8.96750000e-09  1.80000000e+00 
 8.97250000e-09  0.00000000e+00  8.97250000e-09  1.80000000e+00  8.97250000e-09  0.00000000e+00  8.97250000e-09  1.80000000e+00 
 8.97750000e-09  0.00000000e+00  8.97750000e-09  1.80000000e+00  8.97750000e-09  0.00000000e+00  8.97750000e-09  1.80000000e+00 
 8.98250000e-09  0.00000000e+00  8.98250000e-09  1.80000000e+00  8.98250000e-09  0.00000000e+00  8.98250000e-09  1.80000000e+00 
 8.98750000e-09  0.00000000e+00  8.98750000e-09  1.80000000e+00  8.98750000e-09  0.00000000e+00  8.98750000e-09  1.80000000e+00 
 8.99250000e-09  0.00000000e+00  8.99250000e-09  1.80000000e+00  8.99250000e-09  0.00000000e+00  8.99250000e-09  1.80000000e+00 
 8.99750000e-09  0.00000000e+00  8.99750000e-09  1.80000000e+00  8.99750000e-09  0.00000000e+00  8.99750000e-09  1.80000000e+00 
 9.00000000e-09  0.00000000e+00  9.00000000e-09  1.80000000e+00  9.00000000e-09  0.00000000e+00  9.00000000e-09  1.80000000e+00 
 9.00050000e-09  0.00000000e+00  9.00050000e-09  1.80000000e+00  9.00050000e-09  1.80000000e-02  9.00050000e-09  1.80000000e+00 
 9.00150000e-09  0.00000000e+00  9.00150000e-09  1.80000000e+00  9.00150000e-09  5.40000000e-02  9.00150000e-09  1.80000000e+00 
 9.00350000e-09  0.00000000e+00  9.00350000e-09  1.80000000e+00  9.00350000e-09  1.26000000e-01  9.00350000e-09  1.80000000e+00 
 9.00750000e-09  0.00000000e+00  9.00750000e-09  1.80000000e+00  9.00750000e-09  2.70000000e-01  9.00750000e-09  1.80000000e+00 
 9.01250000e-09  0.00000000e+00  9.01250000e-09  1.80000000e+00  9.01250000e-09  4.50000000e-01  9.01250000e-09  1.80000000e+00 
 9.01750000e-09  0.00000000e+00  9.01750000e-09  1.80000000e+00  9.01750000e-09  6.30000000e-01  9.01750000e-09  1.80000000e+00 
 9.02250000e-09  0.00000000e+00  9.02250000e-09  1.80000000e+00  9.02250000e-09  8.10000000e-01  9.02250000e-09  1.80000000e+00 
 9.02750000e-09  0.00000000e+00  9.02750000e-09  1.80000000e+00  9.02750000e-09  9.90000000e-01  9.02750000e-09  1.80000000e+00 
 9.03250000e-09  0.00000000e+00  9.03250000e-09  1.80000000e+00  9.03250000e-09  1.17000000e+00  9.03250000e-09  1.80000000e+00 
 9.03750000e-09  0.00000000e+00  9.03750000e-09  1.80000000e+00  9.03750000e-09  1.35000000e+00  9.03750000e-09  1.80000000e+00 
 9.04250000e-09  0.00000000e+00  9.04250000e-09  1.80000000e+00  9.04250000e-09  1.53000000e+00  9.04250000e-09  1.80000000e+00 
 9.04750000e-09  0.00000000e+00  9.04750000e-09  1.80000000e+00  9.04750000e-09  1.71000000e+00  9.04750000e-09  1.80000000e+00 
 9.05000000e-09  0.00000000e+00  9.05000000e-09  1.80000000e+00  9.05000000e-09  1.80000000e+00  9.05000000e-09  1.80000000e+00 
 9.05050000e-09  0.00000000e+00  9.05050000e-09  1.80000000e+00  9.05050000e-09  1.80000000e+00  9.05050000e-09  1.80000000e+00 
 9.05150000e-09  0.00000000e+00  9.05150000e-09  1.80000000e+00  9.05150000e-09  1.80000000e+00  9.05150000e-09  1.80000000e+00 
 9.05350000e-09  0.00000000e+00  9.05350000e-09  1.80000000e+00  9.05350000e-09  1.80000000e+00  9.05350000e-09  1.80000000e+00 
 9.05750000e-09  0.00000000e+00  9.05750000e-09  1.80000000e+00  9.05750000e-09  1.80000000e+00  9.05750000e-09  1.80000000e+00 
 9.06250000e-09  0.00000000e+00  9.06250000e-09  1.80000000e+00  9.06250000e-09  1.80000000e+00  9.06250000e-09  1.80000000e+00 
 9.06750000e-09  0.00000000e+00  9.06750000e-09  1.80000000e+00  9.06750000e-09  1.80000000e+00  9.06750000e-09  1.80000000e+00 
 9.07250000e-09  0.00000000e+00  9.07250000e-09  1.80000000e+00  9.07250000e-09  1.80000000e+00  9.07250000e-09  1.80000000e+00 
 9.07750000e-09  0.00000000e+00  9.07750000e-09  1.80000000e+00  9.07750000e-09  1.80000000e+00  9.07750000e-09  1.80000000e+00 
 9.08250000e-09  0.00000000e+00  9.08250000e-09  1.80000000e+00  9.08250000e-09  1.80000000e+00  9.08250000e-09  1.80000000e+00 
 9.08750000e-09  0.00000000e+00  9.08750000e-09  1.80000000e+00  9.08750000e-09  1.80000000e+00  9.08750000e-09  1.80000000e+00 
 9.09250000e-09  0.00000000e+00  9.09250000e-09  1.80000000e+00  9.09250000e-09  1.80000000e+00  9.09250000e-09  1.80000000e+00 
 9.09750000e-09  0.00000000e+00  9.09750000e-09  1.80000000e+00  9.09750000e-09  1.80000000e+00  9.09750000e-09  1.80000000e+00 
 9.10250000e-09  0.00000000e+00  9.10250000e-09  1.80000000e+00  9.10250000e-09  1.80000000e+00  9.10250000e-09  1.80000000e+00 
 9.10750000e-09  0.00000000e+00  9.10750000e-09  1.80000000e+00  9.10750000e-09  1.80000000e+00  9.10750000e-09  1.80000000e+00 
 9.11250000e-09  0.00000000e+00  9.11250000e-09  1.80000000e+00  9.11250000e-09  1.80000000e+00  9.11250000e-09  1.80000000e+00 
 9.11750000e-09  0.00000000e+00  9.11750000e-09  1.80000000e+00  9.11750000e-09  1.80000000e+00  9.11750000e-09  1.80000000e+00 
 9.12250000e-09  0.00000000e+00  9.12250000e-09  1.80000000e+00  9.12250000e-09  1.80000000e+00  9.12250000e-09  1.80000000e+00 
 9.12750000e-09  0.00000000e+00  9.12750000e-09  1.80000000e+00  9.12750000e-09  1.80000000e+00  9.12750000e-09  1.80000000e+00 
 9.13250000e-09  0.00000000e+00  9.13250000e-09  1.80000000e+00  9.13250000e-09  1.80000000e+00  9.13250000e-09  1.80000000e+00 
 9.13750000e-09  0.00000000e+00  9.13750000e-09  1.80000000e+00  9.13750000e-09  1.80000000e+00  9.13750000e-09  1.80000000e+00 
 9.14250000e-09  0.00000000e+00  9.14250000e-09  1.80000000e+00  9.14250000e-09  1.80000000e+00  9.14250000e-09  1.80000000e+00 
 9.14750000e-09  0.00000000e+00  9.14750000e-09  1.80000000e+00  9.14750000e-09  1.80000000e+00  9.14750000e-09  1.80000000e+00 
 9.15250000e-09  0.00000000e+00  9.15250000e-09  1.80000000e+00  9.15250000e-09  1.80000000e+00  9.15250000e-09  1.80000000e+00 
 9.15750000e-09  0.00000000e+00  9.15750000e-09  1.80000000e+00  9.15750000e-09  1.80000000e+00  9.15750000e-09  1.80000000e+00 
 9.16250000e-09  0.00000000e+00  9.16250000e-09  1.80000000e+00  9.16250000e-09  1.80000000e+00  9.16250000e-09  1.80000000e+00 
 9.16750000e-09  0.00000000e+00  9.16750000e-09  1.80000000e+00  9.16750000e-09  1.80000000e+00  9.16750000e-09  1.80000000e+00 
 9.17250000e-09  0.00000000e+00  9.17250000e-09  1.80000000e+00  9.17250000e-09  1.80000000e+00  9.17250000e-09  1.80000000e+00 
 9.17750000e-09  0.00000000e+00  9.17750000e-09  1.80000000e+00  9.17750000e-09  1.80000000e+00  9.17750000e-09  1.80000000e+00 
 9.18250000e-09  0.00000000e+00  9.18250000e-09  1.80000000e+00  9.18250000e-09  1.80000000e+00  9.18250000e-09  1.80000000e+00 
 9.18750000e-09  0.00000000e+00  9.18750000e-09  1.80000000e+00  9.18750000e-09  1.80000000e+00  9.18750000e-09  1.80000000e+00 
 9.19250000e-09  0.00000000e+00  9.19250000e-09  1.80000000e+00  9.19250000e-09  1.80000000e+00  9.19250000e-09  1.80000000e+00 
 9.19750000e-09  0.00000000e+00  9.19750000e-09  1.80000000e+00  9.19750000e-09  1.80000000e+00  9.19750000e-09  1.80000000e+00 
 9.20250000e-09  0.00000000e+00  9.20250000e-09  1.80000000e+00  9.20250000e-09  1.80000000e+00  9.20250000e-09  1.80000000e+00 
 9.20750000e-09  0.00000000e+00  9.20750000e-09  1.80000000e+00  9.20750000e-09  1.80000000e+00  9.20750000e-09  1.80000000e+00 
 9.21250000e-09  0.00000000e+00  9.21250000e-09  1.80000000e+00  9.21250000e-09  1.80000000e+00  9.21250000e-09  1.80000000e+00 
 9.21750000e-09  0.00000000e+00  9.21750000e-09  1.80000000e+00  9.21750000e-09  1.80000000e+00  9.21750000e-09  1.80000000e+00 
 9.22250000e-09  0.00000000e+00  9.22250000e-09  1.80000000e+00  9.22250000e-09  1.80000000e+00  9.22250000e-09  1.80000000e+00 
 9.22750000e-09  0.00000000e+00  9.22750000e-09  1.80000000e+00  9.22750000e-09  1.80000000e+00  9.22750000e-09  1.80000000e+00 
 9.23250000e-09  0.00000000e+00  9.23250000e-09  1.80000000e+00  9.23250000e-09  1.80000000e+00  9.23250000e-09  1.80000000e+00 
 9.23750000e-09  0.00000000e+00  9.23750000e-09  1.80000000e+00  9.23750000e-09  1.80000000e+00  9.23750000e-09  1.80000000e+00 
 9.24250000e-09  0.00000000e+00  9.24250000e-09  1.80000000e+00  9.24250000e-09  1.80000000e+00  9.24250000e-09  1.80000000e+00 
 9.24750000e-09  0.00000000e+00  9.24750000e-09  1.80000000e+00  9.24750000e-09  1.80000000e+00  9.24750000e-09  1.80000000e+00 
 9.25250000e-09  0.00000000e+00  9.25250000e-09  1.80000000e+00  9.25250000e-09  1.80000000e+00  9.25250000e-09  1.80000000e+00 
 9.25750000e-09  0.00000000e+00  9.25750000e-09  1.80000000e+00  9.25750000e-09  1.80000000e+00  9.25750000e-09  1.80000000e+00 
 9.26250000e-09  0.00000000e+00  9.26250000e-09  1.80000000e+00  9.26250000e-09  1.80000000e+00  9.26250000e-09  1.80000000e+00 
 9.26750000e-09  0.00000000e+00  9.26750000e-09  1.80000000e+00  9.26750000e-09  1.80000000e+00  9.26750000e-09  1.80000000e+00 
 9.27250000e-09  0.00000000e+00  9.27250000e-09  1.80000000e+00  9.27250000e-09  1.80000000e+00  9.27250000e-09  1.80000000e+00 
 9.27750000e-09  0.00000000e+00  9.27750000e-09  1.80000000e+00  9.27750000e-09  1.80000000e+00  9.27750000e-09  1.80000000e+00 
 9.28250000e-09  0.00000000e+00  9.28250000e-09  1.80000000e+00  9.28250000e-09  1.80000000e+00  9.28250000e-09  1.80000000e+00 
 9.28750000e-09  0.00000000e+00  9.28750000e-09  1.80000000e+00  9.28750000e-09  1.80000000e+00  9.28750000e-09  1.80000000e+00 
 9.29250000e-09  0.00000000e+00  9.29250000e-09  1.80000000e+00  9.29250000e-09  1.80000000e+00  9.29250000e-09  1.80000000e+00 
 9.29750000e-09  0.00000000e+00  9.29750000e-09  1.80000000e+00  9.29750000e-09  1.80000000e+00  9.29750000e-09  1.80000000e+00 
 9.30250000e-09  0.00000000e+00  9.30250000e-09  1.80000000e+00  9.30250000e-09  1.80000000e+00  9.30250000e-09  1.80000000e+00 
 9.30750000e-09  0.00000000e+00  9.30750000e-09  1.80000000e+00  9.30750000e-09  1.80000000e+00  9.30750000e-09  1.80000000e+00 
 9.31250000e-09  0.00000000e+00  9.31250000e-09  1.80000000e+00  9.31250000e-09  1.80000000e+00  9.31250000e-09  1.80000000e+00 
 9.31750000e-09  0.00000000e+00  9.31750000e-09  1.80000000e+00  9.31750000e-09  1.80000000e+00  9.31750000e-09  1.80000000e+00 
 9.32250000e-09  0.00000000e+00  9.32250000e-09  1.80000000e+00  9.32250000e-09  1.80000000e+00  9.32250000e-09  1.80000000e+00 
 9.32750000e-09  0.00000000e+00  9.32750000e-09  1.80000000e+00  9.32750000e-09  1.80000000e+00  9.32750000e-09  1.80000000e+00 
 9.33250000e-09  0.00000000e+00  9.33250000e-09  1.80000000e+00  9.33250000e-09  1.80000000e+00  9.33250000e-09  1.80000000e+00 
 9.33750000e-09  0.00000000e+00  9.33750000e-09  1.80000000e+00  9.33750000e-09  1.80000000e+00  9.33750000e-09  1.80000000e+00 
 9.34250000e-09  0.00000000e+00  9.34250000e-09  1.80000000e+00  9.34250000e-09  1.80000000e+00  9.34250000e-09  1.80000000e+00 
 9.34750000e-09  0.00000000e+00  9.34750000e-09  1.80000000e+00  9.34750000e-09  1.80000000e+00  9.34750000e-09  1.80000000e+00 
 9.35250000e-09  0.00000000e+00  9.35250000e-09  1.80000000e+00  9.35250000e-09  1.80000000e+00  9.35250000e-09  1.80000000e+00 
 9.35750000e-09  0.00000000e+00  9.35750000e-09  1.80000000e+00  9.35750000e-09  1.80000000e+00  9.35750000e-09  1.80000000e+00 
 9.36250000e-09  0.00000000e+00  9.36250000e-09  1.80000000e+00  9.36250000e-09  1.80000000e+00  9.36250000e-09  1.80000000e+00 
 9.36750000e-09  0.00000000e+00  9.36750000e-09  1.80000000e+00  9.36750000e-09  1.80000000e+00  9.36750000e-09  1.80000000e+00 
 9.37250000e-09  0.00000000e+00  9.37250000e-09  1.80000000e+00  9.37250000e-09  1.80000000e+00  9.37250000e-09  1.80000000e+00 
 9.37750000e-09  0.00000000e+00  9.37750000e-09  1.80000000e+00  9.37750000e-09  1.80000000e+00  9.37750000e-09  1.80000000e+00 
 9.38250000e-09  0.00000000e+00  9.38250000e-09  1.80000000e+00  9.38250000e-09  1.80000000e+00  9.38250000e-09  1.80000000e+00 
 9.38750000e-09  0.00000000e+00  9.38750000e-09  1.80000000e+00  9.38750000e-09  1.80000000e+00  9.38750000e-09  1.80000000e+00 
 9.39250000e-09  0.00000000e+00  9.39250000e-09  1.80000000e+00  9.39250000e-09  1.80000000e+00  9.39250000e-09  1.80000000e+00 
 9.39750000e-09  0.00000000e+00  9.39750000e-09  1.80000000e+00  9.39750000e-09  1.80000000e+00  9.39750000e-09  1.80000000e+00 
 9.40250000e-09  0.00000000e+00  9.40250000e-09  1.80000000e+00  9.40250000e-09  1.80000000e+00  9.40250000e-09  1.80000000e+00 
 9.40750000e-09  0.00000000e+00  9.40750000e-09  1.80000000e+00  9.40750000e-09  1.80000000e+00  9.40750000e-09  1.80000000e+00 
 9.41250000e-09  0.00000000e+00  9.41250000e-09  1.80000000e+00  9.41250000e-09  1.80000000e+00  9.41250000e-09  1.80000000e+00 
 9.41750000e-09  0.00000000e+00  9.41750000e-09  1.80000000e+00  9.41750000e-09  1.80000000e+00  9.41750000e-09  1.80000000e+00 
 9.42250000e-09  0.00000000e+00  9.42250000e-09  1.80000000e+00  9.42250000e-09  1.80000000e+00  9.42250000e-09  1.80000000e+00 
 9.42750000e-09  0.00000000e+00  9.42750000e-09  1.80000000e+00  9.42750000e-09  1.80000000e+00  9.42750000e-09  1.80000000e+00 
 9.43250000e-09  0.00000000e+00  9.43250000e-09  1.80000000e+00  9.43250000e-09  1.80000000e+00  9.43250000e-09  1.80000000e+00 
 9.43750000e-09  0.00000000e+00  9.43750000e-09  1.80000000e+00  9.43750000e-09  1.80000000e+00  9.43750000e-09  1.80000000e+00 
 9.44250000e-09  0.00000000e+00  9.44250000e-09  1.80000000e+00  9.44250000e-09  1.80000000e+00  9.44250000e-09  1.80000000e+00 
 9.44750000e-09  0.00000000e+00  9.44750000e-09  1.80000000e+00  9.44750000e-09  1.80000000e+00  9.44750000e-09  1.80000000e+00 
 9.45250000e-09  0.00000000e+00  9.45250000e-09  1.80000000e+00  9.45250000e-09  1.80000000e+00  9.45250000e-09  1.80000000e+00 
 9.45750000e-09  0.00000000e+00  9.45750000e-09  1.80000000e+00  9.45750000e-09  1.80000000e+00  9.45750000e-09  1.80000000e+00 
 9.46250000e-09  0.00000000e+00  9.46250000e-09  1.80000000e+00  9.46250000e-09  1.80000000e+00  9.46250000e-09  1.80000000e+00 
 9.46750000e-09  0.00000000e+00  9.46750000e-09  1.80000000e+00  9.46750000e-09  1.80000000e+00  9.46750000e-09  1.80000000e+00 
 9.47250000e-09  0.00000000e+00  9.47250000e-09  1.80000000e+00  9.47250000e-09  1.80000000e+00  9.47250000e-09  1.80000000e+00 
 9.47750000e-09  0.00000000e+00  9.47750000e-09  1.80000000e+00  9.47750000e-09  1.80000000e+00  9.47750000e-09  1.80000000e+00 
 9.48250000e-09  0.00000000e+00  9.48250000e-09  1.80000000e+00  9.48250000e-09  1.80000000e+00  9.48250000e-09  1.80000000e+00 
 9.48750000e-09  0.00000000e+00  9.48750000e-09  1.80000000e+00  9.48750000e-09  1.80000000e+00  9.48750000e-09  1.80000000e+00 
 9.49250000e-09  0.00000000e+00  9.49250000e-09  1.80000000e+00  9.49250000e-09  1.80000000e+00  9.49250000e-09  1.80000000e+00 
 9.49750000e-09  0.00000000e+00  9.49750000e-09  1.80000000e+00  9.49750000e-09  1.80000000e+00  9.49750000e-09  1.80000000e+00 
 9.50250000e-09  0.00000000e+00  9.50250000e-09  1.80000000e+00  9.50250000e-09  1.80000000e+00  9.50250000e-09  1.80000000e+00 
 9.50750000e-09  0.00000000e+00  9.50750000e-09  1.80000000e+00  9.50750000e-09  1.80000000e+00  9.50750000e-09  1.80000000e+00 
 9.51250000e-09  0.00000000e+00  9.51250000e-09  1.80000000e+00  9.51250000e-09  1.80000000e+00  9.51250000e-09  1.80000000e+00 
 9.51750000e-09  0.00000000e+00  9.51750000e-09  1.80000000e+00  9.51750000e-09  1.80000000e+00  9.51750000e-09  1.80000000e+00 
 9.52250000e-09  0.00000000e+00  9.52250000e-09  1.80000000e+00  9.52250000e-09  1.80000000e+00  9.52250000e-09  1.80000000e+00 
 9.52750000e-09  0.00000000e+00  9.52750000e-09  1.80000000e+00  9.52750000e-09  1.80000000e+00  9.52750000e-09  1.80000000e+00 
 9.53250000e-09  0.00000000e+00  9.53250000e-09  1.80000000e+00  9.53250000e-09  1.80000000e+00  9.53250000e-09  1.80000000e+00 
 9.53750000e-09  0.00000000e+00  9.53750000e-09  1.80000000e+00  9.53750000e-09  1.80000000e+00  9.53750000e-09  1.80000000e+00 
 9.54250000e-09  0.00000000e+00  9.54250000e-09  1.80000000e+00  9.54250000e-09  1.80000000e+00  9.54250000e-09  1.80000000e+00 
 9.54750000e-09  0.00000000e+00  9.54750000e-09  1.80000000e+00  9.54750000e-09  1.80000000e+00  9.54750000e-09  1.80000000e+00 
 9.55250000e-09  0.00000000e+00  9.55250000e-09  1.80000000e+00  9.55250000e-09  1.80000000e+00  9.55250000e-09  1.80000000e+00 
 9.55750000e-09  0.00000000e+00  9.55750000e-09  1.80000000e+00  9.55750000e-09  1.80000000e+00  9.55750000e-09  1.80000000e+00 
 9.56250000e-09  0.00000000e+00  9.56250000e-09  1.80000000e+00  9.56250000e-09  1.80000000e+00  9.56250000e-09  1.80000000e+00 
 9.56750000e-09  0.00000000e+00  9.56750000e-09  1.80000000e+00  9.56750000e-09  1.80000000e+00  9.56750000e-09  1.80000000e+00 
 9.57250000e-09  0.00000000e+00  9.57250000e-09  1.80000000e+00  9.57250000e-09  1.80000000e+00  9.57250000e-09  1.80000000e+00 
 9.57750000e-09  0.00000000e+00  9.57750000e-09  1.80000000e+00  9.57750000e-09  1.80000000e+00  9.57750000e-09  1.80000000e+00 
 9.58250000e-09  0.00000000e+00  9.58250000e-09  1.80000000e+00  9.58250000e-09  1.80000000e+00  9.58250000e-09  1.80000000e+00 
 9.58750000e-09  0.00000000e+00  9.58750000e-09  1.80000000e+00  9.58750000e-09  1.80000000e+00  9.58750000e-09  1.80000000e+00 
 9.59250000e-09  0.00000000e+00  9.59250000e-09  1.80000000e+00  9.59250000e-09  1.80000000e+00  9.59250000e-09  1.80000000e+00 
 9.59750000e-09  0.00000000e+00  9.59750000e-09  1.80000000e+00  9.59750000e-09  1.80000000e+00  9.59750000e-09  1.80000000e+00 
 9.60250000e-09  0.00000000e+00  9.60250000e-09  1.80000000e+00  9.60250000e-09  1.80000000e+00  9.60250000e-09  1.80000000e+00 
 9.60750000e-09  0.00000000e+00  9.60750000e-09  1.80000000e+00  9.60750000e-09  1.80000000e+00  9.60750000e-09  1.80000000e+00 
 9.61250000e-09  0.00000000e+00  9.61250000e-09  1.80000000e+00  9.61250000e-09  1.80000000e+00  9.61250000e-09  1.80000000e+00 
 9.61750000e-09  0.00000000e+00  9.61750000e-09  1.80000000e+00  9.61750000e-09  1.80000000e+00  9.61750000e-09  1.80000000e+00 
 9.62250000e-09  0.00000000e+00  9.62250000e-09  1.80000000e+00  9.62250000e-09  1.80000000e+00  9.62250000e-09  1.80000000e+00 
 9.62750000e-09  0.00000000e+00  9.62750000e-09  1.80000000e+00  9.62750000e-09  1.80000000e+00  9.62750000e-09  1.80000000e+00 
 9.63250000e-09  0.00000000e+00  9.63250000e-09  1.80000000e+00  9.63250000e-09  1.80000000e+00  9.63250000e-09  1.80000000e+00 
 9.63750000e-09  0.00000000e+00  9.63750000e-09  1.80000000e+00  9.63750000e-09  1.80000000e+00  9.63750000e-09  1.80000000e+00 
 9.64250000e-09  0.00000000e+00  9.64250000e-09  1.80000000e+00  9.64250000e-09  1.80000000e+00  9.64250000e-09  1.80000000e+00 
 9.64750000e-09  0.00000000e+00  9.64750000e-09  1.80000000e+00  9.64750000e-09  1.80000000e+00  9.64750000e-09  1.80000000e+00 
 9.65250000e-09  0.00000000e+00  9.65250000e-09  1.80000000e+00  9.65250000e-09  1.80000000e+00  9.65250000e-09  1.80000000e+00 
 9.65750000e-09  0.00000000e+00  9.65750000e-09  1.80000000e+00  9.65750000e-09  1.80000000e+00  9.65750000e-09  1.80000000e+00 
 9.66250000e-09  0.00000000e+00  9.66250000e-09  1.80000000e+00  9.66250000e-09  1.80000000e+00  9.66250000e-09  1.80000000e+00 
 9.66750000e-09  0.00000000e+00  9.66750000e-09  1.80000000e+00  9.66750000e-09  1.80000000e+00  9.66750000e-09  1.80000000e+00 
 9.67250000e-09  0.00000000e+00  9.67250000e-09  1.80000000e+00  9.67250000e-09  1.80000000e+00  9.67250000e-09  1.80000000e+00 
 9.67750000e-09  0.00000000e+00  9.67750000e-09  1.80000000e+00  9.67750000e-09  1.80000000e+00  9.67750000e-09  1.80000000e+00 
 9.68250000e-09  0.00000000e+00  9.68250000e-09  1.80000000e+00  9.68250000e-09  1.80000000e+00  9.68250000e-09  1.80000000e+00 
 9.68750000e-09  0.00000000e+00  9.68750000e-09  1.80000000e+00  9.68750000e-09  1.80000000e+00  9.68750000e-09  1.80000000e+00 
 9.69250000e-09  0.00000000e+00  9.69250000e-09  1.80000000e+00  9.69250000e-09  1.80000000e+00  9.69250000e-09  1.80000000e+00 
 9.69750000e-09  0.00000000e+00  9.69750000e-09  1.80000000e+00  9.69750000e-09  1.80000000e+00  9.69750000e-09  1.80000000e+00 
 9.70250000e-09  0.00000000e+00  9.70250000e-09  1.80000000e+00  9.70250000e-09  1.80000000e+00  9.70250000e-09  1.80000000e+00 
 9.70750000e-09  0.00000000e+00  9.70750000e-09  1.80000000e+00  9.70750000e-09  1.80000000e+00  9.70750000e-09  1.80000000e+00 
 9.71250000e-09  0.00000000e+00  9.71250000e-09  1.80000000e+00  9.71250000e-09  1.80000000e+00  9.71250000e-09  1.80000000e+00 
 9.71750000e-09  0.00000000e+00  9.71750000e-09  1.80000000e+00  9.71750000e-09  1.80000000e+00  9.71750000e-09  1.80000000e+00 
 9.72250000e-09  0.00000000e+00  9.72250000e-09  1.80000000e+00  9.72250000e-09  1.80000000e+00  9.72250000e-09  1.80000000e+00 
 9.72750000e-09  0.00000000e+00  9.72750000e-09  1.80000000e+00  9.72750000e-09  1.80000000e+00  9.72750000e-09  1.80000000e+00 
 9.73250000e-09  0.00000000e+00  9.73250000e-09  1.80000000e+00  9.73250000e-09  1.80000000e+00  9.73250000e-09  1.80000000e+00 
 9.73750000e-09  0.00000000e+00  9.73750000e-09  1.80000000e+00  9.73750000e-09  1.80000000e+00  9.73750000e-09  1.80000000e+00 
 9.74250000e-09  0.00000000e+00  9.74250000e-09  1.80000000e+00  9.74250000e-09  1.80000000e+00  9.74250000e-09  1.80000000e+00 
 9.74750000e-09  0.00000000e+00  9.74750000e-09  1.80000000e+00  9.74750000e-09  1.80000000e+00  9.74750000e-09  1.80000000e+00 
 9.75250000e-09  0.00000000e+00  9.75250000e-09  1.80000000e+00  9.75250000e-09  1.80000000e+00  9.75250000e-09  1.80000000e+00 
 9.75750000e-09  0.00000000e+00  9.75750000e-09  1.80000000e+00  9.75750000e-09  1.80000000e+00  9.75750000e-09  1.80000000e+00 
 9.76250000e-09  0.00000000e+00  9.76250000e-09  1.80000000e+00  9.76250000e-09  1.80000000e+00  9.76250000e-09  1.80000000e+00 
 9.76750000e-09  0.00000000e+00  9.76750000e-09  1.80000000e+00  9.76750000e-09  1.80000000e+00  9.76750000e-09  1.80000000e+00 
 9.77250000e-09  0.00000000e+00  9.77250000e-09  1.80000000e+00  9.77250000e-09  1.80000000e+00  9.77250000e-09  1.80000000e+00 
 9.77750000e-09  0.00000000e+00  9.77750000e-09  1.80000000e+00  9.77750000e-09  1.80000000e+00  9.77750000e-09  1.80000000e+00 
 9.78250000e-09  0.00000000e+00  9.78250000e-09  1.80000000e+00  9.78250000e-09  1.80000000e+00  9.78250000e-09  1.80000000e+00 
 9.78750000e-09  0.00000000e+00  9.78750000e-09  1.80000000e+00  9.78750000e-09  1.80000000e+00  9.78750000e-09  1.80000000e+00 
 9.79250000e-09  0.00000000e+00  9.79250000e-09  1.80000000e+00  9.79250000e-09  1.80000000e+00  9.79250000e-09  1.80000000e+00 
 9.79750000e-09  0.00000000e+00  9.79750000e-09  1.80000000e+00  9.79750000e-09  1.80000000e+00  9.79750000e-09  1.80000000e+00 
 9.80250000e-09  0.00000000e+00  9.80250000e-09  1.80000000e+00  9.80250000e-09  1.80000000e+00  9.80250000e-09  1.80000000e+00 
 9.80750000e-09  0.00000000e+00  9.80750000e-09  1.80000000e+00  9.80750000e-09  1.80000000e+00  9.80750000e-09  1.80000000e+00 
 9.81250000e-09  0.00000000e+00  9.81250000e-09  1.80000000e+00  9.81250000e-09  1.80000000e+00  9.81250000e-09  1.80000000e+00 
 9.81750000e-09  0.00000000e+00  9.81750000e-09  1.80000000e+00  9.81750000e-09  1.80000000e+00  9.81750000e-09  1.80000000e+00 
 9.82250000e-09  0.00000000e+00  9.82250000e-09  1.80000000e+00  9.82250000e-09  1.80000000e+00  9.82250000e-09  1.80000000e+00 
 9.82750000e-09  0.00000000e+00  9.82750000e-09  1.80000000e+00  9.82750000e-09  1.80000000e+00  9.82750000e-09  1.80000000e+00 
 9.83250000e-09  0.00000000e+00  9.83250000e-09  1.80000000e+00  9.83250000e-09  1.80000000e+00  9.83250000e-09  1.80000000e+00 
 9.83750000e-09  0.00000000e+00  9.83750000e-09  1.80000000e+00  9.83750000e-09  1.80000000e+00  9.83750000e-09  1.80000000e+00 
 9.84250000e-09  0.00000000e+00  9.84250000e-09  1.80000000e+00  9.84250000e-09  1.80000000e+00  9.84250000e-09  1.80000000e+00 
 9.84750000e-09  0.00000000e+00  9.84750000e-09  1.80000000e+00  9.84750000e-09  1.80000000e+00  9.84750000e-09  1.80000000e+00 
 9.85250000e-09  0.00000000e+00  9.85250000e-09  1.80000000e+00  9.85250000e-09  1.80000000e+00  9.85250000e-09  1.80000000e+00 
 9.85750000e-09  0.00000000e+00  9.85750000e-09  1.80000000e+00  9.85750000e-09  1.80000000e+00  9.85750000e-09  1.80000000e+00 
 9.86250000e-09  0.00000000e+00  9.86250000e-09  1.80000000e+00  9.86250000e-09  1.80000000e+00  9.86250000e-09  1.80000000e+00 
 9.86750000e-09  0.00000000e+00  9.86750000e-09  1.80000000e+00  9.86750000e-09  1.80000000e+00  9.86750000e-09  1.80000000e+00 
 9.87250000e-09  0.00000000e+00  9.87250000e-09  1.80000000e+00  9.87250000e-09  1.80000000e+00  9.87250000e-09  1.80000000e+00 
 9.87750000e-09  0.00000000e+00  9.87750000e-09  1.80000000e+00  9.87750000e-09  1.80000000e+00  9.87750000e-09  1.80000000e+00 
 9.88250000e-09  0.00000000e+00  9.88250000e-09  1.80000000e+00  9.88250000e-09  1.80000000e+00  9.88250000e-09  1.80000000e+00 
 9.88750000e-09  0.00000000e+00  9.88750000e-09  1.80000000e+00  9.88750000e-09  1.80000000e+00  9.88750000e-09  1.80000000e+00 
 9.89250000e-09  0.00000000e+00  9.89250000e-09  1.80000000e+00  9.89250000e-09  1.80000000e+00  9.89250000e-09  1.80000000e+00 
 9.89750000e-09  0.00000000e+00  9.89750000e-09  1.80000000e+00  9.89750000e-09  1.80000000e+00  9.89750000e-09  1.80000000e+00 
 9.90250000e-09  0.00000000e+00  9.90250000e-09  1.80000000e+00  9.90250000e-09  1.80000000e+00  9.90250000e-09  1.80000000e+00 
 9.90750000e-09  0.00000000e+00  9.90750000e-09  1.80000000e+00  9.90750000e-09  1.80000000e+00  9.90750000e-09  1.80000000e+00 
 9.91250000e-09  0.00000000e+00  9.91250000e-09  1.80000000e+00  9.91250000e-09  1.80000000e+00  9.91250000e-09  1.80000000e+00 
 9.91750000e-09  0.00000000e+00  9.91750000e-09  1.80000000e+00  9.91750000e-09  1.80000000e+00  9.91750000e-09  1.80000000e+00 
 9.92250000e-09  0.00000000e+00  9.92250000e-09  1.80000000e+00  9.92250000e-09  1.80000000e+00  9.92250000e-09  1.80000000e+00 
 9.92750000e-09  0.00000000e+00  9.92750000e-09  1.80000000e+00  9.92750000e-09  1.80000000e+00  9.92750000e-09  1.80000000e+00 
 9.93250000e-09  0.00000000e+00  9.93250000e-09  1.80000000e+00  9.93250000e-09  1.80000000e+00  9.93250000e-09  1.80000000e+00 
 9.93750000e-09  0.00000000e+00  9.93750000e-09  1.80000000e+00  9.93750000e-09  1.80000000e+00  9.93750000e-09  1.80000000e+00 
 9.94250000e-09  0.00000000e+00  9.94250000e-09  1.80000000e+00  9.94250000e-09  1.80000000e+00  9.94250000e-09  1.80000000e+00 
 9.94750000e-09  0.00000000e+00  9.94750000e-09  1.80000000e+00  9.94750000e-09  1.80000000e+00  9.94750000e-09  1.80000000e+00 
 9.95250000e-09  0.00000000e+00  9.95250000e-09  1.80000000e+00  9.95250000e-09  1.80000000e+00  9.95250000e-09  1.80000000e+00 
 9.95750000e-09  0.00000000e+00  9.95750000e-09  1.80000000e+00  9.95750000e-09  1.80000000e+00  9.95750000e-09  1.80000000e+00 
 9.96250000e-09  0.00000000e+00  9.96250000e-09  1.80000000e+00  9.96250000e-09  1.80000000e+00  9.96250000e-09  1.80000000e+00 
 9.96750000e-09  0.00000000e+00  9.96750000e-09  1.80000000e+00  9.96750000e-09  1.80000000e+00  9.96750000e-09  1.80000000e+00 
 9.97250000e-09  0.00000000e+00  9.97250000e-09  1.80000000e+00  9.97250000e-09  1.80000000e+00  9.97250000e-09  1.80000000e+00 
 9.97750000e-09  0.00000000e+00  9.97750000e-09  1.80000000e+00  9.97750000e-09  1.80000000e+00  9.97750000e-09  1.80000000e+00 
 9.98250000e-09  0.00000000e+00  9.98250000e-09  1.80000000e+00  9.98250000e-09  1.80000000e+00  9.98250000e-09  1.80000000e+00 
 9.98750000e-09  0.00000000e+00  9.98750000e-09  1.80000000e+00  9.98750000e-09  1.80000000e+00  9.98750000e-09  1.80000000e+00 
 9.99250000e-09  0.00000000e+00  9.99250000e-09  1.80000000e+00  9.99250000e-09  1.80000000e+00  9.99250000e-09  1.80000000e+00 
 9.99750000e-09  0.00000000e+00  9.99750000e-09  1.80000000e+00  9.99750000e-09  1.80000000e+00  9.99750000e-09  1.80000000e+00 
 1.00025000e-08  0.00000000e+00  1.00025000e-08  1.80000000e+00  1.00025000e-08  1.80000000e+00  1.00025000e-08  1.80000000e+00 
 1.00075000e-08  0.00000000e+00  1.00075000e-08  1.80000000e+00  1.00075000e-08  1.80000000e+00  1.00075000e-08  1.80000000e+00 
 1.00125000e-08  0.00000000e+00  1.00125000e-08  1.80000000e+00  1.00125000e-08  1.80000000e+00  1.00125000e-08  1.80000000e+00 
 1.00175000e-08  0.00000000e+00  1.00175000e-08  1.80000000e+00  1.00175000e-08  1.80000000e+00  1.00175000e-08  1.80000000e+00 
 1.00225000e-08  0.00000000e+00  1.00225000e-08  1.80000000e+00  1.00225000e-08  1.80000000e+00  1.00225000e-08  1.80000000e+00 
 1.00275000e-08  0.00000000e+00  1.00275000e-08  1.80000000e+00  1.00275000e-08  1.80000000e+00  1.00275000e-08  1.80000000e+00 
 1.00325000e-08  0.00000000e+00  1.00325000e-08  1.80000000e+00  1.00325000e-08  1.80000000e+00  1.00325000e-08  1.80000000e+00 
 1.00375000e-08  0.00000000e+00  1.00375000e-08  1.80000000e+00  1.00375000e-08  1.80000000e+00  1.00375000e-08  1.80000000e+00 
 1.00425000e-08  0.00000000e+00  1.00425000e-08  1.80000000e+00  1.00425000e-08  1.80000000e+00  1.00425000e-08  1.80000000e+00 
 1.00475000e-08  0.00000000e+00  1.00475000e-08  1.80000000e+00  1.00475000e-08  1.80000000e+00  1.00475000e-08  1.80000000e+00 
 1.00525000e-08  0.00000000e+00  1.00525000e-08  1.80000000e+00  1.00525000e-08  1.80000000e+00  1.00525000e-08  1.80000000e+00 
 1.00575000e-08  0.00000000e+00  1.00575000e-08  1.80000000e+00  1.00575000e-08  1.80000000e+00  1.00575000e-08  1.80000000e+00 
 1.00625000e-08  0.00000000e+00  1.00625000e-08  1.80000000e+00  1.00625000e-08  1.80000000e+00  1.00625000e-08  1.80000000e+00 
 1.00675000e-08  0.00000000e+00  1.00675000e-08  1.80000000e+00  1.00675000e-08  1.80000000e+00  1.00675000e-08  1.80000000e+00 
 1.00725000e-08  0.00000000e+00  1.00725000e-08  1.80000000e+00  1.00725000e-08  1.80000000e+00  1.00725000e-08  1.80000000e+00 
 1.00775000e-08  0.00000000e+00  1.00775000e-08  1.80000000e+00  1.00775000e-08  1.80000000e+00  1.00775000e-08  1.80000000e+00 
 1.00825000e-08  0.00000000e+00  1.00825000e-08  1.80000000e+00  1.00825000e-08  1.80000000e+00  1.00825000e-08  1.80000000e+00 
 1.00875000e-08  0.00000000e+00  1.00875000e-08  1.80000000e+00  1.00875000e-08  1.80000000e+00  1.00875000e-08  1.80000000e+00 
 1.00925000e-08  0.00000000e+00  1.00925000e-08  1.80000000e+00  1.00925000e-08  1.80000000e+00  1.00925000e-08  1.80000000e+00 
 1.00975000e-08  0.00000000e+00  1.00975000e-08  1.80000000e+00  1.00975000e-08  1.80000000e+00  1.00975000e-08  1.80000000e+00 
 1.01025000e-08  0.00000000e+00  1.01025000e-08  1.80000000e+00  1.01025000e-08  1.80000000e+00  1.01025000e-08  1.80000000e+00 
 1.01075000e-08  0.00000000e+00  1.01075000e-08  1.80000000e+00  1.01075000e-08  1.80000000e+00  1.01075000e-08  1.80000000e+00 
 1.01125000e-08  0.00000000e+00  1.01125000e-08  1.80000000e+00  1.01125000e-08  1.80000000e+00  1.01125000e-08  1.80000000e+00 
 1.01175000e-08  0.00000000e+00  1.01175000e-08  1.80000000e+00  1.01175000e-08  1.80000000e+00  1.01175000e-08  1.80000000e+00 
 1.01225000e-08  0.00000000e+00  1.01225000e-08  1.80000000e+00  1.01225000e-08  1.80000000e+00  1.01225000e-08  1.80000000e+00 
 1.01275000e-08  0.00000000e+00  1.01275000e-08  1.80000000e+00  1.01275000e-08  1.80000000e+00  1.01275000e-08  1.80000000e+00 
 1.01325000e-08  0.00000000e+00  1.01325000e-08  1.80000000e+00  1.01325000e-08  1.80000000e+00  1.01325000e-08  1.80000000e+00 
 1.01375000e-08  0.00000000e+00  1.01375000e-08  1.80000000e+00  1.01375000e-08  1.80000000e+00  1.01375000e-08  1.80000000e+00 
 1.01425000e-08  0.00000000e+00  1.01425000e-08  1.80000000e+00  1.01425000e-08  1.80000000e+00  1.01425000e-08  1.80000000e+00 
 1.01475000e-08  0.00000000e+00  1.01475000e-08  1.80000000e+00  1.01475000e-08  1.80000000e+00  1.01475000e-08  1.80000000e+00 
 1.01525000e-08  0.00000000e+00  1.01525000e-08  1.80000000e+00  1.01525000e-08  1.80000000e+00  1.01525000e-08  1.80000000e+00 
 1.01575000e-08  0.00000000e+00  1.01575000e-08  1.80000000e+00  1.01575000e-08  1.80000000e+00  1.01575000e-08  1.80000000e+00 
 1.01625000e-08  0.00000000e+00  1.01625000e-08  1.80000000e+00  1.01625000e-08  1.80000000e+00  1.01625000e-08  1.80000000e+00 
 1.01675000e-08  0.00000000e+00  1.01675000e-08  1.80000000e+00  1.01675000e-08  1.80000000e+00  1.01675000e-08  1.80000000e+00 
 1.01725000e-08  0.00000000e+00  1.01725000e-08  1.80000000e+00  1.01725000e-08  1.80000000e+00  1.01725000e-08  1.80000000e+00 
 1.01775000e-08  0.00000000e+00  1.01775000e-08  1.80000000e+00  1.01775000e-08  1.80000000e+00  1.01775000e-08  1.80000000e+00 
 1.01825000e-08  0.00000000e+00  1.01825000e-08  1.80000000e+00  1.01825000e-08  1.80000000e+00  1.01825000e-08  1.80000000e+00 
 1.01875000e-08  0.00000000e+00  1.01875000e-08  1.80000000e+00  1.01875000e-08  1.80000000e+00  1.01875000e-08  1.80000000e+00 
 1.01925000e-08  0.00000000e+00  1.01925000e-08  1.80000000e+00  1.01925000e-08  1.80000000e+00  1.01925000e-08  1.80000000e+00 
 1.01975000e-08  0.00000000e+00  1.01975000e-08  1.80000000e+00  1.01975000e-08  1.80000000e+00  1.01975000e-08  1.80000000e+00 
 1.02025000e-08  0.00000000e+00  1.02025000e-08  1.80000000e+00  1.02025000e-08  1.80000000e+00  1.02025000e-08  1.80000000e+00 
 1.02075000e-08  0.00000000e+00  1.02075000e-08  1.80000000e+00  1.02075000e-08  1.80000000e+00  1.02075000e-08  1.80000000e+00 
 1.02125000e-08  0.00000000e+00  1.02125000e-08  1.80000000e+00  1.02125000e-08  1.80000000e+00  1.02125000e-08  1.80000000e+00 
 1.02175000e-08  0.00000000e+00  1.02175000e-08  1.80000000e+00  1.02175000e-08  1.80000000e+00  1.02175000e-08  1.80000000e+00 
 1.02225000e-08  0.00000000e+00  1.02225000e-08  1.80000000e+00  1.02225000e-08  1.80000000e+00  1.02225000e-08  1.80000000e+00 
 1.02275000e-08  0.00000000e+00  1.02275000e-08  1.80000000e+00  1.02275000e-08  1.80000000e+00  1.02275000e-08  1.80000000e+00 
 1.02325000e-08  0.00000000e+00  1.02325000e-08  1.80000000e+00  1.02325000e-08  1.80000000e+00  1.02325000e-08  1.80000000e+00 
 1.02375000e-08  0.00000000e+00  1.02375000e-08  1.80000000e+00  1.02375000e-08  1.80000000e+00  1.02375000e-08  1.80000000e+00 
 1.02425000e-08  0.00000000e+00  1.02425000e-08  1.80000000e+00  1.02425000e-08  1.80000000e+00  1.02425000e-08  1.80000000e+00 
 1.02475000e-08  0.00000000e+00  1.02475000e-08  1.80000000e+00  1.02475000e-08  1.80000000e+00  1.02475000e-08  1.80000000e+00 
 1.02525000e-08  0.00000000e+00  1.02525000e-08  1.80000000e+00  1.02525000e-08  1.80000000e+00  1.02525000e-08  1.80000000e+00 
 1.02575000e-08  0.00000000e+00  1.02575000e-08  1.80000000e+00  1.02575000e-08  1.80000000e+00  1.02575000e-08  1.80000000e+00 
 1.02625000e-08  0.00000000e+00  1.02625000e-08  1.80000000e+00  1.02625000e-08  1.80000000e+00  1.02625000e-08  1.80000000e+00 
 1.02675000e-08  0.00000000e+00  1.02675000e-08  1.80000000e+00  1.02675000e-08  1.80000000e+00  1.02675000e-08  1.80000000e+00 
 1.02725000e-08  0.00000000e+00  1.02725000e-08  1.80000000e+00  1.02725000e-08  1.80000000e+00  1.02725000e-08  1.80000000e+00 
 1.02775000e-08  0.00000000e+00  1.02775000e-08  1.80000000e+00  1.02775000e-08  1.80000000e+00  1.02775000e-08  1.80000000e+00 
 1.02825000e-08  0.00000000e+00  1.02825000e-08  1.80000000e+00  1.02825000e-08  1.80000000e+00  1.02825000e-08  1.80000000e+00 
 1.02875000e-08  0.00000000e+00  1.02875000e-08  1.80000000e+00  1.02875000e-08  1.80000000e+00  1.02875000e-08  1.80000000e+00 
 1.02925000e-08  0.00000000e+00  1.02925000e-08  1.80000000e+00  1.02925000e-08  1.80000000e+00  1.02925000e-08  1.80000000e+00 
 1.02975000e-08  0.00000000e+00  1.02975000e-08  1.80000000e+00  1.02975000e-08  1.80000000e+00  1.02975000e-08  1.80000000e+00 
 1.03025000e-08  0.00000000e+00  1.03025000e-08  1.80000000e+00  1.03025000e-08  1.80000000e+00  1.03025000e-08  1.80000000e+00 
 1.03075000e-08  0.00000000e+00  1.03075000e-08  1.80000000e+00  1.03075000e-08  1.80000000e+00  1.03075000e-08  1.80000000e+00 
 1.03125000e-08  0.00000000e+00  1.03125000e-08  1.80000000e+00  1.03125000e-08  1.80000000e+00  1.03125000e-08  1.80000000e+00 
 1.03175000e-08  0.00000000e+00  1.03175000e-08  1.80000000e+00  1.03175000e-08  1.80000000e+00  1.03175000e-08  1.80000000e+00 
 1.03225000e-08  0.00000000e+00  1.03225000e-08  1.80000000e+00  1.03225000e-08  1.80000000e+00  1.03225000e-08  1.80000000e+00 
 1.03275000e-08  0.00000000e+00  1.03275000e-08  1.80000000e+00  1.03275000e-08  1.80000000e+00  1.03275000e-08  1.80000000e+00 
 1.03325000e-08  0.00000000e+00  1.03325000e-08  1.80000000e+00  1.03325000e-08  1.80000000e+00  1.03325000e-08  1.80000000e+00 
 1.03375000e-08  0.00000000e+00  1.03375000e-08  1.80000000e+00  1.03375000e-08  1.80000000e+00  1.03375000e-08  1.80000000e+00 
 1.03425000e-08  0.00000000e+00  1.03425000e-08  1.80000000e+00  1.03425000e-08  1.80000000e+00  1.03425000e-08  1.80000000e+00 
 1.03475000e-08  0.00000000e+00  1.03475000e-08  1.80000000e+00  1.03475000e-08  1.80000000e+00  1.03475000e-08  1.80000000e+00 
 1.03525000e-08  0.00000000e+00  1.03525000e-08  1.80000000e+00  1.03525000e-08  1.80000000e+00  1.03525000e-08  1.80000000e+00 
 1.03575000e-08  0.00000000e+00  1.03575000e-08  1.80000000e+00  1.03575000e-08  1.80000000e+00  1.03575000e-08  1.80000000e+00 
 1.03625000e-08  0.00000000e+00  1.03625000e-08  1.80000000e+00  1.03625000e-08  1.80000000e+00  1.03625000e-08  1.80000000e+00 
 1.03675000e-08  0.00000000e+00  1.03675000e-08  1.80000000e+00  1.03675000e-08  1.80000000e+00  1.03675000e-08  1.80000000e+00 
 1.03725000e-08  0.00000000e+00  1.03725000e-08  1.80000000e+00  1.03725000e-08  1.80000000e+00  1.03725000e-08  1.80000000e+00 
 1.03775000e-08  0.00000000e+00  1.03775000e-08  1.80000000e+00  1.03775000e-08  1.80000000e+00  1.03775000e-08  1.80000000e+00 
 1.03825000e-08  0.00000000e+00  1.03825000e-08  1.80000000e+00  1.03825000e-08  1.80000000e+00  1.03825000e-08  1.80000000e+00 
 1.03875000e-08  0.00000000e+00  1.03875000e-08  1.80000000e+00  1.03875000e-08  1.80000000e+00  1.03875000e-08  1.80000000e+00 
 1.03925000e-08  0.00000000e+00  1.03925000e-08  1.80000000e+00  1.03925000e-08  1.80000000e+00  1.03925000e-08  1.80000000e+00 
 1.03975000e-08  0.00000000e+00  1.03975000e-08  1.80000000e+00  1.03975000e-08  1.80000000e+00  1.03975000e-08  1.80000000e+00 
 1.04025000e-08  0.00000000e+00  1.04025000e-08  1.80000000e+00  1.04025000e-08  1.80000000e+00  1.04025000e-08  1.80000000e+00 
 1.04075000e-08  0.00000000e+00  1.04075000e-08  1.80000000e+00  1.04075000e-08  1.80000000e+00  1.04075000e-08  1.80000000e+00 
 1.04125000e-08  0.00000000e+00  1.04125000e-08  1.80000000e+00  1.04125000e-08  1.80000000e+00  1.04125000e-08  1.80000000e+00 
 1.04175000e-08  0.00000000e+00  1.04175000e-08  1.80000000e+00  1.04175000e-08  1.80000000e+00  1.04175000e-08  1.80000000e+00 
 1.04225000e-08  0.00000000e+00  1.04225000e-08  1.80000000e+00  1.04225000e-08  1.80000000e+00  1.04225000e-08  1.80000000e+00 
 1.04275000e-08  0.00000000e+00  1.04275000e-08  1.80000000e+00  1.04275000e-08  1.80000000e+00  1.04275000e-08  1.80000000e+00 
 1.04325000e-08  0.00000000e+00  1.04325000e-08  1.80000000e+00  1.04325000e-08  1.80000000e+00  1.04325000e-08  1.80000000e+00 
 1.04375000e-08  0.00000000e+00  1.04375000e-08  1.80000000e+00  1.04375000e-08  1.80000000e+00  1.04375000e-08  1.80000000e+00 
 1.04425000e-08  0.00000000e+00  1.04425000e-08  1.80000000e+00  1.04425000e-08  1.80000000e+00  1.04425000e-08  1.80000000e+00 
 1.04475000e-08  0.00000000e+00  1.04475000e-08  1.80000000e+00  1.04475000e-08  1.80000000e+00  1.04475000e-08  1.80000000e+00 
 1.04525000e-08  0.00000000e+00  1.04525000e-08  1.80000000e+00  1.04525000e-08  1.80000000e+00  1.04525000e-08  1.80000000e+00 
 1.04575000e-08  0.00000000e+00  1.04575000e-08  1.80000000e+00  1.04575000e-08  1.80000000e+00  1.04575000e-08  1.80000000e+00 
 1.04625000e-08  0.00000000e+00  1.04625000e-08  1.80000000e+00  1.04625000e-08  1.80000000e+00  1.04625000e-08  1.80000000e+00 
 1.04675000e-08  0.00000000e+00  1.04675000e-08  1.80000000e+00  1.04675000e-08  1.80000000e+00  1.04675000e-08  1.80000000e+00 
 1.04725000e-08  0.00000000e+00  1.04725000e-08  1.80000000e+00  1.04725000e-08  1.80000000e+00  1.04725000e-08  1.80000000e+00 
 1.04775000e-08  0.00000000e+00  1.04775000e-08  1.80000000e+00  1.04775000e-08  1.80000000e+00  1.04775000e-08  1.80000000e+00 
 1.04825000e-08  0.00000000e+00  1.04825000e-08  1.80000000e+00  1.04825000e-08  1.80000000e+00  1.04825000e-08  1.80000000e+00 
 1.04875000e-08  0.00000000e+00  1.04875000e-08  1.80000000e+00  1.04875000e-08  1.80000000e+00  1.04875000e-08  1.80000000e+00 
 1.04925000e-08  0.00000000e+00  1.04925000e-08  1.80000000e+00  1.04925000e-08  1.80000000e+00  1.04925000e-08  1.80000000e+00 
 1.04975000e-08  0.00000000e+00  1.04975000e-08  1.80000000e+00  1.04975000e-08  1.80000000e+00  1.04975000e-08  1.80000000e+00 
 1.05025000e-08  0.00000000e+00  1.05025000e-08  1.80000000e+00  1.05025000e-08  1.80000000e+00  1.05025000e-08  1.80000000e+00 
 1.05075000e-08  0.00000000e+00  1.05075000e-08  1.80000000e+00  1.05075000e-08  1.80000000e+00  1.05075000e-08  1.80000000e+00 
 1.05125000e-08  0.00000000e+00  1.05125000e-08  1.80000000e+00  1.05125000e-08  1.80000000e+00  1.05125000e-08  1.80000000e+00 
 1.05175000e-08  0.00000000e+00  1.05175000e-08  1.80000000e+00  1.05175000e-08  1.80000000e+00  1.05175000e-08  1.80000000e+00 
 1.05225000e-08  0.00000000e+00  1.05225000e-08  1.80000000e+00  1.05225000e-08  1.80000000e+00  1.05225000e-08  1.80000000e+00 
 1.05275000e-08  0.00000000e+00  1.05275000e-08  1.80000000e+00  1.05275000e-08  1.80000000e+00  1.05275000e-08  1.80000000e+00 
 1.05325000e-08  0.00000000e+00  1.05325000e-08  1.80000000e+00  1.05325000e-08  1.80000000e+00  1.05325000e-08  1.80000000e+00 
 1.05375000e-08  0.00000000e+00  1.05375000e-08  1.80000000e+00  1.05375000e-08  1.80000000e+00  1.05375000e-08  1.80000000e+00 
 1.05425000e-08  0.00000000e+00  1.05425000e-08  1.80000000e+00  1.05425000e-08  1.80000000e+00  1.05425000e-08  1.80000000e+00 
 1.05475000e-08  0.00000000e+00  1.05475000e-08  1.80000000e+00  1.05475000e-08  1.80000000e+00  1.05475000e-08  1.80000000e+00 
 1.05525000e-08  0.00000000e+00  1.05525000e-08  1.80000000e+00  1.05525000e-08  1.80000000e+00  1.05525000e-08  1.80000000e+00 
 1.05575000e-08  0.00000000e+00  1.05575000e-08  1.80000000e+00  1.05575000e-08  1.80000000e+00  1.05575000e-08  1.80000000e+00 
 1.05625000e-08  0.00000000e+00  1.05625000e-08  1.80000000e+00  1.05625000e-08  1.80000000e+00  1.05625000e-08  1.80000000e+00 
 1.05675000e-08  0.00000000e+00  1.05675000e-08  1.80000000e+00  1.05675000e-08  1.80000000e+00  1.05675000e-08  1.80000000e+00 
 1.05725000e-08  0.00000000e+00  1.05725000e-08  1.80000000e+00  1.05725000e-08  1.80000000e+00  1.05725000e-08  1.80000000e+00 
 1.05775000e-08  0.00000000e+00  1.05775000e-08  1.80000000e+00  1.05775000e-08  1.80000000e+00  1.05775000e-08  1.80000000e+00 
 1.05825000e-08  0.00000000e+00  1.05825000e-08  1.80000000e+00  1.05825000e-08  1.80000000e+00  1.05825000e-08  1.80000000e+00 
 1.05875000e-08  0.00000000e+00  1.05875000e-08  1.80000000e+00  1.05875000e-08  1.80000000e+00  1.05875000e-08  1.80000000e+00 
 1.05925000e-08  0.00000000e+00  1.05925000e-08  1.80000000e+00  1.05925000e-08  1.80000000e+00  1.05925000e-08  1.80000000e+00 
 1.05975000e-08  0.00000000e+00  1.05975000e-08  1.80000000e+00  1.05975000e-08  1.80000000e+00  1.05975000e-08  1.80000000e+00 
 1.06025000e-08  0.00000000e+00  1.06025000e-08  1.80000000e+00  1.06025000e-08  1.80000000e+00  1.06025000e-08  1.80000000e+00 
 1.06075000e-08  0.00000000e+00  1.06075000e-08  1.80000000e+00  1.06075000e-08  1.80000000e+00  1.06075000e-08  1.80000000e+00 
 1.06125000e-08  0.00000000e+00  1.06125000e-08  1.80000000e+00  1.06125000e-08  1.80000000e+00  1.06125000e-08  1.80000000e+00 
 1.06175000e-08  0.00000000e+00  1.06175000e-08  1.80000000e+00  1.06175000e-08  1.80000000e+00  1.06175000e-08  1.80000000e+00 
 1.06225000e-08  0.00000000e+00  1.06225000e-08  1.80000000e+00  1.06225000e-08  1.80000000e+00  1.06225000e-08  1.80000000e+00 
 1.06275000e-08  0.00000000e+00  1.06275000e-08  1.80000000e+00  1.06275000e-08  1.80000000e+00  1.06275000e-08  1.80000000e+00 
 1.06325000e-08  0.00000000e+00  1.06325000e-08  1.80000000e+00  1.06325000e-08  1.80000000e+00  1.06325000e-08  1.80000000e+00 
 1.06375000e-08  0.00000000e+00  1.06375000e-08  1.80000000e+00  1.06375000e-08  1.80000000e+00  1.06375000e-08  1.80000000e+00 
 1.06425000e-08  0.00000000e+00  1.06425000e-08  1.80000000e+00  1.06425000e-08  1.80000000e+00  1.06425000e-08  1.80000000e+00 
 1.06475000e-08  0.00000000e+00  1.06475000e-08  1.80000000e+00  1.06475000e-08  1.80000000e+00  1.06475000e-08  1.80000000e+00 
 1.06525000e-08  0.00000000e+00  1.06525000e-08  1.80000000e+00  1.06525000e-08  1.80000000e+00  1.06525000e-08  1.80000000e+00 
 1.06575000e-08  0.00000000e+00  1.06575000e-08  1.80000000e+00  1.06575000e-08  1.80000000e+00  1.06575000e-08  1.80000000e+00 
 1.06625000e-08  0.00000000e+00  1.06625000e-08  1.80000000e+00  1.06625000e-08  1.80000000e+00  1.06625000e-08  1.80000000e+00 
 1.06675000e-08  0.00000000e+00  1.06675000e-08  1.80000000e+00  1.06675000e-08  1.80000000e+00  1.06675000e-08  1.80000000e+00 
 1.06725000e-08  0.00000000e+00  1.06725000e-08  1.80000000e+00  1.06725000e-08  1.80000000e+00  1.06725000e-08  1.80000000e+00 
 1.06775000e-08  0.00000000e+00  1.06775000e-08  1.80000000e+00  1.06775000e-08  1.80000000e+00  1.06775000e-08  1.80000000e+00 
 1.06825000e-08  0.00000000e+00  1.06825000e-08  1.80000000e+00  1.06825000e-08  1.80000000e+00  1.06825000e-08  1.80000000e+00 
 1.06875000e-08  0.00000000e+00  1.06875000e-08  1.80000000e+00  1.06875000e-08  1.80000000e+00  1.06875000e-08  1.80000000e+00 
 1.06925000e-08  0.00000000e+00  1.06925000e-08  1.80000000e+00  1.06925000e-08  1.80000000e+00  1.06925000e-08  1.80000000e+00 
 1.06975000e-08  0.00000000e+00  1.06975000e-08  1.80000000e+00  1.06975000e-08  1.80000000e+00  1.06975000e-08  1.80000000e+00 
 1.07025000e-08  0.00000000e+00  1.07025000e-08  1.80000000e+00  1.07025000e-08  1.80000000e+00  1.07025000e-08  1.80000000e+00 
 1.07075000e-08  0.00000000e+00  1.07075000e-08  1.80000000e+00  1.07075000e-08  1.80000000e+00  1.07075000e-08  1.80000000e+00 
 1.07125000e-08  0.00000000e+00  1.07125000e-08  1.80000000e+00  1.07125000e-08  1.80000000e+00  1.07125000e-08  1.80000000e+00 
 1.07175000e-08  0.00000000e+00  1.07175000e-08  1.80000000e+00  1.07175000e-08  1.80000000e+00  1.07175000e-08  1.80000000e+00 
 1.07225000e-08  0.00000000e+00  1.07225000e-08  1.80000000e+00  1.07225000e-08  1.80000000e+00  1.07225000e-08  1.80000000e+00 
 1.07275000e-08  0.00000000e+00  1.07275000e-08  1.80000000e+00  1.07275000e-08  1.80000000e+00  1.07275000e-08  1.80000000e+00 
 1.07325000e-08  0.00000000e+00  1.07325000e-08  1.80000000e+00  1.07325000e-08  1.80000000e+00  1.07325000e-08  1.80000000e+00 
 1.07375000e-08  0.00000000e+00  1.07375000e-08  1.80000000e+00  1.07375000e-08  1.80000000e+00  1.07375000e-08  1.80000000e+00 
 1.07425000e-08  0.00000000e+00  1.07425000e-08  1.80000000e+00  1.07425000e-08  1.80000000e+00  1.07425000e-08  1.80000000e+00 
 1.07475000e-08  0.00000000e+00  1.07475000e-08  1.80000000e+00  1.07475000e-08  1.80000000e+00  1.07475000e-08  1.80000000e+00 
 1.07525000e-08  0.00000000e+00  1.07525000e-08  1.80000000e+00  1.07525000e-08  1.80000000e+00  1.07525000e-08  1.80000000e+00 
 1.07575000e-08  0.00000000e+00  1.07575000e-08  1.80000000e+00  1.07575000e-08  1.80000000e+00  1.07575000e-08  1.80000000e+00 
 1.07625000e-08  0.00000000e+00  1.07625000e-08  1.80000000e+00  1.07625000e-08  1.80000000e+00  1.07625000e-08  1.80000000e+00 
 1.07675000e-08  0.00000000e+00  1.07675000e-08  1.80000000e+00  1.07675000e-08  1.80000000e+00  1.07675000e-08  1.80000000e+00 
 1.07725000e-08  0.00000000e+00  1.07725000e-08  1.80000000e+00  1.07725000e-08  1.80000000e+00  1.07725000e-08  1.80000000e+00 
 1.07775000e-08  0.00000000e+00  1.07775000e-08  1.80000000e+00  1.07775000e-08  1.80000000e+00  1.07775000e-08  1.80000000e+00 
 1.07825000e-08  0.00000000e+00  1.07825000e-08  1.80000000e+00  1.07825000e-08  1.80000000e+00  1.07825000e-08  1.80000000e+00 
 1.07875000e-08  0.00000000e+00  1.07875000e-08  1.80000000e+00  1.07875000e-08  1.80000000e+00  1.07875000e-08  1.80000000e+00 
 1.07925000e-08  0.00000000e+00  1.07925000e-08  1.80000000e+00  1.07925000e-08  1.80000000e+00  1.07925000e-08  1.80000000e+00 
 1.07975000e-08  0.00000000e+00  1.07975000e-08  1.80000000e+00  1.07975000e-08  1.80000000e+00  1.07975000e-08  1.80000000e+00 
 1.08025000e-08  0.00000000e+00  1.08025000e-08  1.80000000e+00  1.08025000e-08  1.80000000e+00  1.08025000e-08  1.80000000e+00 
 1.08075000e-08  0.00000000e+00  1.08075000e-08  1.80000000e+00  1.08075000e-08  1.80000000e+00  1.08075000e-08  1.80000000e+00 
 1.08125000e-08  0.00000000e+00  1.08125000e-08  1.80000000e+00  1.08125000e-08  1.80000000e+00  1.08125000e-08  1.80000000e+00 
 1.08175000e-08  0.00000000e+00  1.08175000e-08  1.80000000e+00  1.08175000e-08  1.80000000e+00  1.08175000e-08  1.80000000e+00 
 1.08225000e-08  0.00000000e+00  1.08225000e-08  1.80000000e+00  1.08225000e-08  1.80000000e+00  1.08225000e-08  1.80000000e+00 
 1.08275000e-08  0.00000000e+00  1.08275000e-08  1.80000000e+00  1.08275000e-08  1.80000000e+00  1.08275000e-08  1.80000000e+00 
 1.08325000e-08  0.00000000e+00  1.08325000e-08  1.80000000e+00  1.08325000e-08  1.80000000e+00  1.08325000e-08  1.80000000e+00 
 1.08375000e-08  0.00000000e+00  1.08375000e-08  1.80000000e+00  1.08375000e-08  1.80000000e+00  1.08375000e-08  1.80000000e+00 
 1.08425000e-08  0.00000000e+00  1.08425000e-08  1.80000000e+00  1.08425000e-08  1.80000000e+00  1.08425000e-08  1.80000000e+00 
 1.08475000e-08  0.00000000e+00  1.08475000e-08  1.80000000e+00  1.08475000e-08  1.80000000e+00  1.08475000e-08  1.80000000e+00 
 1.08525000e-08  0.00000000e+00  1.08525000e-08  1.80000000e+00  1.08525000e-08  1.80000000e+00  1.08525000e-08  1.80000000e+00 
 1.08575000e-08  0.00000000e+00  1.08575000e-08  1.80000000e+00  1.08575000e-08  1.80000000e+00  1.08575000e-08  1.80000000e+00 
 1.08625000e-08  0.00000000e+00  1.08625000e-08  1.80000000e+00  1.08625000e-08  1.80000000e+00  1.08625000e-08  1.80000000e+00 
 1.08675000e-08  0.00000000e+00  1.08675000e-08  1.80000000e+00  1.08675000e-08  1.80000000e+00  1.08675000e-08  1.80000000e+00 
 1.08725000e-08  0.00000000e+00  1.08725000e-08  1.80000000e+00  1.08725000e-08  1.80000000e+00  1.08725000e-08  1.80000000e+00 
 1.08775000e-08  0.00000000e+00  1.08775000e-08  1.80000000e+00  1.08775000e-08  1.80000000e+00  1.08775000e-08  1.80000000e+00 
 1.08825000e-08  0.00000000e+00  1.08825000e-08  1.80000000e+00  1.08825000e-08  1.80000000e+00  1.08825000e-08  1.80000000e+00 
 1.08875000e-08  0.00000000e+00  1.08875000e-08  1.80000000e+00  1.08875000e-08  1.80000000e+00  1.08875000e-08  1.80000000e+00 
 1.08925000e-08  0.00000000e+00  1.08925000e-08  1.80000000e+00  1.08925000e-08  1.80000000e+00  1.08925000e-08  1.80000000e+00 
 1.08975000e-08  0.00000000e+00  1.08975000e-08  1.80000000e+00  1.08975000e-08  1.80000000e+00  1.08975000e-08  1.80000000e+00 
 1.09025000e-08  0.00000000e+00  1.09025000e-08  1.80000000e+00  1.09025000e-08  1.80000000e+00  1.09025000e-08  1.80000000e+00 
 1.09075000e-08  0.00000000e+00  1.09075000e-08  1.80000000e+00  1.09075000e-08  1.80000000e+00  1.09075000e-08  1.80000000e+00 
 1.09125000e-08  0.00000000e+00  1.09125000e-08  1.80000000e+00  1.09125000e-08  1.80000000e+00  1.09125000e-08  1.80000000e+00 
 1.09175000e-08  0.00000000e+00  1.09175000e-08  1.80000000e+00  1.09175000e-08  1.80000000e+00  1.09175000e-08  1.80000000e+00 
 1.09225000e-08  0.00000000e+00  1.09225000e-08  1.80000000e+00  1.09225000e-08  1.80000000e+00  1.09225000e-08  1.80000000e+00 
 1.09275000e-08  0.00000000e+00  1.09275000e-08  1.80000000e+00  1.09275000e-08  1.80000000e+00  1.09275000e-08  1.80000000e+00 
 1.09325000e-08  0.00000000e+00  1.09325000e-08  1.80000000e+00  1.09325000e-08  1.80000000e+00  1.09325000e-08  1.80000000e+00 
 1.09375000e-08  0.00000000e+00  1.09375000e-08  1.80000000e+00  1.09375000e-08  1.80000000e+00  1.09375000e-08  1.80000000e+00 
 1.09425000e-08  0.00000000e+00  1.09425000e-08  1.80000000e+00  1.09425000e-08  1.80000000e+00  1.09425000e-08  1.80000000e+00 
 1.09475000e-08  0.00000000e+00  1.09475000e-08  1.80000000e+00  1.09475000e-08  1.80000000e+00  1.09475000e-08  1.80000000e+00 
 1.09525000e-08  0.00000000e+00  1.09525000e-08  1.80000000e+00  1.09525000e-08  1.80000000e+00  1.09525000e-08  1.80000000e+00 
 1.09575000e-08  0.00000000e+00  1.09575000e-08  1.80000000e+00  1.09575000e-08  1.80000000e+00  1.09575000e-08  1.80000000e+00 
 1.09625000e-08  0.00000000e+00  1.09625000e-08  1.80000000e+00  1.09625000e-08  1.80000000e+00  1.09625000e-08  1.80000000e+00 
 1.09675000e-08  0.00000000e+00  1.09675000e-08  1.80000000e+00  1.09675000e-08  1.80000000e+00  1.09675000e-08  1.80000000e+00 
 1.09725000e-08  0.00000000e+00  1.09725000e-08  1.80000000e+00  1.09725000e-08  1.80000000e+00  1.09725000e-08  1.80000000e+00 
 1.09775000e-08  0.00000000e+00  1.09775000e-08  1.80000000e+00  1.09775000e-08  1.80000000e+00  1.09775000e-08  1.80000000e+00 
 1.09825000e-08  0.00000000e+00  1.09825000e-08  1.80000000e+00  1.09825000e-08  1.80000000e+00  1.09825000e-08  1.80000000e+00 
 1.09875000e-08  0.00000000e+00  1.09875000e-08  1.80000000e+00  1.09875000e-08  1.80000000e+00  1.09875000e-08  1.80000000e+00 
 1.09925000e-08  0.00000000e+00  1.09925000e-08  1.80000000e+00  1.09925000e-08  1.80000000e+00  1.09925000e-08  1.80000000e+00 
 1.09975000e-08  0.00000000e+00  1.09975000e-08  1.80000000e+00  1.09975000e-08  1.80000000e+00  1.09975000e-08  1.80000000e+00 
 1.10025000e-08  0.00000000e+00  1.10025000e-08  1.80000000e+00  1.10025000e-08  1.80000000e+00  1.10025000e-08  1.80000000e+00 
 1.10075000e-08  0.00000000e+00  1.10075000e-08  1.80000000e+00  1.10075000e-08  1.80000000e+00  1.10075000e-08  1.80000000e+00 
 1.10125000e-08  0.00000000e+00  1.10125000e-08  1.80000000e+00  1.10125000e-08  1.80000000e+00  1.10125000e-08  1.80000000e+00 
 1.10175000e-08  0.00000000e+00  1.10175000e-08  1.80000000e+00  1.10175000e-08  1.80000000e+00  1.10175000e-08  1.80000000e+00 
 1.10225000e-08  0.00000000e+00  1.10225000e-08  1.80000000e+00  1.10225000e-08  1.80000000e+00  1.10225000e-08  1.80000000e+00 
 1.10275000e-08  0.00000000e+00  1.10275000e-08  1.80000000e+00  1.10275000e-08  1.80000000e+00  1.10275000e-08  1.80000000e+00 
 1.10325000e-08  0.00000000e+00  1.10325000e-08  1.80000000e+00  1.10325000e-08  1.80000000e+00  1.10325000e-08  1.80000000e+00 
 1.10375000e-08  0.00000000e+00  1.10375000e-08  1.80000000e+00  1.10375000e-08  1.80000000e+00  1.10375000e-08  1.80000000e+00 
 1.10425000e-08  0.00000000e+00  1.10425000e-08  1.80000000e+00  1.10425000e-08  1.80000000e+00  1.10425000e-08  1.80000000e+00 
 1.10475000e-08  0.00000000e+00  1.10475000e-08  1.80000000e+00  1.10475000e-08  1.80000000e+00  1.10475000e-08  1.80000000e+00 
 1.10525000e-08  0.00000000e+00  1.10525000e-08  1.80000000e+00  1.10525000e-08  1.80000000e+00  1.10525000e-08  1.80000000e+00 
 1.10575000e-08  0.00000000e+00  1.10575000e-08  1.80000000e+00  1.10575000e-08  1.80000000e+00  1.10575000e-08  1.80000000e+00 
 1.10625000e-08  0.00000000e+00  1.10625000e-08  1.80000000e+00  1.10625000e-08  1.80000000e+00  1.10625000e-08  1.80000000e+00 
 1.10675000e-08  0.00000000e+00  1.10675000e-08  1.80000000e+00  1.10675000e-08  1.80000000e+00  1.10675000e-08  1.80000000e+00 
 1.10725000e-08  0.00000000e+00  1.10725000e-08  1.80000000e+00  1.10725000e-08  1.80000000e+00  1.10725000e-08  1.80000000e+00 
 1.10775000e-08  0.00000000e+00  1.10775000e-08  1.80000000e+00  1.10775000e-08  1.80000000e+00  1.10775000e-08  1.80000000e+00 
 1.10825000e-08  0.00000000e+00  1.10825000e-08  1.80000000e+00  1.10825000e-08  1.80000000e+00  1.10825000e-08  1.80000000e+00 
 1.10875000e-08  0.00000000e+00  1.10875000e-08  1.80000000e+00  1.10875000e-08  1.80000000e+00  1.10875000e-08  1.80000000e+00 
 1.10925000e-08  0.00000000e+00  1.10925000e-08  1.80000000e+00  1.10925000e-08  1.80000000e+00  1.10925000e-08  1.80000000e+00 
 1.10975000e-08  0.00000000e+00  1.10975000e-08  1.80000000e+00  1.10975000e-08  1.80000000e+00  1.10975000e-08  1.80000000e+00 
 1.11025000e-08  0.00000000e+00  1.11025000e-08  1.80000000e+00  1.11025000e-08  1.80000000e+00  1.11025000e-08  1.80000000e+00 
 1.11075000e-08  0.00000000e+00  1.11075000e-08  1.80000000e+00  1.11075000e-08  1.80000000e+00  1.11075000e-08  1.80000000e+00 
 1.11125000e-08  0.00000000e+00  1.11125000e-08  1.80000000e+00  1.11125000e-08  1.80000000e+00  1.11125000e-08  1.80000000e+00 
 1.11175000e-08  0.00000000e+00  1.11175000e-08  1.80000000e+00  1.11175000e-08  1.80000000e+00  1.11175000e-08  1.80000000e+00 
 1.11225000e-08  0.00000000e+00  1.11225000e-08  1.80000000e+00  1.11225000e-08  1.80000000e+00  1.11225000e-08  1.80000000e+00 
 1.11275000e-08  0.00000000e+00  1.11275000e-08  1.80000000e+00  1.11275000e-08  1.80000000e+00  1.11275000e-08  1.80000000e+00 
 1.11325000e-08  0.00000000e+00  1.11325000e-08  1.80000000e+00  1.11325000e-08  1.80000000e+00  1.11325000e-08  1.80000000e+00 
 1.11375000e-08  0.00000000e+00  1.11375000e-08  1.80000000e+00  1.11375000e-08  1.80000000e+00  1.11375000e-08  1.80000000e+00 
 1.11425000e-08  0.00000000e+00  1.11425000e-08  1.80000000e+00  1.11425000e-08  1.80000000e+00  1.11425000e-08  1.80000000e+00 
 1.11475000e-08  0.00000000e+00  1.11475000e-08  1.80000000e+00  1.11475000e-08  1.80000000e+00  1.11475000e-08  1.80000000e+00 
 1.11525000e-08  0.00000000e+00  1.11525000e-08  1.80000000e+00  1.11525000e-08  1.80000000e+00  1.11525000e-08  1.80000000e+00 
 1.11575000e-08  0.00000000e+00  1.11575000e-08  1.80000000e+00  1.11575000e-08  1.80000000e+00  1.11575000e-08  1.80000000e+00 
 1.11625000e-08  0.00000000e+00  1.11625000e-08  1.80000000e+00  1.11625000e-08  1.80000000e+00  1.11625000e-08  1.80000000e+00 
 1.11675000e-08  0.00000000e+00  1.11675000e-08  1.80000000e+00  1.11675000e-08  1.80000000e+00  1.11675000e-08  1.80000000e+00 
 1.11725000e-08  0.00000000e+00  1.11725000e-08  1.80000000e+00  1.11725000e-08  1.80000000e+00  1.11725000e-08  1.80000000e+00 
 1.11775000e-08  0.00000000e+00  1.11775000e-08  1.80000000e+00  1.11775000e-08  1.80000000e+00  1.11775000e-08  1.80000000e+00 
 1.11825000e-08  0.00000000e+00  1.11825000e-08  1.80000000e+00  1.11825000e-08  1.80000000e+00  1.11825000e-08  1.80000000e+00 
 1.11875000e-08  0.00000000e+00  1.11875000e-08  1.80000000e+00  1.11875000e-08  1.80000000e+00  1.11875000e-08  1.80000000e+00 
 1.11925000e-08  0.00000000e+00  1.11925000e-08  1.80000000e+00  1.11925000e-08  1.80000000e+00  1.11925000e-08  1.80000000e+00 
 1.11975000e-08  0.00000000e+00  1.11975000e-08  1.80000000e+00  1.11975000e-08  1.80000000e+00  1.11975000e-08  1.80000000e+00 
 1.12025000e-08  0.00000000e+00  1.12025000e-08  1.80000000e+00  1.12025000e-08  1.80000000e+00  1.12025000e-08  1.80000000e+00 
 1.12075000e-08  0.00000000e+00  1.12075000e-08  1.80000000e+00  1.12075000e-08  1.80000000e+00  1.12075000e-08  1.80000000e+00 
 1.12125000e-08  0.00000000e+00  1.12125000e-08  1.80000000e+00  1.12125000e-08  1.80000000e+00  1.12125000e-08  1.80000000e+00 
 1.12175000e-08  0.00000000e+00  1.12175000e-08  1.80000000e+00  1.12175000e-08  1.80000000e+00  1.12175000e-08  1.80000000e+00 
 1.12225000e-08  0.00000000e+00  1.12225000e-08  1.80000000e+00  1.12225000e-08  1.80000000e+00  1.12225000e-08  1.80000000e+00 
 1.12275000e-08  0.00000000e+00  1.12275000e-08  1.80000000e+00  1.12275000e-08  1.80000000e+00  1.12275000e-08  1.80000000e+00 
 1.12325000e-08  0.00000000e+00  1.12325000e-08  1.80000000e+00  1.12325000e-08  1.80000000e+00  1.12325000e-08  1.80000000e+00 
 1.12375000e-08  0.00000000e+00  1.12375000e-08  1.80000000e+00  1.12375000e-08  1.80000000e+00  1.12375000e-08  1.80000000e+00 
 1.12425000e-08  0.00000000e+00  1.12425000e-08  1.80000000e+00  1.12425000e-08  1.80000000e+00  1.12425000e-08  1.80000000e+00 
 1.12475000e-08  0.00000000e+00  1.12475000e-08  1.80000000e+00  1.12475000e-08  1.80000000e+00  1.12475000e-08  1.80000000e+00 
 1.12525000e-08  0.00000000e+00  1.12525000e-08  1.80000000e+00  1.12525000e-08  1.80000000e+00  1.12525000e-08  1.80000000e+00 
 1.12575000e-08  0.00000000e+00  1.12575000e-08  1.80000000e+00  1.12575000e-08  1.80000000e+00  1.12575000e-08  1.80000000e+00 
 1.12625000e-08  0.00000000e+00  1.12625000e-08  1.80000000e+00  1.12625000e-08  1.80000000e+00  1.12625000e-08  1.80000000e+00 
 1.12675000e-08  0.00000000e+00  1.12675000e-08  1.80000000e+00  1.12675000e-08  1.80000000e+00  1.12675000e-08  1.80000000e+00 
 1.12725000e-08  0.00000000e+00  1.12725000e-08  1.80000000e+00  1.12725000e-08  1.80000000e+00  1.12725000e-08  1.80000000e+00 
 1.12775000e-08  0.00000000e+00  1.12775000e-08  1.80000000e+00  1.12775000e-08  1.80000000e+00  1.12775000e-08  1.80000000e+00 
 1.12825000e-08  0.00000000e+00  1.12825000e-08  1.80000000e+00  1.12825000e-08  1.80000000e+00  1.12825000e-08  1.80000000e+00 
 1.12875000e-08  0.00000000e+00  1.12875000e-08  1.80000000e+00  1.12875000e-08  1.80000000e+00  1.12875000e-08  1.80000000e+00 
 1.12925000e-08  0.00000000e+00  1.12925000e-08  1.80000000e+00  1.12925000e-08  1.80000000e+00  1.12925000e-08  1.80000000e+00 
 1.12975000e-08  0.00000000e+00  1.12975000e-08  1.80000000e+00  1.12975000e-08  1.80000000e+00  1.12975000e-08  1.80000000e+00 
 1.13025000e-08  0.00000000e+00  1.13025000e-08  1.80000000e+00  1.13025000e-08  1.80000000e+00  1.13025000e-08  1.80000000e+00 
 1.13075000e-08  0.00000000e+00  1.13075000e-08  1.80000000e+00  1.13075000e-08  1.80000000e+00  1.13075000e-08  1.80000000e+00 
 1.13125000e-08  0.00000000e+00  1.13125000e-08  1.80000000e+00  1.13125000e-08  1.80000000e+00  1.13125000e-08  1.80000000e+00 
 1.13175000e-08  0.00000000e+00  1.13175000e-08  1.80000000e+00  1.13175000e-08  1.80000000e+00  1.13175000e-08  1.80000000e+00 
 1.13225000e-08  0.00000000e+00  1.13225000e-08  1.80000000e+00  1.13225000e-08  1.80000000e+00  1.13225000e-08  1.80000000e+00 
 1.13275000e-08  0.00000000e+00  1.13275000e-08  1.80000000e+00  1.13275000e-08  1.80000000e+00  1.13275000e-08  1.80000000e+00 
 1.13325000e-08  0.00000000e+00  1.13325000e-08  1.80000000e+00  1.13325000e-08  1.80000000e+00  1.13325000e-08  1.80000000e+00 
 1.13375000e-08  0.00000000e+00  1.13375000e-08  1.80000000e+00  1.13375000e-08  1.80000000e+00  1.13375000e-08  1.80000000e+00 
 1.13425000e-08  0.00000000e+00  1.13425000e-08  1.80000000e+00  1.13425000e-08  1.80000000e+00  1.13425000e-08  1.80000000e+00 
 1.13475000e-08  0.00000000e+00  1.13475000e-08  1.80000000e+00  1.13475000e-08  1.80000000e+00  1.13475000e-08  1.80000000e+00 
 1.13525000e-08  0.00000000e+00  1.13525000e-08  1.80000000e+00  1.13525000e-08  1.80000000e+00  1.13525000e-08  1.80000000e+00 
 1.13575000e-08  0.00000000e+00  1.13575000e-08  1.80000000e+00  1.13575000e-08  1.80000000e+00  1.13575000e-08  1.80000000e+00 
 1.13625000e-08  0.00000000e+00  1.13625000e-08  1.80000000e+00  1.13625000e-08  1.80000000e+00  1.13625000e-08  1.80000000e+00 
 1.13675000e-08  0.00000000e+00  1.13675000e-08  1.80000000e+00  1.13675000e-08  1.80000000e+00  1.13675000e-08  1.80000000e+00 
 1.13725000e-08  0.00000000e+00  1.13725000e-08  1.80000000e+00  1.13725000e-08  1.80000000e+00  1.13725000e-08  1.80000000e+00 
 1.13775000e-08  0.00000000e+00  1.13775000e-08  1.80000000e+00  1.13775000e-08  1.80000000e+00  1.13775000e-08  1.80000000e+00 
 1.13825000e-08  0.00000000e+00  1.13825000e-08  1.80000000e+00  1.13825000e-08  1.80000000e+00  1.13825000e-08  1.80000000e+00 
 1.13875000e-08  0.00000000e+00  1.13875000e-08  1.80000000e+00  1.13875000e-08  1.80000000e+00  1.13875000e-08  1.80000000e+00 
 1.13925000e-08  0.00000000e+00  1.13925000e-08  1.80000000e+00  1.13925000e-08  1.80000000e+00  1.13925000e-08  1.80000000e+00 
 1.13975000e-08  0.00000000e+00  1.13975000e-08  1.80000000e+00  1.13975000e-08  1.80000000e+00  1.13975000e-08  1.80000000e+00 
 1.14025000e-08  0.00000000e+00  1.14025000e-08  1.80000000e+00  1.14025000e-08  1.80000000e+00  1.14025000e-08  1.80000000e+00 
 1.14075000e-08  0.00000000e+00  1.14075000e-08  1.80000000e+00  1.14075000e-08  1.80000000e+00  1.14075000e-08  1.80000000e+00 
 1.14125000e-08  0.00000000e+00  1.14125000e-08  1.80000000e+00  1.14125000e-08  1.80000000e+00  1.14125000e-08  1.80000000e+00 
 1.14175000e-08  0.00000000e+00  1.14175000e-08  1.80000000e+00  1.14175000e-08  1.80000000e+00  1.14175000e-08  1.80000000e+00 
 1.14225000e-08  0.00000000e+00  1.14225000e-08  1.80000000e+00  1.14225000e-08  1.80000000e+00  1.14225000e-08  1.80000000e+00 
 1.14275000e-08  0.00000000e+00  1.14275000e-08  1.80000000e+00  1.14275000e-08  1.80000000e+00  1.14275000e-08  1.80000000e+00 
 1.14325000e-08  0.00000000e+00  1.14325000e-08  1.80000000e+00  1.14325000e-08  1.80000000e+00  1.14325000e-08  1.80000000e+00 
 1.14375000e-08  0.00000000e+00  1.14375000e-08  1.80000000e+00  1.14375000e-08  1.80000000e+00  1.14375000e-08  1.80000000e+00 
 1.14425000e-08  0.00000000e+00  1.14425000e-08  1.80000000e+00  1.14425000e-08  1.80000000e+00  1.14425000e-08  1.80000000e+00 
 1.14475000e-08  0.00000000e+00  1.14475000e-08  1.80000000e+00  1.14475000e-08  1.80000000e+00  1.14475000e-08  1.80000000e+00 
 1.14525000e-08  0.00000000e+00  1.14525000e-08  1.80000000e+00  1.14525000e-08  1.80000000e+00  1.14525000e-08  1.80000000e+00 
 1.14575000e-08  0.00000000e+00  1.14575000e-08  1.80000000e+00  1.14575000e-08  1.80000000e+00  1.14575000e-08  1.80000000e+00 
 1.14625000e-08  0.00000000e+00  1.14625000e-08  1.80000000e+00  1.14625000e-08  1.80000000e+00  1.14625000e-08  1.80000000e+00 
 1.14675000e-08  0.00000000e+00  1.14675000e-08  1.80000000e+00  1.14675000e-08  1.80000000e+00  1.14675000e-08  1.80000000e+00 
 1.14725000e-08  0.00000000e+00  1.14725000e-08  1.80000000e+00  1.14725000e-08  1.80000000e+00  1.14725000e-08  1.80000000e+00 
 1.14775000e-08  0.00000000e+00  1.14775000e-08  1.80000000e+00  1.14775000e-08  1.80000000e+00  1.14775000e-08  1.80000000e+00 
 1.14825000e-08  0.00000000e+00  1.14825000e-08  1.80000000e+00  1.14825000e-08  1.80000000e+00  1.14825000e-08  1.80000000e+00 
 1.14875000e-08  0.00000000e+00  1.14875000e-08  1.80000000e+00  1.14875000e-08  1.80000000e+00  1.14875000e-08  1.80000000e+00 
 1.14925000e-08  0.00000000e+00  1.14925000e-08  1.80000000e+00  1.14925000e-08  1.80000000e+00  1.14925000e-08  1.80000000e+00 
 1.14975000e-08  0.00000000e+00  1.14975000e-08  1.80000000e+00  1.14975000e-08  1.80000000e+00  1.14975000e-08  1.80000000e+00 
 1.15025000e-08  0.00000000e+00  1.15025000e-08  1.80000000e+00  1.15025000e-08  1.80000000e+00  1.15025000e-08  1.80000000e+00 
 1.15075000e-08  0.00000000e+00  1.15075000e-08  1.80000000e+00  1.15075000e-08  1.80000000e+00  1.15075000e-08  1.80000000e+00 
 1.15125000e-08  0.00000000e+00  1.15125000e-08  1.80000000e+00  1.15125000e-08  1.80000000e+00  1.15125000e-08  1.80000000e+00 
 1.15175000e-08  0.00000000e+00  1.15175000e-08  1.80000000e+00  1.15175000e-08  1.80000000e+00  1.15175000e-08  1.80000000e+00 
 1.15225000e-08  0.00000000e+00  1.15225000e-08  1.80000000e+00  1.15225000e-08  1.80000000e+00  1.15225000e-08  1.80000000e+00 
 1.15275000e-08  0.00000000e+00  1.15275000e-08  1.80000000e+00  1.15275000e-08  1.80000000e+00  1.15275000e-08  1.80000000e+00 
 1.15325000e-08  0.00000000e+00  1.15325000e-08  1.80000000e+00  1.15325000e-08  1.80000000e+00  1.15325000e-08  1.80000000e+00 
 1.15375000e-08  0.00000000e+00  1.15375000e-08  1.80000000e+00  1.15375000e-08  1.80000000e+00  1.15375000e-08  1.80000000e+00 
 1.15425000e-08  0.00000000e+00  1.15425000e-08  1.80000000e+00  1.15425000e-08  1.80000000e+00  1.15425000e-08  1.80000000e+00 
 1.15475000e-08  0.00000000e+00  1.15475000e-08  1.80000000e+00  1.15475000e-08  1.80000000e+00  1.15475000e-08  1.80000000e+00 
 1.15525000e-08  0.00000000e+00  1.15525000e-08  1.80000000e+00  1.15525000e-08  1.80000000e+00  1.15525000e-08  1.80000000e+00 
 1.15575000e-08  0.00000000e+00  1.15575000e-08  1.80000000e+00  1.15575000e-08  1.80000000e+00  1.15575000e-08  1.80000000e+00 
 1.15625000e-08  0.00000000e+00  1.15625000e-08  1.80000000e+00  1.15625000e-08  1.80000000e+00  1.15625000e-08  1.80000000e+00 
 1.15675000e-08  0.00000000e+00  1.15675000e-08  1.80000000e+00  1.15675000e-08  1.80000000e+00  1.15675000e-08  1.80000000e+00 
 1.15725000e-08  0.00000000e+00  1.15725000e-08  1.80000000e+00  1.15725000e-08  1.80000000e+00  1.15725000e-08  1.80000000e+00 
 1.15775000e-08  0.00000000e+00  1.15775000e-08  1.80000000e+00  1.15775000e-08  1.80000000e+00  1.15775000e-08  1.80000000e+00 
 1.15825000e-08  0.00000000e+00  1.15825000e-08  1.80000000e+00  1.15825000e-08  1.80000000e+00  1.15825000e-08  1.80000000e+00 
 1.15875000e-08  0.00000000e+00  1.15875000e-08  1.80000000e+00  1.15875000e-08  1.80000000e+00  1.15875000e-08  1.80000000e+00 
 1.15925000e-08  0.00000000e+00  1.15925000e-08  1.80000000e+00  1.15925000e-08  1.80000000e+00  1.15925000e-08  1.80000000e+00 
 1.15975000e-08  0.00000000e+00  1.15975000e-08  1.80000000e+00  1.15975000e-08  1.80000000e+00  1.15975000e-08  1.80000000e+00 
 1.16025000e-08  0.00000000e+00  1.16025000e-08  1.80000000e+00  1.16025000e-08  1.80000000e+00  1.16025000e-08  1.80000000e+00 
 1.16075000e-08  0.00000000e+00  1.16075000e-08  1.80000000e+00  1.16075000e-08  1.80000000e+00  1.16075000e-08  1.80000000e+00 
 1.16125000e-08  0.00000000e+00  1.16125000e-08  1.80000000e+00  1.16125000e-08  1.80000000e+00  1.16125000e-08  1.80000000e+00 
 1.16175000e-08  0.00000000e+00  1.16175000e-08  1.80000000e+00  1.16175000e-08  1.80000000e+00  1.16175000e-08  1.80000000e+00 
 1.16225000e-08  0.00000000e+00  1.16225000e-08  1.80000000e+00  1.16225000e-08  1.80000000e+00  1.16225000e-08  1.80000000e+00 
 1.16275000e-08  0.00000000e+00  1.16275000e-08  1.80000000e+00  1.16275000e-08  1.80000000e+00  1.16275000e-08  1.80000000e+00 
 1.16325000e-08  0.00000000e+00  1.16325000e-08  1.80000000e+00  1.16325000e-08  1.80000000e+00  1.16325000e-08  1.80000000e+00 
 1.16375000e-08  0.00000000e+00  1.16375000e-08  1.80000000e+00  1.16375000e-08  1.80000000e+00  1.16375000e-08  1.80000000e+00 
 1.16425000e-08  0.00000000e+00  1.16425000e-08  1.80000000e+00  1.16425000e-08  1.80000000e+00  1.16425000e-08  1.80000000e+00 
 1.16475000e-08  0.00000000e+00  1.16475000e-08  1.80000000e+00  1.16475000e-08  1.80000000e+00  1.16475000e-08  1.80000000e+00 
 1.16525000e-08  0.00000000e+00  1.16525000e-08  1.80000000e+00  1.16525000e-08  1.80000000e+00  1.16525000e-08  1.80000000e+00 
 1.16575000e-08  0.00000000e+00  1.16575000e-08  1.80000000e+00  1.16575000e-08  1.80000000e+00  1.16575000e-08  1.80000000e+00 
 1.16625000e-08  0.00000000e+00  1.16625000e-08  1.80000000e+00  1.16625000e-08  1.80000000e+00  1.16625000e-08  1.80000000e+00 
 1.16675000e-08  0.00000000e+00  1.16675000e-08  1.80000000e+00  1.16675000e-08  1.80000000e+00  1.16675000e-08  1.80000000e+00 
 1.16725000e-08  0.00000000e+00  1.16725000e-08  1.80000000e+00  1.16725000e-08  1.80000000e+00  1.16725000e-08  1.80000000e+00 
 1.16775000e-08  0.00000000e+00  1.16775000e-08  1.80000000e+00  1.16775000e-08  1.80000000e+00  1.16775000e-08  1.80000000e+00 
 1.16825000e-08  0.00000000e+00  1.16825000e-08  1.80000000e+00  1.16825000e-08  1.80000000e+00  1.16825000e-08  1.80000000e+00 
 1.16875000e-08  0.00000000e+00  1.16875000e-08  1.80000000e+00  1.16875000e-08  1.80000000e+00  1.16875000e-08  1.80000000e+00 
 1.16925000e-08  0.00000000e+00  1.16925000e-08  1.80000000e+00  1.16925000e-08  1.80000000e+00  1.16925000e-08  1.80000000e+00 
 1.16975000e-08  0.00000000e+00  1.16975000e-08  1.80000000e+00  1.16975000e-08  1.80000000e+00  1.16975000e-08  1.80000000e+00 
 1.17025000e-08  0.00000000e+00  1.17025000e-08  1.80000000e+00  1.17025000e-08  1.80000000e+00  1.17025000e-08  1.80000000e+00 
 1.17075000e-08  0.00000000e+00  1.17075000e-08  1.80000000e+00  1.17075000e-08  1.80000000e+00  1.17075000e-08  1.80000000e+00 
 1.17125000e-08  0.00000000e+00  1.17125000e-08  1.80000000e+00  1.17125000e-08  1.80000000e+00  1.17125000e-08  1.80000000e+00 
 1.17175000e-08  0.00000000e+00  1.17175000e-08  1.80000000e+00  1.17175000e-08  1.80000000e+00  1.17175000e-08  1.80000000e+00 
 1.17225000e-08  0.00000000e+00  1.17225000e-08  1.80000000e+00  1.17225000e-08  1.80000000e+00  1.17225000e-08  1.80000000e+00 
 1.17275000e-08  0.00000000e+00  1.17275000e-08  1.80000000e+00  1.17275000e-08  1.80000000e+00  1.17275000e-08  1.80000000e+00 
 1.17325000e-08  0.00000000e+00  1.17325000e-08  1.80000000e+00  1.17325000e-08  1.80000000e+00  1.17325000e-08  1.80000000e+00 
 1.17375000e-08  0.00000000e+00  1.17375000e-08  1.80000000e+00  1.17375000e-08  1.80000000e+00  1.17375000e-08  1.80000000e+00 
 1.17425000e-08  0.00000000e+00  1.17425000e-08  1.80000000e+00  1.17425000e-08  1.80000000e+00  1.17425000e-08  1.80000000e+00 
 1.17475000e-08  0.00000000e+00  1.17475000e-08  1.80000000e+00  1.17475000e-08  1.80000000e+00  1.17475000e-08  1.80000000e+00 
 1.17525000e-08  0.00000000e+00  1.17525000e-08  1.80000000e+00  1.17525000e-08  1.80000000e+00  1.17525000e-08  1.80000000e+00 
 1.17575000e-08  0.00000000e+00  1.17575000e-08  1.80000000e+00  1.17575000e-08  1.80000000e+00  1.17575000e-08  1.80000000e+00 
 1.17625000e-08  0.00000000e+00  1.17625000e-08  1.80000000e+00  1.17625000e-08  1.80000000e+00  1.17625000e-08  1.80000000e+00 
 1.17675000e-08  0.00000000e+00  1.17675000e-08  1.80000000e+00  1.17675000e-08  1.80000000e+00  1.17675000e-08  1.80000000e+00 
 1.17725000e-08  0.00000000e+00  1.17725000e-08  1.80000000e+00  1.17725000e-08  1.80000000e+00  1.17725000e-08  1.80000000e+00 
 1.17775000e-08  0.00000000e+00  1.17775000e-08  1.80000000e+00  1.17775000e-08  1.80000000e+00  1.17775000e-08  1.80000000e+00 
 1.17825000e-08  0.00000000e+00  1.17825000e-08  1.80000000e+00  1.17825000e-08  1.80000000e+00  1.17825000e-08  1.80000000e+00 
 1.17875000e-08  0.00000000e+00  1.17875000e-08  1.80000000e+00  1.17875000e-08  1.80000000e+00  1.17875000e-08  1.80000000e+00 
 1.17925000e-08  0.00000000e+00  1.17925000e-08  1.80000000e+00  1.17925000e-08  1.80000000e+00  1.17925000e-08  1.80000000e+00 
 1.17975000e-08  0.00000000e+00  1.17975000e-08  1.80000000e+00  1.17975000e-08  1.80000000e+00  1.17975000e-08  1.80000000e+00 
 1.18025000e-08  0.00000000e+00  1.18025000e-08  1.80000000e+00  1.18025000e-08  1.80000000e+00  1.18025000e-08  1.80000000e+00 
 1.18075000e-08  0.00000000e+00  1.18075000e-08  1.80000000e+00  1.18075000e-08  1.80000000e+00  1.18075000e-08  1.80000000e+00 
 1.18125000e-08  0.00000000e+00  1.18125000e-08  1.80000000e+00  1.18125000e-08  1.80000000e+00  1.18125000e-08  1.80000000e+00 
 1.18175000e-08  0.00000000e+00  1.18175000e-08  1.80000000e+00  1.18175000e-08  1.80000000e+00  1.18175000e-08  1.80000000e+00 
 1.18225000e-08  0.00000000e+00  1.18225000e-08  1.80000000e+00  1.18225000e-08  1.80000000e+00  1.18225000e-08  1.80000000e+00 
 1.18275000e-08  0.00000000e+00  1.18275000e-08  1.80000000e+00  1.18275000e-08  1.80000000e+00  1.18275000e-08  1.80000000e+00 
 1.18325000e-08  0.00000000e+00  1.18325000e-08  1.80000000e+00  1.18325000e-08  1.80000000e+00  1.18325000e-08  1.80000000e+00 
 1.18375000e-08  0.00000000e+00  1.18375000e-08  1.80000000e+00  1.18375000e-08  1.80000000e+00  1.18375000e-08  1.80000000e+00 
 1.18425000e-08  0.00000000e+00  1.18425000e-08  1.80000000e+00  1.18425000e-08  1.80000000e+00  1.18425000e-08  1.80000000e+00 
 1.18475000e-08  0.00000000e+00  1.18475000e-08  1.80000000e+00  1.18475000e-08  1.80000000e+00  1.18475000e-08  1.80000000e+00 
 1.18525000e-08  0.00000000e+00  1.18525000e-08  1.80000000e+00  1.18525000e-08  1.80000000e+00  1.18525000e-08  1.80000000e+00 
 1.18575000e-08  0.00000000e+00  1.18575000e-08  1.80000000e+00  1.18575000e-08  1.80000000e+00  1.18575000e-08  1.80000000e+00 
 1.18625000e-08  0.00000000e+00  1.18625000e-08  1.80000000e+00  1.18625000e-08  1.80000000e+00  1.18625000e-08  1.80000000e+00 
 1.18675000e-08  0.00000000e+00  1.18675000e-08  1.80000000e+00  1.18675000e-08  1.80000000e+00  1.18675000e-08  1.80000000e+00 
 1.18725000e-08  0.00000000e+00  1.18725000e-08  1.80000000e+00  1.18725000e-08  1.80000000e+00  1.18725000e-08  1.80000000e+00 
 1.18775000e-08  0.00000000e+00  1.18775000e-08  1.80000000e+00  1.18775000e-08  1.80000000e+00  1.18775000e-08  1.80000000e+00 
 1.18825000e-08  0.00000000e+00  1.18825000e-08  1.80000000e+00  1.18825000e-08  1.80000000e+00  1.18825000e-08  1.80000000e+00 
 1.18875000e-08  0.00000000e+00  1.18875000e-08  1.80000000e+00  1.18875000e-08  1.80000000e+00  1.18875000e-08  1.80000000e+00 
 1.18925000e-08  0.00000000e+00  1.18925000e-08  1.80000000e+00  1.18925000e-08  1.80000000e+00  1.18925000e-08  1.80000000e+00 
 1.18975000e-08  0.00000000e+00  1.18975000e-08  1.80000000e+00  1.18975000e-08  1.80000000e+00  1.18975000e-08  1.80000000e+00 
 1.19025000e-08  0.00000000e+00  1.19025000e-08  1.80000000e+00  1.19025000e-08  1.80000000e+00  1.19025000e-08  1.80000000e+00 
 1.19075000e-08  0.00000000e+00  1.19075000e-08  1.80000000e+00  1.19075000e-08  1.80000000e+00  1.19075000e-08  1.80000000e+00 
 1.19125000e-08  0.00000000e+00  1.19125000e-08  1.80000000e+00  1.19125000e-08  1.80000000e+00  1.19125000e-08  1.80000000e+00 
 1.19175000e-08  0.00000000e+00  1.19175000e-08  1.80000000e+00  1.19175000e-08  1.80000000e+00  1.19175000e-08  1.80000000e+00 
 1.19225000e-08  0.00000000e+00  1.19225000e-08  1.80000000e+00  1.19225000e-08  1.80000000e+00  1.19225000e-08  1.80000000e+00 
 1.19275000e-08  0.00000000e+00  1.19275000e-08  1.80000000e+00  1.19275000e-08  1.80000000e+00  1.19275000e-08  1.80000000e+00 
 1.19325000e-08  0.00000000e+00  1.19325000e-08  1.80000000e+00  1.19325000e-08  1.80000000e+00  1.19325000e-08  1.80000000e+00 
 1.19375000e-08  0.00000000e+00  1.19375000e-08  1.80000000e+00  1.19375000e-08  1.80000000e+00  1.19375000e-08  1.80000000e+00 
 1.19425000e-08  0.00000000e+00  1.19425000e-08  1.80000000e+00  1.19425000e-08  1.80000000e+00  1.19425000e-08  1.80000000e+00 
 1.19475000e-08  0.00000000e+00  1.19475000e-08  1.80000000e+00  1.19475000e-08  1.80000000e+00  1.19475000e-08  1.80000000e+00 
 1.19525000e-08  0.00000000e+00  1.19525000e-08  1.80000000e+00  1.19525000e-08  1.80000000e+00  1.19525000e-08  1.80000000e+00 
 1.19575000e-08  0.00000000e+00  1.19575000e-08  1.80000000e+00  1.19575000e-08  1.80000000e+00  1.19575000e-08  1.80000000e+00 
 1.19625000e-08  0.00000000e+00  1.19625000e-08  1.80000000e+00  1.19625000e-08  1.80000000e+00  1.19625000e-08  1.80000000e+00 
 1.19675000e-08  0.00000000e+00  1.19675000e-08  1.80000000e+00  1.19675000e-08  1.80000000e+00  1.19675000e-08  1.80000000e+00 
 1.19725000e-08  0.00000000e+00  1.19725000e-08  1.80000000e+00  1.19725000e-08  1.80000000e+00  1.19725000e-08  1.80000000e+00 
 1.19775000e-08  0.00000000e+00  1.19775000e-08  1.80000000e+00  1.19775000e-08  1.80000000e+00  1.19775000e-08  1.80000000e+00 
 1.19825000e-08  0.00000000e+00  1.19825000e-08  1.80000000e+00  1.19825000e-08  1.80000000e+00  1.19825000e-08  1.80000000e+00 
 1.19875000e-08  0.00000000e+00  1.19875000e-08  1.80000000e+00  1.19875000e-08  1.80000000e+00  1.19875000e-08  1.80000000e+00 
 1.19925000e-08  0.00000000e+00  1.19925000e-08  1.80000000e+00  1.19925000e-08  1.80000000e+00  1.19925000e-08  1.80000000e+00 
 1.19975000e-08  0.00000000e+00  1.19975000e-08  1.80000000e+00  1.19975000e-08  1.80000000e+00  1.19975000e-08  1.80000000e+00 
 1.20000000e-08  0.00000000e+00  1.20000000e-08  1.80000000e+00  1.20000000e-08  1.80000000e+00  1.20000000e-08  1.80000000e+00 
 1.20005000e-08  1.80000000e-02  1.20005000e-08  1.78200000e+00  1.20005000e-08  1.78200000e+00  1.20005000e-08  1.79935664e+00 
 1.20015000e-08  5.40000000e-02  1.20015000e-08  1.74600000e+00  1.20015000e-08  1.74600000e+00  1.20015000e-08  1.79690301e+00 
 1.20035000e-08  1.26000000e-01  1.20035000e-08  1.67400000e+00  1.20035000e-08  1.67400000e+00  1.20035000e-08  1.78601317e+00 
 1.20075000e-08  2.70000000e-01  1.20075000e-08  1.53000000e+00  1.20075000e-08  1.53000000e+00  1.20075000e-08  1.74877929e+00 
 1.20125000e-08  4.50000000e-01  1.20125000e-08  1.35000000e+00  1.20125000e-08  1.35000000e+00  1.20125000e-08  1.69050905e+00 
 1.20175000e-08  6.30000000e-01  1.20175000e-08  1.17000000e+00  1.20175000e-08  1.17000000e+00  1.20175000e-08  1.63745450e+00 
 1.20225000e-08  8.10000000e-01  1.20225000e-08  9.90000000e-01  1.20225000e-08  9.90000000e-01  1.20225000e-08  1.60276262e+00 
 1.20275000e-08  9.90000000e-01  1.20275000e-08  8.10000000e-01  1.20275000e-08  8.10000000e-01  1.20275000e-08  1.53108153e+00 
 1.20325000e-08  1.17000000e+00  1.20325000e-08  6.30000000e-01  1.20325000e-08  6.30000000e-01  1.20325000e-08  1.40915282e+00 
 1.20375000e-08  1.35000000e+00  1.20375000e-08  4.50000000e-01  1.20375000e-08  4.50000000e-01  1.20375000e-08  1.28284495e+00 
 1.20425000e-08  1.53000000e+00  1.20425000e-08  2.70000000e-01  1.20425000e-08  2.70000000e-01  1.20425000e-08  1.13693888e+00 
 1.20475000e-08  1.71000000e+00  1.20475000e-08  9.00000000e-02  1.20475000e-08  9.00000000e-02  1.20475000e-08  9.45987369e-01 
 1.20500000e-08  1.80000000e+00  1.20500000e-08  0.00000000e+00  1.20500000e-08  0.00000000e+00  1.20500000e-08  8.29922208e-01 
 1.20505000e-08  1.80000000e+00  1.20505000e-08  0.00000000e+00  1.20505000e-08  0.00000000e+00  1.20505000e-08  8.06065821e-01 
 1.20515000e-08  1.80000000e+00  1.20515000e-08  0.00000000e+00  1.20515000e-08  0.00000000e+00  1.20515000e-08  7.59584184e-01 
 1.20535000e-08  1.80000000e+00  1.20535000e-08  0.00000000e+00  1.20535000e-08  0.00000000e+00  1.20535000e-08  6.73668050e-01 
 1.20575000e-08  1.80000000e+00  1.20575000e-08  0.00000000e+00  1.20575000e-08  0.00000000e+00  1.20575000e-08  5.26569312e-01 
 1.20625000e-08  1.80000000e+00  1.20625000e-08  0.00000000e+00  1.20625000e-08  0.00000000e+00  1.20625000e-08  3.81480010e-01 
 1.20675000e-08  1.80000000e+00  1.20675000e-08  0.00000000e+00  1.20675000e-08  0.00000000e+00  1.20675000e-08  2.71868079e-01 
 1.20725000e-08  1.80000000e+00  1.20725000e-08  0.00000000e+00  1.20725000e-08  0.00000000e+00  1.20725000e-08  1.91273057e-01 
 1.20775000e-08  1.80000000e+00  1.20775000e-08  0.00000000e+00  1.20775000e-08  0.00000000e+00  1.20775000e-08  1.33316948e-01 
 1.20825000e-08  1.80000000e+00  1.20825000e-08  0.00000000e+00  1.20825000e-08  0.00000000e+00  1.20825000e-08  9.22881062e-02 
 1.20875000e-08  1.80000000e+00  1.20875000e-08  0.00000000e+00  1.20875000e-08  0.00000000e+00  1.20875000e-08  6.35737765e-02 
 1.20925000e-08  1.80000000e+00  1.20925000e-08  0.00000000e+00  1.20925000e-08  0.00000000e+00  1.20925000e-08  4.36542798e-02 
 1.20975000e-08  1.80000000e+00  1.20975000e-08  0.00000000e+00  1.20975000e-08  0.00000000e+00  1.20975000e-08  2.99105209e-02 
 1.21025000e-08  1.80000000e+00  1.21025000e-08  0.00000000e+00  1.21025000e-08  0.00000000e+00  1.21025000e-08  2.04629800e-02 
 1.21075000e-08  1.80000000e+00  1.21075000e-08  0.00000000e+00  1.21075000e-08  0.00000000e+00  1.21075000e-08  1.39851586e-02 
 1.21125000e-08  1.80000000e+00  1.21125000e-08  0.00000000e+00  1.21125000e-08  0.00000000e+00  1.21125000e-08  9.55126280e-03 
 1.21175000e-08  1.80000000e+00  1.21175000e-08  0.00000000e+00  1.21175000e-08  0.00000000e+00  1.21175000e-08  6.51997318e-03 
 1.21225000e-08  1.80000000e+00  1.21225000e-08  0.00000000e+00  1.21225000e-08  0.00000000e+00  1.21225000e-08  4.44926820e-03 
 1.21275000e-08  1.80000000e+00  1.21275000e-08  0.00000000e+00  1.21275000e-08  0.00000000e+00  1.21275000e-08  3.03552850e-03 
 1.21325000e-08  1.80000000e+00  1.21325000e-08  0.00000000e+00  1.21325000e-08  0.00000000e+00  1.21325000e-08  2.07068416e-03 
 1.21375000e-08  1.80000000e+00  1.21375000e-08  0.00000000e+00  1.21375000e-08  0.00000000e+00  1.21375000e-08  1.41236940e-03 
 1.21425000e-08  1.80000000e+00  1.21425000e-08  0.00000000e+00  1.21425000e-08  0.00000000e+00  1.21425000e-08  9.63278866e-04 
 1.21475000e-08  1.80000000e+00  1.21475000e-08  0.00000000e+00  1.21475000e-08  0.00000000e+00  1.21475000e-08  6.56953916e-04 
 1.21525000e-08  1.80000000e+00  1.21525000e-08  0.00000000e+00  1.21525000e-08  0.00000000e+00  1.21525000e-08  4.48026476e-04 
 1.21575000e-08  1.80000000e+00  1.21575000e-08  0.00000000e+00  1.21575000e-08  0.00000000e+00  1.21575000e-08  3.05536445e-04 
 1.21625000e-08  1.80000000e+00  1.21625000e-08  0.00000000e+00  1.21625000e-08  0.00000000e+00  1.21625000e-08  2.08360888e-04 
 1.21675000e-08  1.80000000e+00  1.21675000e-08  0.00000000e+00  1.21675000e-08  0.00000000e+00  1.21675000e-08  1.42090673e-04 
 1.21725000e-08  1.80000000e+00  1.21725000e-08  0.00000000e+00  1.21725000e-08  0.00000000e+00  1.21725000e-08  9.68975790e-05 
 1.21775000e-08  1.80000000e+00  1.21775000e-08  0.00000000e+00  1.21775000e-08  0.00000000e+00  1.21775000e-08  6.60784361e-05 
 1.21825000e-08  1.80000000e+00  1.21825000e-08  0.00000000e+00  1.21825000e-08  0.00000000e+00  1.21825000e-08  4.50616897e-05 
 1.21875000e-08  1.80000000e+00  1.21875000e-08  0.00000000e+00  1.21875000e-08  0.00000000e+00  1.21875000e-08  3.07296506e-05 
 1.21925000e-08  1.80000000e+00  1.21925000e-08  0.00000000e+00  1.21925000e-08  0.00000000e+00  1.21925000e-08  2.09561796e-05 
 1.21975000e-08  1.80000000e+00  1.21975000e-08  0.00000000e+00  1.21975000e-08  0.00000000e+00  1.21975000e-08  1.42913577e-05 
 1.22025000e-08  1.80000000e+00  1.22025000e-08  0.00000000e+00  1.22025000e-08  0.00000000e+00  1.22025000e-08  9.74642449e-06 
 1.22075000e-08  1.80000000e+00  1.22075000e-08  0.00000000e+00  1.22075000e-08  0.00000000e+00  1.22075000e-08  6.64710800e-06 
 1.22125000e-08  1.80000000e+00  1.22125000e-08  0.00000000e+00  1.22125000e-08  0.00000000e+00  1.22125000e-08  4.53359951e-06 
 1.22175000e-08  1.80000000e+00  1.22175000e-08  0.00000000e+00  1.22175000e-08  0.00000000e+00  1.22175000e-08  3.09234121e-06 
 1.22225000e-08  1.80000000e+00  1.22225000e-08  0.00000000e+00  1.22225000e-08  0.00000000e+00  1.22225000e-08  2.10950878e-06 
 1.22275000e-08  1.80000000e+00  1.22275000e-08  0.00000000e+00  1.22275000e-08  0.00000000e+00  1.22275000e-08  1.43928934e-06 
 1.22325000e-08  1.80000000e+00  1.22325000e-08  0.00000000e+00  1.22325000e-08  0.00000000e+00  1.22325000e-08  9.82249043e-07 
 1.22375000e-08  1.80000000e+00  1.22375000e-08  0.00000000e+00  1.22375000e-08  0.00000000e+00  1.22375000e-08  6.70581263e-07 
 1.22425000e-08  1.80000000e+00  1.22425000e-08  0.00000000e+00  1.22425000e-08  0.00000000e+00  1.22425000e-08  4.58046838e-07 
 1.22475000e-08  1.80000000e+00  1.22475000e-08  0.00000000e+00  1.22475000e-08  0.00000000e+00  1.22475000e-08  3.13114052e-07 
 1.22525000e-08  1.80000000e+00  1.22525000e-08  0.00000000e+00  1.22525000e-08  0.00000000e+00  1.22525000e-08  2.14280597e-07 
 1.22575000e-08  1.80000000e+00  1.22575000e-08  0.00000000e+00  1.22575000e-08  0.00000000e+00  1.22575000e-08  1.46883482e-07 
 1.22625000e-08  1.80000000e+00  1.22625000e-08  0.00000000e+00  1.22625000e-08  0.00000000e+00  1.22625000e-08  1.00923630e-07 
 1.22675000e-08  1.80000000e+00  1.22675000e-08  0.00000000e+00  1.22675000e-08  0.00000000e+00  1.22675000e-08  6.95824072e-08 
 1.22725000e-08  1.80000000e+00  1.22725000e-08  0.00000000e+00  1.22725000e-08  0.00000000e+00  1.22725000e-08  4.82100096e-08 
 1.22775000e-08  1.80000000e+00  1.22775000e-08  0.00000000e+00  1.22775000e-08  0.00000000e+00  1.22775000e-08  3.36356140e-08 
 1.22825000e-08  1.80000000e+00  1.22825000e-08  0.00000000e+00  1.22825000e-08  0.00000000e+00  1.22825000e-08  2.36969534e-08 
 1.22875000e-08  1.80000000e+00  1.22875000e-08  0.00000000e+00  1.22875000e-08  0.00000000e+00  1.22875000e-08  1.69195215e-08 
 1.22925000e-08  1.80000000e+00  1.22925000e-08  0.00000000e+00  1.22925000e-08  0.00000000e+00  1.22925000e-08  1.22978139e-08 
 1.22975000e-08  1.80000000e+00  1.22975000e-08  0.00000000e+00  1.22975000e-08  0.00000000e+00  1.22975000e-08  9.14615094e-09 
 1.23025000e-08  1.80000000e+00  1.23025000e-08  0.00000000e+00  1.23025000e-08  0.00000000e+00  1.23025000e-08  6.99694975e-09 
 1.23075000e-08  1.80000000e+00  1.23075000e-08  0.00000000e+00  1.23075000e-08  0.00000000e+00  1.23075000e-08  5.53135340e-09 
 1.23125000e-08  1.80000000e+00  1.23125000e-08  0.00000000e+00  1.23125000e-08  0.00000000e+00  1.23125000e-08  4.53192502e-09 
 1.23175000e-08  1.80000000e+00  1.23175000e-08  0.00000000e+00  1.23175000e-08  0.00000000e+00  1.23175000e-08  3.85038874e-09 
 1.23225000e-08  1.80000000e+00  1.23225000e-08  0.00000000e+00  1.23225000e-08  0.00000000e+00  1.23225000e-08  3.38563138e-09 
 1.23275000e-08  1.80000000e+00  1.23275000e-08  0.00000000e+00  1.23275000e-08  0.00000000e+00  1.23275000e-08  3.06870121e-09 
 1.23325000e-08  1.80000000e+00  1.23325000e-08  0.00000000e+00  1.23325000e-08  0.00000000e+00  1.23325000e-08  2.85257826e-09 
 1.23375000e-08  1.80000000e+00  1.23375000e-08  0.00000000e+00  1.23375000e-08  0.00000000e+00  1.23375000e-08  2.70519838e-09 
 1.23425000e-08  1.80000000e+00  1.23425000e-08  0.00000000e+00  1.23425000e-08  0.00000000e+00  1.23425000e-08  2.60469620e-09 
 1.23475000e-08  1.80000000e+00  1.23475000e-08  0.00000000e+00  1.23475000e-08  0.00000000e+00  1.23475000e-08  2.53616114e-09 
 1.23525000e-08  1.80000000e+00  1.23525000e-08  0.00000000e+00  1.23525000e-08  0.00000000e+00  1.23525000e-08  2.48942530e-09 
 1.23575000e-08  1.80000000e+00  1.23575000e-08  0.00000000e+00  1.23575000e-08  0.00000000e+00  1.23575000e-08  2.45755490e-09 
 1.23625000e-08  1.80000000e+00  1.23625000e-08  0.00000000e+00  1.23625000e-08  0.00000000e+00  1.23625000e-08  2.43582165e-09 
 1.23675000e-08  1.80000000e+00  1.23675000e-08  0.00000000e+00  1.23675000e-08  0.00000000e+00  1.23675000e-08  2.42100118e-09 
 1.23725000e-08  1.80000000e+00  1.23725000e-08  0.00000000e+00  1.23725000e-08  0.00000000e+00  1.23725000e-08  2.41089472e-09 
 1.23775000e-08  1.80000000e+00  1.23775000e-08  0.00000000e+00  1.23775000e-08  0.00000000e+00  1.23775000e-08  2.40400285e-09 
 1.23825000e-08  1.80000000e+00  1.23825000e-08  0.00000000e+00  1.23825000e-08  0.00000000e+00  1.23825000e-08  2.39930311e-09 
 1.23875000e-08  1.80000000e+00  1.23875000e-08  0.00000000e+00  1.23875000e-08  0.00000000e+00  1.23875000e-08  2.39609824e-09 
 1.23925000e-08  1.80000000e+00  1.23925000e-08  0.00000000e+00  1.23925000e-08  0.00000000e+00  1.23925000e-08  2.39391275e-09 
 1.23975000e-08  1.80000000e+00  1.23975000e-08  0.00000000e+00  1.23975000e-08  0.00000000e+00  1.23975000e-08  2.39242241e-09 
 1.24025000e-08  1.80000000e+00  1.24025000e-08  0.00000000e+00  1.24025000e-08  0.00000000e+00  1.24025000e-08  2.39140610e-09 
 1.24075000e-08  1.80000000e+00  1.24075000e-08  0.00000000e+00  1.24075000e-08  0.00000000e+00  1.24075000e-08  2.39071306e-09 
 1.24125000e-08  1.80000000e+00  1.24125000e-08  0.00000000e+00  1.24125000e-08  0.00000000e+00  1.24125000e-08  2.39024046e-09 
 1.24175000e-08  1.80000000e+00  1.24175000e-08  0.00000000e+00  1.24175000e-08  0.00000000e+00  1.24175000e-08  2.38991818e-09 
 1.24225000e-08  1.80000000e+00  1.24225000e-08  0.00000000e+00  1.24225000e-08  0.00000000e+00  1.24225000e-08  2.38969840e-09 
 1.24275000e-08  1.80000000e+00  1.24275000e-08  0.00000000e+00  1.24275000e-08  0.00000000e+00  1.24275000e-08  2.38954854e-09 
 1.24325000e-08  1.80000000e+00  1.24325000e-08  0.00000000e+00  1.24325000e-08  0.00000000e+00  1.24325000e-08  2.38944634e-09 
 1.24375000e-08  1.80000000e+00  1.24375000e-08  0.00000000e+00  1.24375000e-08  0.00000000e+00  1.24375000e-08  2.38937664e-09 
 1.24425000e-08  1.80000000e+00  1.24425000e-08  0.00000000e+00  1.24425000e-08  0.00000000e+00  1.24425000e-08  2.38932912e-09 
 1.24475000e-08  1.80000000e+00  1.24475000e-08  0.00000000e+00  1.24475000e-08  0.00000000e+00  1.24475000e-08  2.38929671e-09 
 1.24525000e-08  1.80000000e+00  1.24525000e-08  0.00000000e+00  1.24525000e-08  0.00000000e+00  1.24525000e-08  2.38927461e-09 
 1.24575000e-08  1.80000000e+00  1.24575000e-08  0.00000000e+00  1.24575000e-08  0.00000000e+00  1.24575000e-08  2.38925954e-09 
 1.24625000e-08  1.80000000e+00  1.24625000e-08  0.00000000e+00  1.24625000e-08  0.00000000e+00  1.24625000e-08  2.38924926e-09 
 1.24675000e-08  1.80000000e+00  1.24675000e-08  0.00000000e+00  1.24675000e-08  0.00000000e+00  1.24675000e-08  2.38924225e-09 
 1.24725000e-08  1.80000000e+00  1.24725000e-08  0.00000000e+00  1.24725000e-08  0.00000000e+00  1.24725000e-08  2.38923748e-09 
 1.24775000e-08  1.80000000e+00  1.24775000e-08  0.00000000e+00  1.24775000e-08  0.00000000e+00  1.24775000e-08  2.38923422e-09 
 1.24825000e-08  1.80000000e+00  1.24825000e-08  0.00000000e+00  1.24825000e-08  0.00000000e+00  1.24825000e-08  2.38923199e-09 
 1.24875000e-08  1.80000000e+00  1.24875000e-08  0.00000000e+00  1.24875000e-08  0.00000000e+00  1.24875000e-08  2.38923048e-09 
 1.24925000e-08  1.80000000e+00  1.24925000e-08  0.00000000e+00  1.24925000e-08  0.00000000e+00  1.24925000e-08  2.38922945e-09 
 1.24975000e-08  1.80000000e+00  1.24975000e-08  0.00000000e+00  1.24975000e-08  0.00000000e+00  1.24975000e-08  2.38922874e-09 
 1.25025000e-08  1.80000000e+00  1.25025000e-08  0.00000000e+00  1.25025000e-08  0.00000000e+00  1.25025000e-08  2.38922826e-09 
 1.25075000e-08  1.80000000e+00  1.25075000e-08  0.00000000e+00  1.25075000e-08  0.00000000e+00  1.25075000e-08  2.38922793e-09 
 1.25125000e-08  1.80000000e+00  1.25125000e-08  0.00000000e+00  1.25125000e-08  0.00000000e+00  1.25125000e-08  2.38922771e-09 
 1.25175000e-08  1.80000000e+00  1.25175000e-08  0.00000000e+00  1.25175000e-08  0.00000000e+00  1.25175000e-08  2.38922756e-09 
 1.25225000e-08  1.80000000e+00  1.25225000e-08  0.00000000e+00  1.25225000e-08  0.00000000e+00  1.25225000e-08  2.38922745e-09 
 1.25275000e-08  1.80000000e+00  1.25275000e-08  0.00000000e+00  1.25275000e-08  0.00000000e+00  1.25275000e-08  2.38922738e-09 
 1.25325000e-08  1.80000000e+00  1.25325000e-08  0.00000000e+00  1.25325000e-08  0.00000000e+00  1.25325000e-08  2.38922733e-09 
 1.25375000e-08  1.80000000e+00  1.25375000e-08  0.00000000e+00  1.25375000e-08  0.00000000e+00  1.25375000e-08  2.38922730e-09 
 1.25425000e-08  1.80000000e+00  1.25425000e-08  0.00000000e+00  1.25425000e-08  0.00000000e+00  1.25425000e-08  2.38922728e-09 
 1.25475000e-08  1.80000000e+00  1.25475000e-08  0.00000000e+00  1.25475000e-08  0.00000000e+00  1.25475000e-08  2.38922726e-09 
 1.25525000e-08  1.80000000e+00  1.25525000e-08  0.00000000e+00  1.25525000e-08  0.00000000e+00  1.25525000e-08  2.38922725e-09 
 1.25575000e-08  1.80000000e+00  1.25575000e-08  0.00000000e+00  1.25575000e-08  0.00000000e+00  1.25575000e-08  2.38922725e-09 
 1.25625000e-08  1.80000000e+00  1.25625000e-08  0.00000000e+00  1.25625000e-08  0.00000000e+00  1.25625000e-08  2.38922724e-09 
 1.25675000e-08  1.80000000e+00  1.25675000e-08  0.00000000e+00  1.25675000e-08  0.00000000e+00  1.25675000e-08  2.38922724e-09 
 1.25725000e-08  1.80000000e+00  1.25725000e-08  0.00000000e+00  1.25725000e-08  0.00000000e+00  1.25725000e-08  2.38922723e-09 
 1.25775000e-08  1.80000000e+00  1.25775000e-08  0.00000000e+00  1.25775000e-08  0.00000000e+00  1.25775000e-08  2.38922723e-09 
 1.25825000e-08  1.80000000e+00  1.25825000e-08  0.00000000e+00  1.25825000e-08  0.00000000e+00  1.25825000e-08  2.38922723e-09 
 1.25875000e-08  1.80000000e+00  1.25875000e-08  0.00000000e+00  1.25875000e-08  0.00000000e+00  1.25875000e-08  2.38922723e-09 
 1.25925000e-08  1.80000000e+00  1.25925000e-08  0.00000000e+00  1.25925000e-08  0.00000000e+00  1.25925000e-08  2.38922723e-09 
 1.25975000e-08  1.80000000e+00  1.25975000e-08  0.00000000e+00  1.25975000e-08  0.00000000e+00  1.25975000e-08  2.38922723e-09 
 1.26025000e-08  1.80000000e+00  1.26025000e-08  0.00000000e+00  1.26025000e-08  0.00000000e+00  1.26025000e-08  2.38922723e-09 
 1.26075000e-08  1.80000000e+00  1.26075000e-08  0.00000000e+00  1.26075000e-08  0.00000000e+00  1.26075000e-08  2.38922723e-09 
 1.26125000e-08  1.80000000e+00  1.26125000e-08  0.00000000e+00  1.26125000e-08  0.00000000e+00  1.26125000e-08  2.38922723e-09 
 1.26175000e-08  1.80000000e+00  1.26175000e-08  0.00000000e+00  1.26175000e-08  0.00000000e+00  1.26175000e-08  2.38922723e-09 
 1.26225000e-08  1.80000000e+00  1.26225000e-08  0.00000000e+00  1.26225000e-08  0.00000000e+00  1.26225000e-08  2.38922723e-09 
 1.26275000e-08  1.80000000e+00  1.26275000e-08  0.00000000e+00  1.26275000e-08  0.00000000e+00  1.26275000e-08  2.38922723e-09 
 1.26325000e-08  1.80000000e+00  1.26325000e-08  0.00000000e+00  1.26325000e-08  0.00000000e+00  1.26325000e-08  2.38922723e-09 
 1.26375000e-08  1.80000000e+00  1.26375000e-08  0.00000000e+00  1.26375000e-08  0.00000000e+00  1.26375000e-08  2.38922723e-09 
 1.26425000e-08  1.80000000e+00  1.26425000e-08  0.00000000e+00  1.26425000e-08  0.00000000e+00  1.26425000e-08  2.38922723e-09 
 1.26475000e-08  1.80000000e+00  1.26475000e-08  0.00000000e+00  1.26475000e-08  0.00000000e+00  1.26475000e-08  2.38922723e-09 
 1.26525000e-08  1.80000000e+00  1.26525000e-08  0.00000000e+00  1.26525000e-08  0.00000000e+00  1.26525000e-08  2.38922723e-09 
 1.26575000e-08  1.80000000e+00  1.26575000e-08  0.00000000e+00  1.26575000e-08  0.00000000e+00  1.26575000e-08  2.38922723e-09 
 1.26625000e-08  1.80000000e+00  1.26625000e-08  0.00000000e+00  1.26625000e-08  0.00000000e+00  1.26625000e-08  2.38922723e-09 
 1.26675000e-08  1.80000000e+00  1.26675000e-08  0.00000000e+00  1.26675000e-08  0.00000000e+00  1.26675000e-08  2.38922723e-09 
 1.26725000e-08  1.80000000e+00  1.26725000e-08  0.00000000e+00  1.26725000e-08  0.00000000e+00  1.26725000e-08  2.38922723e-09 
 1.26775000e-08  1.80000000e+00  1.26775000e-08  0.00000000e+00  1.26775000e-08  0.00000000e+00  1.26775000e-08  2.38922723e-09 
 1.26825000e-08  1.80000000e+00  1.26825000e-08  0.00000000e+00  1.26825000e-08  0.00000000e+00  1.26825000e-08  2.38922723e-09 
 1.26875000e-08  1.80000000e+00  1.26875000e-08  0.00000000e+00  1.26875000e-08  0.00000000e+00  1.26875000e-08  2.38922723e-09 
 1.26925000e-08  1.80000000e+00  1.26925000e-08  0.00000000e+00  1.26925000e-08  0.00000000e+00  1.26925000e-08  2.38922723e-09 
 1.26975000e-08  1.80000000e+00  1.26975000e-08  0.00000000e+00  1.26975000e-08  0.00000000e+00  1.26975000e-08  2.38922723e-09 
 1.27025000e-08  1.80000000e+00  1.27025000e-08  0.00000000e+00  1.27025000e-08  0.00000000e+00  1.27025000e-08  2.38922723e-09 
 1.27075000e-08  1.80000000e+00  1.27075000e-08  0.00000000e+00  1.27075000e-08  0.00000000e+00  1.27075000e-08  2.38922723e-09 
 1.27125000e-08  1.80000000e+00  1.27125000e-08  0.00000000e+00  1.27125000e-08  0.00000000e+00  1.27125000e-08  2.38922723e-09 
 1.27175000e-08  1.80000000e+00  1.27175000e-08  0.00000000e+00  1.27175000e-08  0.00000000e+00  1.27175000e-08  2.38922723e-09 
 1.27225000e-08  1.80000000e+00  1.27225000e-08  0.00000000e+00  1.27225000e-08  0.00000000e+00  1.27225000e-08  2.38922723e-09 
 1.27275000e-08  1.80000000e+00  1.27275000e-08  0.00000000e+00  1.27275000e-08  0.00000000e+00  1.27275000e-08  2.38922723e-09 
 1.27325000e-08  1.80000000e+00  1.27325000e-08  0.00000000e+00  1.27325000e-08  0.00000000e+00  1.27325000e-08  2.38922723e-09 
 1.27375000e-08  1.80000000e+00  1.27375000e-08  0.00000000e+00  1.27375000e-08  0.00000000e+00  1.27375000e-08  2.38922723e-09 
 1.27425000e-08  1.80000000e+00  1.27425000e-08  0.00000000e+00  1.27425000e-08  0.00000000e+00  1.27425000e-08  2.38922723e-09 
 1.27475000e-08  1.80000000e+00  1.27475000e-08  0.00000000e+00  1.27475000e-08  0.00000000e+00  1.27475000e-08  2.38922723e-09 
 1.27525000e-08  1.80000000e+00  1.27525000e-08  0.00000000e+00  1.27525000e-08  0.00000000e+00  1.27525000e-08  2.38922723e-09 
 1.27575000e-08  1.80000000e+00  1.27575000e-08  0.00000000e+00  1.27575000e-08  0.00000000e+00  1.27575000e-08  2.38922723e-09 
 1.27625000e-08  1.80000000e+00  1.27625000e-08  0.00000000e+00  1.27625000e-08  0.00000000e+00  1.27625000e-08  2.38922723e-09 
 1.27675000e-08  1.80000000e+00  1.27675000e-08  0.00000000e+00  1.27675000e-08  0.00000000e+00  1.27675000e-08  2.38922723e-09 
 1.27725000e-08  1.80000000e+00  1.27725000e-08  0.00000000e+00  1.27725000e-08  0.00000000e+00  1.27725000e-08  2.38922723e-09 
 1.27775000e-08  1.80000000e+00  1.27775000e-08  0.00000000e+00  1.27775000e-08  0.00000000e+00  1.27775000e-08  2.38922723e-09 
 1.27825000e-08  1.80000000e+00  1.27825000e-08  0.00000000e+00  1.27825000e-08  0.00000000e+00  1.27825000e-08  2.38922723e-09 
 1.27875000e-08  1.80000000e+00  1.27875000e-08  0.00000000e+00  1.27875000e-08  0.00000000e+00  1.27875000e-08  2.38922723e-09 
 1.27925000e-08  1.80000000e+00  1.27925000e-08  0.00000000e+00  1.27925000e-08  0.00000000e+00  1.27925000e-08  2.38922723e-09 
 1.27975000e-08  1.80000000e+00  1.27975000e-08  0.00000000e+00  1.27975000e-08  0.00000000e+00  1.27975000e-08  2.38922723e-09 
 1.28025000e-08  1.80000000e+00  1.28025000e-08  0.00000000e+00  1.28025000e-08  0.00000000e+00  1.28025000e-08  2.38922723e-09 
 1.28075000e-08  1.80000000e+00  1.28075000e-08  0.00000000e+00  1.28075000e-08  0.00000000e+00  1.28075000e-08  2.38922723e-09 
 1.28125000e-08  1.80000000e+00  1.28125000e-08  0.00000000e+00  1.28125000e-08  0.00000000e+00  1.28125000e-08  2.38922723e-09 
 1.28175000e-08  1.80000000e+00  1.28175000e-08  0.00000000e+00  1.28175000e-08  0.00000000e+00  1.28175000e-08  2.38922723e-09 
 1.28225000e-08  1.80000000e+00  1.28225000e-08  0.00000000e+00  1.28225000e-08  0.00000000e+00  1.28225000e-08  2.38922723e-09 
 1.28275000e-08  1.80000000e+00  1.28275000e-08  0.00000000e+00  1.28275000e-08  0.00000000e+00  1.28275000e-08  2.38922723e-09 
 1.28325000e-08  1.80000000e+00  1.28325000e-08  0.00000000e+00  1.28325000e-08  0.00000000e+00  1.28325000e-08  2.38922723e-09 
 1.28375000e-08  1.80000000e+00  1.28375000e-08  0.00000000e+00  1.28375000e-08  0.00000000e+00  1.28375000e-08  2.38922723e-09 
 1.28425000e-08  1.80000000e+00  1.28425000e-08  0.00000000e+00  1.28425000e-08  0.00000000e+00  1.28425000e-08  2.38922723e-09 
 1.28475000e-08  1.80000000e+00  1.28475000e-08  0.00000000e+00  1.28475000e-08  0.00000000e+00  1.28475000e-08  2.38922723e-09 
 1.28525000e-08  1.80000000e+00  1.28525000e-08  0.00000000e+00  1.28525000e-08  0.00000000e+00  1.28525000e-08  2.38922723e-09 
 1.28575000e-08  1.80000000e+00  1.28575000e-08  0.00000000e+00  1.28575000e-08  0.00000000e+00  1.28575000e-08  2.38922723e-09 
 1.28625000e-08  1.80000000e+00  1.28625000e-08  0.00000000e+00  1.28625000e-08  0.00000000e+00  1.28625000e-08  2.38922723e-09 
 1.28675000e-08  1.80000000e+00  1.28675000e-08  0.00000000e+00  1.28675000e-08  0.00000000e+00  1.28675000e-08  2.38922723e-09 
 1.28725000e-08  1.80000000e+00  1.28725000e-08  0.00000000e+00  1.28725000e-08  0.00000000e+00  1.28725000e-08  2.38922723e-09 
 1.28775000e-08  1.80000000e+00  1.28775000e-08  0.00000000e+00  1.28775000e-08  0.00000000e+00  1.28775000e-08  2.38922723e-09 
 1.28825000e-08  1.80000000e+00  1.28825000e-08  0.00000000e+00  1.28825000e-08  0.00000000e+00  1.28825000e-08  2.38922723e-09 
 1.28875000e-08  1.80000000e+00  1.28875000e-08  0.00000000e+00  1.28875000e-08  0.00000000e+00  1.28875000e-08  2.38922723e-09 
 1.28925000e-08  1.80000000e+00  1.28925000e-08  0.00000000e+00  1.28925000e-08  0.00000000e+00  1.28925000e-08  2.38922723e-09 
 1.28975000e-08  1.80000000e+00  1.28975000e-08  0.00000000e+00  1.28975000e-08  0.00000000e+00  1.28975000e-08  2.38922723e-09 
 1.29025000e-08  1.80000000e+00  1.29025000e-08  0.00000000e+00  1.29025000e-08  0.00000000e+00  1.29025000e-08  2.38922723e-09 
 1.29075000e-08  1.80000000e+00  1.29075000e-08  0.00000000e+00  1.29075000e-08  0.00000000e+00  1.29075000e-08  2.38922723e-09 
 1.29125000e-08  1.80000000e+00  1.29125000e-08  0.00000000e+00  1.29125000e-08  0.00000000e+00  1.29125000e-08  2.38922723e-09 
 1.29175000e-08  1.80000000e+00  1.29175000e-08  0.00000000e+00  1.29175000e-08  0.00000000e+00  1.29175000e-08  2.38922723e-09 
 1.29225000e-08  1.80000000e+00  1.29225000e-08  0.00000000e+00  1.29225000e-08  0.00000000e+00  1.29225000e-08  2.38922723e-09 
 1.29275000e-08  1.80000000e+00  1.29275000e-08  0.00000000e+00  1.29275000e-08  0.00000000e+00  1.29275000e-08  2.38922723e-09 
 1.29325000e-08  1.80000000e+00  1.29325000e-08  0.00000000e+00  1.29325000e-08  0.00000000e+00  1.29325000e-08  2.38922723e-09 
 1.29375000e-08  1.80000000e+00  1.29375000e-08  0.00000000e+00  1.29375000e-08  0.00000000e+00  1.29375000e-08  2.38922723e-09 
 1.29425000e-08  1.80000000e+00  1.29425000e-08  0.00000000e+00  1.29425000e-08  0.00000000e+00  1.29425000e-08  2.38922723e-09 
 1.29475000e-08  1.80000000e+00  1.29475000e-08  0.00000000e+00  1.29475000e-08  0.00000000e+00  1.29475000e-08  2.38922723e-09 
 1.29525000e-08  1.80000000e+00  1.29525000e-08  0.00000000e+00  1.29525000e-08  0.00000000e+00  1.29525000e-08  2.38922723e-09 
 1.29575000e-08  1.80000000e+00  1.29575000e-08  0.00000000e+00  1.29575000e-08  0.00000000e+00  1.29575000e-08  2.38922723e-09 
 1.29625000e-08  1.80000000e+00  1.29625000e-08  0.00000000e+00  1.29625000e-08  0.00000000e+00  1.29625000e-08  2.38922723e-09 
 1.29675000e-08  1.80000000e+00  1.29675000e-08  0.00000000e+00  1.29675000e-08  0.00000000e+00  1.29675000e-08  2.38922723e-09 
 1.29725000e-08  1.80000000e+00  1.29725000e-08  0.00000000e+00  1.29725000e-08  0.00000000e+00  1.29725000e-08  2.38922723e-09 
 1.29775000e-08  1.80000000e+00  1.29775000e-08  0.00000000e+00  1.29775000e-08  0.00000000e+00  1.29775000e-08  2.38922723e-09 
 1.29825000e-08  1.80000000e+00  1.29825000e-08  0.00000000e+00  1.29825000e-08  0.00000000e+00  1.29825000e-08  2.38922723e-09 
 1.29875000e-08  1.80000000e+00  1.29875000e-08  0.00000000e+00  1.29875000e-08  0.00000000e+00  1.29875000e-08  2.38922723e-09 
 1.29925000e-08  1.80000000e+00  1.29925000e-08  0.00000000e+00  1.29925000e-08  0.00000000e+00  1.29925000e-08  2.38922723e-09 
 1.29975000e-08  1.80000000e+00  1.29975000e-08  0.00000000e+00  1.29975000e-08  0.00000000e+00  1.29975000e-08  2.38922723e-09 
 1.30025000e-08  1.80000000e+00  1.30025000e-08  0.00000000e+00  1.30025000e-08  0.00000000e+00  1.30025000e-08  2.38922723e-09 
 1.30075000e-08  1.80000000e+00  1.30075000e-08  0.00000000e+00  1.30075000e-08  0.00000000e+00  1.30075000e-08  2.38922723e-09 
 1.30125000e-08  1.80000000e+00  1.30125000e-08  0.00000000e+00  1.30125000e-08  0.00000000e+00  1.30125000e-08  2.38922723e-09 
 1.30175000e-08  1.80000000e+00  1.30175000e-08  0.00000000e+00  1.30175000e-08  0.00000000e+00  1.30175000e-08  2.38922723e-09 
 1.30225000e-08  1.80000000e+00  1.30225000e-08  0.00000000e+00  1.30225000e-08  0.00000000e+00  1.30225000e-08  2.38922723e-09 
 1.30275000e-08  1.80000000e+00  1.30275000e-08  0.00000000e+00  1.30275000e-08  0.00000000e+00  1.30275000e-08  2.38922723e-09 
 1.30325000e-08  1.80000000e+00  1.30325000e-08  0.00000000e+00  1.30325000e-08  0.00000000e+00  1.30325000e-08  2.38922723e-09 
 1.30375000e-08  1.80000000e+00  1.30375000e-08  0.00000000e+00  1.30375000e-08  0.00000000e+00  1.30375000e-08  2.38922723e-09 
 1.30425000e-08  1.80000000e+00  1.30425000e-08  0.00000000e+00  1.30425000e-08  0.00000000e+00  1.30425000e-08  2.38922723e-09 
 1.30475000e-08  1.80000000e+00  1.30475000e-08  0.00000000e+00  1.30475000e-08  0.00000000e+00  1.30475000e-08  2.38922723e-09 
 1.30525000e-08  1.80000000e+00  1.30525000e-08  0.00000000e+00  1.30525000e-08  0.00000000e+00  1.30525000e-08  2.38922723e-09 
 1.30575000e-08  1.80000000e+00  1.30575000e-08  0.00000000e+00  1.30575000e-08  0.00000000e+00  1.30575000e-08  2.38922723e-09 
 1.30625000e-08  1.80000000e+00  1.30625000e-08  0.00000000e+00  1.30625000e-08  0.00000000e+00  1.30625000e-08  2.38922723e-09 
 1.30675000e-08  1.80000000e+00  1.30675000e-08  0.00000000e+00  1.30675000e-08  0.00000000e+00  1.30675000e-08  2.38922723e-09 
 1.30725000e-08  1.80000000e+00  1.30725000e-08  0.00000000e+00  1.30725000e-08  0.00000000e+00  1.30725000e-08  2.38922723e-09 
 1.30775000e-08  1.80000000e+00  1.30775000e-08  0.00000000e+00  1.30775000e-08  0.00000000e+00  1.30775000e-08  2.38922723e-09 
 1.30825000e-08  1.80000000e+00  1.30825000e-08  0.00000000e+00  1.30825000e-08  0.00000000e+00  1.30825000e-08  2.38922723e-09 
 1.30875000e-08  1.80000000e+00  1.30875000e-08  0.00000000e+00  1.30875000e-08  0.00000000e+00  1.30875000e-08  2.38922723e-09 
 1.30925000e-08  1.80000000e+00  1.30925000e-08  0.00000000e+00  1.30925000e-08  0.00000000e+00  1.30925000e-08  2.38922723e-09 
 1.30975000e-08  1.80000000e+00  1.30975000e-08  0.00000000e+00  1.30975000e-08  0.00000000e+00  1.30975000e-08  2.38922723e-09 
 1.31025000e-08  1.80000000e+00  1.31025000e-08  0.00000000e+00  1.31025000e-08  0.00000000e+00  1.31025000e-08  2.38922723e-09 
 1.31075000e-08  1.80000000e+00  1.31075000e-08  0.00000000e+00  1.31075000e-08  0.00000000e+00  1.31075000e-08  2.38922723e-09 
 1.31125000e-08  1.80000000e+00  1.31125000e-08  0.00000000e+00  1.31125000e-08  0.00000000e+00  1.31125000e-08  2.38922723e-09 
 1.31175000e-08  1.80000000e+00  1.31175000e-08  0.00000000e+00  1.31175000e-08  0.00000000e+00  1.31175000e-08  2.38922723e-09 
 1.31225000e-08  1.80000000e+00  1.31225000e-08  0.00000000e+00  1.31225000e-08  0.00000000e+00  1.31225000e-08  2.38922723e-09 
 1.31275000e-08  1.80000000e+00  1.31275000e-08  0.00000000e+00  1.31275000e-08  0.00000000e+00  1.31275000e-08  2.38922723e-09 
 1.31325000e-08  1.80000000e+00  1.31325000e-08  0.00000000e+00  1.31325000e-08  0.00000000e+00  1.31325000e-08  2.38922723e-09 
 1.31375000e-08  1.80000000e+00  1.31375000e-08  0.00000000e+00  1.31375000e-08  0.00000000e+00  1.31375000e-08  2.38922723e-09 
 1.31425000e-08  1.80000000e+00  1.31425000e-08  0.00000000e+00  1.31425000e-08  0.00000000e+00  1.31425000e-08  2.38922723e-09 
 1.31475000e-08  1.80000000e+00  1.31475000e-08  0.00000000e+00  1.31475000e-08  0.00000000e+00  1.31475000e-08  2.38922723e-09 
 1.31525000e-08  1.80000000e+00  1.31525000e-08  0.00000000e+00  1.31525000e-08  0.00000000e+00  1.31525000e-08  2.38922723e-09 
 1.31575000e-08  1.80000000e+00  1.31575000e-08  0.00000000e+00  1.31575000e-08  0.00000000e+00  1.31575000e-08  2.38922723e-09 
 1.31625000e-08  1.80000000e+00  1.31625000e-08  0.00000000e+00  1.31625000e-08  0.00000000e+00  1.31625000e-08  2.38922723e-09 
 1.31675000e-08  1.80000000e+00  1.31675000e-08  0.00000000e+00  1.31675000e-08  0.00000000e+00  1.31675000e-08  2.38922723e-09 
 1.31725000e-08  1.80000000e+00  1.31725000e-08  0.00000000e+00  1.31725000e-08  0.00000000e+00  1.31725000e-08  2.38922723e-09 
 1.31775000e-08  1.80000000e+00  1.31775000e-08  0.00000000e+00  1.31775000e-08  0.00000000e+00  1.31775000e-08  2.38922723e-09 
 1.31825000e-08  1.80000000e+00  1.31825000e-08  0.00000000e+00  1.31825000e-08  0.00000000e+00  1.31825000e-08  2.38922723e-09 
 1.31875000e-08  1.80000000e+00  1.31875000e-08  0.00000000e+00  1.31875000e-08  0.00000000e+00  1.31875000e-08  2.38922723e-09 
 1.31925000e-08  1.80000000e+00  1.31925000e-08  0.00000000e+00  1.31925000e-08  0.00000000e+00  1.31925000e-08  2.38922723e-09 
 1.31975000e-08  1.80000000e+00  1.31975000e-08  0.00000000e+00  1.31975000e-08  0.00000000e+00  1.31975000e-08  2.38922723e-09 
 1.32025000e-08  1.80000000e+00  1.32025000e-08  0.00000000e+00  1.32025000e-08  0.00000000e+00  1.32025000e-08  2.38922723e-09 
 1.32075000e-08  1.80000000e+00  1.32075000e-08  0.00000000e+00  1.32075000e-08  0.00000000e+00  1.32075000e-08  2.38922723e-09 
 1.32125000e-08  1.80000000e+00  1.32125000e-08  0.00000000e+00  1.32125000e-08  0.00000000e+00  1.32125000e-08  2.38922723e-09 
 1.32175000e-08  1.80000000e+00  1.32175000e-08  0.00000000e+00  1.32175000e-08  0.00000000e+00  1.32175000e-08  2.38922723e-09 
 1.32225000e-08  1.80000000e+00  1.32225000e-08  0.00000000e+00  1.32225000e-08  0.00000000e+00  1.32225000e-08  2.38922723e-09 
 1.32275000e-08  1.80000000e+00  1.32275000e-08  0.00000000e+00  1.32275000e-08  0.00000000e+00  1.32275000e-08  2.38922723e-09 
 1.32325000e-08  1.80000000e+00  1.32325000e-08  0.00000000e+00  1.32325000e-08  0.00000000e+00  1.32325000e-08  2.38922723e-09 
 1.32375000e-08  1.80000000e+00  1.32375000e-08  0.00000000e+00  1.32375000e-08  0.00000000e+00  1.32375000e-08  2.38922723e-09 
 1.32425000e-08  1.80000000e+00  1.32425000e-08  0.00000000e+00  1.32425000e-08  0.00000000e+00  1.32425000e-08  2.38922723e-09 
 1.32475000e-08  1.80000000e+00  1.32475000e-08  0.00000000e+00  1.32475000e-08  0.00000000e+00  1.32475000e-08  2.38922723e-09 
 1.32525000e-08  1.80000000e+00  1.32525000e-08  0.00000000e+00  1.32525000e-08  0.00000000e+00  1.32525000e-08  2.38922723e-09 
 1.32575000e-08  1.80000000e+00  1.32575000e-08  0.00000000e+00  1.32575000e-08  0.00000000e+00  1.32575000e-08  2.38922723e-09 
 1.32625000e-08  1.80000000e+00  1.32625000e-08  0.00000000e+00  1.32625000e-08  0.00000000e+00  1.32625000e-08  2.38922723e-09 
 1.32675000e-08  1.80000000e+00  1.32675000e-08  0.00000000e+00  1.32675000e-08  0.00000000e+00  1.32675000e-08  2.38922723e-09 
 1.32725000e-08  1.80000000e+00  1.32725000e-08  0.00000000e+00  1.32725000e-08  0.00000000e+00  1.32725000e-08  2.38922723e-09 
 1.32775000e-08  1.80000000e+00  1.32775000e-08  0.00000000e+00  1.32775000e-08  0.00000000e+00  1.32775000e-08  2.38922723e-09 
 1.32825000e-08  1.80000000e+00  1.32825000e-08  0.00000000e+00  1.32825000e-08  0.00000000e+00  1.32825000e-08  2.38922723e-09 
 1.32875000e-08  1.80000000e+00  1.32875000e-08  0.00000000e+00  1.32875000e-08  0.00000000e+00  1.32875000e-08  2.38922723e-09 
 1.32925000e-08  1.80000000e+00  1.32925000e-08  0.00000000e+00  1.32925000e-08  0.00000000e+00  1.32925000e-08  2.38922723e-09 
 1.32975000e-08  1.80000000e+00  1.32975000e-08  0.00000000e+00  1.32975000e-08  0.00000000e+00  1.32975000e-08  2.38922723e-09 
 1.33025000e-08  1.80000000e+00  1.33025000e-08  0.00000000e+00  1.33025000e-08  0.00000000e+00  1.33025000e-08  2.38922723e-09 
 1.33075000e-08  1.80000000e+00  1.33075000e-08  0.00000000e+00  1.33075000e-08  0.00000000e+00  1.33075000e-08  2.38922723e-09 
 1.33125000e-08  1.80000000e+00  1.33125000e-08  0.00000000e+00  1.33125000e-08  0.00000000e+00  1.33125000e-08  2.38922723e-09 
 1.33175000e-08  1.80000000e+00  1.33175000e-08  0.00000000e+00  1.33175000e-08  0.00000000e+00  1.33175000e-08  2.38922723e-09 
 1.33225000e-08  1.80000000e+00  1.33225000e-08  0.00000000e+00  1.33225000e-08  0.00000000e+00  1.33225000e-08  2.38922723e-09 
 1.33275000e-08  1.80000000e+00  1.33275000e-08  0.00000000e+00  1.33275000e-08  0.00000000e+00  1.33275000e-08  2.38922723e-09 
 1.33325000e-08  1.80000000e+00  1.33325000e-08  0.00000000e+00  1.33325000e-08  0.00000000e+00  1.33325000e-08  2.38922723e-09 
 1.33375000e-08  1.80000000e+00  1.33375000e-08  0.00000000e+00  1.33375000e-08  0.00000000e+00  1.33375000e-08  2.38922723e-09 
 1.33425000e-08  1.80000000e+00  1.33425000e-08  0.00000000e+00  1.33425000e-08  0.00000000e+00  1.33425000e-08  2.38922723e-09 
 1.33475000e-08  1.80000000e+00  1.33475000e-08  0.00000000e+00  1.33475000e-08  0.00000000e+00  1.33475000e-08  2.38922723e-09 
 1.33525000e-08  1.80000000e+00  1.33525000e-08  0.00000000e+00  1.33525000e-08  0.00000000e+00  1.33525000e-08  2.38922723e-09 
 1.33575000e-08  1.80000000e+00  1.33575000e-08  0.00000000e+00  1.33575000e-08  0.00000000e+00  1.33575000e-08  2.38922723e-09 
 1.33625000e-08  1.80000000e+00  1.33625000e-08  0.00000000e+00  1.33625000e-08  0.00000000e+00  1.33625000e-08  2.38922723e-09 
 1.33675000e-08  1.80000000e+00  1.33675000e-08  0.00000000e+00  1.33675000e-08  0.00000000e+00  1.33675000e-08  2.38922723e-09 
 1.33725000e-08  1.80000000e+00  1.33725000e-08  0.00000000e+00  1.33725000e-08  0.00000000e+00  1.33725000e-08  2.38922723e-09 
 1.33775000e-08  1.80000000e+00  1.33775000e-08  0.00000000e+00  1.33775000e-08  0.00000000e+00  1.33775000e-08  2.38922723e-09 
 1.33825000e-08  1.80000000e+00  1.33825000e-08  0.00000000e+00  1.33825000e-08  0.00000000e+00  1.33825000e-08  2.38922723e-09 
 1.33875000e-08  1.80000000e+00  1.33875000e-08  0.00000000e+00  1.33875000e-08  0.00000000e+00  1.33875000e-08  2.38922723e-09 
 1.33925000e-08  1.80000000e+00  1.33925000e-08  0.00000000e+00  1.33925000e-08  0.00000000e+00  1.33925000e-08  2.38922723e-09 
 1.33975000e-08  1.80000000e+00  1.33975000e-08  0.00000000e+00  1.33975000e-08  0.00000000e+00  1.33975000e-08  2.38922723e-09 
 1.34025000e-08  1.80000000e+00  1.34025000e-08  0.00000000e+00  1.34025000e-08  0.00000000e+00  1.34025000e-08  2.38922723e-09 
 1.34075000e-08  1.80000000e+00  1.34075000e-08  0.00000000e+00  1.34075000e-08  0.00000000e+00  1.34075000e-08  2.38922723e-09 
 1.34125000e-08  1.80000000e+00  1.34125000e-08  0.00000000e+00  1.34125000e-08  0.00000000e+00  1.34125000e-08  2.38922723e-09 
 1.34175000e-08  1.80000000e+00  1.34175000e-08  0.00000000e+00  1.34175000e-08  0.00000000e+00  1.34175000e-08  2.38922723e-09 
 1.34225000e-08  1.80000000e+00  1.34225000e-08  0.00000000e+00  1.34225000e-08  0.00000000e+00  1.34225000e-08  2.38922723e-09 
 1.34275000e-08  1.80000000e+00  1.34275000e-08  0.00000000e+00  1.34275000e-08  0.00000000e+00  1.34275000e-08  2.38922723e-09 
 1.34325000e-08  1.80000000e+00  1.34325000e-08  0.00000000e+00  1.34325000e-08  0.00000000e+00  1.34325000e-08  2.38922723e-09 
 1.34375000e-08  1.80000000e+00  1.34375000e-08  0.00000000e+00  1.34375000e-08  0.00000000e+00  1.34375000e-08  2.38922723e-09 
 1.34425000e-08  1.80000000e+00  1.34425000e-08  0.00000000e+00  1.34425000e-08  0.00000000e+00  1.34425000e-08  2.38922723e-09 
 1.34475000e-08  1.80000000e+00  1.34475000e-08  0.00000000e+00  1.34475000e-08  0.00000000e+00  1.34475000e-08  2.38922723e-09 
 1.34525000e-08  1.80000000e+00  1.34525000e-08  0.00000000e+00  1.34525000e-08  0.00000000e+00  1.34525000e-08  2.38922723e-09 
 1.34575000e-08  1.80000000e+00  1.34575000e-08  0.00000000e+00  1.34575000e-08  0.00000000e+00  1.34575000e-08  2.38922723e-09 
 1.34625000e-08  1.80000000e+00  1.34625000e-08  0.00000000e+00  1.34625000e-08  0.00000000e+00  1.34625000e-08  2.38922723e-09 
 1.34675000e-08  1.80000000e+00  1.34675000e-08  0.00000000e+00  1.34675000e-08  0.00000000e+00  1.34675000e-08  2.38922723e-09 
 1.34725000e-08  1.80000000e+00  1.34725000e-08  0.00000000e+00  1.34725000e-08  0.00000000e+00  1.34725000e-08  2.38922723e-09 
 1.34775000e-08  1.80000000e+00  1.34775000e-08  0.00000000e+00  1.34775000e-08  0.00000000e+00  1.34775000e-08  2.38922723e-09 
 1.34825000e-08  1.80000000e+00  1.34825000e-08  0.00000000e+00  1.34825000e-08  0.00000000e+00  1.34825000e-08  2.38922723e-09 
 1.34875000e-08  1.80000000e+00  1.34875000e-08  0.00000000e+00  1.34875000e-08  0.00000000e+00  1.34875000e-08  2.38922723e-09 
 1.34925000e-08  1.80000000e+00  1.34925000e-08  0.00000000e+00  1.34925000e-08  0.00000000e+00  1.34925000e-08  2.38922723e-09 
 1.34975000e-08  1.80000000e+00  1.34975000e-08  0.00000000e+00  1.34975000e-08  0.00000000e+00  1.34975000e-08  2.38922723e-09 
 1.35025000e-08  1.80000000e+00  1.35025000e-08  0.00000000e+00  1.35025000e-08  0.00000000e+00  1.35025000e-08  2.38922723e-09 
 1.35075000e-08  1.80000000e+00  1.35075000e-08  0.00000000e+00  1.35075000e-08  0.00000000e+00  1.35075000e-08  2.38922723e-09 
 1.35125000e-08  1.80000000e+00  1.35125000e-08  0.00000000e+00  1.35125000e-08  0.00000000e+00  1.35125000e-08  2.38922723e-09 
 1.35175000e-08  1.80000000e+00  1.35175000e-08  0.00000000e+00  1.35175000e-08  0.00000000e+00  1.35175000e-08  2.38922723e-09 
 1.35225000e-08  1.80000000e+00  1.35225000e-08  0.00000000e+00  1.35225000e-08  0.00000000e+00  1.35225000e-08  2.38922723e-09 
 1.35275000e-08  1.80000000e+00  1.35275000e-08  0.00000000e+00  1.35275000e-08  0.00000000e+00  1.35275000e-08  2.38922723e-09 
 1.35325000e-08  1.80000000e+00  1.35325000e-08  0.00000000e+00  1.35325000e-08  0.00000000e+00  1.35325000e-08  2.38922723e-09 
 1.35375000e-08  1.80000000e+00  1.35375000e-08  0.00000000e+00  1.35375000e-08  0.00000000e+00  1.35375000e-08  2.38922723e-09 
 1.35425000e-08  1.80000000e+00  1.35425000e-08  0.00000000e+00  1.35425000e-08  0.00000000e+00  1.35425000e-08  2.38922723e-09 
 1.35475000e-08  1.80000000e+00  1.35475000e-08  0.00000000e+00  1.35475000e-08  0.00000000e+00  1.35475000e-08  2.38922723e-09 
 1.35525000e-08  1.80000000e+00  1.35525000e-08  0.00000000e+00  1.35525000e-08  0.00000000e+00  1.35525000e-08  2.38922723e-09 
 1.35575000e-08  1.80000000e+00  1.35575000e-08  0.00000000e+00  1.35575000e-08  0.00000000e+00  1.35575000e-08  2.38922723e-09 
 1.35625000e-08  1.80000000e+00  1.35625000e-08  0.00000000e+00  1.35625000e-08  0.00000000e+00  1.35625000e-08  2.38922723e-09 
 1.35675000e-08  1.80000000e+00  1.35675000e-08  0.00000000e+00  1.35675000e-08  0.00000000e+00  1.35675000e-08  2.38922723e-09 
 1.35725000e-08  1.80000000e+00  1.35725000e-08  0.00000000e+00  1.35725000e-08  0.00000000e+00  1.35725000e-08  2.38922723e-09 
 1.35775000e-08  1.80000000e+00  1.35775000e-08  0.00000000e+00  1.35775000e-08  0.00000000e+00  1.35775000e-08  2.38922723e-09 
 1.35825000e-08  1.80000000e+00  1.35825000e-08  0.00000000e+00  1.35825000e-08  0.00000000e+00  1.35825000e-08  2.38922723e-09 
 1.35875000e-08  1.80000000e+00  1.35875000e-08  0.00000000e+00  1.35875000e-08  0.00000000e+00  1.35875000e-08  2.38922723e-09 
 1.35925000e-08  1.80000000e+00  1.35925000e-08  0.00000000e+00  1.35925000e-08  0.00000000e+00  1.35925000e-08  2.38922723e-09 
 1.35975000e-08  1.80000000e+00  1.35975000e-08  0.00000000e+00  1.35975000e-08  0.00000000e+00  1.35975000e-08  2.38922723e-09 
 1.36025000e-08  1.80000000e+00  1.36025000e-08  0.00000000e+00  1.36025000e-08  0.00000000e+00  1.36025000e-08  2.38922723e-09 
 1.36075000e-08  1.80000000e+00  1.36075000e-08  0.00000000e+00  1.36075000e-08  0.00000000e+00  1.36075000e-08  2.38922723e-09 
 1.36125000e-08  1.80000000e+00  1.36125000e-08  0.00000000e+00  1.36125000e-08  0.00000000e+00  1.36125000e-08  2.38922723e-09 
 1.36175000e-08  1.80000000e+00  1.36175000e-08  0.00000000e+00  1.36175000e-08  0.00000000e+00  1.36175000e-08  2.38922723e-09 
 1.36225000e-08  1.80000000e+00  1.36225000e-08  0.00000000e+00  1.36225000e-08  0.00000000e+00  1.36225000e-08  2.38922723e-09 
 1.36275000e-08  1.80000000e+00  1.36275000e-08  0.00000000e+00  1.36275000e-08  0.00000000e+00  1.36275000e-08  2.38922723e-09 
 1.36325000e-08  1.80000000e+00  1.36325000e-08  0.00000000e+00  1.36325000e-08  0.00000000e+00  1.36325000e-08  2.38922723e-09 
 1.36375000e-08  1.80000000e+00  1.36375000e-08  0.00000000e+00  1.36375000e-08  0.00000000e+00  1.36375000e-08  2.38922723e-09 
 1.36425000e-08  1.80000000e+00  1.36425000e-08  0.00000000e+00  1.36425000e-08  0.00000000e+00  1.36425000e-08  2.38922723e-09 
 1.36475000e-08  1.80000000e+00  1.36475000e-08  0.00000000e+00  1.36475000e-08  0.00000000e+00  1.36475000e-08  2.38922723e-09 
 1.36525000e-08  1.80000000e+00  1.36525000e-08  0.00000000e+00  1.36525000e-08  0.00000000e+00  1.36525000e-08  2.38922723e-09 
 1.36575000e-08  1.80000000e+00  1.36575000e-08  0.00000000e+00  1.36575000e-08  0.00000000e+00  1.36575000e-08  2.38922723e-09 
 1.36625000e-08  1.80000000e+00  1.36625000e-08  0.00000000e+00  1.36625000e-08  0.00000000e+00  1.36625000e-08  2.38922723e-09 
 1.36675000e-08  1.80000000e+00  1.36675000e-08  0.00000000e+00  1.36675000e-08  0.00000000e+00  1.36675000e-08  2.38922723e-09 
 1.36725000e-08  1.80000000e+00  1.36725000e-08  0.00000000e+00  1.36725000e-08  0.00000000e+00  1.36725000e-08  2.38922723e-09 
 1.36775000e-08  1.80000000e+00  1.36775000e-08  0.00000000e+00  1.36775000e-08  0.00000000e+00  1.36775000e-08  2.38922723e-09 
 1.36825000e-08  1.80000000e+00  1.36825000e-08  0.00000000e+00  1.36825000e-08  0.00000000e+00  1.36825000e-08  2.38922723e-09 
 1.36875000e-08  1.80000000e+00  1.36875000e-08  0.00000000e+00  1.36875000e-08  0.00000000e+00  1.36875000e-08  2.38922723e-09 
 1.36925000e-08  1.80000000e+00  1.36925000e-08  0.00000000e+00  1.36925000e-08  0.00000000e+00  1.36925000e-08  2.38922723e-09 
 1.36975000e-08  1.80000000e+00  1.36975000e-08  0.00000000e+00  1.36975000e-08  0.00000000e+00  1.36975000e-08  2.38922723e-09 
 1.37025000e-08  1.80000000e+00  1.37025000e-08  0.00000000e+00  1.37025000e-08  0.00000000e+00  1.37025000e-08  2.38922723e-09 
 1.37075000e-08  1.80000000e+00  1.37075000e-08  0.00000000e+00  1.37075000e-08  0.00000000e+00  1.37075000e-08  2.38922723e-09 
 1.37125000e-08  1.80000000e+00  1.37125000e-08  0.00000000e+00  1.37125000e-08  0.00000000e+00  1.37125000e-08  2.38922723e-09 
 1.37175000e-08  1.80000000e+00  1.37175000e-08  0.00000000e+00  1.37175000e-08  0.00000000e+00  1.37175000e-08  2.38922723e-09 
 1.37225000e-08  1.80000000e+00  1.37225000e-08  0.00000000e+00  1.37225000e-08  0.00000000e+00  1.37225000e-08  2.38922723e-09 
 1.37275000e-08  1.80000000e+00  1.37275000e-08  0.00000000e+00  1.37275000e-08  0.00000000e+00  1.37275000e-08  2.38922723e-09 
 1.37325000e-08  1.80000000e+00  1.37325000e-08  0.00000000e+00  1.37325000e-08  0.00000000e+00  1.37325000e-08  2.38922723e-09 
 1.37375000e-08  1.80000000e+00  1.37375000e-08  0.00000000e+00  1.37375000e-08  0.00000000e+00  1.37375000e-08  2.38922723e-09 
 1.37425000e-08  1.80000000e+00  1.37425000e-08  0.00000000e+00  1.37425000e-08  0.00000000e+00  1.37425000e-08  2.38922723e-09 
 1.37475000e-08  1.80000000e+00  1.37475000e-08  0.00000000e+00  1.37475000e-08  0.00000000e+00  1.37475000e-08  2.38922723e-09 
 1.37525000e-08  1.80000000e+00  1.37525000e-08  0.00000000e+00  1.37525000e-08  0.00000000e+00  1.37525000e-08  2.38922723e-09 
 1.37575000e-08  1.80000000e+00  1.37575000e-08  0.00000000e+00  1.37575000e-08  0.00000000e+00  1.37575000e-08  2.38922723e-09 
 1.37625000e-08  1.80000000e+00  1.37625000e-08  0.00000000e+00  1.37625000e-08  0.00000000e+00  1.37625000e-08  2.38922723e-09 
 1.37675000e-08  1.80000000e+00  1.37675000e-08  0.00000000e+00  1.37675000e-08  0.00000000e+00  1.37675000e-08  2.38922723e-09 
 1.37725000e-08  1.80000000e+00  1.37725000e-08  0.00000000e+00  1.37725000e-08  0.00000000e+00  1.37725000e-08  2.38922723e-09 
 1.37775000e-08  1.80000000e+00  1.37775000e-08  0.00000000e+00  1.37775000e-08  0.00000000e+00  1.37775000e-08  2.38922723e-09 
 1.37825000e-08  1.80000000e+00  1.37825000e-08  0.00000000e+00  1.37825000e-08  0.00000000e+00  1.37825000e-08  2.38922723e-09 
 1.37875000e-08  1.80000000e+00  1.37875000e-08  0.00000000e+00  1.37875000e-08  0.00000000e+00  1.37875000e-08  2.38922723e-09 
 1.37925000e-08  1.80000000e+00  1.37925000e-08  0.00000000e+00  1.37925000e-08  0.00000000e+00  1.37925000e-08  2.38922723e-09 
 1.37975000e-08  1.80000000e+00  1.37975000e-08  0.00000000e+00  1.37975000e-08  0.00000000e+00  1.37975000e-08  2.38922723e-09 
 1.38025000e-08  1.80000000e+00  1.38025000e-08  0.00000000e+00  1.38025000e-08  0.00000000e+00  1.38025000e-08  2.38922723e-09 
 1.38075000e-08  1.80000000e+00  1.38075000e-08  0.00000000e+00  1.38075000e-08  0.00000000e+00  1.38075000e-08  2.38922723e-09 
 1.38125000e-08  1.80000000e+00  1.38125000e-08  0.00000000e+00  1.38125000e-08  0.00000000e+00  1.38125000e-08  2.38922723e-09 
 1.38175000e-08  1.80000000e+00  1.38175000e-08  0.00000000e+00  1.38175000e-08  0.00000000e+00  1.38175000e-08  2.38922723e-09 
 1.38225000e-08  1.80000000e+00  1.38225000e-08  0.00000000e+00  1.38225000e-08  0.00000000e+00  1.38225000e-08  2.38922723e-09 
 1.38275000e-08  1.80000000e+00  1.38275000e-08  0.00000000e+00  1.38275000e-08  0.00000000e+00  1.38275000e-08  2.38922723e-09 
 1.38325000e-08  1.80000000e+00  1.38325000e-08  0.00000000e+00  1.38325000e-08  0.00000000e+00  1.38325000e-08  2.38922723e-09 
 1.38375000e-08  1.80000000e+00  1.38375000e-08  0.00000000e+00  1.38375000e-08  0.00000000e+00  1.38375000e-08  2.38922723e-09 
 1.38425000e-08  1.80000000e+00  1.38425000e-08  0.00000000e+00  1.38425000e-08  0.00000000e+00  1.38425000e-08  2.38922723e-09 
 1.38475000e-08  1.80000000e+00  1.38475000e-08  0.00000000e+00  1.38475000e-08  0.00000000e+00  1.38475000e-08  2.38922723e-09 
 1.38525000e-08  1.80000000e+00  1.38525000e-08  0.00000000e+00  1.38525000e-08  0.00000000e+00  1.38525000e-08  2.38922723e-09 
 1.38575000e-08  1.80000000e+00  1.38575000e-08  0.00000000e+00  1.38575000e-08  0.00000000e+00  1.38575000e-08  2.38922723e-09 
 1.38625000e-08  1.80000000e+00  1.38625000e-08  0.00000000e+00  1.38625000e-08  0.00000000e+00  1.38625000e-08  2.38922723e-09 
 1.38675000e-08  1.80000000e+00  1.38675000e-08  0.00000000e+00  1.38675000e-08  0.00000000e+00  1.38675000e-08  2.38922723e-09 
 1.38725000e-08  1.80000000e+00  1.38725000e-08  0.00000000e+00  1.38725000e-08  0.00000000e+00  1.38725000e-08  2.38922723e-09 
 1.38775000e-08  1.80000000e+00  1.38775000e-08  0.00000000e+00  1.38775000e-08  0.00000000e+00  1.38775000e-08  2.38922723e-09 
 1.38825000e-08  1.80000000e+00  1.38825000e-08  0.00000000e+00  1.38825000e-08  0.00000000e+00  1.38825000e-08  2.38922723e-09 
 1.38875000e-08  1.80000000e+00  1.38875000e-08  0.00000000e+00  1.38875000e-08  0.00000000e+00  1.38875000e-08  2.38922723e-09 
 1.38925000e-08  1.80000000e+00  1.38925000e-08  0.00000000e+00  1.38925000e-08  0.00000000e+00  1.38925000e-08  2.38922723e-09 
 1.38975000e-08  1.80000000e+00  1.38975000e-08  0.00000000e+00  1.38975000e-08  0.00000000e+00  1.38975000e-08  2.38922723e-09 
 1.39025000e-08  1.80000000e+00  1.39025000e-08  0.00000000e+00  1.39025000e-08  0.00000000e+00  1.39025000e-08  2.38922723e-09 
 1.39075000e-08  1.80000000e+00  1.39075000e-08  0.00000000e+00  1.39075000e-08  0.00000000e+00  1.39075000e-08  2.38922723e-09 
 1.39125000e-08  1.80000000e+00  1.39125000e-08  0.00000000e+00  1.39125000e-08  0.00000000e+00  1.39125000e-08  2.38922723e-09 
 1.39175000e-08  1.80000000e+00  1.39175000e-08  0.00000000e+00  1.39175000e-08  0.00000000e+00  1.39175000e-08  2.38922723e-09 
 1.39225000e-08  1.80000000e+00  1.39225000e-08  0.00000000e+00  1.39225000e-08  0.00000000e+00  1.39225000e-08  2.38922723e-09 
 1.39275000e-08  1.80000000e+00  1.39275000e-08  0.00000000e+00  1.39275000e-08  0.00000000e+00  1.39275000e-08  2.38922723e-09 
 1.39325000e-08  1.80000000e+00  1.39325000e-08  0.00000000e+00  1.39325000e-08  0.00000000e+00  1.39325000e-08  2.38922723e-09 
 1.39375000e-08  1.80000000e+00  1.39375000e-08  0.00000000e+00  1.39375000e-08  0.00000000e+00  1.39375000e-08  2.38922723e-09 
 1.39425000e-08  1.80000000e+00  1.39425000e-08  0.00000000e+00  1.39425000e-08  0.00000000e+00  1.39425000e-08  2.38922723e-09 
 1.39475000e-08  1.80000000e+00  1.39475000e-08  0.00000000e+00  1.39475000e-08  0.00000000e+00  1.39475000e-08  2.38922723e-09 
 1.39525000e-08  1.80000000e+00  1.39525000e-08  0.00000000e+00  1.39525000e-08  0.00000000e+00  1.39525000e-08  2.38922723e-09 
 1.39575000e-08  1.80000000e+00  1.39575000e-08  0.00000000e+00  1.39575000e-08  0.00000000e+00  1.39575000e-08  2.38922723e-09 
 1.39625000e-08  1.80000000e+00  1.39625000e-08  0.00000000e+00  1.39625000e-08  0.00000000e+00  1.39625000e-08  2.38922723e-09 
 1.39675000e-08  1.80000000e+00  1.39675000e-08  0.00000000e+00  1.39675000e-08  0.00000000e+00  1.39675000e-08  2.38922723e-09 
 1.39725000e-08  1.80000000e+00  1.39725000e-08  0.00000000e+00  1.39725000e-08  0.00000000e+00  1.39725000e-08  2.38922723e-09 
 1.39775000e-08  1.80000000e+00  1.39775000e-08  0.00000000e+00  1.39775000e-08  0.00000000e+00  1.39775000e-08  2.38922723e-09 
 1.39825000e-08  1.80000000e+00  1.39825000e-08  0.00000000e+00  1.39825000e-08  0.00000000e+00  1.39825000e-08  2.38922723e-09 
 1.39875000e-08  1.80000000e+00  1.39875000e-08  0.00000000e+00  1.39875000e-08  0.00000000e+00  1.39875000e-08  2.38922723e-09 
 1.39925000e-08  1.80000000e+00  1.39925000e-08  0.00000000e+00  1.39925000e-08  0.00000000e+00  1.39925000e-08  2.38922723e-09 
 1.39975000e-08  1.80000000e+00  1.39975000e-08  0.00000000e+00  1.39975000e-08  0.00000000e+00  1.39975000e-08  2.38922723e-09 
 1.40025000e-08  1.80000000e+00  1.40025000e-08  0.00000000e+00  1.40025000e-08  0.00000000e+00  1.40025000e-08  2.38922723e-09 
 1.40075000e-08  1.80000000e+00  1.40075000e-08  0.00000000e+00  1.40075000e-08  0.00000000e+00  1.40075000e-08  2.38922723e-09 
 1.40125000e-08  1.80000000e+00  1.40125000e-08  0.00000000e+00  1.40125000e-08  0.00000000e+00  1.40125000e-08  2.38922723e-09 
 1.40175000e-08  1.80000000e+00  1.40175000e-08  0.00000000e+00  1.40175000e-08  0.00000000e+00  1.40175000e-08  2.38922723e-09 
 1.40225000e-08  1.80000000e+00  1.40225000e-08  0.00000000e+00  1.40225000e-08  0.00000000e+00  1.40225000e-08  2.38922723e-09 
 1.40275000e-08  1.80000000e+00  1.40275000e-08  0.00000000e+00  1.40275000e-08  0.00000000e+00  1.40275000e-08  2.38922723e-09 
 1.40325000e-08  1.80000000e+00  1.40325000e-08  0.00000000e+00  1.40325000e-08  0.00000000e+00  1.40325000e-08  2.38922723e-09 
 1.40375000e-08  1.80000000e+00  1.40375000e-08  0.00000000e+00  1.40375000e-08  0.00000000e+00  1.40375000e-08  2.38922723e-09 
 1.40425000e-08  1.80000000e+00  1.40425000e-08  0.00000000e+00  1.40425000e-08  0.00000000e+00  1.40425000e-08  2.38922723e-09 
 1.40475000e-08  1.80000000e+00  1.40475000e-08  0.00000000e+00  1.40475000e-08  0.00000000e+00  1.40475000e-08  2.38922723e-09 
 1.40525000e-08  1.80000000e+00  1.40525000e-08  0.00000000e+00  1.40525000e-08  0.00000000e+00  1.40525000e-08  2.38922723e-09 
 1.40575000e-08  1.80000000e+00  1.40575000e-08  0.00000000e+00  1.40575000e-08  0.00000000e+00  1.40575000e-08  2.38922723e-09 
 1.40625000e-08  1.80000000e+00  1.40625000e-08  0.00000000e+00  1.40625000e-08  0.00000000e+00  1.40625000e-08  2.38922723e-09 
 1.40675000e-08  1.80000000e+00  1.40675000e-08  0.00000000e+00  1.40675000e-08  0.00000000e+00  1.40675000e-08  2.38922723e-09 
 1.40725000e-08  1.80000000e+00  1.40725000e-08  0.00000000e+00  1.40725000e-08  0.00000000e+00  1.40725000e-08  2.38922723e-09 
 1.40775000e-08  1.80000000e+00  1.40775000e-08  0.00000000e+00  1.40775000e-08  0.00000000e+00  1.40775000e-08  2.38922723e-09 
 1.40825000e-08  1.80000000e+00  1.40825000e-08  0.00000000e+00  1.40825000e-08  0.00000000e+00  1.40825000e-08  2.38922723e-09 
 1.40875000e-08  1.80000000e+00  1.40875000e-08  0.00000000e+00  1.40875000e-08  0.00000000e+00  1.40875000e-08  2.38922723e-09 
 1.40925000e-08  1.80000000e+00  1.40925000e-08  0.00000000e+00  1.40925000e-08  0.00000000e+00  1.40925000e-08  2.38922723e-09 
 1.40975000e-08  1.80000000e+00  1.40975000e-08  0.00000000e+00  1.40975000e-08  0.00000000e+00  1.40975000e-08  2.38922723e-09 
 1.41025000e-08  1.80000000e+00  1.41025000e-08  0.00000000e+00  1.41025000e-08  0.00000000e+00  1.41025000e-08  2.38922723e-09 
 1.41075000e-08  1.80000000e+00  1.41075000e-08  0.00000000e+00  1.41075000e-08  0.00000000e+00  1.41075000e-08  2.38922723e-09 
 1.41125000e-08  1.80000000e+00  1.41125000e-08  0.00000000e+00  1.41125000e-08  0.00000000e+00  1.41125000e-08  2.38922723e-09 
 1.41175000e-08  1.80000000e+00  1.41175000e-08  0.00000000e+00  1.41175000e-08  0.00000000e+00  1.41175000e-08  2.38922723e-09 
 1.41225000e-08  1.80000000e+00  1.41225000e-08  0.00000000e+00  1.41225000e-08  0.00000000e+00  1.41225000e-08  2.38922723e-09 
 1.41275000e-08  1.80000000e+00  1.41275000e-08  0.00000000e+00  1.41275000e-08  0.00000000e+00  1.41275000e-08  2.38922723e-09 
 1.41325000e-08  1.80000000e+00  1.41325000e-08  0.00000000e+00  1.41325000e-08  0.00000000e+00  1.41325000e-08  2.38922723e-09 
 1.41375000e-08  1.80000000e+00  1.41375000e-08  0.00000000e+00  1.41375000e-08  0.00000000e+00  1.41375000e-08  2.38922723e-09 
 1.41425000e-08  1.80000000e+00  1.41425000e-08  0.00000000e+00  1.41425000e-08  0.00000000e+00  1.41425000e-08  2.38922723e-09 
 1.41475000e-08  1.80000000e+00  1.41475000e-08  0.00000000e+00  1.41475000e-08  0.00000000e+00  1.41475000e-08  2.38922723e-09 
 1.41525000e-08  1.80000000e+00  1.41525000e-08  0.00000000e+00  1.41525000e-08  0.00000000e+00  1.41525000e-08  2.38922723e-09 
 1.41575000e-08  1.80000000e+00  1.41575000e-08  0.00000000e+00  1.41575000e-08  0.00000000e+00  1.41575000e-08  2.38922723e-09 
 1.41625000e-08  1.80000000e+00  1.41625000e-08  0.00000000e+00  1.41625000e-08  0.00000000e+00  1.41625000e-08  2.38922723e-09 
 1.41675000e-08  1.80000000e+00  1.41675000e-08  0.00000000e+00  1.41675000e-08  0.00000000e+00  1.41675000e-08  2.38922723e-09 
 1.41725000e-08  1.80000000e+00  1.41725000e-08  0.00000000e+00  1.41725000e-08  0.00000000e+00  1.41725000e-08  2.38922723e-09 
 1.41775000e-08  1.80000000e+00  1.41775000e-08  0.00000000e+00  1.41775000e-08  0.00000000e+00  1.41775000e-08  2.38922723e-09 
 1.41825000e-08  1.80000000e+00  1.41825000e-08  0.00000000e+00  1.41825000e-08  0.00000000e+00  1.41825000e-08  2.38922723e-09 
 1.41875000e-08  1.80000000e+00  1.41875000e-08  0.00000000e+00  1.41875000e-08  0.00000000e+00  1.41875000e-08  2.38922723e-09 
 1.41925000e-08  1.80000000e+00  1.41925000e-08  0.00000000e+00  1.41925000e-08  0.00000000e+00  1.41925000e-08  2.38922723e-09 
 1.41975000e-08  1.80000000e+00  1.41975000e-08  0.00000000e+00  1.41975000e-08  0.00000000e+00  1.41975000e-08  2.38922723e-09 
 1.42025000e-08  1.80000000e+00  1.42025000e-08  0.00000000e+00  1.42025000e-08  0.00000000e+00  1.42025000e-08  2.38922723e-09 
 1.42075000e-08  1.80000000e+00  1.42075000e-08  0.00000000e+00  1.42075000e-08  0.00000000e+00  1.42075000e-08  2.38922723e-09 
 1.42125000e-08  1.80000000e+00  1.42125000e-08  0.00000000e+00  1.42125000e-08  0.00000000e+00  1.42125000e-08  2.38922723e-09 
 1.42175000e-08  1.80000000e+00  1.42175000e-08  0.00000000e+00  1.42175000e-08  0.00000000e+00  1.42175000e-08  2.38922723e-09 
 1.42225000e-08  1.80000000e+00  1.42225000e-08  0.00000000e+00  1.42225000e-08  0.00000000e+00  1.42225000e-08  2.38922723e-09 
 1.42275000e-08  1.80000000e+00  1.42275000e-08  0.00000000e+00  1.42275000e-08  0.00000000e+00  1.42275000e-08  2.38922723e-09 
 1.42325000e-08  1.80000000e+00  1.42325000e-08  0.00000000e+00  1.42325000e-08  0.00000000e+00  1.42325000e-08  2.38922723e-09 
 1.42375000e-08  1.80000000e+00  1.42375000e-08  0.00000000e+00  1.42375000e-08  0.00000000e+00  1.42375000e-08  2.38922723e-09 
 1.42425000e-08  1.80000000e+00  1.42425000e-08  0.00000000e+00  1.42425000e-08  0.00000000e+00  1.42425000e-08  2.38922723e-09 
 1.42475000e-08  1.80000000e+00  1.42475000e-08  0.00000000e+00  1.42475000e-08  0.00000000e+00  1.42475000e-08  2.38922723e-09 
 1.42525000e-08  1.80000000e+00  1.42525000e-08  0.00000000e+00  1.42525000e-08  0.00000000e+00  1.42525000e-08  2.38922723e-09 
 1.42575000e-08  1.80000000e+00  1.42575000e-08  0.00000000e+00  1.42575000e-08  0.00000000e+00  1.42575000e-08  2.38922723e-09 
 1.42625000e-08  1.80000000e+00  1.42625000e-08  0.00000000e+00  1.42625000e-08  0.00000000e+00  1.42625000e-08  2.38922723e-09 
 1.42675000e-08  1.80000000e+00  1.42675000e-08  0.00000000e+00  1.42675000e-08  0.00000000e+00  1.42675000e-08  2.38922723e-09 
 1.42725000e-08  1.80000000e+00  1.42725000e-08  0.00000000e+00  1.42725000e-08  0.00000000e+00  1.42725000e-08  2.38922723e-09 
 1.42775000e-08  1.80000000e+00  1.42775000e-08  0.00000000e+00  1.42775000e-08  0.00000000e+00  1.42775000e-08  2.38922723e-09 
 1.42825000e-08  1.80000000e+00  1.42825000e-08  0.00000000e+00  1.42825000e-08  0.00000000e+00  1.42825000e-08  2.38922723e-09 
 1.42875000e-08  1.80000000e+00  1.42875000e-08  0.00000000e+00  1.42875000e-08  0.00000000e+00  1.42875000e-08  2.38922723e-09 
 1.42925000e-08  1.80000000e+00  1.42925000e-08  0.00000000e+00  1.42925000e-08  0.00000000e+00  1.42925000e-08  2.38922723e-09 
 1.42975000e-08  1.80000000e+00  1.42975000e-08  0.00000000e+00  1.42975000e-08  0.00000000e+00  1.42975000e-08  2.38922723e-09 
 1.43025000e-08  1.80000000e+00  1.43025000e-08  0.00000000e+00  1.43025000e-08  0.00000000e+00  1.43025000e-08  2.38922723e-09 
 1.43075000e-08  1.80000000e+00  1.43075000e-08  0.00000000e+00  1.43075000e-08  0.00000000e+00  1.43075000e-08  2.38922723e-09 
 1.43125000e-08  1.80000000e+00  1.43125000e-08  0.00000000e+00  1.43125000e-08  0.00000000e+00  1.43125000e-08  2.38922723e-09 
 1.43175000e-08  1.80000000e+00  1.43175000e-08  0.00000000e+00  1.43175000e-08  0.00000000e+00  1.43175000e-08  2.38922723e-09 
 1.43225000e-08  1.80000000e+00  1.43225000e-08  0.00000000e+00  1.43225000e-08  0.00000000e+00  1.43225000e-08  2.38922723e-09 
 1.43275000e-08  1.80000000e+00  1.43275000e-08  0.00000000e+00  1.43275000e-08  0.00000000e+00  1.43275000e-08  2.38922723e-09 
 1.43325000e-08  1.80000000e+00  1.43325000e-08  0.00000000e+00  1.43325000e-08  0.00000000e+00  1.43325000e-08  2.38922723e-09 
 1.43375000e-08  1.80000000e+00  1.43375000e-08  0.00000000e+00  1.43375000e-08  0.00000000e+00  1.43375000e-08  2.38922723e-09 
 1.43425000e-08  1.80000000e+00  1.43425000e-08  0.00000000e+00  1.43425000e-08  0.00000000e+00  1.43425000e-08  2.38922723e-09 
 1.43475000e-08  1.80000000e+00  1.43475000e-08  0.00000000e+00  1.43475000e-08  0.00000000e+00  1.43475000e-08  2.38922723e-09 
 1.43525000e-08  1.80000000e+00  1.43525000e-08  0.00000000e+00  1.43525000e-08  0.00000000e+00  1.43525000e-08  2.38922723e-09 
 1.43575000e-08  1.80000000e+00  1.43575000e-08  0.00000000e+00  1.43575000e-08  0.00000000e+00  1.43575000e-08  2.38922723e-09 
 1.43625000e-08  1.80000000e+00  1.43625000e-08  0.00000000e+00  1.43625000e-08  0.00000000e+00  1.43625000e-08  2.38922723e-09 
 1.43675000e-08  1.80000000e+00  1.43675000e-08  0.00000000e+00  1.43675000e-08  0.00000000e+00  1.43675000e-08  2.38922723e-09 
 1.43725000e-08  1.80000000e+00  1.43725000e-08  0.00000000e+00  1.43725000e-08  0.00000000e+00  1.43725000e-08  2.38922723e-09 
 1.43775000e-08  1.80000000e+00  1.43775000e-08  0.00000000e+00  1.43775000e-08  0.00000000e+00  1.43775000e-08  2.38922723e-09 
 1.43825000e-08  1.80000000e+00  1.43825000e-08  0.00000000e+00  1.43825000e-08  0.00000000e+00  1.43825000e-08  2.38922723e-09 
 1.43875000e-08  1.80000000e+00  1.43875000e-08  0.00000000e+00  1.43875000e-08  0.00000000e+00  1.43875000e-08  2.38922723e-09 
 1.43925000e-08  1.80000000e+00  1.43925000e-08  0.00000000e+00  1.43925000e-08  0.00000000e+00  1.43925000e-08  2.38922723e-09 
 1.43975000e-08  1.80000000e+00  1.43975000e-08  0.00000000e+00  1.43975000e-08  0.00000000e+00  1.43975000e-08  2.38922723e-09 
 1.44025000e-08  1.80000000e+00  1.44025000e-08  0.00000000e+00  1.44025000e-08  0.00000000e+00  1.44025000e-08  2.38922723e-09 
 1.44075000e-08  1.80000000e+00  1.44075000e-08  0.00000000e+00  1.44075000e-08  0.00000000e+00  1.44075000e-08  2.38922723e-09 
 1.44125000e-08  1.80000000e+00  1.44125000e-08  0.00000000e+00  1.44125000e-08  0.00000000e+00  1.44125000e-08  2.38922723e-09 
 1.44175000e-08  1.80000000e+00  1.44175000e-08  0.00000000e+00  1.44175000e-08  0.00000000e+00  1.44175000e-08  2.38922723e-09 
 1.44225000e-08  1.80000000e+00  1.44225000e-08  0.00000000e+00  1.44225000e-08  0.00000000e+00  1.44225000e-08  2.38922723e-09 
 1.44275000e-08  1.80000000e+00  1.44275000e-08  0.00000000e+00  1.44275000e-08  0.00000000e+00  1.44275000e-08  2.38922723e-09 
 1.44325000e-08  1.80000000e+00  1.44325000e-08  0.00000000e+00  1.44325000e-08  0.00000000e+00  1.44325000e-08  2.38922723e-09 
 1.44375000e-08  1.80000000e+00  1.44375000e-08  0.00000000e+00  1.44375000e-08  0.00000000e+00  1.44375000e-08  2.38922723e-09 
 1.44425000e-08  1.80000000e+00  1.44425000e-08  0.00000000e+00  1.44425000e-08  0.00000000e+00  1.44425000e-08  2.38922723e-09 
 1.44475000e-08  1.80000000e+00  1.44475000e-08  0.00000000e+00  1.44475000e-08  0.00000000e+00  1.44475000e-08  2.38922723e-09 
 1.44525000e-08  1.80000000e+00  1.44525000e-08  0.00000000e+00  1.44525000e-08  0.00000000e+00  1.44525000e-08  2.38922723e-09 
 1.44575000e-08  1.80000000e+00  1.44575000e-08  0.00000000e+00  1.44575000e-08  0.00000000e+00  1.44575000e-08  2.38922723e-09 
 1.44625000e-08  1.80000000e+00  1.44625000e-08  0.00000000e+00  1.44625000e-08  0.00000000e+00  1.44625000e-08  2.38922723e-09 
 1.44675000e-08  1.80000000e+00  1.44675000e-08  0.00000000e+00  1.44675000e-08  0.00000000e+00  1.44675000e-08  2.38922723e-09 
 1.44725000e-08  1.80000000e+00  1.44725000e-08  0.00000000e+00  1.44725000e-08  0.00000000e+00  1.44725000e-08  2.38922723e-09 
 1.44775000e-08  1.80000000e+00  1.44775000e-08  0.00000000e+00  1.44775000e-08  0.00000000e+00  1.44775000e-08  2.38922723e-09 
 1.44825000e-08  1.80000000e+00  1.44825000e-08  0.00000000e+00  1.44825000e-08  0.00000000e+00  1.44825000e-08  2.38922723e-09 
 1.44875000e-08  1.80000000e+00  1.44875000e-08  0.00000000e+00  1.44875000e-08  0.00000000e+00  1.44875000e-08  2.38922723e-09 
 1.44925000e-08  1.80000000e+00  1.44925000e-08  0.00000000e+00  1.44925000e-08  0.00000000e+00  1.44925000e-08  2.38922723e-09 
 1.44975000e-08  1.80000000e+00  1.44975000e-08  0.00000000e+00  1.44975000e-08  0.00000000e+00  1.44975000e-08  2.38922723e-09 
 1.45025000e-08  1.80000000e+00  1.45025000e-08  0.00000000e+00  1.45025000e-08  0.00000000e+00  1.45025000e-08  2.38922723e-09 
 1.45075000e-08  1.80000000e+00  1.45075000e-08  0.00000000e+00  1.45075000e-08  0.00000000e+00  1.45075000e-08  2.38922723e-09 
 1.45125000e-08  1.80000000e+00  1.45125000e-08  0.00000000e+00  1.45125000e-08  0.00000000e+00  1.45125000e-08  2.38922723e-09 
 1.45175000e-08  1.80000000e+00  1.45175000e-08  0.00000000e+00  1.45175000e-08  0.00000000e+00  1.45175000e-08  2.38922723e-09 
 1.45225000e-08  1.80000000e+00  1.45225000e-08  0.00000000e+00  1.45225000e-08  0.00000000e+00  1.45225000e-08  2.38922723e-09 
 1.45275000e-08  1.80000000e+00  1.45275000e-08  0.00000000e+00  1.45275000e-08  0.00000000e+00  1.45275000e-08  2.38922723e-09 
 1.45325000e-08  1.80000000e+00  1.45325000e-08  0.00000000e+00  1.45325000e-08  0.00000000e+00  1.45325000e-08  2.38922723e-09 
 1.45375000e-08  1.80000000e+00  1.45375000e-08  0.00000000e+00  1.45375000e-08  0.00000000e+00  1.45375000e-08  2.38922723e-09 
 1.45425000e-08  1.80000000e+00  1.45425000e-08  0.00000000e+00  1.45425000e-08  0.00000000e+00  1.45425000e-08  2.38922723e-09 
 1.45475000e-08  1.80000000e+00  1.45475000e-08  0.00000000e+00  1.45475000e-08  0.00000000e+00  1.45475000e-08  2.38922723e-09 
 1.45525000e-08  1.80000000e+00  1.45525000e-08  0.00000000e+00  1.45525000e-08  0.00000000e+00  1.45525000e-08  2.38922723e-09 
 1.45575000e-08  1.80000000e+00  1.45575000e-08  0.00000000e+00  1.45575000e-08  0.00000000e+00  1.45575000e-08  2.38922723e-09 
 1.45625000e-08  1.80000000e+00  1.45625000e-08  0.00000000e+00  1.45625000e-08  0.00000000e+00  1.45625000e-08  2.38922723e-09 
 1.45675000e-08  1.80000000e+00  1.45675000e-08  0.00000000e+00  1.45675000e-08  0.00000000e+00  1.45675000e-08  2.38922723e-09 
 1.45725000e-08  1.80000000e+00  1.45725000e-08  0.00000000e+00  1.45725000e-08  0.00000000e+00  1.45725000e-08  2.38922723e-09 
 1.45775000e-08  1.80000000e+00  1.45775000e-08  0.00000000e+00  1.45775000e-08  0.00000000e+00  1.45775000e-08  2.38922723e-09 
 1.45825000e-08  1.80000000e+00  1.45825000e-08  0.00000000e+00  1.45825000e-08  0.00000000e+00  1.45825000e-08  2.38922723e-09 
 1.45875000e-08  1.80000000e+00  1.45875000e-08  0.00000000e+00  1.45875000e-08  0.00000000e+00  1.45875000e-08  2.38922723e-09 
 1.45925000e-08  1.80000000e+00  1.45925000e-08  0.00000000e+00  1.45925000e-08  0.00000000e+00  1.45925000e-08  2.38922723e-09 
 1.45975000e-08  1.80000000e+00  1.45975000e-08  0.00000000e+00  1.45975000e-08  0.00000000e+00  1.45975000e-08  2.38922723e-09 
 1.46025000e-08  1.80000000e+00  1.46025000e-08  0.00000000e+00  1.46025000e-08  0.00000000e+00  1.46025000e-08  2.38922723e-09 
 1.46075000e-08  1.80000000e+00  1.46075000e-08  0.00000000e+00  1.46075000e-08  0.00000000e+00  1.46075000e-08  2.38922723e-09 
 1.46125000e-08  1.80000000e+00  1.46125000e-08  0.00000000e+00  1.46125000e-08  0.00000000e+00  1.46125000e-08  2.38922723e-09 
 1.46175000e-08  1.80000000e+00  1.46175000e-08  0.00000000e+00  1.46175000e-08  0.00000000e+00  1.46175000e-08  2.38922723e-09 
 1.46225000e-08  1.80000000e+00  1.46225000e-08  0.00000000e+00  1.46225000e-08  0.00000000e+00  1.46225000e-08  2.38922723e-09 
 1.46275000e-08  1.80000000e+00  1.46275000e-08  0.00000000e+00  1.46275000e-08  0.00000000e+00  1.46275000e-08  2.38922723e-09 
 1.46325000e-08  1.80000000e+00  1.46325000e-08  0.00000000e+00  1.46325000e-08  0.00000000e+00  1.46325000e-08  2.38922723e-09 
 1.46375000e-08  1.80000000e+00  1.46375000e-08  0.00000000e+00  1.46375000e-08  0.00000000e+00  1.46375000e-08  2.38922723e-09 
 1.46425000e-08  1.80000000e+00  1.46425000e-08  0.00000000e+00  1.46425000e-08  0.00000000e+00  1.46425000e-08  2.38922723e-09 
 1.46475000e-08  1.80000000e+00  1.46475000e-08  0.00000000e+00  1.46475000e-08  0.00000000e+00  1.46475000e-08  2.38922723e-09 
 1.46525000e-08  1.80000000e+00  1.46525000e-08  0.00000000e+00  1.46525000e-08  0.00000000e+00  1.46525000e-08  2.38922723e-09 
 1.46575000e-08  1.80000000e+00  1.46575000e-08  0.00000000e+00  1.46575000e-08  0.00000000e+00  1.46575000e-08  2.38922723e-09 
 1.46625000e-08  1.80000000e+00  1.46625000e-08  0.00000000e+00  1.46625000e-08  0.00000000e+00  1.46625000e-08  2.38922723e-09 
 1.46675000e-08  1.80000000e+00  1.46675000e-08  0.00000000e+00  1.46675000e-08  0.00000000e+00  1.46675000e-08  2.38922723e-09 
 1.46725000e-08  1.80000000e+00  1.46725000e-08  0.00000000e+00  1.46725000e-08  0.00000000e+00  1.46725000e-08  2.38922723e-09 
 1.46775000e-08  1.80000000e+00  1.46775000e-08  0.00000000e+00  1.46775000e-08  0.00000000e+00  1.46775000e-08  2.38922723e-09 
 1.46825000e-08  1.80000000e+00  1.46825000e-08  0.00000000e+00  1.46825000e-08  0.00000000e+00  1.46825000e-08  2.38922723e-09 
 1.46875000e-08  1.80000000e+00  1.46875000e-08  0.00000000e+00  1.46875000e-08  0.00000000e+00  1.46875000e-08  2.38922723e-09 
 1.46925000e-08  1.80000000e+00  1.46925000e-08  0.00000000e+00  1.46925000e-08  0.00000000e+00  1.46925000e-08  2.38922723e-09 
 1.46975000e-08  1.80000000e+00  1.46975000e-08  0.00000000e+00  1.46975000e-08  0.00000000e+00  1.46975000e-08  2.38922723e-09 
 1.47025000e-08  1.80000000e+00  1.47025000e-08  0.00000000e+00  1.47025000e-08  0.00000000e+00  1.47025000e-08  2.38922723e-09 
 1.47075000e-08  1.80000000e+00  1.47075000e-08  0.00000000e+00  1.47075000e-08  0.00000000e+00  1.47075000e-08  2.38922723e-09 
 1.47125000e-08  1.80000000e+00  1.47125000e-08  0.00000000e+00  1.47125000e-08  0.00000000e+00  1.47125000e-08  2.38922723e-09 
 1.47175000e-08  1.80000000e+00  1.47175000e-08  0.00000000e+00  1.47175000e-08  0.00000000e+00  1.47175000e-08  2.38922723e-09 
 1.47225000e-08  1.80000000e+00  1.47225000e-08  0.00000000e+00  1.47225000e-08  0.00000000e+00  1.47225000e-08  2.38922723e-09 
 1.47275000e-08  1.80000000e+00  1.47275000e-08  0.00000000e+00  1.47275000e-08  0.00000000e+00  1.47275000e-08  2.38922723e-09 
 1.47325000e-08  1.80000000e+00  1.47325000e-08  0.00000000e+00  1.47325000e-08  0.00000000e+00  1.47325000e-08  2.38922723e-09 
 1.47375000e-08  1.80000000e+00  1.47375000e-08  0.00000000e+00  1.47375000e-08  0.00000000e+00  1.47375000e-08  2.38922723e-09 
 1.47425000e-08  1.80000000e+00  1.47425000e-08  0.00000000e+00  1.47425000e-08  0.00000000e+00  1.47425000e-08  2.38922723e-09 
 1.47475000e-08  1.80000000e+00  1.47475000e-08  0.00000000e+00  1.47475000e-08  0.00000000e+00  1.47475000e-08  2.38922723e-09 
 1.47525000e-08  1.80000000e+00  1.47525000e-08  0.00000000e+00  1.47525000e-08  0.00000000e+00  1.47525000e-08  2.38922723e-09 
 1.47575000e-08  1.80000000e+00  1.47575000e-08  0.00000000e+00  1.47575000e-08  0.00000000e+00  1.47575000e-08  2.38922723e-09 
 1.47625000e-08  1.80000000e+00  1.47625000e-08  0.00000000e+00  1.47625000e-08  0.00000000e+00  1.47625000e-08  2.38922723e-09 
 1.47675000e-08  1.80000000e+00  1.47675000e-08  0.00000000e+00  1.47675000e-08  0.00000000e+00  1.47675000e-08  2.38922723e-09 
 1.47725000e-08  1.80000000e+00  1.47725000e-08  0.00000000e+00  1.47725000e-08  0.00000000e+00  1.47725000e-08  2.38922723e-09 
 1.47775000e-08  1.80000000e+00  1.47775000e-08  0.00000000e+00  1.47775000e-08  0.00000000e+00  1.47775000e-08  2.38922723e-09 
 1.47825000e-08  1.80000000e+00  1.47825000e-08  0.00000000e+00  1.47825000e-08  0.00000000e+00  1.47825000e-08  2.38922723e-09 
 1.47875000e-08  1.80000000e+00  1.47875000e-08  0.00000000e+00  1.47875000e-08  0.00000000e+00  1.47875000e-08  2.38922723e-09 
 1.47925000e-08  1.80000000e+00  1.47925000e-08  0.00000000e+00  1.47925000e-08  0.00000000e+00  1.47925000e-08  2.38922723e-09 
 1.47975000e-08  1.80000000e+00  1.47975000e-08  0.00000000e+00  1.47975000e-08  0.00000000e+00  1.47975000e-08  2.38922723e-09 
 1.48025000e-08  1.80000000e+00  1.48025000e-08  0.00000000e+00  1.48025000e-08  0.00000000e+00  1.48025000e-08  2.38922723e-09 
 1.48075000e-08  1.80000000e+00  1.48075000e-08  0.00000000e+00  1.48075000e-08  0.00000000e+00  1.48075000e-08  2.38922723e-09 
 1.48125000e-08  1.80000000e+00  1.48125000e-08  0.00000000e+00  1.48125000e-08  0.00000000e+00  1.48125000e-08  2.38922723e-09 
 1.48175000e-08  1.80000000e+00  1.48175000e-08  0.00000000e+00  1.48175000e-08  0.00000000e+00  1.48175000e-08  2.38922723e-09 
 1.48225000e-08  1.80000000e+00  1.48225000e-08  0.00000000e+00  1.48225000e-08  0.00000000e+00  1.48225000e-08  2.38922723e-09 
 1.48275000e-08  1.80000000e+00  1.48275000e-08  0.00000000e+00  1.48275000e-08  0.00000000e+00  1.48275000e-08  2.38922723e-09 
 1.48325000e-08  1.80000000e+00  1.48325000e-08  0.00000000e+00  1.48325000e-08  0.00000000e+00  1.48325000e-08  2.38922723e-09 
 1.48375000e-08  1.80000000e+00  1.48375000e-08  0.00000000e+00  1.48375000e-08  0.00000000e+00  1.48375000e-08  2.38922723e-09 
 1.48425000e-08  1.80000000e+00  1.48425000e-08  0.00000000e+00  1.48425000e-08  0.00000000e+00  1.48425000e-08  2.38922723e-09 
 1.48475000e-08  1.80000000e+00  1.48475000e-08  0.00000000e+00  1.48475000e-08  0.00000000e+00  1.48475000e-08  2.38922723e-09 
 1.48525000e-08  1.80000000e+00  1.48525000e-08  0.00000000e+00  1.48525000e-08  0.00000000e+00  1.48525000e-08  2.38922723e-09 
 1.48575000e-08  1.80000000e+00  1.48575000e-08  0.00000000e+00  1.48575000e-08  0.00000000e+00  1.48575000e-08  2.38922723e-09 
 1.48625000e-08  1.80000000e+00  1.48625000e-08  0.00000000e+00  1.48625000e-08  0.00000000e+00  1.48625000e-08  2.38922723e-09 
 1.48675000e-08  1.80000000e+00  1.48675000e-08  0.00000000e+00  1.48675000e-08  0.00000000e+00  1.48675000e-08  2.38922723e-09 
 1.48725000e-08  1.80000000e+00  1.48725000e-08  0.00000000e+00  1.48725000e-08  0.00000000e+00  1.48725000e-08  2.38922723e-09 
 1.48775000e-08  1.80000000e+00  1.48775000e-08  0.00000000e+00  1.48775000e-08  0.00000000e+00  1.48775000e-08  2.38922723e-09 
 1.48825000e-08  1.80000000e+00  1.48825000e-08  0.00000000e+00  1.48825000e-08  0.00000000e+00  1.48825000e-08  2.38922723e-09 
 1.48875000e-08  1.80000000e+00  1.48875000e-08  0.00000000e+00  1.48875000e-08  0.00000000e+00  1.48875000e-08  2.38922723e-09 
 1.48925000e-08  1.80000000e+00  1.48925000e-08  0.00000000e+00  1.48925000e-08  0.00000000e+00  1.48925000e-08  2.38922723e-09 
 1.48975000e-08  1.80000000e+00  1.48975000e-08  0.00000000e+00  1.48975000e-08  0.00000000e+00  1.48975000e-08  2.38922723e-09 
 1.49025000e-08  1.80000000e+00  1.49025000e-08  0.00000000e+00  1.49025000e-08  0.00000000e+00  1.49025000e-08  2.38922723e-09 
 1.49075000e-08  1.80000000e+00  1.49075000e-08  0.00000000e+00  1.49075000e-08  0.00000000e+00  1.49075000e-08  2.38922723e-09 
 1.49125000e-08  1.80000000e+00  1.49125000e-08  0.00000000e+00  1.49125000e-08  0.00000000e+00  1.49125000e-08  2.38922723e-09 
 1.49175000e-08  1.80000000e+00  1.49175000e-08  0.00000000e+00  1.49175000e-08  0.00000000e+00  1.49175000e-08  2.38922723e-09 
 1.49225000e-08  1.80000000e+00  1.49225000e-08  0.00000000e+00  1.49225000e-08  0.00000000e+00  1.49225000e-08  2.38922723e-09 
 1.49275000e-08  1.80000000e+00  1.49275000e-08  0.00000000e+00  1.49275000e-08  0.00000000e+00  1.49275000e-08  2.38922723e-09 
 1.49325000e-08  1.80000000e+00  1.49325000e-08  0.00000000e+00  1.49325000e-08  0.00000000e+00  1.49325000e-08  2.38922723e-09 
 1.49375000e-08  1.80000000e+00  1.49375000e-08  0.00000000e+00  1.49375000e-08  0.00000000e+00  1.49375000e-08  2.38922723e-09 
 1.49425000e-08  1.80000000e+00  1.49425000e-08  0.00000000e+00  1.49425000e-08  0.00000000e+00  1.49425000e-08  2.38922723e-09 
 1.49475000e-08  1.80000000e+00  1.49475000e-08  0.00000000e+00  1.49475000e-08  0.00000000e+00  1.49475000e-08  2.38922723e-09 
 1.49525000e-08  1.80000000e+00  1.49525000e-08  0.00000000e+00  1.49525000e-08  0.00000000e+00  1.49525000e-08  2.38922723e-09 
 1.49575000e-08  1.80000000e+00  1.49575000e-08  0.00000000e+00  1.49575000e-08  0.00000000e+00  1.49575000e-08  2.38922723e-09 
 1.49625000e-08  1.80000000e+00  1.49625000e-08  0.00000000e+00  1.49625000e-08  0.00000000e+00  1.49625000e-08  2.38922723e-09 
 1.49675000e-08  1.80000000e+00  1.49675000e-08  0.00000000e+00  1.49675000e-08  0.00000000e+00  1.49675000e-08  2.38922723e-09 
 1.49725000e-08  1.80000000e+00  1.49725000e-08  0.00000000e+00  1.49725000e-08  0.00000000e+00  1.49725000e-08  2.38922723e-09 
 1.49775000e-08  1.80000000e+00  1.49775000e-08  0.00000000e+00  1.49775000e-08  0.00000000e+00  1.49775000e-08  2.38922723e-09 
 1.49825000e-08  1.80000000e+00  1.49825000e-08  0.00000000e+00  1.49825000e-08  0.00000000e+00  1.49825000e-08  2.38922723e-09 
 1.49875000e-08  1.80000000e+00  1.49875000e-08  0.00000000e+00  1.49875000e-08  0.00000000e+00  1.49875000e-08  2.38922723e-09 
 1.49925000e-08  1.80000000e+00  1.49925000e-08  0.00000000e+00  1.49925000e-08  0.00000000e+00  1.49925000e-08  2.38922723e-09 
 1.49975000e-08  1.80000000e+00  1.49975000e-08  0.00000000e+00  1.49975000e-08  0.00000000e+00  1.49975000e-08  2.38922723e-09 
 1.50000000e-08  1.80000000e+00  1.50000000e-08  0.00000000e+00  1.50000000e-08  0.00000000e+00  1.50000000e-08  2.38922723e-09 
 1.50005000e-08  1.80000000e+00  1.50005000e-08  0.00000000e+00  1.50005000e-08  1.80000000e-02  1.50005000e-08  6.52059126e-04 
 1.50015000e-08  1.80000000e+00  1.50015000e-08  0.00000000e+00  1.50015000e-08  5.40000000e-02  1.50015000e-08  3.18895468e-03 
 1.50035000e-08  1.80000000e+00  1.50035000e-08  0.00000000e+00  1.50035000e-08  1.26000000e-01  1.50035000e-08  1.49535530e-02 
 1.50075000e-08  1.80000000e+00  1.50075000e-08  0.00000000e+00  1.50075000e-08  2.70000000e-01  1.50075000e-08  5.91569453e-02 
 1.50125000e-08  1.80000000e+00  1.50125000e-08  0.00000000e+00  1.50125000e-08  4.50000000e-01  1.50125000e-08  1.40625375e-01 
 1.50175000e-08  1.80000000e+00  1.50175000e-08  0.00000000e+00  1.50175000e-08  6.30000000e-01  1.50175000e-08  2.39810451e-01 
 1.50225000e-08  1.80000000e+00  1.50225000e-08  0.00000000e+00  1.50225000e-08  8.10000000e-01  1.50225000e-08  3.52083530e-01 
 1.50275000e-08  1.80000000e+00  1.50275000e-08  0.00000000e+00  1.50275000e-08  9.90000000e-01  1.50275000e-08  4.77126913e-01 
 1.50325000e-08  1.80000000e+00  1.50325000e-08  0.00000000e+00  1.50325000e-08  1.17000000e+00  1.50325000e-08  6.14251515e-01 
 1.50375000e-08  1.80000000e+00  1.50375000e-08  0.00000000e+00  1.50375000e-08  1.35000000e+00  1.50375000e-08  7.61320061e-01 
 1.50425000e-08  1.80000000e+00  1.50425000e-08  0.00000000e+00  1.50425000e-08  1.53000000e+00  1.50425000e-08  9.18146270e-01 
 1.50475000e-08  1.80000000e+00  1.50475000e-08  0.00000000e+00  1.50475000e-08  1.71000000e+00  1.50475000e-08  1.08868875e+00 
 1.50500000e-08  1.80000000e+00  1.50500000e-08  0.00000000e+00  1.50500000e-08  1.80000000e+00  1.50500000e-08  1.18060913e+00 
 1.50505000e-08  1.80000000e+00  1.50505000e-08  0.00000000e+00  1.50505000e-08  1.80000000e+00  1.50505000e-08  1.19900253e+00 
 1.50515000e-08  1.80000000e+00  1.50515000e-08  0.00000000e+00  1.50515000e-08  1.80000000e+00  1.50515000e-08  1.23484770e+00 
 1.50535000e-08  1.80000000e+00  1.50535000e-08  0.00000000e+00  1.50535000e-08  1.80000000e+00  1.50535000e-08  1.30116508e+00 
 1.50575000e-08  1.80000000e+00  1.50575000e-08  0.00000000e+00  1.50575000e-08  1.80000000e+00  1.50575000e-08  1.41471794e+00 
 1.50625000e-08  1.80000000e+00  1.50625000e-08  0.00000000e+00  1.50625000e-08  1.80000000e+00  1.50625000e-08  1.52527618e+00 
 1.50675000e-08  1.80000000e+00  1.50675000e-08  0.00000000e+00  1.50675000e-08  1.80000000e+00  1.50675000e-08  1.60662300e+00 
 1.50725000e-08  1.80000000e+00  1.50725000e-08  0.00000000e+00  1.50725000e-08  1.80000000e+00  1.50725000e-08  1.66516273e+00 
 1.50775000e-08  1.80000000e+00  1.50775000e-08  0.00000000e+00  1.50775000e-08  1.80000000e+00  1.50775000e-08  1.70662868e+00 
 1.50825000e-08  1.80000000e+00  1.50825000e-08  0.00000000e+00  1.50825000e-08  1.80000000e+00  1.50825000e-08  1.73566220e+00 
 1.50875000e-08  1.80000000e+00  1.50875000e-08  0.00000000e+00  1.50875000e-08  1.80000000e+00  1.50875000e-08  1.75581046e+00 
 1.50925000e-08  1.80000000e+00  1.50925000e-08  0.00000000e+00  1.50925000e-08  1.80000000e+00  1.50925000e-08  1.76971624e+00 
 1.50975000e-08  1.80000000e+00  1.50975000e-08  0.00000000e+00  1.50975000e-08  1.80000000e+00  1.50975000e-08  1.77927760e+00 
 1.51025000e-08  1.80000000e+00  1.51025000e-08  0.00000000e+00  1.51025000e-08  1.80000000e+00  1.51025000e-08  1.78583494e+00 
 1.51075000e-08  1.80000000e+00  1.51075000e-08  0.00000000e+00  1.51075000e-08  1.80000000e+00  1.51075000e-08  1.79032418e+00 
 1.51125000e-08  1.80000000e+00  1.51125000e-08  0.00000000e+00  1.51125000e-08  1.80000000e+00  1.51125000e-08  1.79339389e+00 
 1.51175000e-08  1.80000000e+00  1.51175000e-08  0.00000000e+00  1.51175000e-08  1.80000000e+00  1.51175000e-08  1.79549121e+00 
 1.51225000e-08  1.80000000e+00  1.51225000e-08  0.00000000e+00  1.51225000e-08  1.80000000e+00  1.51225000e-08  1.79692336e+00 
 1.51275000e-08  1.80000000e+00  1.51275000e-08  0.00000000e+00  1.51275000e-08  1.80000000e+00  1.51275000e-08  1.79790094e+00 
 1.51325000e-08  1.80000000e+00  1.51325000e-08  0.00000000e+00  1.51325000e-08  1.80000000e+00  1.51325000e-08  1.79856805e+00 
 1.51375000e-08  1.80000000e+00  1.51375000e-08  0.00000000e+00  1.51375000e-08  1.80000000e+00  1.51375000e-08  1.79902321e+00 
 1.51425000e-08  1.80000000e+00  1.51425000e-08  0.00000000e+00  1.51425000e-08  1.80000000e+00  1.51425000e-08  1.79933373e+00 
 1.51475000e-08  1.80000000e+00  1.51475000e-08  0.00000000e+00  1.51475000e-08  1.80000000e+00  1.51475000e-08  1.79954555e+00 
 1.51525000e-08  1.80000000e+00  1.51525000e-08  0.00000000e+00  1.51525000e-08  1.80000000e+00  1.51525000e-08  1.79969003e+00 
 1.51575000e-08  1.80000000e+00  1.51575000e-08  0.00000000e+00  1.51575000e-08  1.80000000e+00  1.51575000e-08  1.79978858e+00 
 1.51625000e-08  1.80000000e+00  1.51625000e-08  0.00000000e+00  1.51625000e-08  1.80000000e+00  1.51625000e-08  1.79985580e+00 
 1.51675000e-08  1.80000000e+00  1.51675000e-08  0.00000000e+00  1.51675000e-08  1.80000000e+00  1.51675000e-08  1.79990165e+00 
 1.51725000e-08  1.80000000e+00  1.51725000e-08  0.00000000e+00  1.51725000e-08  1.80000000e+00  1.51725000e-08  1.79993292e+00 
 1.51775000e-08  1.80000000e+00  1.51775000e-08  0.00000000e+00  1.51775000e-08  1.80000000e+00  1.51775000e-08  1.79995425e+00 
 1.51825000e-08  1.80000000e+00  1.51825000e-08  0.00000000e+00  1.51825000e-08  1.80000000e+00  1.51825000e-08  1.79996880e+00 
 1.51875000e-08  1.80000000e+00  1.51875000e-08  0.00000000e+00  1.51875000e-08  1.80000000e+00  1.51875000e-08  1.79997872e+00 
 1.51925000e-08  1.80000000e+00  1.51925000e-08  0.00000000e+00  1.51925000e-08  1.80000000e+00  1.51925000e-08  1.79998548e+00 
 1.51975000e-08  1.80000000e+00  1.51975000e-08  0.00000000e+00  1.51975000e-08  1.80000000e+00  1.51975000e-08  1.79999010e+00 
 1.52025000e-08  1.80000000e+00  1.52025000e-08  0.00000000e+00  1.52025000e-08  1.80000000e+00  1.52025000e-08  1.79999325e+00 
 1.52075000e-08  1.80000000e+00  1.52075000e-08  0.00000000e+00  1.52075000e-08  1.80000000e+00  1.52075000e-08  1.79999539e+00 
 1.52125000e-08  1.80000000e+00  1.52125000e-08  0.00000000e+00  1.52125000e-08  1.80000000e+00  1.52125000e-08  1.79999686e+00 
 1.52175000e-08  1.80000000e+00  1.52175000e-08  0.00000000e+00  1.52175000e-08  1.80000000e+00  1.52175000e-08  1.79999786e+00 
 1.52225000e-08  1.80000000e+00  1.52225000e-08  0.00000000e+00  1.52225000e-08  1.80000000e+00  1.52225000e-08  1.79999854e+00 
 1.52275000e-08  1.80000000e+00  1.52275000e-08  0.00000000e+00  1.52275000e-08  1.80000000e+00  1.52275000e-08  1.79999900e+00 
 1.52325000e-08  1.80000000e+00  1.52325000e-08  0.00000000e+00  1.52325000e-08  1.80000000e+00  1.52325000e-08  1.79999932e+00 
 1.52375000e-08  1.80000000e+00  1.52375000e-08  0.00000000e+00  1.52375000e-08  1.80000000e+00  1.52375000e-08  1.79999953e+00 
 1.52425000e-08  1.80000000e+00  1.52425000e-08  0.00000000e+00  1.52425000e-08  1.80000000e+00  1.52425000e-08  1.79999968e+00 
 1.52475000e-08  1.80000000e+00  1.52475000e-08  0.00000000e+00  1.52475000e-08  1.80000000e+00  1.52475000e-08  1.79999978e+00 
 1.52525000e-08  1.80000000e+00  1.52525000e-08  0.00000000e+00  1.52525000e-08  1.80000000e+00  1.52525000e-08  1.79999985e+00 
 1.52575000e-08  1.80000000e+00  1.52575000e-08  0.00000000e+00  1.52575000e-08  1.80000000e+00  1.52575000e-08  1.79999990e+00 
 1.52625000e-08  1.80000000e+00  1.52625000e-08  0.00000000e+00  1.52625000e-08  1.80000000e+00  1.52625000e-08  1.79999993e+00 
 1.52675000e-08  1.80000000e+00  1.52675000e-08  0.00000000e+00  1.52675000e-08  1.80000000e+00  1.52675000e-08  1.79999995e+00 
 1.52725000e-08  1.80000000e+00  1.52725000e-08  0.00000000e+00  1.52725000e-08  1.80000000e+00  1.52725000e-08  1.79999997e+00 
 1.52775000e-08  1.80000000e+00  1.52775000e-08  0.00000000e+00  1.52775000e-08  1.80000000e+00  1.52775000e-08  1.79999998e+00 
 1.52825000e-08  1.80000000e+00  1.52825000e-08  0.00000000e+00  1.52825000e-08  1.80000000e+00  1.52825000e-08  1.79999998e+00 
 1.52875000e-08  1.80000000e+00  1.52875000e-08  0.00000000e+00  1.52875000e-08  1.80000000e+00  1.52875000e-08  1.79999999e+00 
 1.52925000e-08  1.80000000e+00  1.52925000e-08  0.00000000e+00  1.52925000e-08  1.80000000e+00  1.52925000e-08  1.79999999e+00 
 1.52975000e-08  1.80000000e+00  1.52975000e-08  0.00000000e+00  1.52975000e-08  1.80000000e+00  1.52975000e-08  1.79999999e+00 
 1.53025000e-08  1.80000000e+00  1.53025000e-08  0.00000000e+00  1.53025000e-08  1.80000000e+00  1.53025000e-08  1.79999999e+00 
 1.53075000e-08  1.80000000e+00  1.53075000e-08  0.00000000e+00  1.53075000e-08  1.80000000e+00  1.53075000e-08  1.80000000e+00 
 1.53125000e-08  1.80000000e+00  1.53125000e-08  0.00000000e+00  1.53125000e-08  1.80000000e+00  1.53125000e-08  1.80000000e+00 
 1.53175000e-08  1.80000000e+00  1.53175000e-08  0.00000000e+00  1.53175000e-08  1.80000000e+00  1.53175000e-08  1.80000000e+00 
 1.53225000e-08  1.80000000e+00  1.53225000e-08  0.00000000e+00  1.53225000e-08  1.80000000e+00  1.53225000e-08  1.80000000e+00 
 1.53275000e-08  1.80000000e+00  1.53275000e-08  0.00000000e+00  1.53275000e-08  1.80000000e+00  1.53275000e-08  1.80000000e+00 
 1.53325000e-08  1.80000000e+00  1.53325000e-08  0.00000000e+00  1.53325000e-08  1.80000000e+00  1.53325000e-08  1.80000000e+00 
 1.53375000e-08  1.80000000e+00  1.53375000e-08  0.00000000e+00  1.53375000e-08  1.80000000e+00  1.53375000e-08  1.80000000e+00 
 1.53425000e-08  1.80000000e+00  1.53425000e-08  0.00000000e+00  1.53425000e-08  1.80000000e+00  1.53425000e-08  1.80000000e+00 
 1.53475000e-08  1.80000000e+00  1.53475000e-08  0.00000000e+00  1.53475000e-08  1.80000000e+00  1.53475000e-08  1.80000000e+00 
 1.53525000e-08  1.80000000e+00  1.53525000e-08  0.00000000e+00  1.53525000e-08  1.80000000e+00  1.53525000e-08  1.80000000e+00 
 1.53575000e-08  1.80000000e+00  1.53575000e-08  0.00000000e+00  1.53575000e-08  1.80000000e+00  1.53575000e-08  1.80000000e+00 
 1.53625000e-08  1.80000000e+00  1.53625000e-08  0.00000000e+00  1.53625000e-08  1.80000000e+00  1.53625000e-08  1.80000000e+00 
 1.53675000e-08  1.80000000e+00  1.53675000e-08  0.00000000e+00  1.53675000e-08  1.80000000e+00  1.53675000e-08  1.80000000e+00 
 1.53725000e-08  1.80000000e+00  1.53725000e-08  0.00000000e+00  1.53725000e-08  1.80000000e+00  1.53725000e-08  1.80000000e+00 
 1.53775000e-08  1.80000000e+00  1.53775000e-08  0.00000000e+00  1.53775000e-08  1.80000000e+00  1.53775000e-08  1.80000000e+00 
 1.53825000e-08  1.80000000e+00  1.53825000e-08  0.00000000e+00  1.53825000e-08  1.80000000e+00  1.53825000e-08  1.80000000e+00 
 1.53875000e-08  1.80000000e+00  1.53875000e-08  0.00000000e+00  1.53875000e-08  1.80000000e+00  1.53875000e-08  1.80000000e+00 
 1.53925000e-08  1.80000000e+00  1.53925000e-08  0.00000000e+00  1.53925000e-08  1.80000000e+00  1.53925000e-08  1.80000000e+00 
 1.53975000e-08  1.80000000e+00  1.53975000e-08  0.00000000e+00  1.53975000e-08  1.80000000e+00  1.53975000e-08  1.80000000e+00 
 1.54025000e-08  1.80000000e+00  1.54025000e-08  0.00000000e+00  1.54025000e-08  1.80000000e+00  1.54025000e-08  1.80000000e+00 
 1.54075000e-08  1.80000000e+00  1.54075000e-08  0.00000000e+00  1.54075000e-08  1.80000000e+00  1.54075000e-08  1.80000000e+00 
 1.54125000e-08  1.80000000e+00  1.54125000e-08  0.00000000e+00  1.54125000e-08  1.80000000e+00  1.54125000e-08  1.80000000e+00 
 1.54175000e-08  1.80000000e+00  1.54175000e-08  0.00000000e+00  1.54175000e-08  1.80000000e+00  1.54175000e-08  1.80000000e+00 
 1.54225000e-08  1.80000000e+00  1.54225000e-08  0.00000000e+00  1.54225000e-08  1.80000000e+00  1.54225000e-08  1.80000000e+00 
 1.54275000e-08  1.80000000e+00  1.54275000e-08  0.00000000e+00  1.54275000e-08  1.80000000e+00  1.54275000e-08  1.80000000e+00 
 1.54325000e-08  1.80000000e+00  1.54325000e-08  0.00000000e+00  1.54325000e-08  1.80000000e+00  1.54325000e-08  1.80000000e+00 
 1.54375000e-08  1.80000000e+00  1.54375000e-08  0.00000000e+00  1.54375000e-08  1.80000000e+00  1.54375000e-08  1.80000000e+00 
 1.54425000e-08  1.80000000e+00  1.54425000e-08  0.00000000e+00  1.54425000e-08  1.80000000e+00  1.54425000e-08  1.80000000e+00 
 1.54475000e-08  1.80000000e+00  1.54475000e-08  0.00000000e+00  1.54475000e-08  1.80000000e+00  1.54475000e-08  1.80000000e+00 
 1.54525000e-08  1.80000000e+00  1.54525000e-08  0.00000000e+00  1.54525000e-08  1.80000000e+00  1.54525000e-08  1.80000000e+00 
 1.54575000e-08  1.80000000e+00  1.54575000e-08  0.00000000e+00  1.54575000e-08  1.80000000e+00  1.54575000e-08  1.80000000e+00 
 1.54625000e-08  1.80000000e+00  1.54625000e-08  0.00000000e+00  1.54625000e-08  1.80000000e+00  1.54625000e-08  1.80000000e+00 
 1.54675000e-08  1.80000000e+00  1.54675000e-08  0.00000000e+00  1.54675000e-08  1.80000000e+00  1.54675000e-08  1.80000000e+00 
 1.54725000e-08  1.80000000e+00  1.54725000e-08  0.00000000e+00  1.54725000e-08  1.80000000e+00  1.54725000e-08  1.80000000e+00 
 1.54775000e-08  1.80000000e+00  1.54775000e-08  0.00000000e+00  1.54775000e-08  1.80000000e+00  1.54775000e-08  1.80000000e+00 
 1.54825000e-08  1.80000000e+00  1.54825000e-08  0.00000000e+00  1.54825000e-08  1.80000000e+00  1.54825000e-08  1.80000000e+00 
 1.54875000e-08  1.80000000e+00  1.54875000e-08  0.00000000e+00  1.54875000e-08  1.80000000e+00  1.54875000e-08  1.80000000e+00 
 1.54925000e-08  1.80000000e+00  1.54925000e-08  0.00000000e+00  1.54925000e-08  1.80000000e+00  1.54925000e-08  1.80000000e+00 
 1.54975000e-08  1.80000000e+00  1.54975000e-08  0.00000000e+00  1.54975000e-08  1.80000000e+00  1.54975000e-08  1.80000000e+00 
 1.55025000e-08  1.80000000e+00  1.55025000e-08  0.00000000e+00  1.55025000e-08  1.80000000e+00  1.55025000e-08  1.80000000e+00 
 1.55075000e-08  1.80000000e+00  1.55075000e-08  0.00000000e+00  1.55075000e-08  1.80000000e+00  1.55075000e-08  1.80000000e+00 
 1.55125000e-08  1.80000000e+00  1.55125000e-08  0.00000000e+00  1.55125000e-08  1.80000000e+00  1.55125000e-08  1.80000000e+00 
 1.55175000e-08  1.80000000e+00  1.55175000e-08  0.00000000e+00  1.55175000e-08  1.80000000e+00  1.55175000e-08  1.80000000e+00 
 1.55225000e-08  1.80000000e+00  1.55225000e-08  0.00000000e+00  1.55225000e-08  1.80000000e+00  1.55225000e-08  1.80000000e+00 
 1.55275000e-08  1.80000000e+00  1.55275000e-08  0.00000000e+00  1.55275000e-08  1.80000000e+00  1.55275000e-08  1.80000000e+00 
 1.55325000e-08  1.80000000e+00  1.55325000e-08  0.00000000e+00  1.55325000e-08  1.80000000e+00  1.55325000e-08  1.80000000e+00 
 1.55375000e-08  1.80000000e+00  1.55375000e-08  0.00000000e+00  1.55375000e-08  1.80000000e+00  1.55375000e-08  1.80000000e+00 
 1.55425000e-08  1.80000000e+00  1.55425000e-08  0.00000000e+00  1.55425000e-08  1.80000000e+00  1.55425000e-08  1.80000000e+00 
 1.55475000e-08  1.80000000e+00  1.55475000e-08  0.00000000e+00  1.55475000e-08  1.80000000e+00  1.55475000e-08  1.80000000e+00 
 1.55525000e-08  1.80000000e+00  1.55525000e-08  0.00000000e+00  1.55525000e-08  1.80000000e+00  1.55525000e-08  1.80000000e+00 
 1.55575000e-08  1.80000000e+00  1.55575000e-08  0.00000000e+00  1.55575000e-08  1.80000000e+00  1.55575000e-08  1.80000000e+00 
 1.55625000e-08  1.80000000e+00  1.55625000e-08  0.00000000e+00  1.55625000e-08  1.80000000e+00  1.55625000e-08  1.80000000e+00 
 1.55675000e-08  1.80000000e+00  1.55675000e-08  0.00000000e+00  1.55675000e-08  1.80000000e+00  1.55675000e-08  1.80000000e+00 
 1.55725000e-08  1.80000000e+00  1.55725000e-08  0.00000000e+00  1.55725000e-08  1.80000000e+00  1.55725000e-08  1.80000000e+00 
 1.55775000e-08  1.80000000e+00  1.55775000e-08  0.00000000e+00  1.55775000e-08  1.80000000e+00  1.55775000e-08  1.80000000e+00 
 1.55825000e-08  1.80000000e+00  1.55825000e-08  0.00000000e+00  1.55825000e-08  1.80000000e+00  1.55825000e-08  1.80000000e+00 
 1.55875000e-08  1.80000000e+00  1.55875000e-08  0.00000000e+00  1.55875000e-08  1.80000000e+00  1.55875000e-08  1.80000000e+00 
 1.55925000e-08  1.80000000e+00  1.55925000e-08  0.00000000e+00  1.55925000e-08  1.80000000e+00  1.55925000e-08  1.80000000e+00 
 1.55975000e-08  1.80000000e+00  1.55975000e-08  0.00000000e+00  1.55975000e-08  1.80000000e+00  1.55975000e-08  1.80000000e+00 
 1.56025000e-08  1.80000000e+00  1.56025000e-08  0.00000000e+00  1.56025000e-08  1.80000000e+00  1.56025000e-08  1.80000000e+00 
 1.56075000e-08  1.80000000e+00  1.56075000e-08  0.00000000e+00  1.56075000e-08  1.80000000e+00  1.56075000e-08  1.80000000e+00 
 1.56125000e-08  1.80000000e+00  1.56125000e-08  0.00000000e+00  1.56125000e-08  1.80000000e+00  1.56125000e-08  1.80000000e+00 
 1.56175000e-08  1.80000000e+00  1.56175000e-08  0.00000000e+00  1.56175000e-08  1.80000000e+00  1.56175000e-08  1.80000000e+00 
 1.56225000e-08  1.80000000e+00  1.56225000e-08  0.00000000e+00  1.56225000e-08  1.80000000e+00  1.56225000e-08  1.80000000e+00 
 1.56275000e-08  1.80000000e+00  1.56275000e-08  0.00000000e+00  1.56275000e-08  1.80000000e+00  1.56275000e-08  1.80000000e+00 
 1.56325000e-08  1.80000000e+00  1.56325000e-08  0.00000000e+00  1.56325000e-08  1.80000000e+00  1.56325000e-08  1.80000000e+00 
 1.56375000e-08  1.80000000e+00  1.56375000e-08  0.00000000e+00  1.56375000e-08  1.80000000e+00  1.56375000e-08  1.80000000e+00 
 1.56425000e-08  1.80000000e+00  1.56425000e-08  0.00000000e+00  1.56425000e-08  1.80000000e+00  1.56425000e-08  1.80000000e+00 
 1.56475000e-08  1.80000000e+00  1.56475000e-08  0.00000000e+00  1.56475000e-08  1.80000000e+00  1.56475000e-08  1.80000000e+00 
 1.56525000e-08  1.80000000e+00  1.56525000e-08  0.00000000e+00  1.56525000e-08  1.80000000e+00  1.56525000e-08  1.80000000e+00 
 1.56575000e-08  1.80000000e+00  1.56575000e-08  0.00000000e+00  1.56575000e-08  1.80000000e+00  1.56575000e-08  1.80000000e+00 
 1.56625000e-08  1.80000000e+00  1.56625000e-08  0.00000000e+00  1.56625000e-08  1.80000000e+00  1.56625000e-08  1.80000000e+00 
 1.56675000e-08  1.80000000e+00  1.56675000e-08  0.00000000e+00  1.56675000e-08  1.80000000e+00  1.56675000e-08  1.80000000e+00 
 1.56725000e-08  1.80000000e+00  1.56725000e-08  0.00000000e+00  1.56725000e-08  1.80000000e+00  1.56725000e-08  1.80000000e+00 
 1.56775000e-08  1.80000000e+00  1.56775000e-08  0.00000000e+00  1.56775000e-08  1.80000000e+00  1.56775000e-08  1.80000000e+00 
 1.56825000e-08  1.80000000e+00  1.56825000e-08  0.00000000e+00  1.56825000e-08  1.80000000e+00  1.56825000e-08  1.80000000e+00 
 1.56875000e-08  1.80000000e+00  1.56875000e-08  0.00000000e+00  1.56875000e-08  1.80000000e+00  1.56875000e-08  1.80000000e+00 
 1.56925000e-08  1.80000000e+00  1.56925000e-08  0.00000000e+00  1.56925000e-08  1.80000000e+00  1.56925000e-08  1.80000000e+00 
 1.56975000e-08  1.80000000e+00  1.56975000e-08  0.00000000e+00  1.56975000e-08  1.80000000e+00  1.56975000e-08  1.80000000e+00 
 1.57025000e-08  1.80000000e+00  1.57025000e-08  0.00000000e+00  1.57025000e-08  1.80000000e+00  1.57025000e-08  1.80000000e+00 
 1.57075000e-08  1.80000000e+00  1.57075000e-08  0.00000000e+00  1.57075000e-08  1.80000000e+00  1.57075000e-08  1.80000000e+00 
 1.57125000e-08  1.80000000e+00  1.57125000e-08  0.00000000e+00  1.57125000e-08  1.80000000e+00  1.57125000e-08  1.80000000e+00 
 1.57175000e-08  1.80000000e+00  1.57175000e-08  0.00000000e+00  1.57175000e-08  1.80000000e+00  1.57175000e-08  1.80000000e+00 
 1.57225000e-08  1.80000000e+00  1.57225000e-08  0.00000000e+00  1.57225000e-08  1.80000000e+00  1.57225000e-08  1.80000000e+00 
 1.57275000e-08  1.80000000e+00  1.57275000e-08  0.00000000e+00  1.57275000e-08  1.80000000e+00  1.57275000e-08  1.80000000e+00 
 1.57325000e-08  1.80000000e+00  1.57325000e-08  0.00000000e+00  1.57325000e-08  1.80000000e+00  1.57325000e-08  1.80000000e+00 
 1.57375000e-08  1.80000000e+00  1.57375000e-08  0.00000000e+00  1.57375000e-08  1.80000000e+00  1.57375000e-08  1.80000000e+00 
 1.57425000e-08  1.80000000e+00  1.57425000e-08  0.00000000e+00  1.57425000e-08  1.80000000e+00  1.57425000e-08  1.80000000e+00 
 1.57475000e-08  1.80000000e+00  1.57475000e-08  0.00000000e+00  1.57475000e-08  1.80000000e+00  1.57475000e-08  1.80000000e+00 
 1.57525000e-08  1.80000000e+00  1.57525000e-08  0.00000000e+00  1.57525000e-08  1.80000000e+00  1.57525000e-08  1.80000000e+00 
 1.57575000e-08  1.80000000e+00  1.57575000e-08  0.00000000e+00  1.57575000e-08  1.80000000e+00  1.57575000e-08  1.80000000e+00 
 1.57625000e-08  1.80000000e+00  1.57625000e-08  0.00000000e+00  1.57625000e-08  1.80000000e+00  1.57625000e-08  1.80000000e+00 
 1.57675000e-08  1.80000000e+00  1.57675000e-08  0.00000000e+00  1.57675000e-08  1.80000000e+00  1.57675000e-08  1.80000000e+00 
 1.57725000e-08  1.80000000e+00  1.57725000e-08  0.00000000e+00  1.57725000e-08  1.80000000e+00  1.57725000e-08  1.80000000e+00 
 1.57775000e-08  1.80000000e+00  1.57775000e-08  0.00000000e+00  1.57775000e-08  1.80000000e+00  1.57775000e-08  1.80000000e+00 
 1.57825000e-08  1.80000000e+00  1.57825000e-08  0.00000000e+00  1.57825000e-08  1.80000000e+00  1.57825000e-08  1.80000000e+00 
 1.57875000e-08  1.80000000e+00  1.57875000e-08  0.00000000e+00  1.57875000e-08  1.80000000e+00  1.57875000e-08  1.80000000e+00 
 1.57925000e-08  1.80000000e+00  1.57925000e-08  0.00000000e+00  1.57925000e-08  1.80000000e+00  1.57925000e-08  1.80000000e+00 
 1.57975000e-08  1.80000000e+00  1.57975000e-08  0.00000000e+00  1.57975000e-08  1.80000000e+00  1.57975000e-08  1.80000000e+00 
 1.58025000e-08  1.80000000e+00  1.58025000e-08  0.00000000e+00  1.58025000e-08  1.80000000e+00  1.58025000e-08  1.80000000e+00 
 1.58075000e-08  1.80000000e+00  1.58075000e-08  0.00000000e+00  1.58075000e-08  1.80000000e+00  1.58075000e-08  1.80000000e+00 
 1.58125000e-08  1.80000000e+00  1.58125000e-08  0.00000000e+00  1.58125000e-08  1.80000000e+00  1.58125000e-08  1.80000000e+00 
 1.58175000e-08  1.80000000e+00  1.58175000e-08  0.00000000e+00  1.58175000e-08  1.80000000e+00  1.58175000e-08  1.80000000e+00 
 1.58225000e-08  1.80000000e+00  1.58225000e-08  0.00000000e+00  1.58225000e-08  1.80000000e+00  1.58225000e-08  1.80000000e+00 
 1.58275000e-08  1.80000000e+00  1.58275000e-08  0.00000000e+00  1.58275000e-08  1.80000000e+00  1.58275000e-08  1.80000000e+00 
 1.58325000e-08  1.80000000e+00  1.58325000e-08  0.00000000e+00  1.58325000e-08  1.80000000e+00  1.58325000e-08  1.80000000e+00 
 1.58375000e-08  1.80000000e+00  1.58375000e-08  0.00000000e+00  1.58375000e-08  1.80000000e+00  1.58375000e-08  1.80000000e+00 
 1.58425000e-08  1.80000000e+00  1.58425000e-08  0.00000000e+00  1.58425000e-08  1.80000000e+00  1.58425000e-08  1.80000000e+00 
 1.58475000e-08  1.80000000e+00  1.58475000e-08  0.00000000e+00  1.58475000e-08  1.80000000e+00  1.58475000e-08  1.80000000e+00 
 1.58525000e-08  1.80000000e+00  1.58525000e-08  0.00000000e+00  1.58525000e-08  1.80000000e+00  1.58525000e-08  1.80000000e+00 
 1.58575000e-08  1.80000000e+00  1.58575000e-08  0.00000000e+00  1.58575000e-08  1.80000000e+00  1.58575000e-08  1.80000000e+00 
 1.58625000e-08  1.80000000e+00  1.58625000e-08  0.00000000e+00  1.58625000e-08  1.80000000e+00  1.58625000e-08  1.80000000e+00 
 1.58675000e-08  1.80000000e+00  1.58675000e-08  0.00000000e+00  1.58675000e-08  1.80000000e+00  1.58675000e-08  1.80000000e+00 
 1.58725000e-08  1.80000000e+00  1.58725000e-08  0.00000000e+00  1.58725000e-08  1.80000000e+00  1.58725000e-08  1.80000000e+00 
 1.58775000e-08  1.80000000e+00  1.58775000e-08  0.00000000e+00  1.58775000e-08  1.80000000e+00  1.58775000e-08  1.80000000e+00 
 1.58825000e-08  1.80000000e+00  1.58825000e-08  0.00000000e+00  1.58825000e-08  1.80000000e+00  1.58825000e-08  1.80000000e+00 
 1.58875000e-08  1.80000000e+00  1.58875000e-08  0.00000000e+00  1.58875000e-08  1.80000000e+00  1.58875000e-08  1.80000000e+00 
 1.58925000e-08  1.80000000e+00  1.58925000e-08  0.00000000e+00  1.58925000e-08  1.80000000e+00  1.58925000e-08  1.80000000e+00 
 1.58975000e-08  1.80000000e+00  1.58975000e-08  0.00000000e+00  1.58975000e-08  1.80000000e+00  1.58975000e-08  1.80000000e+00 
 1.59025000e-08  1.80000000e+00  1.59025000e-08  0.00000000e+00  1.59025000e-08  1.80000000e+00  1.59025000e-08  1.80000000e+00 
 1.59075000e-08  1.80000000e+00  1.59075000e-08  0.00000000e+00  1.59075000e-08  1.80000000e+00  1.59075000e-08  1.80000000e+00 
 1.59125000e-08  1.80000000e+00  1.59125000e-08  0.00000000e+00  1.59125000e-08  1.80000000e+00  1.59125000e-08  1.80000000e+00 
 1.59175000e-08  1.80000000e+00  1.59175000e-08  0.00000000e+00  1.59175000e-08  1.80000000e+00  1.59175000e-08  1.80000000e+00 
 1.59225000e-08  1.80000000e+00  1.59225000e-08  0.00000000e+00  1.59225000e-08  1.80000000e+00  1.59225000e-08  1.80000000e+00 
 1.59275000e-08  1.80000000e+00  1.59275000e-08  0.00000000e+00  1.59275000e-08  1.80000000e+00  1.59275000e-08  1.80000000e+00 
 1.59325000e-08  1.80000000e+00  1.59325000e-08  0.00000000e+00  1.59325000e-08  1.80000000e+00  1.59325000e-08  1.80000000e+00 
 1.59375000e-08  1.80000000e+00  1.59375000e-08  0.00000000e+00  1.59375000e-08  1.80000000e+00  1.59375000e-08  1.80000000e+00 
 1.59425000e-08  1.80000000e+00  1.59425000e-08  0.00000000e+00  1.59425000e-08  1.80000000e+00  1.59425000e-08  1.80000000e+00 
 1.59475000e-08  1.80000000e+00  1.59475000e-08  0.00000000e+00  1.59475000e-08  1.80000000e+00  1.59475000e-08  1.80000000e+00 
 1.59525000e-08  1.80000000e+00  1.59525000e-08  0.00000000e+00  1.59525000e-08  1.80000000e+00  1.59525000e-08  1.80000000e+00 
 1.59575000e-08  1.80000000e+00  1.59575000e-08  0.00000000e+00  1.59575000e-08  1.80000000e+00  1.59575000e-08  1.80000000e+00 
 1.59625000e-08  1.80000000e+00  1.59625000e-08  0.00000000e+00  1.59625000e-08  1.80000000e+00  1.59625000e-08  1.80000000e+00 
 1.59675000e-08  1.80000000e+00  1.59675000e-08  0.00000000e+00  1.59675000e-08  1.80000000e+00  1.59675000e-08  1.80000000e+00 
 1.59725000e-08  1.80000000e+00  1.59725000e-08  0.00000000e+00  1.59725000e-08  1.80000000e+00  1.59725000e-08  1.80000000e+00 
 1.59775000e-08  1.80000000e+00  1.59775000e-08  0.00000000e+00  1.59775000e-08  1.80000000e+00  1.59775000e-08  1.80000000e+00 
 1.59825000e-08  1.80000000e+00  1.59825000e-08  0.00000000e+00  1.59825000e-08  1.80000000e+00  1.59825000e-08  1.80000000e+00 
 1.59875000e-08  1.80000000e+00  1.59875000e-08  0.00000000e+00  1.59875000e-08  1.80000000e+00  1.59875000e-08  1.80000000e+00 
 1.59925000e-08  1.80000000e+00  1.59925000e-08  0.00000000e+00  1.59925000e-08  1.80000000e+00  1.59925000e-08  1.80000000e+00 
 1.59975000e-08  1.80000000e+00  1.59975000e-08  0.00000000e+00  1.59975000e-08  1.80000000e+00  1.59975000e-08  1.80000000e+00 
 1.60025000e-08  1.80000000e+00  1.60025000e-08  0.00000000e+00  1.60025000e-08  1.80000000e+00  1.60025000e-08  1.80000000e+00 
 1.60075000e-08  1.80000000e+00  1.60075000e-08  0.00000000e+00  1.60075000e-08  1.80000000e+00  1.60075000e-08  1.80000000e+00 
 1.60125000e-08  1.80000000e+00  1.60125000e-08  0.00000000e+00  1.60125000e-08  1.80000000e+00  1.60125000e-08  1.80000000e+00 
 1.60175000e-08  1.80000000e+00  1.60175000e-08  0.00000000e+00  1.60175000e-08  1.80000000e+00  1.60175000e-08  1.80000000e+00 
 1.60225000e-08  1.80000000e+00  1.60225000e-08  0.00000000e+00  1.60225000e-08  1.80000000e+00  1.60225000e-08  1.80000000e+00 
 1.60275000e-08  1.80000000e+00  1.60275000e-08  0.00000000e+00  1.60275000e-08  1.80000000e+00  1.60275000e-08  1.80000000e+00 
 1.60325000e-08  1.80000000e+00  1.60325000e-08  0.00000000e+00  1.60325000e-08  1.80000000e+00  1.60325000e-08  1.80000000e+00 
 1.60375000e-08  1.80000000e+00  1.60375000e-08  0.00000000e+00  1.60375000e-08  1.80000000e+00  1.60375000e-08  1.80000000e+00 
 1.60425000e-08  1.80000000e+00  1.60425000e-08  0.00000000e+00  1.60425000e-08  1.80000000e+00  1.60425000e-08  1.80000000e+00 
 1.60475000e-08  1.80000000e+00  1.60475000e-08  0.00000000e+00  1.60475000e-08  1.80000000e+00  1.60475000e-08  1.80000000e+00 
 1.60525000e-08  1.80000000e+00  1.60525000e-08  0.00000000e+00  1.60525000e-08  1.80000000e+00  1.60525000e-08  1.80000000e+00 
 1.60575000e-08  1.80000000e+00  1.60575000e-08  0.00000000e+00  1.60575000e-08  1.80000000e+00  1.60575000e-08  1.80000000e+00 
 1.60625000e-08  1.80000000e+00  1.60625000e-08  0.00000000e+00  1.60625000e-08  1.80000000e+00  1.60625000e-08  1.80000000e+00 
 1.60675000e-08  1.80000000e+00  1.60675000e-08  0.00000000e+00  1.60675000e-08  1.80000000e+00  1.60675000e-08  1.80000000e+00 
 1.60725000e-08  1.80000000e+00  1.60725000e-08  0.00000000e+00  1.60725000e-08  1.80000000e+00  1.60725000e-08  1.80000000e+00 
 1.60775000e-08  1.80000000e+00  1.60775000e-08  0.00000000e+00  1.60775000e-08  1.80000000e+00  1.60775000e-08  1.80000000e+00 
 1.60825000e-08  1.80000000e+00  1.60825000e-08  0.00000000e+00  1.60825000e-08  1.80000000e+00  1.60825000e-08  1.80000000e+00 
 1.60875000e-08  1.80000000e+00  1.60875000e-08  0.00000000e+00  1.60875000e-08  1.80000000e+00  1.60875000e-08  1.80000000e+00 
 1.60925000e-08  1.80000000e+00  1.60925000e-08  0.00000000e+00  1.60925000e-08  1.80000000e+00  1.60925000e-08  1.80000000e+00 
 1.60975000e-08  1.80000000e+00  1.60975000e-08  0.00000000e+00  1.60975000e-08  1.80000000e+00  1.60975000e-08  1.80000000e+00 
 1.61025000e-08  1.80000000e+00  1.61025000e-08  0.00000000e+00  1.61025000e-08  1.80000000e+00  1.61025000e-08  1.80000000e+00 
 1.61075000e-08  1.80000000e+00  1.61075000e-08  0.00000000e+00  1.61075000e-08  1.80000000e+00  1.61075000e-08  1.80000000e+00 
 1.61125000e-08  1.80000000e+00  1.61125000e-08  0.00000000e+00  1.61125000e-08  1.80000000e+00  1.61125000e-08  1.80000000e+00 
 1.61175000e-08  1.80000000e+00  1.61175000e-08  0.00000000e+00  1.61175000e-08  1.80000000e+00  1.61175000e-08  1.80000000e+00 
 1.61225000e-08  1.80000000e+00  1.61225000e-08  0.00000000e+00  1.61225000e-08  1.80000000e+00  1.61225000e-08  1.80000000e+00 
 1.61275000e-08  1.80000000e+00  1.61275000e-08  0.00000000e+00  1.61275000e-08  1.80000000e+00  1.61275000e-08  1.80000000e+00 
 1.61325000e-08  1.80000000e+00  1.61325000e-08  0.00000000e+00  1.61325000e-08  1.80000000e+00  1.61325000e-08  1.80000000e+00 
 1.61375000e-08  1.80000000e+00  1.61375000e-08  0.00000000e+00  1.61375000e-08  1.80000000e+00  1.61375000e-08  1.80000000e+00 
 1.61425000e-08  1.80000000e+00  1.61425000e-08  0.00000000e+00  1.61425000e-08  1.80000000e+00  1.61425000e-08  1.80000000e+00 
 1.61475000e-08  1.80000000e+00  1.61475000e-08  0.00000000e+00  1.61475000e-08  1.80000000e+00  1.61475000e-08  1.80000000e+00 
 1.61525000e-08  1.80000000e+00  1.61525000e-08  0.00000000e+00  1.61525000e-08  1.80000000e+00  1.61525000e-08  1.80000000e+00 
 1.61575000e-08  1.80000000e+00  1.61575000e-08  0.00000000e+00  1.61575000e-08  1.80000000e+00  1.61575000e-08  1.80000000e+00 
 1.61625000e-08  1.80000000e+00  1.61625000e-08  0.00000000e+00  1.61625000e-08  1.80000000e+00  1.61625000e-08  1.80000000e+00 
 1.61675000e-08  1.80000000e+00  1.61675000e-08  0.00000000e+00  1.61675000e-08  1.80000000e+00  1.61675000e-08  1.80000000e+00 
 1.61725000e-08  1.80000000e+00  1.61725000e-08  0.00000000e+00  1.61725000e-08  1.80000000e+00  1.61725000e-08  1.80000000e+00 
 1.61775000e-08  1.80000000e+00  1.61775000e-08  0.00000000e+00  1.61775000e-08  1.80000000e+00  1.61775000e-08  1.80000000e+00 
 1.61825000e-08  1.80000000e+00  1.61825000e-08  0.00000000e+00  1.61825000e-08  1.80000000e+00  1.61825000e-08  1.80000000e+00 
 1.61875000e-08  1.80000000e+00  1.61875000e-08  0.00000000e+00  1.61875000e-08  1.80000000e+00  1.61875000e-08  1.80000000e+00 
 1.61925000e-08  1.80000000e+00  1.61925000e-08  0.00000000e+00  1.61925000e-08  1.80000000e+00  1.61925000e-08  1.80000000e+00 
 1.61975000e-08  1.80000000e+00  1.61975000e-08  0.00000000e+00  1.61975000e-08  1.80000000e+00  1.61975000e-08  1.80000000e+00 
 1.62025000e-08  1.80000000e+00  1.62025000e-08  0.00000000e+00  1.62025000e-08  1.80000000e+00  1.62025000e-08  1.80000000e+00 
 1.62075000e-08  1.80000000e+00  1.62075000e-08  0.00000000e+00  1.62075000e-08  1.80000000e+00  1.62075000e-08  1.80000000e+00 
 1.62125000e-08  1.80000000e+00  1.62125000e-08  0.00000000e+00  1.62125000e-08  1.80000000e+00  1.62125000e-08  1.80000000e+00 
 1.62175000e-08  1.80000000e+00  1.62175000e-08  0.00000000e+00  1.62175000e-08  1.80000000e+00  1.62175000e-08  1.80000000e+00 
 1.62225000e-08  1.80000000e+00  1.62225000e-08  0.00000000e+00  1.62225000e-08  1.80000000e+00  1.62225000e-08  1.80000000e+00 
 1.62275000e-08  1.80000000e+00  1.62275000e-08  0.00000000e+00  1.62275000e-08  1.80000000e+00  1.62275000e-08  1.80000000e+00 
 1.62325000e-08  1.80000000e+00  1.62325000e-08  0.00000000e+00  1.62325000e-08  1.80000000e+00  1.62325000e-08  1.80000000e+00 
 1.62375000e-08  1.80000000e+00  1.62375000e-08  0.00000000e+00  1.62375000e-08  1.80000000e+00  1.62375000e-08  1.80000000e+00 
 1.62425000e-08  1.80000000e+00  1.62425000e-08  0.00000000e+00  1.62425000e-08  1.80000000e+00  1.62425000e-08  1.80000000e+00 
 1.62475000e-08  1.80000000e+00  1.62475000e-08  0.00000000e+00  1.62475000e-08  1.80000000e+00  1.62475000e-08  1.80000000e+00 
 1.62525000e-08  1.80000000e+00  1.62525000e-08  0.00000000e+00  1.62525000e-08  1.80000000e+00  1.62525000e-08  1.80000000e+00 
 1.62575000e-08  1.80000000e+00  1.62575000e-08  0.00000000e+00  1.62575000e-08  1.80000000e+00  1.62575000e-08  1.80000000e+00 
 1.62625000e-08  1.80000000e+00  1.62625000e-08  0.00000000e+00  1.62625000e-08  1.80000000e+00  1.62625000e-08  1.80000000e+00 
 1.62675000e-08  1.80000000e+00  1.62675000e-08  0.00000000e+00  1.62675000e-08  1.80000000e+00  1.62675000e-08  1.80000000e+00 
 1.62725000e-08  1.80000000e+00  1.62725000e-08  0.00000000e+00  1.62725000e-08  1.80000000e+00  1.62725000e-08  1.80000000e+00 
 1.62775000e-08  1.80000000e+00  1.62775000e-08  0.00000000e+00  1.62775000e-08  1.80000000e+00  1.62775000e-08  1.80000000e+00 
 1.62825000e-08  1.80000000e+00  1.62825000e-08  0.00000000e+00  1.62825000e-08  1.80000000e+00  1.62825000e-08  1.80000000e+00 
 1.62875000e-08  1.80000000e+00  1.62875000e-08  0.00000000e+00  1.62875000e-08  1.80000000e+00  1.62875000e-08  1.80000000e+00 
 1.62925000e-08  1.80000000e+00  1.62925000e-08  0.00000000e+00  1.62925000e-08  1.80000000e+00  1.62925000e-08  1.80000000e+00 
 1.62975000e-08  1.80000000e+00  1.62975000e-08  0.00000000e+00  1.62975000e-08  1.80000000e+00  1.62975000e-08  1.80000000e+00 
 1.63025000e-08  1.80000000e+00  1.63025000e-08  0.00000000e+00  1.63025000e-08  1.80000000e+00  1.63025000e-08  1.80000000e+00 
 1.63075000e-08  1.80000000e+00  1.63075000e-08  0.00000000e+00  1.63075000e-08  1.80000000e+00  1.63075000e-08  1.80000000e+00 
 1.63125000e-08  1.80000000e+00  1.63125000e-08  0.00000000e+00  1.63125000e-08  1.80000000e+00  1.63125000e-08  1.80000000e+00 
 1.63175000e-08  1.80000000e+00  1.63175000e-08  0.00000000e+00  1.63175000e-08  1.80000000e+00  1.63175000e-08  1.80000000e+00 
 1.63225000e-08  1.80000000e+00  1.63225000e-08  0.00000000e+00  1.63225000e-08  1.80000000e+00  1.63225000e-08  1.80000000e+00 
 1.63275000e-08  1.80000000e+00  1.63275000e-08  0.00000000e+00  1.63275000e-08  1.80000000e+00  1.63275000e-08  1.80000000e+00 
 1.63325000e-08  1.80000000e+00  1.63325000e-08  0.00000000e+00  1.63325000e-08  1.80000000e+00  1.63325000e-08  1.80000000e+00 
 1.63375000e-08  1.80000000e+00  1.63375000e-08  0.00000000e+00  1.63375000e-08  1.80000000e+00  1.63375000e-08  1.80000000e+00 
 1.63425000e-08  1.80000000e+00  1.63425000e-08  0.00000000e+00  1.63425000e-08  1.80000000e+00  1.63425000e-08  1.80000000e+00 
 1.63475000e-08  1.80000000e+00  1.63475000e-08  0.00000000e+00  1.63475000e-08  1.80000000e+00  1.63475000e-08  1.80000000e+00 
 1.63525000e-08  1.80000000e+00  1.63525000e-08  0.00000000e+00  1.63525000e-08  1.80000000e+00  1.63525000e-08  1.80000000e+00 
 1.63575000e-08  1.80000000e+00  1.63575000e-08  0.00000000e+00  1.63575000e-08  1.80000000e+00  1.63575000e-08  1.80000000e+00 
 1.63625000e-08  1.80000000e+00  1.63625000e-08  0.00000000e+00  1.63625000e-08  1.80000000e+00  1.63625000e-08  1.80000000e+00 
 1.63675000e-08  1.80000000e+00  1.63675000e-08  0.00000000e+00  1.63675000e-08  1.80000000e+00  1.63675000e-08  1.80000000e+00 
 1.63725000e-08  1.80000000e+00  1.63725000e-08  0.00000000e+00  1.63725000e-08  1.80000000e+00  1.63725000e-08  1.80000000e+00 
 1.63775000e-08  1.80000000e+00  1.63775000e-08  0.00000000e+00  1.63775000e-08  1.80000000e+00  1.63775000e-08  1.80000000e+00 
 1.63825000e-08  1.80000000e+00  1.63825000e-08  0.00000000e+00  1.63825000e-08  1.80000000e+00  1.63825000e-08  1.80000000e+00 
 1.63875000e-08  1.80000000e+00  1.63875000e-08  0.00000000e+00  1.63875000e-08  1.80000000e+00  1.63875000e-08  1.80000000e+00 
 1.63925000e-08  1.80000000e+00  1.63925000e-08  0.00000000e+00  1.63925000e-08  1.80000000e+00  1.63925000e-08  1.80000000e+00 
 1.63975000e-08  1.80000000e+00  1.63975000e-08  0.00000000e+00  1.63975000e-08  1.80000000e+00  1.63975000e-08  1.80000000e+00 
 1.64025000e-08  1.80000000e+00  1.64025000e-08  0.00000000e+00  1.64025000e-08  1.80000000e+00  1.64025000e-08  1.80000000e+00 
 1.64075000e-08  1.80000000e+00  1.64075000e-08  0.00000000e+00  1.64075000e-08  1.80000000e+00  1.64075000e-08  1.80000000e+00 
 1.64125000e-08  1.80000000e+00  1.64125000e-08  0.00000000e+00  1.64125000e-08  1.80000000e+00  1.64125000e-08  1.80000000e+00 
 1.64175000e-08  1.80000000e+00  1.64175000e-08  0.00000000e+00  1.64175000e-08  1.80000000e+00  1.64175000e-08  1.80000000e+00 
 1.64225000e-08  1.80000000e+00  1.64225000e-08  0.00000000e+00  1.64225000e-08  1.80000000e+00  1.64225000e-08  1.80000000e+00 
 1.64275000e-08  1.80000000e+00  1.64275000e-08  0.00000000e+00  1.64275000e-08  1.80000000e+00  1.64275000e-08  1.80000000e+00 
 1.64325000e-08  1.80000000e+00  1.64325000e-08  0.00000000e+00  1.64325000e-08  1.80000000e+00  1.64325000e-08  1.80000000e+00 
 1.64375000e-08  1.80000000e+00  1.64375000e-08  0.00000000e+00  1.64375000e-08  1.80000000e+00  1.64375000e-08  1.80000000e+00 
 1.64425000e-08  1.80000000e+00  1.64425000e-08  0.00000000e+00  1.64425000e-08  1.80000000e+00  1.64425000e-08  1.80000000e+00 
 1.64475000e-08  1.80000000e+00  1.64475000e-08  0.00000000e+00  1.64475000e-08  1.80000000e+00  1.64475000e-08  1.80000000e+00 
 1.64525000e-08  1.80000000e+00  1.64525000e-08  0.00000000e+00  1.64525000e-08  1.80000000e+00  1.64525000e-08  1.80000000e+00 
 1.64575000e-08  1.80000000e+00  1.64575000e-08  0.00000000e+00  1.64575000e-08  1.80000000e+00  1.64575000e-08  1.80000000e+00 
 1.64625000e-08  1.80000000e+00  1.64625000e-08  0.00000000e+00  1.64625000e-08  1.80000000e+00  1.64625000e-08  1.80000000e+00 
 1.64675000e-08  1.80000000e+00  1.64675000e-08  0.00000000e+00  1.64675000e-08  1.80000000e+00  1.64675000e-08  1.80000000e+00 
 1.64725000e-08  1.80000000e+00  1.64725000e-08  0.00000000e+00  1.64725000e-08  1.80000000e+00  1.64725000e-08  1.80000000e+00 
 1.64775000e-08  1.80000000e+00  1.64775000e-08  0.00000000e+00  1.64775000e-08  1.80000000e+00  1.64775000e-08  1.80000000e+00 
 1.64825000e-08  1.80000000e+00  1.64825000e-08  0.00000000e+00  1.64825000e-08  1.80000000e+00  1.64825000e-08  1.80000000e+00 
 1.64875000e-08  1.80000000e+00  1.64875000e-08  0.00000000e+00  1.64875000e-08  1.80000000e+00  1.64875000e-08  1.80000000e+00 
 1.64925000e-08  1.80000000e+00  1.64925000e-08  0.00000000e+00  1.64925000e-08  1.80000000e+00  1.64925000e-08  1.80000000e+00 
 1.64975000e-08  1.80000000e+00  1.64975000e-08  0.00000000e+00  1.64975000e-08  1.80000000e+00  1.64975000e-08  1.80000000e+00 
 1.65025000e-08  1.80000000e+00  1.65025000e-08  0.00000000e+00  1.65025000e-08  1.80000000e+00  1.65025000e-08  1.80000000e+00 
 1.65075000e-08  1.80000000e+00  1.65075000e-08  0.00000000e+00  1.65075000e-08  1.80000000e+00  1.65075000e-08  1.80000000e+00 
 1.65125000e-08  1.80000000e+00  1.65125000e-08  0.00000000e+00  1.65125000e-08  1.80000000e+00  1.65125000e-08  1.80000000e+00 
 1.65175000e-08  1.80000000e+00  1.65175000e-08  0.00000000e+00  1.65175000e-08  1.80000000e+00  1.65175000e-08  1.80000000e+00 
 1.65225000e-08  1.80000000e+00  1.65225000e-08  0.00000000e+00  1.65225000e-08  1.80000000e+00  1.65225000e-08  1.80000000e+00 
 1.65275000e-08  1.80000000e+00  1.65275000e-08  0.00000000e+00  1.65275000e-08  1.80000000e+00  1.65275000e-08  1.80000000e+00 
 1.65325000e-08  1.80000000e+00  1.65325000e-08  0.00000000e+00  1.65325000e-08  1.80000000e+00  1.65325000e-08  1.80000000e+00 
 1.65375000e-08  1.80000000e+00  1.65375000e-08  0.00000000e+00  1.65375000e-08  1.80000000e+00  1.65375000e-08  1.80000000e+00 
 1.65425000e-08  1.80000000e+00  1.65425000e-08  0.00000000e+00  1.65425000e-08  1.80000000e+00  1.65425000e-08  1.80000000e+00 
 1.65475000e-08  1.80000000e+00  1.65475000e-08  0.00000000e+00  1.65475000e-08  1.80000000e+00  1.65475000e-08  1.80000000e+00 
 1.65525000e-08  1.80000000e+00  1.65525000e-08  0.00000000e+00  1.65525000e-08  1.80000000e+00  1.65525000e-08  1.80000000e+00 
 1.65575000e-08  1.80000000e+00  1.65575000e-08  0.00000000e+00  1.65575000e-08  1.80000000e+00  1.65575000e-08  1.80000000e+00 
 1.65625000e-08  1.80000000e+00  1.65625000e-08  0.00000000e+00  1.65625000e-08  1.80000000e+00  1.65625000e-08  1.80000000e+00 
 1.65675000e-08  1.80000000e+00  1.65675000e-08  0.00000000e+00  1.65675000e-08  1.80000000e+00  1.65675000e-08  1.80000000e+00 
 1.65725000e-08  1.80000000e+00  1.65725000e-08  0.00000000e+00  1.65725000e-08  1.80000000e+00  1.65725000e-08  1.80000000e+00 
 1.65775000e-08  1.80000000e+00  1.65775000e-08  0.00000000e+00  1.65775000e-08  1.80000000e+00  1.65775000e-08  1.80000000e+00 
 1.65825000e-08  1.80000000e+00  1.65825000e-08  0.00000000e+00  1.65825000e-08  1.80000000e+00  1.65825000e-08  1.80000000e+00 
 1.65875000e-08  1.80000000e+00  1.65875000e-08  0.00000000e+00  1.65875000e-08  1.80000000e+00  1.65875000e-08  1.80000000e+00 
 1.65925000e-08  1.80000000e+00  1.65925000e-08  0.00000000e+00  1.65925000e-08  1.80000000e+00  1.65925000e-08  1.80000000e+00 
 1.65975000e-08  1.80000000e+00  1.65975000e-08  0.00000000e+00  1.65975000e-08  1.80000000e+00  1.65975000e-08  1.80000000e+00 
 1.66025000e-08  1.80000000e+00  1.66025000e-08  0.00000000e+00  1.66025000e-08  1.80000000e+00  1.66025000e-08  1.80000000e+00 
 1.66075000e-08  1.80000000e+00  1.66075000e-08  0.00000000e+00  1.66075000e-08  1.80000000e+00  1.66075000e-08  1.80000000e+00 
 1.66125000e-08  1.80000000e+00  1.66125000e-08  0.00000000e+00  1.66125000e-08  1.80000000e+00  1.66125000e-08  1.80000000e+00 
 1.66175000e-08  1.80000000e+00  1.66175000e-08  0.00000000e+00  1.66175000e-08  1.80000000e+00  1.66175000e-08  1.80000000e+00 
 1.66225000e-08  1.80000000e+00  1.66225000e-08  0.00000000e+00  1.66225000e-08  1.80000000e+00  1.66225000e-08  1.80000000e+00 
 1.66275000e-08  1.80000000e+00  1.66275000e-08  0.00000000e+00  1.66275000e-08  1.80000000e+00  1.66275000e-08  1.80000000e+00 
 1.66325000e-08  1.80000000e+00  1.66325000e-08  0.00000000e+00  1.66325000e-08  1.80000000e+00  1.66325000e-08  1.80000000e+00 
 1.66375000e-08  1.80000000e+00  1.66375000e-08  0.00000000e+00  1.66375000e-08  1.80000000e+00  1.66375000e-08  1.80000000e+00 
 1.66425000e-08  1.80000000e+00  1.66425000e-08  0.00000000e+00  1.66425000e-08  1.80000000e+00  1.66425000e-08  1.80000000e+00 
 1.66475000e-08  1.80000000e+00  1.66475000e-08  0.00000000e+00  1.66475000e-08  1.80000000e+00  1.66475000e-08  1.80000000e+00 
 1.66525000e-08  1.80000000e+00  1.66525000e-08  0.00000000e+00  1.66525000e-08  1.80000000e+00  1.66525000e-08  1.80000000e+00 
 1.66575000e-08  1.80000000e+00  1.66575000e-08  0.00000000e+00  1.66575000e-08  1.80000000e+00  1.66575000e-08  1.80000000e+00 
 1.66625000e-08  1.80000000e+00  1.66625000e-08  0.00000000e+00  1.66625000e-08  1.80000000e+00  1.66625000e-08  1.80000000e+00 
 1.66675000e-08  1.80000000e+00  1.66675000e-08  0.00000000e+00  1.66675000e-08  1.80000000e+00  1.66675000e-08  1.80000000e+00 
 1.66725000e-08  1.80000000e+00  1.66725000e-08  0.00000000e+00  1.66725000e-08  1.80000000e+00  1.66725000e-08  1.80000000e+00 
 1.66775000e-08  1.80000000e+00  1.66775000e-08  0.00000000e+00  1.66775000e-08  1.80000000e+00  1.66775000e-08  1.80000000e+00 
 1.66825000e-08  1.80000000e+00  1.66825000e-08  0.00000000e+00  1.66825000e-08  1.80000000e+00  1.66825000e-08  1.80000000e+00 
 1.66875000e-08  1.80000000e+00  1.66875000e-08  0.00000000e+00  1.66875000e-08  1.80000000e+00  1.66875000e-08  1.80000000e+00 
 1.66925000e-08  1.80000000e+00  1.66925000e-08  0.00000000e+00  1.66925000e-08  1.80000000e+00  1.66925000e-08  1.80000000e+00 
 1.66975000e-08  1.80000000e+00  1.66975000e-08  0.00000000e+00  1.66975000e-08  1.80000000e+00  1.66975000e-08  1.80000000e+00 
 1.67025000e-08  1.80000000e+00  1.67025000e-08  0.00000000e+00  1.67025000e-08  1.80000000e+00  1.67025000e-08  1.80000000e+00 
 1.67075000e-08  1.80000000e+00  1.67075000e-08  0.00000000e+00  1.67075000e-08  1.80000000e+00  1.67075000e-08  1.80000000e+00 
 1.67125000e-08  1.80000000e+00  1.67125000e-08  0.00000000e+00  1.67125000e-08  1.80000000e+00  1.67125000e-08  1.80000000e+00 
 1.67175000e-08  1.80000000e+00  1.67175000e-08  0.00000000e+00  1.67175000e-08  1.80000000e+00  1.67175000e-08  1.80000000e+00 
 1.67225000e-08  1.80000000e+00  1.67225000e-08  0.00000000e+00  1.67225000e-08  1.80000000e+00  1.67225000e-08  1.80000000e+00 
 1.67275000e-08  1.80000000e+00  1.67275000e-08  0.00000000e+00  1.67275000e-08  1.80000000e+00  1.67275000e-08  1.80000000e+00 
 1.67325000e-08  1.80000000e+00  1.67325000e-08  0.00000000e+00  1.67325000e-08  1.80000000e+00  1.67325000e-08  1.80000000e+00 
 1.67375000e-08  1.80000000e+00  1.67375000e-08  0.00000000e+00  1.67375000e-08  1.80000000e+00  1.67375000e-08  1.80000000e+00 
 1.67425000e-08  1.80000000e+00  1.67425000e-08  0.00000000e+00  1.67425000e-08  1.80000000e+00  1.67425000e-08  1.80000000e+00 
 1.67475000e-08  1.80000000e+00  1.67475000e-08  0.00000000e+00  1.67475000e-08  1.80000000e+00  1.67475000e-08  1.80000000e+00 
 1.67525000e-08  1.80000000e+00  1.67525000e-08  0.00000000e+00  1.67525000e-08  1.80000000e+00  1.67525000e-08  1.80000000e+00 
 1.67575000e-08  1.80000000e+00  1.67575000e-08  0.00000000e+00  1.67575000e-08  1.80000000e+00  1.67575000e-08  1.80000000e+00 
 1.67625000e-08  1.80000000e+00  1.67625000e-08  0.00000000e+00  1.67625000e-08  1.80000000e+00  1.67625000e-08  1.80000000e+00 
 1.67675000e-08  1.80000000e+00  1.67675000e-08  0.00000000e+00  1.67675000e-08  1.80000000e+00  1.67675000e-08  1.80000000e+00 
 1.67725000e-08  1.80000000e+00  1.67725000e-08  0.00000000e+00  1.67725000e-08  1.80000000e+00  1.67725000e-08  1.80000000e+00 
 1.67775000e-08  1.80000000e+00  1.67775000e-08  0.00000000e+00  1.67775000e-08  1.80000000e+00  1.67775000e-08  1.80000000e+00 
 1.67825000e-08  1.80000000e+00  1.67825000e-08  0.00000000e+00  1.67825000e-08  1.80000000e+00  1.67825000e-08  1.80000000e+00 
 1.67875000e-08  1.80000000e+00  1.67875000e-08  0.00000000e+00  1.67875000e-08  1.80000000e+00  1.67875000e-08  1.80000000e+00 
 1.67925000e-08  1.80000000e+00  1.67925000e-08  0.00000000e+00  1.67925000e-08  1.80000000e+00  1.67925000e-08  1.80000000e+00 
 1.67975000e-08  1.80000000e+00  1.67975000e-08  0.00000000e+00  1.67975000e-08  1.80000000e+00  1.67975000e-08  1.80000000e+00 
 1.68025000e-08  1.80000000e+00  1.68025000e-08  0.00000000e+00  1.68025000e-08  1.80000000e+00  1.68025000e-08  1.80000000e+00 
 1.68075000e-08  1.80000000e+00  1.68075000e-08  0.00000000e+00  1.68075000e-08  1.80000000e+00  1.68075000e-08  1.80000000e+00 
 1.68125000e-08  1.80000000e+00  1.68125000e-08  0.00000000e+00  1.68125000e-08  1.80000000e+00  1.68125000e-08  1.80000000e+00 
 1.68175000e-08  1.80000000e+00  1.68175000e-08  0.00000000e+00  1.68175000e-08  1.80000000e+00  1.68175000e-08  1.80000000e+00 
 1.68225000e-08  1.80000000e+00  1.68225000e-08  0.00000000e+00  1.68225000e-08  1.80000000e+00  1.68225000e-08  1.80000000e+00 
 1.68275000e-08  1.80000000e+00  1.68275000e-08  0.00000000e+00  1.68275000e-08  1.80000000e+00  1.68275000e-08  1.80000000e+00 
 1.68325000e-08  1.80000000e+00  1.68325000e-08  0.00000000e+00  1.68325000e-08  1.80000000e+00  1.68325000e-08  1.80000000e+00 
 1.68375000e-08  1.80000000e+00  1.68375000e-08  0.00000000e+00  1.68375000e-08  1.80000000e+00  1.68375000e-08  1.80000000e+00 
 1.68425000e-08  1.80000000e+00  1.68425000e-08  0.00000000e+00  1.68425000e-08  1.80000000e+00  1.68425000e-08  1.80000000e+00 
 1.68475000e-08  1.80000000e+00  1.68475000e-08  0.00000000e+00  1.68475000e-08  1.80000000e+00  1.68475000e-08  1.80000000e+00 
 1.68525000e-08  1.80000000e+00  1.68525000e-08  0.00000000e+00  1.68525000e-08  1.80000000e+00  1.68525000e-08  1.80000000e+00 
 1.68575000e-08  1.80000000e+00  1.68575000e-08  0.00000000e+00  1.68575000e-08  1.80000000e+00  1.68575000e-08  1.80000000e+00 
 1.68625000e-08  1.80000000e+00  1.68625000e-08  0.00000000e+00  1.68625000e-08  1.80000000e+00  1.68625000e-08  1.80000000e+00 
 1.68675000e-08  1.80000000e+00  1.68675000e-08  0.00000000e+00  1.68675000e-08  1.80000000e+00  1.68675000e-08  1.80000000e+00 
 1.68725000e-08  1.80000000e+00  1.68725000e-08  0.00000000e+00  1.68725000e-08  1.80000000e+00  1.68725000e-08  1.80000000e+00 
 1.68775000e-08  1.80000000e+00  1.68775000e-08  0.00000000e+00  1.68775000e-08  1.80000000e+00  1.68775000e-08  1.80000000e+00 
 1.68825000e-08  1.80000000e+00  1.68825000e-08  0.00000000e+00  1.68825000e-08  1.80000000e+00  1.68825000e-08  1.80000000e+00 
 1.68875000e-08  1.80000000e+00  1.68875000e-08  0.00000000e+00  1.68875000e-08  1.80000000e+00  1.68875000e-08  1.80000000e+00 
 1.68925000e-08  1.80000000e+00  1.68925000e-08  0.00000000e+00  1.68925000e-08  1.80000000e+00  1.68925000e-08  1.80000000e+00 
 1.68975000e-08  1.80000000e+00  1.68975000e-08  0.00000000e+00  1.68975000e-08  1.80000000e+00  1.68975000e-08  1.80000000e+00 
 1.69025000e-08  1.80000000e+00  1.69025000e-08  0.00000000e+00  1.69025000e-08  1.80000000e+00  1.69025000e-08  1.80000000e+00 
 1.69075000e-08  1.80000000e+00  1.69075000e-08  0.00000000e+00  1.69075000e-08  1.80000000e+00  1.69075000e-08  1.80000000e+00 
 1.69125000e-08  1.80000000e+00  1.69125000e-08  0.00000000e+00  1.69125000e-08  1.80000000e+00  1.69125000e-08  1.80000000e+00 
 1.69175000e-08  1.80000000e+00  1.69175000e-08  0.00000000e+00  1.69175000e-08  1.80000000e+00  1.69175000e-08  1.80000000e+00 
 1.69225000e-08  1.80000000e+00  1.69225000e-08  0.00000000e+00  1.69225000e-08  1.80000000e+00  1.69225000e-08  1.80000000e+00 
 1.69275000e-08  1.80000000e+00  1.69275000e-08  0.00000000e+00  1.69275000e-08  1.80000000e+00  1.69275000e-08  1.80000000e+00 
 1.69325000e-08  1.80000000e+00  1.69325000e-08  0.00000000e+00  1.69325000e-08  1.80000000e+00  1.69325000e-08  1.80000000e+00 
 1.69375000e-08  1.80000000e+00  1.69375000e-08  0.00000000e+00  1.69375000e-08  1.80000000e+00  1.69375000e-08  1.80000000e+00 
 1.69425000e-08  1.80000000e+00  1.69425000e-08  0.00000000e+00  1.69425000e-08  1.80000000e+00  1.69425000e-08  1.80000000e+00 
 1.69475000e-08  1.80000000e+00  1.69475000e-08  0.00000000e+00  1.69475000e-08  1.80000000e+00  1.69475000e-08  1.80000000e+00 
 1.69525000e-08  1.80000000e+00  1.69525000e-08  0.00000000e+00  1.69525000e-08  1.80000000e+00  1.69525000e-08  1.80000000e+00 
 1.69575000e-08  1.80000000e+00  1.69575000e-08  0.00000000e+00  1.69575000e-08  1.80000000e+00  1.69575000e-08  1.80000000e+00 
 1.69625000e-08  1.80000000e+00  1.69625000e-08  0.00000000e+00  1.69625000e-08  1.80000000e+00  1.69625000e-08  1.80000000e+00 
 1.69675000e-08  1.80000000e+00  1.69675000e-08  0.00000000e+00  1.69675000e-08  1.80000000e+00  1.69675000e-08  1.80000000e+00 
 1.69725000e-08  1.80000000e+00  1.69725000e-08  0.00000000e+00  1.69725000e-08  1.80000000e+00  1.69725000e-08  1.80000000e+00 
 1.69775000e-08  1.80000000e+00  1.69775000e-08  0.00000000e+00  1.69775000e-08  1.80000000e+00  1.69775000e-08  1.80000000e+00 
 1.69825000e-08  1.80000000e+00  1.69825000e-08  0.00000000e+00  1.69825000e-08  1.80000000e+00  1.69825000e-08  1.80000000e+00 
 1.69875000e-08  1.80000000e+00  1.69875000e-08  0.00000000e+00  1.69875000e-08  1.80000000e+00  1.69875000e-08  1.80000000e+00 
 1.69925000e-08  1.80000000e+00  1.69925000e-08  0.00000000e+00  1.69925000e-08  1.80000000e+00  1.69925000e-08  1.80000000e+00 
 1.69975000e-08  1.80000000e+00  1.69975000e-08  0.00000000e+00  1.69975000e-08  1.80000000e+00  1.69975000e-08  1.80000000e+00 
 1.70025000e-08  1.80000000e+00  1.70025000e-08  0.00000000e+00  1.70025000e-08  1.80000000e+00  1.70025000e-08  1.80000000e+00 
 1.70075000e-08  1.80000000e+00  1.70075000e-08  0.00000000e+00  1.70075000e-08  1.80000000e+00  1.70075000e-08  1.80000000e+00 
 1.70125000e-08  1.80000000e+00  1.70125000e-08  0.00000000e+00  1.70125000e-08  1.80000000e+00  1.70125000e-08  1.80000000e+00 
 1.70175000e-08  1.80000000e+00  1.70175000e-08  0.00000000e+00  1.70175000e-08  1.80000000e+00  1.70175000e-08  1.80000000e+00 
 1.70225000e-08  1.80000000e+00  1.70225000e-08  0.00000000e+00  1.70225000e-08  1.80000000e+00  1.70225000e-08  1.80000000e+00 
 1.70275000e-08  1.80000000e+00  1.70275000e-08  0.00000000e+00  1.70275000e-08  1.80000000e+00  1.70275000e-08  1.80000000e+00 
 1.70325000e-08  1.80000000e+00  1.70325000e-08  0.00000000e+00  1.70325000e-08  1.80000000e+00  1.70325000e-08  1.80000000e+00 
 1.70375000e-08  1.80000000e+00  1.70375000e-08  0.00000000e+00  1.70375000e-08  1.80000000e+00  1.70375000e-08  1.80000000e+00 
 1.70425000e-08  1.80000000e+00  1.70425000e-08  0.00000000e+00  1.70425000e-08  1.80000000e+00  1.70425000e-08  1.80000000e+00 
 1.70475000e-08  1.80000000e+00  1.70475000e-08  0.00000000e+00  1.70475000e-08  1.80000000e+00  1.70475000e-08  1.80000000e+00 
 1.70525000e-08  1.80000000e+00  1.70525000e-08  0.00000000e+00  1.70525000e-08  1.80000000e+00  1.70525000e-08  1.80000000e+00 
 1.70575000e-08  1.80000000e+00  1.70575000e-08  0.00000000e+00  1.70575000e-08  1.80000000e+00  1.70575000e-08  1.80000000e+00 
 1.70625000e-08  1.80000000e+00  1.70625000e-08  0.00000000e+00  1.70625000e-08  1.80000000e+00  1.70625000e-08  1.80000000e+00 
 1.70675000e-08  1.80000000e+00  1.70675000e-08  0.00000000e+00  1.70675000e-08  1.80000000e+00  1.70675000e-08  1.80000000e+00 
 1.70725000e-08  1.80000000e+00  1.70725000e-08  0.00000000e+00  1.70725000e-08  1.80000000e+00  1.70725000e-08  1.80000000e+00 
 1.70775000e-08  1.80000000e+00  1.70775000e-08  0.00000000e+00  1.70775000e-08  1.80000000e+00  1.70775000e-08  1.80000000e+00 
 1.70825000e-08  1.80000000e+00  1.70825000e-08  0.00000000e+00  1.70825000e-08  1.80000000e+00  1.70825000e-08  1.80000000e+00 
 1.70875000e-08  1.80000000e+00  1.70875000e-08  0.00000000e+00  1.70875000e-08  1.80000000e+00  1.70875000e-08  1.80000000e+00 
 1.70925000e-08  1.80000000e+00  1.70925000e-08  0.00000000e+00  1.70925000e-08  1.80000000e+00  1.70925000e-08  1.80000000e+00 
 1.70975000e-08  1.80000000e+00  1.70975000e-08  0.00000000e+00  1.70975000e-08  1.80000000e+00  1.70975000e-08  1.80000000e+00 
 1.71025000e-08  1.80000000e+00  1.71025000e-08  0.00000000e+00  1.71025000e-08  1.80000000e+00  1.71025000e-08  1.80000000e+00 
 1.71075000e-08  1.80000000e+00  1.71075000e-08  0.00000000e+00  1.71075000e-08  1.80000000e+00  1.71075000e-08  1.80000000e+00 
 1.71125000e-08  1.80000000e+00  1.71125000e-08  0.00000000e+00  1.71125000e-08  1.80000000e+00  1.71125000e-08  1.80000000e+00 
 1.71175000e-08  1.80000000e+00  1.71175000e-08  0.00000000e+00  1.71175000e-08  1.80000000e+00  1.71175000e-08  1.80000000e+00 
 1.71225000e-08  1.80000000e+00  1.71225000e-08  0.00000000e+00  1.71225000e-08  1.80000000e+00  1.71225000e-08  1.80000000e+00 
 1.71275000e-08  1.80000000e+00  1.71275000e-08  0.00000000e+00  1.71275000e-08  1.80000000e+00  1.71275000e-08  1.80000000e+00 
 1.71325000e-08  1.80000000e+00  1.71325000e-08  0.00000000e+00  1.71325000e-08  1.80000000e+00  1.71325000e-08  1.80000000e+00 
 1.71375000e-08  1.80000000e+00  1.71375000e-08  0.00000000e+00  1.71375000e-08  1.80000000e+00  1.71375000e-08  1.80000000e+00 
 1.71425000e-08  1.80000000e+00  1.71425000e-08  0.00000000e+00  1.71425000e-08  1.80000000e+00  1.71425000e-08  1.80000000e+00 
 1.71475000e-08  1.80000000e+00  1.71475000e-08  0.00000000e+00  1.71475000e-08  1.80000000e+00  1.71475000e-08  1.80000000e+00 
 1.71525000e-08  1.80000000e+00  1.71525000e-08  0.00000000e+00  1.71525000e-08  1.80000000e+00  1.71525000e-08  1.80000000e+00 
 1.71575000e-08  1.80000000e+00  1.71575000e-08  0.00000000e+00  1.71575000e-08  1.80000000e+00  1.71575000e-08  1.80000000e+00 
 1.71625000e-08  1.80000000e+00  1.71625000e-08  0.00000000e+00  1.71625000e-08  1.80000000e+00  1.71625000e-08  1.80000000e+00 
 1.71675000e-08  1.80000000e+00  1.71675000e-08  0.00000000e+00  1.71675000e-08  1.80000000e+00  1.71675000e-08  1.80000000e+00 
 1.71725000e-08  1.80000000e+00  1.71725000e-08  0.00000000e+00  1.71725000e-08  1.80000000e+00  1.71725000e-08  1.80000000e+00 
 1.71775000e-08  1.80000000e+00  1.71775000e-08  0.00000000e+00  1.71775000e-08  1.80000000e+00  1.71775000e-08  1.80000000e+00 
 1.71825000e-08  1.80000000e+00  1.71825000e-08  0.00000000e+00  1.71825000e-08  1.80000000e+00  1.71825000e-08  1.80000000e+00 
 1.71875000e-08  1.80000000e+00  1.71875000e-08  0.00000000e+00  1.71875000e-08  1.80000000e+00  1.71875000e-08  1.80000000e+00 
 1.71925000e-08  1.80000000e+00  1.71925000e-08  0.00000000e+00  1.71925000e-08  1.80000000e+00  1.71925000e-08  1.80000000e+00 
 1.71975000e-08  1.80000000e+00  1.71975000e-08  0.00000000e+00  1.71975000e-08  1.80000000e+00  1.71975000e-08  1.80000000e+00 
 1.72025000e-08  1.80000000e+00  1.72025000e-08  0.00000000e+00  1.72025000e-08  1.80000000e+00  1.72025000e-08  1.80000000e+00 
 1.72075000e-08  1.80000000e+00  1.72075000e-08  0.00000000e+00  1.72075000e-08  1.80000000e+00  1.72075000e-08  1.80000000e+00 
 1.72125000e-08  1.80000000e+00  1.72125000e-08  0.00000000e+00  1.72125000e-08  1.80000000e+00  1.72125000e-08  1.80000000e+00 
 1.72175000e-08  1.80000000e+00  1.72175000e-08  0.00000000e+00  1.72175000e-08  1.80000000e+00  1.72175000e-08  1.80000000e+00 
 1.72225000e-08  1.80000000e+00  1.72225000e-08  0.00000000e+00  1.72225000e-08  1.80000000e+00  1.72225000e-08  1.80000000e+00 
 1.72275000e-08  1.80000000e+00  1.72275000e-08  0.00000000e+00  1.72275000e-08  1.80000000e+00  1.72275000e-08  1.80000000e+00 
 1.72325000e-08  1.80000000e+00  1.72325000e-08  0.00000000e+00  1.72325000e-08  1.80000000e+00  1.72325000e-08  1.80000000e+00 
 1.72375000e-08  1.80000000e+00  1.72375000e-08  0.00000000e+00  1.72375000e-08  1.80000000e+00  1.72375000e-08  1.80000000e+00 
 1.72425000e-08  1.80000000e+00  1.72425000e-08  0.00000000e+00  1.72425000e-08  1.80000000e+00  1.72425000e-08  1.80000000e+00 
 1.72475000e-08  1.80000000e+00  1.72475000e-08  0.00000000e+00  1.72475000e-08  1.80000000e+00  1.72475000e-08  1.80000000e+00 
 1.72525000e-08  1.80000000e+00  1.72525000e-08  0.00000000e+00  1.72525000e-08  1.80000000e+00  1.72525000e-08  1.80000000e+00 
 1.72575000e-08  1.80000000e+00  1.72575000e-08  0.00000000e+00  1.72575000e-08  1.80000000e+00  1.72575000e-08  1.80000000e+00 
 1.72625000e-08  1.80000000e+00  1.72625000e-08  0.00000000e+00  1.72625000e-08  1.80000000e+00  1.72625000e-08  1.80000000e+00 
 1.72675000e-08  1.80000000e+00  1.72675000e-08  0.00000000e+00  1.72675000e-08  1.80000000e+00  1.72675000e-08  1.80000000e+00 
 1.72725000e-08  1.80000000e+00  1.72725000e-08  0.00000000e+00  1.72725000e-08  1.80000000e+00  1.72725000e-08  1.80000000e+00 
 1.72775000e-08  1.80000000e+00  1.72775000e-08  0.00000000e+00  1.72775000e-08  1.80000000e+00  1.72775000e-08  1.80000000e+00 
 1.72825000e-08  1.80000000e+00  1.72825000e-08  0.00000000e+00  1.72825000e-08  1.80000000e+00  1.72825000e-08  1.80000000e+00 
 1.72875000e-08  1.80000000e+00  1.72875000e-08  0.00000000e+00  1.72875000e-08  1.80000000e+00  1.72875000e-08  1.80000000e+00 
 1.72925000e-08  1.80000000e+00  1.72925000e-08  0.00000000e+00  1.72925000e-08  1.80000000e+00  1.72925000e-08  1.80000000e+00 
 1.72975000e-08  1.80000000e+00  1.72975000e-08  0.00000000e+00  1.72975000e-08  1.80000000e+00  1.72975000e-08  1.80000000e+00 
 1.73025000e-08  1.80000000e+00  1.73025000e-08  0.00000000e+00  1.73025000e-08  1.80000000e+00  1.73025000e-08  1.80000000e+00 
 1.73075000e-08  1.80000000e+00  1.73075000e-08  0.00000000e+00  1.73075000e-08  1.80000000e+00  1.73075000e-08  1.80000000e+00 
 1.73125000e-08  1.80000000e+00  1.73125000e-08  0.00000000e+00  1.73125000e-08  1.80000000e+00  1.73125000e-08  1.80000000e+00 
 1.73175000e-08  1.80000000e+00  1.73175000e-08  0.00000000e+00  1.73175000e-08  1.80000000e+00  1.73175000e-08  1.80000000e+00 
 1.73225000e-08  1.80000000e+00  1.73225000e-08  0.00000000e+00  1.73225000e-08  1.80000000e+00  1.73225000e-08  1.80000000e+00 
 1.73275000e-08  1.80000000e+00  1.73275000e-08  0.00000000e+00  1.73275000e-08  1.80000000e+00  1.73275000e-08  1.80000000e+00 
 1.73325000e-08  1.80000000e+00  1.73325000e-08  0.00000000e+00  1.73325000e-08  1.80000000e+00  1.73325000e-08  1.80000000e+00 
 1.73375000e-08  1.80000000e+00  1.73375000e-08  0.00000000e+00  1.73375000e-08  1.80000000e+00  1.73375000e-08  1.80000000e+00 
 1.73425000e-08  1.80000000e+00  1.73425000e-08  0.00000000e+00  1.73425000e-08  1.80000000e+00  1.73425000e-08  1.80000000e+00 
 1.73475000e-08  1.80000000e+00  1.73475000e-08  0.00000000e+00  1.73475000e-08  1.80000000e+00  1.73475000e-08  1.80000000e+00 
 1.73525000e-08  1.80000000e+00  1.73525000e-08  0.00000000e+00  1.73525000e-08  1.80000000e+00  1.73525000e-08  1.80000000e+00 
 1.73575000e-08  1.80000000e+00  1.73575000e-08  0.00000000e+00  1.73575000e-08  1.80000000e+00  1.73575000e-08  1.80000000e+00 
 1.73625000e-08  1.80000000e+00  1.73625000e-08  0.00000000e+00  1.73625000e-08  1.80000000e+00  1.73625000e-08  1.80000000e+00 
 1.73675000e-08  1.80000000e+00  1.73675000e-08  0.00000000e+00  1.73675000e-08  1.80000000e+00  1.73675000e-08  1.80000000e+00 
 1.73725000e-08  1.80000000e+00  1.73725000e-08  0.00000000e+00  1.73725000e-08  1.80000000e+00  1.73725000e-08  1.80000000e+00 
 1.73775000e-08  1.80000000e+00  1.73775000e-08  0.00000000e+00  1.73775000e-08  1.80000000e+00  1.73775000e-08  1.80000000e+00 
 1.73825000e-08  1.80000000e+00  1.73825000e-08  0.00000000e+00  1.73825000e-08  1.80000000e+00  1.73825000e-08  1.80000000e+00 
 1.73875000e-08  1.80000000e+00  1.73875000e-08  0.00000000e+00  1.73875000e-08  1.80000000e+00  1.73875000e-08  1.80000000e+00 
 1.73925000e-08  1.80000000e+00  1.73925000e-08  0.00000000e+00  1.73925000e-08  1.80000000e+00  1.73925000e-08  1.80000000e+00 
 1.73975000e-08  1.80000000e+00  1.73975000e-08  0.00000000e+00  1.73975000e-08  1.80000000e+00  1.73975000e-08  1.80000000e+00 
 1.74025000e-08  1.80000000e+00  1.74025000e-08  0.00000000e+00  1.74025000e-08  1.80000000e+00  1.74025000e-08  1.80000000e+00 
 1.74075000e-08  1.80000000e+00  1.74075000e-08  0.00000000e+00  1.74075000e-08  1.80000000e+00  1.74075000e-08  1.80000000e+00 
 1.74125000e-08  1.80000000e+00  1.74125000e-08  0.00000000e+00  1.74125000e-08  1.80000000e+00  1.74125000e-08  1.80000000e+00 
 1.74175000e-08  1.80000000e+00  1.74175000e-08  0.00000000e+00  1.74175000e-08  1.80000000e+00  1.74175000e-08  1.80000000e+00 
 1.74225000e-08  1.80000000e+00  1.74225000e-08  0.00000000e+00  1.74225000e-08  1.80000000e+00  1.74225000e-08  1.80000000e+00 
 1.74275000e-08  1.80000000e+00  1.74275000e-08  0.00000000e+00  1.74275000e-08  1.80000000e+00  1.74275000e-08  1.80000000e+00 
 1.74325000e-08  1.80000000e+00  1.74325000e-08  0.00000000e+00  1.74325000e-08  1.80000000e+00  1.74325000e-08  1.80000000e+00 
 1.74375000e-08  1.80000000e+00  1.74375000e-08  0.00000000e+00  1.74375000e-08  1.80000000e+00  1.74375000e-08  1.80000000e+00 
 1.74425000e-08  1.80000000e+00  1.74425000e-08  0.00000000e+00  1.74425000e-08  1.80000000e+00  1.74425000e-08  1.80000000e+00 
 1.74475000e-08  1.80000000e+00  1.74475000e-08  0.00000000e+00  1.74475000e-08  1.80000000e+00  1.74475000e-08  1.80000000e+00 
 1.74525000e-08  1.80000000e+00  1.74525000e-08  0.00000000e+00  1.74525000e-08  1.80000000e+00  1.74525000e-08  1.80000000e+00 
 1.74575000e-08  1.80000000e+00  1.74575000e-08  0.00000000e+00  1.74575000e-08  1.80000000e+00  1.74575000e-08  1.80000000e+00 
 1.74625000e-08  1.80000000e+00  1.74625000e-08  0.00000000e+00  1.74625000e-08  1.80000000e+00  1.74625000e-08  1.80000000e+00 
 1.74675000e-08  1.80000000e+00  1.74675000e-08  0.00000000e+00  1.74675000e-08  1.80000000e+00  1.74675000e-08  1.80000000e+00 
 1.74725000e-08  1.80000000e+00  1.74725000e-08  0.00000000e+00  1.74725000e-08  1.80000000e+00  1.74725000e-08  1.80000000e+00 
 1.74775000e-08  1.80000000e+00  1.74775000e-08  0.00000000e+00  1.74775000e-08  1.80000000e+00  1.74775000e-08  1.80000000e+00 
 1.74825000e-08  1.80000000e+00  1.74825000e-08  0.00000000e+00  1.74825000e-08  1.80000000e+00  1.74825000e-08  1.80000000e+00 
 1.74875000e-08  1.80000000e+00  1.74875000e-08  0.00000000e+00  1.74875000e-08  1.80000000e+00  1.74875000e-08  1.80000000e+00 
 1.74925000e-08  1.80000000e+00  1.74925000e-08  0.00000000e+00  1.74925000e-08  1.80000000e+00  1.74925000e-08  1.80000000e+00 
 1.74975000e-08  1.80000000e+00  1.74975000e-08  0.00000000e+00  1.74975000e-08  1.80000000e+00  1.74975000e-08  1.80000000e+00 
 1.75025000e-08  1.80000000e+00  1.75025000e-08  0.00000000e+00  1.75025000e-08  1.80000000e+00  1.75025000e-08  1.80000000e+00 
 1.75075000e-08  1.80000000e+00  1.75075000e-08  0.00000000e+00  1.75075000e-08  1.80000000e+00  1.75075000e-08  1.80000000e+00 
 1.75125000e-08  1.80000000e+00  1.75125000e-08  0.00000000e+00  1.75125000e-08  1.80000000e+00  1.75125000e-08  1.80000000e+00 
 1.75175000e-08  1.80000000e+00  1.75175000e-08  0.00000000e+00  1.75175000e-08  1.80000000e+00  1.75175000e-08  1.80000000e+00 
 1.75225000e-08  1.80000000e+00  1.75225000e-08  0.00000000e+00  1.75225000e-08  1.80000000e+00  1.75225000e-08  1.80000000e+00 
 1.75275000e-08  1.80000000e+00  1.75275000e-08  0.00000000e+00  1.75275000e-08  1.80000000e+00  1.75275000e-08  1.80000000e+00 
 1.75325000e-08  1.80000000e+00  1.75325000e-08  0.00000000e+00  1.75325000e-08  1.80000000e+00  1.75325000e-08  1.80000000e+00 
 1.75375000e-08  1.80000000e+00  1.75375000e-08  0.00000000e+00  1.75375000e-08  1.80000000e+00  1.75375000e-08  1.80000000e+00 
 1.75425000e-08  1.80000000e+00  1.75425000e-08  0.00000000e+00  1.75425000e-08  1.80000000e+00  1.75425000e-08  1.80000000e+00 
 1.75475000e-08  1.80000000e+00  1.75475000e-08  0.00000000e+00  1.75475000e-08  1.80000000e+00  1.75475000e-08  1.80000000e+00 
 1.75525000e-08  1.80000000e+00  1.75525000e-08  0.00000000e+00  1.75525000e-08  1.80000000e+00  1.75525000e-08  1.80000000e+00 
 1.75575000e-08  1.80000000e+00  1.75575000e-08  0.00000000e+00  1.75575000e-08  1.80000000e+00  1.75575000e-08  1.80000000e+00 
 1.75625000e-08  1.80000000e+00  1.75625000e-08  0.00000000e+00  1.75625000e-08  1.80000000e+00  1.75625000e-08  1.80000000e+00 
 1.75675000e-08  1.80000000e+00  1.75675000e-08  0.00000000e+00  1.75675000e-08  1.80000000e+00  1.75675000e-08  1.80000000e+00 
 1.75725000e-08  1.80000000e+00  1.75725000e-08  0.00000000e+00  1.75725000e-08  1.80000000e+00  1.75725000e-08  1.80000000e+00 
 1.75775000e-08  1.80000000e+00  1.75775000e-08  0.00000000e+00  1.75775000e-08  1.80000000e+00  1.75775000e-08  1.80000000e+00 
 1.75825000e-08  1.80000000e+00  1.75825000e-08  0.00000000e+00  1.75825000e-08  1.80000000e+00  1.75825000e-08  1.80000000e+00 
 1.75875000e-08  1.80000000e+00  1.75875000e-08  0.00000000e+00  1.75875000e-08  1.80000000e+00  1.75875000e-08  1.80000000e+00 
 1.75925000e-08  1.80000000e+00  1.75925000e-08  0.00000000e+00  1.75925000e-08  1.80000000e+00  1.75925000e-08  1.80000000e+00 
 1.75975000e-08  1.80000000e+00  1.75975000e-08  0.00000000e+00  1.75975000e-08  1.80000000e+00  1.75975000e-08  1.80000000e+00 
 1.76025000e-08  1.80000000e+00  1.76025000e-08  0.00000000e+00  1.76025000e-08  1.80000000e+00  1.76025000e-08  1.80000000e+00 
 1.76075000e-08  1.80000000e+00  1.76075000e-08  0.00000000e+00  1.76075000e-08  1.80000000e+00  1.76075000e-08  1.80000000e+00 
 1.76125000e-08  1.80000000e+00  1.76125000e-08  0.00000000e+00  1.76125000e-08  1.80000000e+00  1.76125000e-08  1.80000000e+00 
 1.76175000e-08  1.80000000e+00  1.76175000e-08  0.00000000e+00  1.76175000e-08  1.80000000e+00  1.76175000e-08  1.80000000e+00 
 1.76225000e-08  1.80000000e+00  1.76225000e-08  0.00000000e+00  1.76225000e-08  1.80000000e+00  1.76225000e-08  1.80000000e+00 
 1.76275000e-08  1.80000000e+00  1.76275000e-08  0.00000000e+00  1.76275000e-08  1.80000000e+00  1.76275000e-08  1.80000000e+00 
 1.76325000e-08  1.80000000e+00  1.76325000e-08  0.00000000e+00  1.76325000e-08  1.80000000e+00  1.76325000e-08  1.80000000e+00 
 1.76375000e-08  1.80000000e+00  1.76375000e-08  0.00000000e+00  1.76375000e-08  1.80000000e+00  1.76375000e-08  1.80000000e+00 
 1.76425000e-08  1.80000000e+00  1.76425000e-08  0.00000000e+00  1.76425000e-08  1.80000000e+00  1.76425000e-08  1.80000000e+00 
 1.76475000e-08  1.80000000e+00  1.76475000e-08  0.00000000e+00  1.76475000e-08  1.80000000e+00  1.76475000e-08  1.80000000e+00 
 1.76525000e-08  1.80000000e+00  1.76525000e-08  0.00000000e+00  1.76525000e-08  1.80000000e+00  1.76525000e-08  1.80000000e+00 
 1.76575000e-08  1.80000000e+00  1.76575000e-08  0.00000000e+00  1.76575000e-08  1.80000000e+00  1.76575000e-08  1.80000000e+00 
 1.76625000e-08  1.80000000e+00  1.76625000e-08  0.00000000e+00  1.76625000e-08  1.80000000e+00  1.76625000e-08  1.80000000e+00 
 1.76675000e-08  1.80000000e+00  1.76675000e-08  0.00000000e+00  1.76675000e-08  1.80000000e+00  1.76675000e-08  1.80000000e+00 
 1.76725000e-08  1.80000000e+00  1.76725000e-08  0.00000000e+00  1.76725000e-08  1.80000000e+00  1.76725000e-08  1.80000000e+00 
 1.76775000e-08  1.80000000e+00  1.76775000e-08  0.00000000e+00  1.76775000e-08  1.80000000e+00  1.76775000e-08  1.80000000e+00 
 1.76825000e-08  1.80000000e+00  1.76825000e-08  0.00000000e+00  1.76825000e-08  1.80000000e+00  1.76825000e-08  1.80000000e+00 
 1.76875000e-08  1.80000000e+00  1.76875000e-08  0.00000000e+00  1.76875000e-08  1.80000000e+00  1.76875000e-08  1.80000000e+00 
 1.76925000e-08  1.80000000e+00  1.76925000e-08  0.00000000e+00  1.76925000e-08  1.80000000e+00  1.76925000e-08  1.80000000e+00 
 1.76975000e-08  1.80000000e+00  1.76975000e-08  0.00000000e+00  1.76975000e-08  1.80000000e+00  1.76975000e-08  1.80000000e+00 
 1.77025000e-08  1.80000000e+00  1.77025000e-08  0.00000000e+00  1.77025000e-08  1.80000000e+00  1.77025000e-08  1.80000000e+00 
 1.77075000e-08  1.80000000e+00  1.77075000e-08  0.00000000e+00  1.77075000e-08  1.80000000e+00  1.77075000e-08  1.80000000e+00 
 1.77125000e-08  1.80000000e+00  1.77125000e-08  0.00000000e+00  1.77125000e-08  1.80000000e+00  1.77125000e-08  1.80000000e+00 
 1.77175000e-08  1.80000000e+00  1.77175000e-08  0.00000000e+00  1.77175000e-08  1.80000000e+00  1.77175000e-08  1.80000000e+00 
 1.77225000e-08  1.80000000e+00  1.77225000e-08  0.00000000e+00  1.77225000e-08  1.80000000e+00  1.77225000e-08  1.80000000e+00 
 1.77275000e-08  1.80000000e+00  1.77275000e-08  0.00000000e+00  1.77275000e-08  1.80000000e+00  1.77275000e-08  1.80000000e+00 
 1.77325000e-08  1.80000000e+00  1.77325000e-08  0.00000000e+00  1.77325000e-08  1.80000000e+00  1.77325000e-08  1.80000000e+00 
 1.77375000e-08  1.80000000e+00  1.77375000e-08  0.00000000e+00  1.77375000e-08  1.80000000e+00  1.77375000e-08  1.80000000e+00 
 1.77425000e-08  1.80000000e+00  1.77425000e-08  0.00000000e+00  1.77425000e-08  1.80000000e+00  1.77425000e-08  1.80000000e+00 
 1.77475000e-08  1.80000000e+00  1.77475000e-08  0.00000000e+00  1.77475000e-08  1.80000000e+00  1.77475000e-08  1.80000000e+00 
 1.77525000e-08  1.80000000e+00  1.77525000e-08  0.00000000e+00  1.77525000e-08  1.80000000e+00  1.77525000e-08  1.80000000e+00 
 1.77575000e-08  1.80000000e+00  1.77575000e-08  0.00000000e+00  1.77575000e-08  1.80000000e+00  1.77575000e-08  1.80000000e+00 
 1.77625000e-08  1.80000000e+00  1.77625000e-08  0.00000000e+00  1.77625000e-08  1.80000000e+00  1.77625000e-08  1.80000000e+00 
 1.77675000e-08  1.80000000e+00  1.77675000e-08  0.00000000e+00  1.77675000e-08  1.80000000e+00  1.77675000e-08  1.80000000e+00 
 1.77725000e-08  1.80000000e+00  1.77725000e-08  0.00000000e+00  1.77725000e-08  1.80000000e+00  1.77725000e-08  1.80000000e+00 
 1.77775000e-08  1.80000000e+00  1.77775000e-08  0.00000000e+00  1.77775000e-08  1.80000000e+00  1.77775000e-08  1.80000000e+00 
 1.77825000e-08  1.80000000e+00  1.77825000e-08  0.00000000e+00  1.77825000e-08  1.80000000e+00  1.77825000e-08  1.80000000e+00 
 1.77875000e-08  1.80000000e+00  1.77875000e-08  0.00000000e+00  1.77875000e-08  1.80000000e+00  1.77875000e-08  1.80000000e+00 
 1.77925000e-08  1.80000000e+00  1.77925000e-08  0.00000000e+00  1.77925000e-08  1.80000000e+00  1.77925000e-08  1.80000000e+00 
 1.77975000e-08  1.80000000e+00  1.77975000e-08  0.00000000e+00  1.77975000e-08  1.80000000e+00  1.77975000e-08  1.80000000e+00 
 1.78025000e-08  1.80000000e+00  1.78025000e-08  0.00000000e+00  1.78025000e-08  1.80000000e+00  1.78025000e-08  1.80000000e+00 
 1.78075000e-08  1.80000000e+00  1.78075000e-08  0.00000000e+00  1.78075000e-08  1.80000000e+00  1.78075000e-08  1.80000000e+00 
 1.78125000e-08  1.80000000e+00  1.78125000e-08  0.00000000e+00  1.78125000e-08  1.80000000e+00  1.78125000e-08  1.80000000e+00 
 1.78175000e-08  1.80000000e+00  1.78175000e-08  0.00000000e+00  1.78175000e-08  1.80000000e+00  1.78175000e-08  1.80000000e+00 
 1.78225000e-08  1.80000000e+00  1.78225000e-08  0.00000000e+00  1.78225000e-08  1.80000000e+00  1.78225000e-08  1.80000000e+00 
 1.78275000e-08  1.80000000e+00  1.78275000e-08  0.00000000e+00  1.78275000e-08  1.80000000e+00  1.78275000e-08  1.80000000e+00 
 1.78325000e-08  1.80000000e+00  1.78325000e-08  0.00000000e+00  1.78325000e-08  1.80000000e+00  1.78325000e-08  1.80000000e+00 
 1.78375000e-08  1.80000000e+00  1.78375000e-08  0.00000000e+00  1.78375000e-08  1.80000000e+00  1.78375000e-08  1.80000000e+00 
 1.78425000e-08  1.80000000e+00  1.78425000e-08  0.00000000e+00  1.78425000e-08  1.80000000e+00  1.78425000e-08  1.80000000e+00 
 1.78475000e-08  1.80000000e+00  1.78475000e-08  0.00000000e+00  1.78475000e-08  1.80000000e+00  1.78475000e-08  1.80000000e+00 
 1.78525000e-08  1.80000000e+00  1.78525000e-08  0.00000000e+00  1.78525000e-08  1.80000000e+00  1.78525000e-08  1.80000000e+00 
 1.78575000e-08  1.80000000e+00  1.78575000e-08  0.00000000e+00  1.78575000e-08  1.80000000e+00  1.78575000e-08  1.80000000e+00 
 1.78625000e-08  1.80000000e+00  1.78625000e-08  0.00000000e+00  1.78625000e-08  1.80000000e+00  1.78625000e-08  1.80000000e+00 
 1.78675000e-08  1.80000000e+00  1.78675000e-08  0.00000000e+00  1.78675000e-08  1.80000000e+00  1.78675000e-08  1.80000000e+00 
 1.78725000e-08  1.80000000e+00  1.78725000e-08  0.00000000e+00  1.78725000e-08  1.80000000e+00  1.78725000e-08  1.80000000e+00 
 1.78775000e-08  1.80000000e+00  1.78775000e-08  0.00000000e+00  1.78775000e-08  1.80000000e+00  1.78775000e-08  1.80000000e+00 
 1.78825000e-08  1.80000000e+00  1.78825000e-08  0.00000000e+00  1.78825000e-08  1.80000000e+00  1.78825000e-08  1.80000000e+00 
 1.78875000e-08  1.80000000e+00  1.78875000e-08  0.00000000e+00  1.78875000e-08  1.80000000e+00  1.78875000e-08  1.80000000e+00 
 1.78925000e-08  1.80000000e+00  1.78925000e-08  0.00000000e+00  1.78925000e-08  1.80000000e+00  1.78925000e-08  1.80000000e+00 
 1.78975000e-08  1.80000000e+00  1.78975000e-08  0.00000000e+00  1.78975000e-08  1.80000000e+00  1.78975000e-08  1.80000000e+00 
 1.79025000e-08  1.80000000e+00  1.79025000e-08  0.00000000e+00  1.79025000e-08  1.80000000e+00  1.79025000e-08  1.80000000e+00 
 1.79075000e-08  1.80000000e+00  1.79075000e-08  0.00000000e+00  1.79075000e-08  1.80000000e+00  1.79075000e-08  1.80000000e+00 
 1.79125000e-08  1.80000000e+00  1.79125000e-08  0.00000000e+00  1.79125000e-08  1.80000000e+00  1.79125000e-08  1.80000000e+00 
 1.79175000e-08  1.80000000e+00  1.79175000e-08  0.00000000e+00  1.79175000e-08  1.80000000e+00  1.79175000e-08  1.80000000e+00 
 1.79225000e-08  1.80000000e+00  1.79225000e-08  0.00000000e+00  1.79225000e-08  1.80000000e+00  1.79225000e-08  1.80000000e+00 
 1.79275000e-08  1.80000000e+00  1.79275000e-08  0.00000000e+00  1.79275000e-08  1.80000000e+00  1.79275000e-08  1.80000000e+00 
 1.79325000e-08  1.80000000e+00  1.79325000e-08  0.00000000e+00  1.79325000e-08  1.80000000e+00  1.79325000e-08  1.80000000e+00 
 1.79375000e-08  1.80000000e+00  1.79375000e-08  0.00000000e+00  1.79375000e-08  1.80000000e+00  1.79375000e-08  1.80000000e+00 
 1.79425000e-08  1.80000000e+00  1.79425000e-08  0.00000000e+00  1.79425000e-08  1.80000000e+00  1.79425000e-08  1.80000000e+00 
 1.79475000e-08  1.80000000e+00  1.79475000e-08  0.00000000e+00  1.79475000e-08  1.80000000e+00  1.79475000e-08  1.80000000e+00 
 1.79525000e-08  1.80000000e+00  1.79525000e-08  0.00000000e+00  1.79525000e-08  1.80000000e+00  1.79525000e-08  1.80000000e+00 
 1.79575000e-08  1.80000000e+00  1.79575000e-08  0.00000000e+00  1.79575000e-08  1.80000000e+00  1.79575000e-08  1.80000000e+00 
 1.79625000e-08  1.80000000e+00  1.79625000e-08  0.00000000e+00  1.79625000e-08  1.80000000e+00  1.79625000e-08  1.80000000e+00 
 1.79675000e-08  1.80000000e+00  1.79675000e-08  0.00000000e+00  1.79675000e-08  1.80000000e+00  1.79675000e-08  1.80000000e+00 
 1.79725000e-08  1.80000000e+00  1.79725000e-08  0.00000000e+00  1.79725000e-08  1.80000000e+00  1.79725000e-08  1.80000000e+00 
 1.79775000e-08  1.80000000e+00  1.79775000e-08  0.00000000e+00  1.79775000e-08  1.80000000e+00  1.79775000e-08  1.80000000e+00 
 1.79825000e-08  1.80000000e+00  1.79825000e-08  0.00000000e+00  1.79825000e-08  1.80000000e+00  1.79825000e-08  1.80000000e+00 
 1.79875000e-08  1.80000000e+00  1.79875000e-08  0.00000000e+00  1.79875000e-08  1.80000000e+00  1.79875000e-08  1.80000000e+00 
 1.79925000e-08  1.80000000e+00  1.79925000e-08  0.00000000e+00  1.79925000e-08  1.80000000e+00  1.79925000e-08  1.80000000e+00 
 1.79975000e-08  1.80000000e+00  1.79975000e-08  0.00000000e+00  1.79975000e-08  1.80000000e+00  1.79975000e-08  1.80000000e+00 
 1.80000000e-08  1.80000000e+00  1.80000000e-08  0.00000000e+00  1.80000000e-08  1.80000000e+00  1.80000000e-08  1.80000000e+00 
 1.80005000e-08  1.80000000e+00  1.80005000e-08  1.80000000e-02  1.80005000e-08  1.78200000e+00  1.80005000e-08  1.79934819e+00 
 1.80015000e-08  1.80000000e+00  1.80015000e-08  5.40000000e-02  1.80015000e-08  1.74600000e+00  1.80015000e-08  1.79681226e+00 
 1.80035000e-08  1.80000000e+00  1.80035000e-08  1.26000000e-01  1.80035000e-08  1.67400000e+00  1.80035000e-08  1.78505201e+00 
 1.80075000e-08  1.80000000e+00  1.80075000e-08  2.70000000e-01  1.80075000e-08  1.53000000e+00  1.80075000e-08  1.74086408e+00 
 1.80125000e-08  1.80000000e+00  1.80125000e-08  4.50000000e-01  1.80125000e-08  1.35000000e+00  1.80125000e-08  1.65942275e+00 
 1.80175000e-08  1.80000000e+00  1.80175000e-08  6.30000000e-01  1.80175000e-08  1.17000000e+00  1.80175000e-08  1.56025797e+00 
 1.80225000e-08  1.80000000e+00  1.80225000e-08  8.10000000e-01  1.80225000e-08  9.90000000e-01  1.80225000e-08  1.44798752e+00 
 1.80275000e-08  1.80000000e+00  1.80275000e-08  9.90000000e-01  1.80275000e-08  8.10000000e-01  1.80275000e-08  1.32293362e+00 
 1.80325000e-08  1.80000000e+00  1.80325000e-08  1.17000000e+00  1.80325000e-08  6.30000000e-01  1.80325000e-08  1.18579500e+00 
 1.80375000e-08  1.80000000e+00  1.80375000e-08  1.35000000e+00  1.80375000e-08  4.50000000e-01  1.80375000e-08  1.03871550e+00 
 1.80425000e-08  1.80000000e+00  1.80425000e-08  1.53000000e+00  1.80425000e-08  2.70000000e-01  1.80425000e-08  8.81868518e-01 
 1.80475000e-08  1.80000000e+00  1.80475000e-08  1.71000000e+00  1.80475000e-08  9.00000000e-02  1.80475000e-08  7.11285706e-01 
 1.80500000e-08  1.80000000e+00  1.80500000e-08  1.80000000e+00  1.80500000e-08  0.00000000e+00  1.80500000e-08  6.19339203e-01 
 1.80505000e-08  1.80000000e+00  1.80505000e-08  1.80000000e+00  1.80505000e-08  0.00000000e+00  1.80505000e-08  6.00940384e-01 
 1.80515000e-08  1.80000000e+00  1.80515000e-08  1.80000000e+00  1.80515000e-08  0.00000000e+00  1.80515000e-08  5.65084655e-01 
 1.80535000e-08  1.80000000e+00  1.80535000e-08  1.80000000e+00  1.80535000e-08  0.00000000e+00  1.80535000e-08  4.98747766e-01 
 1.80575000e-08  1.80000000e+00  1.80575000e-08  1.80000000e+00  1.80575000e-08  0.00000000e+00  1.80575000e-08  3.85165960e-01 
 1.80625000e-08  1.80000000e+00  1.80625000e-08  1.80000000e+00  1.80625000e-08  0.00000000e+00  1.80625000e-08  2.74593861e-01 
 1.80675000e-08  1.80000000e+00  1.80675000e-08  1.80000000e+00  1.80675000e-08  0.00000000e+00  1.80675000e-08  1.93252239e-01 
 1.80725000e-08  1.80000000e+00  1.80725000e-08  1.80000000e+00  1.80725000e-08  0.00000000e+00  1.80725000e-08  1.34727248e-01 
 1.80775000e-08  1.80000000e+00  1.80775000e-08  1.80000000e+00  1.80775000e-08  0.00000000e+00  1.80775000e-08  9.32793679e-02 
 1.80825000e-08  1.80000000e+00  1.80825000e-08  1.80000000e+00  1.80825000e-08  0.00000000e+00  1.80825000e-08  6.42637184e-02 
 1.80875000e-08  1.80000000e+00  1.80875000e-08  1.80000000e+00  1.80875000e-08  0.00000000e+00  1.80875000e-08  4.41314036e-02 
 1.80925000e-08  1.80000000e+00  1.80925000e-08  1.80000000e+00  1.80925000e-08  0.00000000e+00  1.80925000e-08  3.02390116e-02 
 1.80975000e-08  1.80000000e+00  1.80975000e-08  1.80000000e+00  1.80975000e-08  0.00000000e+00  1.80975000e-08  2.06884543e-02 
 1.81025000e-08  1.80000000e+00  1.81025000e-08  1.80000000e+00  1.81025000e-08  0.00000000e+00  1.81025000e-08  1.41396023e-02 
 1.81075000e-08  1.80000000e+00  1.81075000e-08  1.80000000e+00  1.81075000e-08  0.00000000e+00  1.81075000e-08  9.65690278e-03 
 1.81125000e-08  1.80000000e+00  1.81125000e-08  1.80000000e+00  1.81125000e-08  0.00000000e+00  1.81125000e-08  6.59216144e-03 
 1.81175000e-08  1.80000000e+00  1.81175000e-08  1.80000000e+00  1.81175000e-08  0.00000000e+00  1.81175000e-08  4.49856495e-03 
 1.81225000e-08  1.80000000e+00  1.81225000e-08  1.80000000e+00  1.81225000e-08  0.00000000e+00  1.81225000e-08  3.06917770e-03 
 1.81275000e-08  1.80000000e+00  1.81275000e-08  1.80000000e+00  1.81275000e-08  0.00000000e+00  1.81275000e-08  2.09364553e-03 
 1.81325000e-08  1.80000000e+00  1.81325000e-08  1.80000000e+00  1.81325000e-08  0.00000000e+00  1.81325000e-08  1.42803439e-03 
 1.81375000e-08  1.80000000e+00  1.81375000e-08  1.80000000e+00  1.81375000e-08  0.00000000e+00  1.81375000e-08  9.73964500e-04 
 1.81425000e-08  1.80000000e+00  1.81425000e-08  1.80000000e+00  1.81425000e-08  0.00000000e+00  1.81425000e-08  6.64242249e-04 
 1.81475000e-08  1.80000000e+00  1.81475000e-08  1.80000000e+00  1.81475000e-08  0.00000000e+00  1.81475000e-08  4.52997288e-04 
 1.81525000e-08  1.80000000e+00  1.81525000e-08  1.80000000e+00  1.81525000e-08  0.00000000e+00  1.81525000e-08  3.08926500e-04 
 1.81575000e-08  1.80000000e+00  1.81575000e-08  1.80000000e+00  1.81575000e-08  0.00000000e+00  1.81575000e-08  2.10672809e-04 
 1.81625000e-08  1.80000000e+00  1.81625000e-08  1.80000000e+00  1.81625000e-08  0.00000000e+00  1.81625000e-08  1.43667303e-04 
 1.81675000e-08  1.80000000e+00  1.81675000e-08  1.80000000e+00  1.81675000e-08  0.00000000e+00  1.81675000e-08  9.79727572e-05 
 1.81725000e-08  1.80000000e+00  1.81725000e-08  1.80000000e+00  1.81725000e-08  0.00000000e+00  1.81725000e-08  6.68116435e-05 
 1.81775000e-08  1.80000000e+00  1.81775000e-08  1.80000000e+00  1.81775000e-08  0.00000000e+00  1.81775000e-08  4.55616901e-05 
 1.81825000e-08  1.80000000e+00  1.81825000e-08  1.80000000e+00  1.81825000e-08  0.00000000e+00  1.81825000e-08  3.10706173e-05 
 1.81875000e-08  1.80000000e+00  1.81875000e-08  1.80000000e+00  1.81875000e-08  0.00000000e+00  1.81875000e-08  2.11886952e-05 
 1.81925000e-08  1.80000000e+00  1.81925000e-08  1.80000000e+00  1.81925000e-08  0.00000000e+00  1.81925000e-08  1.44499168e-05 
 1.81975000e-08  1.80000000e+00  1.81975000e-08  1.80000000e+00  1.81975000e-08  0.00000000e+00  1.81975000e-08  9.85455046e-06 
 1.82025000e-08  1.80000000e+00  1.82025000e-08  1.80000000e+00  1.82025000e-08  0.00000000e+00  1.82025000e-08  6.72084207e-06 
 1.82075000e-08  1.80000000e+00  1.82075000e-08  1.80000000e+00  1.82075000e-08  0.00000000e+00  1.82075000e-08  4.58388077e-06 
 1.82125000e-08  1.80000000e+00  1.82125000e-08  1.80000000e+00  1.82125000e-08  0.00000000e+00  1.82125000e-08  3.12662935e-06 
 1.82175000e-08  1.80000000e+00  1.82175000e-08  1.80000000e+00  1.82175000e-08  0.00000000e+00  1.82175000e-08  2.13289077e-06 
 1.82225000e-08  1.80000000e+00  1.82225000e-08  1.80000000e+00  1.82225000e-08  0.00000000e+00  1.82225000e-08  1.45523414e-06 
 1.82275000e-08  1.80000000e+00  1.82275000e-08  1.80000000e+00  1.82275000e-08  0.00000000e+00  1.82275000e-08  9.93122219e-07 
 1.82325000e-08  1.80000000e+00  1.82325000e-08  1.80000000e+00  1.82325000e-08  0.00000000e+00  1.82325000e-08  6.77995968e-07 
 1.82375000e-08  1.80000000e+00  1.82375000e-08  1.80000000e+00  1.82375000e-08  0.00000000e+00  1.82375000e-08  4.63103119e-07 
 1.82425000e-08  1.80000000e+00  1.82425000e-08  1.80000000e+00  1.82425000e-08  0.00000000e+00  1.82425000e-08  3.16562062e-07 
 1.82475000e-08  1.80000000e+00  1.82475000e-08  1.80000000e+00  1.82475000e-08  0.00000000e+00  1.82475000e-08  2.16631885e-07 
 1.82525000e-08  1.80000000e+00  1.82525000e-08  1.80000000e+00  1.82525000e-08  0.00000000e+00  1.82525000e-08  1.48486887e-07 
 1.82575000e-08  1.80000000e+00  1.82575000e-08  1.80000000e+00  1.82575000e-08  0.00000000e+00  1.82575000e-08  1.02017034e-07 
 1.82625000e-08  1.80000000e+00  1.82625000e-08  1.80000000e+00  1.82625000e-08  0.00000000e+00  1.82625000e-08  7.03280277e-08 
 1.82675000e-08  1.80000000e+00  1.82675000e-08  1.80000000e+00  1.82675000e-08  0.00000000e+00  1.82675000e-08  4.87184676e-08 
 1.82725000e-08  1.80000000e+00  1.82725000e-08  1.80000000e+00  1.82725000e-08  0.00000000e+00  1.82725000e-08  3.39823448e-08 
 1.82775000e-08  1.80000000e+00  1.82775000e-08  1.80000000e+00  1.82775000e-08  0.00000000e+00  1.82775000e-08  2.39333982e-08 
 1.82825000e-08  1.80000000e+00  1.82825000e-08  1.80000000e+00  1.82825000e-08  0.00000000e+00  1.82825000e-08  1.70807594e-08 
 1.82875000e-08  1.80000000e+00  1.82875000e-08  1.80000000e+00  1.82875000e-08  0.00000000e+00  1.82875000e-08  1.24077662e-08 
 1.82925000e-08  1.80000000e+00  1.82925000e-08  1.80000000e+00  1.82925000e-08  0.00000000e+00  1.82925000e-08  9.22113029e-09 
 1.82975000e-08  1.80000000e+00  1.82975000e-08  1.80000000e+00  1.82975000e-08  0.00000000e+00  1.82975000e-08  7.04808012e-09 
 1.83025000e-08  1.80000000e+00  1.83025000e-08  1.80000000e+00  1.83025000e-08  0.00000000e+00  1.83025000e-08  5.56622054e-09 
 1.83075000e-08  1.80000000e+00  1.83075000e-08  1.80000000e+00  1.83075000e-08  0.00000000e+00  1.83075000e-08  4.55570183e-09 
 1.83125000e-08  1.80000000e+00  1.83125000e-08  1.80000000e+00  1.83125000e-08  0.00000000e+00  1.83125000e-08  3.86660277e-09 
 1.83175000e-08  1.80000000e+00  1.83175000e-08  1.80000000e+00  1.83175000e-08  0.00000000e+00  1.83175000e-08  3.39668814e-09 
 1.83225000e-08  1.80000000e+00  1.83225000e-08  1.80000000e+00  1.83225000e-08  0.00000000e+00  1.83225000e-08  3.07624110e-09 
 1.83275000e-08  1.80000000e+00  1.83275000e-08  1.80000000e+00  1.83275000e-08  0.00000000e+00  1.83275000e-08  2.85771991e-09 
 1.83325000e-08  1.80000000e+00  1.83325000e-08  1.80000000e+00  1.83325000e-08  0.00000000e+00  1.83325000e-08  2.70870461e-09 
 1.83375000e-08  1.80000000e+00  1.83375000e-08  1.80000000e+00  1.83375000e-08  0.00000000e+00  1.83375000e-08  2.60708719e-09 
 1.83425000e-08  1.80000000e+00  1.83425000e-08  1.80000000e+00  1.83425000e-08  0.00000000e+00  1.83425000e-08  2.53779162e-09 
 1.83475000e-08  1.80000000e+00  1.83475000e-08  1.80000000e+00  1.83475000e-08  0.00000000e+00  1.83475000e-08  2.49053716e-09 
 1.83525000e-08  1.80000000e+00  1.83525000e-08  1.80000000e+00  1.83525000e-08  0.00000000e+00  1.83525000e-08  2.45831311e-09 
 1.83575000e-08  1.80000000e+00  1.83575000e-08  1.80000000e+00  1.83575000e-08  0.00000000e+00  1.83575000e-08  2.43633870e-09 
 1.83625000e-08  1.80000000e+00  1.83625000e-08  1.80000000e+00  1.83625000e-08  0.00000000e+00  1.83625000e-08  2.42135377e-09 
 1.83675000e-08  1.80000000e+00  1.83675000e-08  1.80000000e+00  1.83675000e-08  0.00000000e+00  1.83675000e-08  2.41113515e-09 
 1.83725000e-08  1.80000000e+00  1.83725000e-08  1.80000000e+00  1.83725000e-08  0.00000000e+00  1.83725000e-08  2.40416681e-09 
 1.83775000e-08  1.80000000e+00  1.83775000e-08  1.80000000e+00  1.83775000e-08  0.00000000e+00  1.83775000e-08  2.39941492e-09 
 1.83825000e-08  1.80000000e+00  1.83825000e-08  1.80000000e+00  1.83825000e-08  0.00000000e+00  1.83825000e-08  2.39617448e-09 
 1.83875000e-08  1.80000000e+00  1.83875000e-08  1.80000000e+00  1.83875000e-08  0.00000000e+00  1.83875000e-08  2.39396474e-09 
 1.83925000e-08  1.80000000e+00  1.83925000e-08  1.80000000e+00  1.83925000e-08  0.00000000e+00  1.83925000e-08  2.39245786e-09 
 1.83975000e-08  1.80000000e+00  1.83975000e-08  1.80000000e+00  1.83975000e-08  0.00000000e+00  1.83975000e-08  2.39143028e-09 
 1.84025000e-08  1.80000000e+00  1.84025000e-08  1.80000000e+00  1.84025000e-08  0.00000000e+00  1.84025000e-08  2.39072955e-09 
 1.84075000e-08  1.80000000e+00  1.84075000e-08  1.80000000e+00  1.84075000e-08  0.00000000e+00  1.84075000e-08  2.39025170e-09 
 1.84125000e-08  1.80000000e+00  1.84125000e-08  1.80000000e+00  1.84125000e-08  0.00000000e+00  1.84125000e-08  2.38992584e-09 
 1.84175000e-08  1.80000000e+00  1.84175000e-08  1.80000000e+00  1.84175000e-08  0.00000000e+00  1.84175000e-08  2.38970363e-09 
 1.84225000e-08  1.80000000e+00  1.84225000e-08  1.80000000e+00  1.84225000e-08  0.00000000e+00  1.84225000e-08  2.38955210e-09 
 1.84275000e-08  1.80000000e+00  1.84275000e-08  1.80000000e+00  1.84275000e-08  0.00000000e+00  1.84275000e-08  2.38944877e-09 
 1.84325000e-08  1.80000000e+00  1.84325000e-08  1.80000000e+00  1.84325000e-08  0.00000000e+00  1.84325000e-08  2.38937830e-09 
 1.84375000e-08  1.80000000e+00  1.84375000e-08  1.80000000e+00  1.84375000e-08  0.00000000e+00  1.84375000e-08  2.38933025e-09 
 1.84425000e-08  1.80000000e+00  1.84425000e-08  1.80000000e+00  1.84425000e-08  0.00000000e+00  1.84425000e-08  2.38929748e-09 
 1.84475000e-08  1.80000000e+00  1.84475000e-08  1.80000000e+00  1.84475000e-08  0.00000000e+00  1.84475000e-08  2.38927514e-09 
 1.84525000e-08  1.80000000e+00  1.84525000e-08  1.80000000e+00  1.84525000e-08  0.00000000e+00  1.84525000e-08  2.38925990e-09 
 1.84575000e-08  1.80000000e+00  1.84575000e-08  1.80000000e+00  1.84575000e-08  0.00000000e+00  1.84575000e-08  2.38924951e-09 
 1.84625000e-08  1.80000000e+00  1.84625000e-08  1.80000000e+00  1.84625000e-08  0.00000000e+00  1.84625000e-08  2.38924242e-09 
 1.84675000e-08  1.80000000e+00  1.84675000e-08  1.80000000e+00  1.84675000e-08  0.00000000e+00  1.84675000e-08  2.38923759e-09 
 1.84725000e-08  1.80000000e+00  1.84725000e-08  1.80000000e+00  1.84725000e-08  0.00000000e+00  1.84725000e-08  2.38923429e-09 
 1.84775000e-08  1.80000000e+00  1.84775000e-08  1.80000000e+00  1.84775000e-08  0.00000000e+00  1.84775000e-08  2.38923205e-09 
 1.84825000e-08  1.80000000e+00  1.84825000e-08  1.80000000e+00  1.84825000e-08  0.00000000e+00  1.84825000e-08  2.38923051e-09 
 1.84875000e-08  1.80000000e+00  1.84875000e-08  1.80000000e+00  1.84875000e-08  0.00000000e+00  1.84875000e-08  2.38922947e-09 
 1.84925000e-08  1.80000000e+00  1.84925000e-08  1.80000000e+00  1.84925000e-08  0.00000000e+00  1.84925000e-08  2.38922876e-09 
 1.84975000e-08  1.80000000e+00  1.84975000e-08  1.80000000e+00  1.84975000e-08  0.00000000e+00  1.84975000e-08  2.38922827e-09 
 1.85025000e-08  1.80000000e+00  1.85025000e-08  1.80000000e+00  1.85025000e-08  0.00000000e+00  1.85025000e-08  2.38922794e-09 
 1.85075000e-08  1.80000000e+00  1.85075000e-08  1.80000000e+00  1.85075000e-08  0.00000000e+00  1.85075000e-08  2.38922771e-09 
 1.85125000e-08  1.80000000e+00  1.85125000e-08  1.80000000e+00  1.85125000e-08  0.00000000e+00  1.85125000e-08  2.38922756e-09 
 1.85175000e-08  1.80000000e+00  1.85175000e-08  1.80000000e+00  1.85175000e-08  0.00000000e+00  1.85175000e-08  2.38922746e-09 
 1.85225000e-08  1.80000000e+00  1.85225000e-08  1.80000000e+00  1.85225000e-08  0.00000000e+00  1.85225000e-08  2.38922738e-09 
 1.85275000e-08  1.80000000e+00  1.85275000e-08  1.80000000e+00  1.85275000e-08  0.00000000e+00  1.85275000e-08  2.38922733e-09 
 1.85325000e-08  1.80000000e+00  1.85325000e-08  1.80000000e+00  1.85325000e-08  0.00000000e+00  1.85325000e-08  2.38922730e-09 
 1.85375000e-08  1.80000000e+00  1.85375000e-08  1.80000000e+00  1.85375000e-08  0.00000000e+00  1.85375000e-08  2.38922728e-09 
 1.85425000e-08  1.80000000e+00  1.85425000e-08  1.80000000e+00  1.85425000e-08  0.00000000e+00  1.85425000e-08  2.38922726e-09 
 1.85475000e-08  1.80000000e+00  1.85475000e-08  1.80000000e+00  1.85475000e-08  0.00000000e+00  1.85475000e-08  2.38922725e-09 
 1.85525000e-08  1.80000000e+00  1.85525000e-08  1.80000000e+00  1.85525000e-08  0.00000000e+00  1.85525000e-08  2.38922725e-09 
 1.85575000e-08  1.80000000e+00  1.85575000e-08  1.80000000e+00  1.85575000e-08  0.00000000e+00  1.85575000e-08  2.38922724e-09 
 1.85625000e-08  1.80000000e+00  1.85625000e-08  1.80000000e+00  1.85625000e-08  0.00000000e+00  1.85625000e-08  2.38922724e-09 
 1.85675000e-08  1.80000000e+00  1.85675000e-08  1.80000000e+00  1.85675000e-08  0.00000000e+00  1.85675000e-08  2.38922723e-09 
 1.85725000e-08  1.80000000e+00  1.85725000e-08  1.80000000e+00  1.85725000e-08  0.00000000e+00  1.85725000e-08  2.38922723e-09 
 1.85775000e-08  1.80000000e+00  1.85775000e-08  1.80000000e+00  1.85775000e-08  0.00000000e+00  1.85775000e-08  2.38922723e-09 
 1.85825000e-08  1.80000000e+00  1.85825000e-08  1.80000000e+00  1.85825000e-08  0.00000000e+00  1.85825000e-08  2.38922723e-09 
 1.85875000e-08  1.80000000e+00  1.85875000e-08  1.80000000e+00  1.85875000e-08  0.00000000e+00  1.85875000e-08  2.38922723e-09 
 1.85925000e-08  1.80000000e+00  1.85925000e-08  1.80000000e+00  1.85925000e-08  0.00000000e+00  1.85925000e-08  2.38922723e-09 
 1.85975000e-08  1.80000000e+00  1.85975000e-08  1.80000000e+00  1.85975000e-08  0.00000000e+00  1.85975000e-08  2.38922723e-09 
 1.86025000e-08  1.80000000e+00  1.86025000e-08  1.80000000e+00  1.86025000e-08  0.00000000e+00  1.86025000e-08  2.38922723e-09 
 1.86075000e-08  1.80000000e+00  1.86075000e-08  1.80000000e+00  1.86075000e-08  0.00000000e+00  1.86075000e-08  2.38922723e-09 
 1.86125000e-08  1.80000000e+00  1.86125000e-08  1.80000000e+00  1.86125000e-08  0.00000000e+00  1.86125000e-08  2.38922723e-09 
 1.86175000e-08  1.80000000e+00  1.86175000e-08  1.80000000e+00  1.86175000e-08  0.00000000e+00  1.86175000e-08  2.38922723e-09 
 1.86225000e-08  1.80000000e+00  1.86225000e-08  1.80000000e+00  1.86225000e-08  0.00000000e+00  1.86225000e-08  2.38922723e-09 
 1.86275000e-08  1.80000000e+00  1.86275000e-08  1.80000000e+00  1.86275000e-08  0.00000000e+00  1.86275000e-08  2.38922723e-09 
 1.86325000e-08  1.80000000e+00  1.86325000e-08  1.80000000e+00  1.86325000e-08  0.00000000e+00  1.86325000e-08  2.38922723e-09 
 1.86375000e-08  1.80000000e+00  1.86375000e-08  1.80000000e+00  1.86375000e-08  0.00000000e+00  1.86375000e-08  2.38922723e-09 
 1.86425000e-08  1.80000000e+00  1.86425000e-08  1.80000000e+00  1.86425000e-08  0.00000000e+00  1.86425000e-08  2.38922723e-09 
 1.86475000e-08  1.80000000e+00  1.86475000e-08  1.80000000e+00  1.86475000e-08  0.00000000e+00  1.86475000e-08  2.38922723e-09 
 1.86525000e-08  1.80000000e+00  1.86525000e-08  1.80000000e+00  1.86525000e-08  0.00000000e+00  1.86525000e-08  2.38922723e-09 
 1.86575000e-08  1.80000000e+00  1.86575000e-08  1.80000000e+00  1.86575000e-08  0.00000000e+00  1.86575000e-08  2.38922723e-09 
 1.86625000e-08  1.80000000e+00  1.86625000e-08  1.80000000e+00  1.86625000e-08  0.00000000e+00  1.86625000e-08  2.38922723e-09 
 1.86675000e-08  1.80000000e+00  1.86675000e-08  1.80000000e+00  1.86675000e-08  0.00000000e+00  1.86675000e-08  2.38922723e-09 
 1.86725000e-08  1.80000000e+00  1.86725000e-08  1.80000000e+00  1.86725000e-08  0.00000000e+00  1.86725000e-08  2.38922723e-09 
 1.86775000e-08  1.80000000e+00  1.86775000e-08  1.80000000e+00  1.86775000e-08  0.00000000e+00  1.86775000e-08  2.38922723e-09 
 1.86825000e-08  1.80000000e+00  1.86825000e-08  1.80000000e+00  1.86825000e-08  0.00000000e+00  1.86825000e-08  2.38922723e-09 
 1.86875000e-08  1.80000000e+00  1.86875000e-08  1.80000000e+00  1.86875000e-08  0.00000000e+00  1.86875000e-08  2.38922723e-09 
 1.86925000e-08  1.80000000e+00  1.86925000e-08  1.80000000e+00  1.86925000e-08  0.00000000e+00  1.86925000e-08  2.38922723e-09 
 1.86975000e-08  1.80000000e+00  1.86975000e-08  1.80000000e+00  1.86975000e-08  0.00000000e+00  1.86975000e-08  2.38922723e-09 
 1.87025000e-08  1.80000000e+00  1.87025000e-08  1.80000000e+00  1.87025000e-08  0.00000000e+00  1.87025000e-08  2.38922723e-09 
 1.87075000e-08  1.80000000e+00  1.87075000e-08  1.80000000e+00  1.87075000e-08  0.00000000e+00  1.87075000e-08  2.38922723e-09 
 1.87125000e-08  1.80000000e+00  1.87125000e-08  1.80000000e+00  1.87125000e-08  0.00000000e+00  1.87125000e-08  2.38922723e-09 
 1.87175000e-08  1.80000000e+00  1.87175000e-08  1.80000000e+00  1.87175000e-08  0.00000000e+00  1.87175000e-08  2.38922723e-09 
 1.87225000e-08  1.80000000e+00  1.87225000e-08  1.80000000e+00  1.87225000e-08  0.00000000e+00  1.87225000e-08  2.38922723e-09 
 1.87275000e-08  1.80000000e+00  1.87275000e-08  1.80000000e+00  1.87275000e-08  0.00000000e+00  1.87275000e-08  2.38922723e-09 
 1.87325000e-08  1.80000000e+00  1.87325000e-08  1.80000000e+00  1.87325000e-08  0.00000000e+00  1.87325000e-08  2.38922723e-09 
 1.87375000e-08  1.80000000e+00  1.87375000e-08  1.80000000e+00  1.87375000e-08  0.00000000e+00  1.87375000e-08  2.38922723e-09 
 1.87425000e-08  1.80000000e+00  1.87425000e-08  1.80000000e+00  1.87425000e-08  0.00000000e+00  1.87425000e-08  2.38922723e-09 
 1.87475000e-08  1.80000000e+00  1.87475000e-08  1.80000000e+00  1.87475000e-08  0.00000000e+00  1.87475000e-08  2.38922723e-09 
 1.87525000e-08  1.80000000e+00  1.87525000e-08  1.80000000e+00  1.87525000e-08  0.00000000e+00  1.87525000e-08  2.38922723e-09 
 1.87575000e-08  1.80000000e+00  1.87575000e-08  1.80000000e+00  1.87575000e-08  0.00000000e+00  1.87575000e-08  2.38922723e-09 
 1.87625000e-08  1.80000000e+00  1.87625000e-08  1.80000000e+00  1.87625000e-08  0.00000000e+00  1.87625000e-08  2.38922723e-09 
 1.87675000e-08  1.80000000e+00  1.87675000e-08  1.80000000e+00  1.87675000e-08  0.00000000e+00  1.87675000e-08  2.38922723e-09 
 1.87725000e-08  1.80000000e+00  1.87725000e-08  1.80000000e+00  1.87725000e-08  0.00000000e+00  1.87725000e-08  2.38922723e-09 
 1.87775000e-08  1.80000000e+00  1.87775000e-08  1.80000000e+00  1.87775000e-08  0.00000000e+00  1.87775000e-08  2.38922723e-09 
 1.87825000e-08  1.80000000e+00  1.87825000e-08  1.80000000e+00  1.87825000e-08  0.00000000e+00  1.87825000e-08  2.38922723e-09 
 1.87875000e-08  1.80000000e+00  1.87875000e-08  1.80000000e+00  1.87875000e-08  0.00000000e+00  1.87875000e-08  2.38922723e-09 
 1.87925000e-08  1.80000000e+00  1.87925000e-08  1.80000000e+00  1.87925000e-08  0.00000000e+00  1.87925000e-08  2.38922723e-09 
 1.87975000e-08  1.80000000e+00  1.87975000e-08  1.80000000e+00  1.87975000e-08  0.00000000e+00  1.87975000e-08  2.38922723e-09 
 1.88025000e-08  1.80000000e+00  1.88025000e-08  1.80000000e+00  1.88025000e-08  0.00000000e+00  1.88025000e-08  2.38922723e-09 
 1.88075000e-08  1.80000000e+00  1.88075000e-08  1.80000000e+00  1.88075000e-08  0.00000000e+00  1.88075000e-08  2.38922723e-09 
 1.88125000e-08  1.80000000e+00  1.88125000e-08  1.80000000e+00  1.88125000e-08  0.00000000e+00  1.88125000e-08  2.38922723e-09 
 1.88175000e-08  1.80000000e+00  1.88175000e-08  1.80000000e+00  1.88175000e-08  0.00000000e+00  1.88175000e-08  2.38922723e-09 
 1.88225000e-08  1.80000000e+00  1.88225000e-08  1.80000000e+00  1.88225000e-08  0.00000000e+00  1.88225000e-08  2.38922723e-09 
 1.88275000e-08  1.80000000e+00  1.88275000e-08  1.80000000e+00  1.88275000e-08  0.00000000e+00  1.88275000e-08  2.38922723e-09 
 1.88325000e-08  1.80000000e+00  1.88325000e-08  1.80000000e+00  1.88325000e-08  0.00000000e+00  1.88325000e-08  2.38922723e-09 
 1.88375000e-08  1.80000000e+00  1.88375000e-08  1.80000000e+00  1.88375000e-08  0.00000000e+00  1.88375000e-08  2.38922723e-09 
 1.88425000e-08  1.80000000e+00  1.88425000e-08  1.80000000e+00  1.88425000e-08  0.00000000e+00  1.88425000e-08  2.38922723e-09 
 1.88475000e-08  1.80000000e+00  1.88475000e-08  1.80000000e+00  1.88475000e-08  0.00000000e+00  1.88475000e-08  2.38922723e-09 
 1.88525000e-08  1.80000000e+00  1.88525000e-08  1.80000000e+00  1.88525000e-08  0.00000000e+00  1.88525000e-08  2.38922723e-09 
 1.88575000e-08  1.80000000e+00  1.88575000e-08  1.80000000e+00  1.88575000e-08  0.00000000e+00  1.88575000e-08  2.38922723e-09 
 1.88625000e-08  1.80000000e+00  1.88625000e-08  1.80000000e+00  1.88625000e-08  0.00000000e+00  1.88625000e-08  2.38922723e-09 
 1.88675000e-08  1.80000000e+00  1.88675000e-08  1.80000000e+00  1.88675000e-08  0.00000000e+00  1.88675000e-08  2.38922723e-09 
 1.88725000e-08  1.80000000e+00  1.88725000e-08  1.80000000e+00  1.88725000e-08  0.00000000e+00  1.88725000e-08  2.38922723e-09 
 1.88775000e-08  1.80000000e+00  1.88775000e-08  1.80000000e+00  1.88775000e-08  0.00000000e+00  1.88775000e-08  2.38922723e-09 
 1.88825000e-08  1.80000000e+00  1.88825000e-08  1.80000000e+00  1.88825000e-08  0.00000000e+00  1.88825000e-08  2.38922723e-09 
 1.88875000e-08  1.80000000e+00  1.88875000e-08  1.80000000e+00  1.88875000e-08  0.00000000e+00  1.88875000e-08  2.38922723e-09 
 1.88925000e-08  1.80000000e+00  1.88925000e-08  1.80000000e+00  1.88925000e-08  0.00000000e+00  1.88925000e-08  2.38922723e-09 
 1.88975000e-08  1.80000000e+00  1.88975000e-08  1.80000000e+00  1.88975000e-08  0.00000000e+00  1.88975000e-08  2.38922723e-09 
 1.89025000e-08  1.80000000e+00  1.89025000e-08  1.80000000e+00  1.89025000e-08  0.00000000e+00  1.89025000e-08  2.38922723e-09 
 1.89075000e-08  1.80000000e+00  1.89075000e-08  1.80000000e+00  1.89075000e-08  0.00000000e+00  1.89075000e-08  2.38922723e-09 
 1.89125000e-08  1.80000000e+00  1.89125000e-08  1.80000000e+00  1.89125000e-08  0.00000000e+00  1.89125000e-08  2.38922723e-09 
 1.89175000e-08  1.80000000e+00  1.89175000e-08  1.80000000e+00  1.89175000e-08  0.00000000e+00  1.89175000e-08  2.38922723e-09 
 1.89225000e-08  1.80000000e+00  1.89225000e-08  1.80000000e+00  1.89225000e-08  0.00000000e+00  1.89225000e-08  2.38922723e-09 
 1.89275000e-08  1.80000000e+00  1.89275000e-08  1.80000000e+00  1.89275000e-08  0.00000000e+00  1.89275000e-08  2.38922723e-09 
 1.89325000e-08  1.80000000e+00  1.89325000e-08  1.80000000e+00  1.89325000e-08  0.00000000e+00  1.89325000e-08  2.38922723e-09 
 1.89375000e-08  1.80000000e+00  1.89375000e-08  1.80000000e+00  1.89375000e-08  0.00000000e+00  1.89375000e-08  2.38922723e-09 
 1.89425000e-08  1.80000000e+00  1.89425000e-08  1.80000000e+00  1.89425000e-08  0.00000000e+00  1.89425000e-08  2.38922723e-09 
 1.89475000e-08  1.80000000e+00  1.89475000e-08  1.80000000e+00  1.89475000e-08  0.00000000e+00  1.89475000e-08  2.38922723e-09 
 1.89525000e-08  1.80000000e+00  1.89525000e-08  1.80000000e+00  1.89525000e-08  0.00000000e+00  1.89525000e-08  2.38922723e-09 
 1.89575000e-08  1.80000000e+00  1.89575000e-08  1.80000000e+00  1.89575000e-08  0.00000000e+00  1.89575000e-08  2.38922723e-09 
 1.89625000e-08  1.80000000e+00  1.89625000e-08  1.80000000e+00  1.89625000e-08  0.00000000e+00  1.89625000e-08  2.38922723e-09 
 1.89675000e-08  1.80000000e+00  1.89675000e-08  1.80000000e+00  1.89675000e-08  0.00000000e+00  1.89675000e-08  2.38922723e-09 
 1.89725000e-08  1.80000000e+00  1.89725000e-08  1.80000000e+00  1.89725000e-08  0.00000000e+00  1.89725000e-08  2.38922723e-09 
 1.89775000e-08  1.80000000e+00  1.89775000e-08  1.80000000e+00  1.89775000e-08  0.00000000e+00  1.89775000e-08  2.38922723e-09 
 1.89825000e-08  1.80000000e+00  1.89825000e-08  1.80000000e+00  1.89825000e-08  0.00000000e+00  1.89825000e-08  2.38922723e-09 
 1.89875000e-08  1.80000000e+00  1.89875000e-08  1.80000000e+00  1.89875000e-08  0.00000000e+00  1.89875000e-08  2.38922723e-09 
 1.89925000e-08  1.80000000e+00  1.89925000e-08  1.80000000e+00  1.89925000e-08  0.00000000e+00  1.89925000e-08  2.38922723e-09 
 1.89975000e-08  1.80000000e+00  1.89975000e-08  1.80000000e+00  1.89975000e-08  0.00000000e+00  1.89975000e-08  2.38922723e-09 
 1.90025000e-08  1.80000000e+00  1.90025000e-08  1.80000000e+00  1.90025000e-08  0.00000000e+00  1.90025000e-08  2.38922723e-09 
 1.90075000e-08  1.80000000e+00  1.90075000e-08  1.80000000e+00  1.90075000e-08  0.00000000e+00  1.90075000e-08  2.38922723e-09 
 1.90125000e-08  1.80000000e+00  1.90125000e-08  1.80000000e+00  1.90125000e-08  0.00000000e+00  1.90125000e-08  2.38922723e-09 
 1.90175000e-08  1.80000000e+00  1.90175000e-08  1.80000000e+00  1.90175000e-08  0.00000000e+00  1.90175000e-08  2.38922723e-09 
 1.90225000e-08  1.80000000e+00  1.90225000e-08  1.80000000e+00  1.90225000e-08  0.00000000e+00  1.90225000e-08  2.38922723e-09 
 1.90275000e-08  1.80000000e+00  1.90275000e-08  1.80000000e+00  1.90275000e-08  0.00000000e+00  1.90275000e-08  2.38922723e-09 
 1.90325000e-08  1.80000000e+00  1.90325000e-08  1.80000000e+00  1.90325000e-08  0.00000000e+00  1.90325000e-08  2.38922723e-09 
 1.90375000e-08  1.80000000e+00  1.90375000e-08  1.80000000e+00  1.90375000e-08  0.00000000e+00  1.90375000e-08  2.38922723e-09 
 1.90425000e-08  1.80000000e+00  1.90425000e-08  1.80000000e+00  1.90425000e-08  0.00000000e+00  1.90425000e-08  2.38922723e-09 
 1.90475000e-08  1.80000000e+00  1.90475000e-08  1.80000000e+00  1.90475000e-08  0.00000000e+00  1.90475000e-08  2.38922723e-09 
 1.90525000e-08  1.80000000e+00  1.90525000e-08  1.80000000e+00  1.90525000e-08  0.00000000e+00  1.90525000e-08  2.38922723e-09 
 1.90575000e-08  1.80000000e+00  1.90575000e-08  1.80000000e+00  1.90575000e-08  0.00000000e+00  1.90575000e-08  2.38922723e-09 
 1.90625000e-08  1.80000000e+00  1.90625000e-08  1.80000000e+00  1.90625000e-08  0.00000000e+00  1.90625000e-08  2.38922723e-09 
 1.90675000e-08  1.80000000e+00  1.90675000e-08  1.80000000e+00  1.90675000e-08  0.00000000e+00  1.90675000e-08  2.38922723e-09 
 1.90725000e-08  1.80000000e+00  1.90725000e-08  1.80000000e+00  1.90725000e-08  0.00000000e+00  1.90725000e-08  2.38922723e-09 
 1.90775000e-08  1.80000000e+00  1.90775000e-08  1.80000000e+00  1.90775000e-08  0.00000000e+00  1.90775000e-08  2.38922723e-09 
 1.90825000e-08  1.80000000e+00  1.90825000e-08  1.80000000e+00  1.90825000e-08  0.00000000e+00  1.90825000e-08  2.38922723e-09 
 1.90875000e-08  1.80000000e+00  1.90875000e-08  1.80000000e+00  1.90875000e-08  0.00000000e+00  1.90875000e-08  2.38922723e-09 
 1.90925000e-08  1.80000000e+00  1.90925000e-08  1.80000000e+00  1.90925000e-08  0.00000000e+00  1.90925000e-08  2.38922723e-09 
 1.90975000e-08  1.80000000e+00  1.90975000e-08  1.80000000e+00  1.90975000e-08  0.00000000e+00  1.90975000e-08  2.38922723e-09 
 1.91025000e-08  1.80000000e+00  1.91025000e-08  1.80000000e+00  1.91025000e-08  0.00000000e+00  1.91025000e-08  2.38922723e-09 
 1.91075000e-08  1.80000000e+00  1.91075000e-08  1.80000000e+00  1.91075000e-08  0.00000000e+00  1.91075000e-08  2.38922723e-09 
 1.91125000e-08  1.80000000e+00  1.91125000e-08  1.80000000e+00  1.91125000e-08  0.00000000e+00  1.91125000e-08  2.38922723e-09 
 1.91175000e-08  1.80000000e+00  1.91175000e-08  1.80000000e+00  1.91175000e-08  0.00000000e+00  1.91175000e-08  2.38922723e-09 
 1.91225000e-08  1.80000000e+00  1.91225000e-08  1.80000000e+00  1.91225000e-08  0.00000000e+00  1.91225000e-08  2.38922723e-09 
 1.91275000e-08  1.80000000e+00  1.91275000e-08  1.80000000e+00  1.91275000e-08  0.00000000e+00  1.91275000e-08  2.38922723e-09 
 1.91325000e-08  1.80000000e+00  1.91325000e-08  1.80000000e+00  1.91325000e-08  0.00000000e+00  1.91325000e-08  2.38922723e-09 
 1.91375000e-08  1.80000000e+00  1.91375000e-08  1.80000000e+00  1.91375000e-08  0.00000000e+00  1.91375000e-08  2.38922723e-09 
 1.91425000e-08  1.80000000e+00  1.91425000e-08  1.80000000e+00  1.91425000e-08  0.00000000e+00  1.91425000e-08  2.38922723e-09 
 1.91475000e-08  1.80000000e+00  1.91475000e-08  1.80000000e+00  1.91475000e-08  0.00000000e+00  1.91475000e-08  2.38922723e-09 
 1.91525000e-08  1.80000000e+00  1.91525000e-08  1.80000000e+00  1.91525000e-08  0.00000000e+00  1.91525000e-08  2.38922723e-09 
 1.91575000e-08  1.80000000e+00  1.91575000e-08  1.80000000e+00  1.91575000e-08  0.00000000e+00  1.91575000e-08  2.38922723e-09 
 1.91625000e-08  1.80000000e+00  1.91625000e-08  1.80000000e+00  1.91625000e-08  0.00000000e+00  1.91625000e-08  2.38922723e-09 
 1.91675000e-08  1.80000000e+00  1.91675000e-08  1.80000000e+00  1.91675000e-08  0.00000000e+00  1.91675000e-08  2.38922723e-09 
 1.91725000e-08  1.80000000e+00  1.91725000e-08  1.80000000e+00  1.91725000e-08  0.00000000e+00  1.91725000e-08  2.38922723e-09 
 1.91775000e-08  1.80000000e+00  1.91775000e-08  1.80000000e+00  1.91775000e-08  0.00000000e+00  1.91775000e-08  2.38922723e-09 
 1.91825000e-08  1.80000000e+00  1.91825000e-08  1.80000000e+00  1.91825000e-08  0.00000000e+00  1.91825000e-08  2.38922723e-09 
 1.91875000e-08  1.80000000e+00  1.91875000e-08  1.80000000e+00  1.91875000e-08  0.00000000e+00  1.91875000e-08  2.38922723e-09 
 1.91925000e-08  1.80000000e+00  1.91925000e-08  1.80000000e+00  1.91925000e-08  0.00000000e+00  1.91925000e-08  2.38922723e-09 
 1.91975000e-08  1.80000000e+00  1.91975000e-08  1.80000000e+00  1.91975000e-08  0.00000000e+00  1.91975000e-08  2.38922723e-09 
 1.92025000e-08  1.80000000e+00  1.92025000e-08  1.80000000e+00  1.92025000e-08  0.00000000e+00  1.92025000e-08  2.38922723e-09 
 1.92075000e-08  1.80000000e+00  1.92075000e-08  1.80000000e+00  1.92075000e-08  0.00000000e+00  1.92075000e-08  2.38922723e-09 
 1.92125000e-08  1.80000000e+00  1.92125000e-08  1.80000000e+00  1.92125000e-08  0.00000000e+00  1.92125000e-08  2.38922723e-09 
 1.92175000e-08  1.80000000e+00  1.92175000e-08  1.80000000e+00  1.92175000e-08  0.00000000e+00  1.92175000e-08  2.38922723e-09 
 1.92225000e-08  1.80000000e+00  1.92225000e-08  1.80000000e+00  1.92225000e-08  0.00000000e+00  1.92225000e-08  2.38922723e-09 
 1.92275000e-08  1.80000000e+00  1.92275000e-08  1.80000000e+00  1.92275000e-08  0.00000000e+00  1.92275000e-08  2.38922723e-09 
 1.92325000e-08  1.80000000e+00  1.92325000e-08  1.80000000e+00  1.92325000e-08  0.00000000e+00  1.92325000e-08  2.38922723e-09 
 1.92375000e-08  1.80000000e+00  1.92375000e-08  1.80000000e+00  1.92375000e-08  0.00000000e+00  1.92375000e-08  2.38922723e-09 
 1.92425000e-08  1.80000000e+00  1.92425000e-08  1.80000000e+00  1.92425000e-08  0.00000000e+00  1.92425000e-08  2.38922723e-09 
 1.92475000e-08  1.80000000e+00  1.92475000e-08  1.80000000e+00  1.92475000e-08  0.00000000e+00  1.92475000e-08  2.38922723e-09 
 1.92525000e-08  1.80000000e+00  1.92525000e-08  1.80000000e+00  1.92525000e-08  0.00000000e+00  1.92525000e-08  2.38922723e-09 
 1.92575000e-08  1.80000000e+00  1.92575000e-08  1.80000000e+00  1.92575000e-08  0.00000000e+00  1.92575000e-08  2.38922723e-09 
 1.92625000e-08  1.80000000e+00  1.92625000e-08  1.80000000e+00  1.92625000e-08  0.00000000e+00  1.92625000e-08  2.38922723e-09 
 1.92675000e-08  1.80000000e+00  1.92675000e-08  1.80000000e+00  1.92675000e-08  0.00000000e+00  1.92675000e-08  2.38922723e-09 
 1.92725000e-08  1.80000000e+00  1.92725000e-08  1.80000000e+00  1.92725000e-08  0.00000000e+00  1.92725000e-08  2.38922723e-09 
 1.92775000e-08  1.80000000e+00  1.92775000e-08  1.80000000e+00  1.92775000e-08  0.00000000e+00  1.92775000e-08  2.38922723e-09 
 1.92825000e-08  1.80000000e+00  1.92825000e-08  1.80000000e+00  1.92825000e-08  0.00000000e+00  1.92825000e-08  2.38922723e-09 
 1.92875000e-08  1.80000000e+00  1.92875000e-08  1.80000000e+00  1.92875000e-08  0.00000000e+00  1.92875000e-08  2.38922723e-09 
 1.92925000e-08  1.80000000e+00  1.92925000e-08  1.80000000e+00  1.92925000e-08  0.00000000e+00  1.92925000e-08  2.38922723e-09 
 1.92975000e-08  1.80000000e+00  1.92975000e-08  1.80000000e+00  1.92975000e-08  0.00000000e+00  1.92975000e-08  2.38922723e-09 
 1.93025000e-08  1.80000000e+00  1.93025000e-08  1.80000000e+00  1.93025000e-08  0.00000000e+00  1.93025000e-08  2.38922723e-09 
 1.93075000e-08  1.80000000e+00  1.93075000e-08  1.80000000e+00  1.93075000e-08  0.00000000e+00  1.93075000e-08  2.38922723e-09 
 1.93125000e-08  1.80000000e+00  1.93125000e-08  1.80000000e+00  1.93125000e-08  0.00000000e+00  1.93125000e-08  2.38922723e-09 
 1.93175000e-08  1.80000000e+00  1.93175000e-08  1.80000000e+00  1.93175000e-08  0.00000000e+00  1.93175000e-08  2.38922723e-09 
 1.93225000e-08  1.80000000e+00  1.93225000e-08  1.80000000e+00  1.93225000e-08  0.00000000e+00  1.93225000e-08  2.38922723e-09 
 1.93275000e-08  1.80000000e+00  1.93275000e-08  1.80000000e+00  1.93275000e-08  0.00000000e+00  1.93275000e-08  2.38922723e-09 
 1.93325000e-08  1.80000000e+00  1.93325000e-08  1.80000000e+00  1.93325000e-08  0.00000000e+00  1.93325000e-08  2.38922723e-09 
 1.93375000e-08  1.80000000e+00  1.93375000e-08  1.80000000e+00  1.93375000e-08  0.00000000e+00  1.93375000e-08  2.38922723e-09 
 1.93425000e-08  1.80000000e+00  1.93425000e-08  1.80000000e+00  1.93425000e-08  0.00000000e+00  1.93425000e-08  2.38922723e-09 
 1.93475000e-08  1.80000000e+00  1.93475000e-08  1.80000000e+00  1.93475000e-08  0.00000000e+00  1.93475000e-08  2.38922723e-09 
 1.93525000e-08  1.80000000e+00  1.93525000e-08  1.80000000e+00  1.93525000e-08  0.00000000e+00  1.93525000e-08  2.38922723e-09 
 1.93575000e-08  1.80000000e+00  1.93575000e-08  1.80000000e+00  1.93575000e-08  0.00000000e+00  1.93575000e-08  2.38922723e-09 
 1.93625000e-08  1.80000000e+00  1.93625000e-08  1.80000000e+00  1.93625000e-08  0.00000000e+00  1.93625000e-08  2.38922723e-09 
 1.93675000e-08  1.80000000e+00  1.93675000e-08  1.80000000e+00  1.93675000e-08  0.00000000e+00  1.93675000e-08  2.38922723e-09 
 1.93725000e-08  1.80000000e+00  1.93725000e-08  1.80000000e+00  1.93725000e-08  0.00000000e+00  1.93725000e-08  2.38922723e-09 
 1.93775000e-08  1.80000000e+00  1.93775000e-08  1.80000000e+00  1.93775000e-08  0.00000000e+00  1.93775000e-08  2.38922723e-09 
 1.93825000e-08  1.80000000e+00  1.93825000e-08  1.80000000e+00  1.93825000e-08  0.00000000e+00  1.93825000e-08  2.38922723e-09 
 1.93875000e-08  1.80000000e+00  1.93875000e-08  1.80000000e+00  1.93875000e-08  0.00000000e+00  1.93875000e-08  2.38922723e-09 
 1.93925000e-08  1.80000000e+00  1.93925000e-08  1.80000000e+00  1.93925000e-08  0.00000000e+00  1.93925000e-08  2.38922723e-09 
 1.93975000e-08  1.80000000e+00  1.93975000e-08  1.80000000e+00  1.93975000e-08  0.00000000e+00  1.93975000e-08  2.38922723e-09 
 1.94025000e-08  1.80000000e+00  1.94025000e-08  1.80000000e+00  1.94025000e-08  0.00000000e+00  1.94025000e-08  2.38922723e-09 
 1.94075000e-08  1.80000000e+00  1.94075000e-08  1.80000000e+00  1.94075000e-08  0.00000000e+00  1.94075000e-08  2.38922723e-09 
 1.94125000e-08  1.80000000e+00  1.94125000e-08  1.80000000e+00  1.94125000e-08  0.00000000e+00  1.94125000e-08  2.38922723e-09 
 1.94175000e-08  1.80000000e+00  1.94175000e-08  1.80000000e+00  1.94175000e-08  0.00000000e+00  1.94175000e-08  2.38922723e-09 
 1.94225000e-08  1.80000000e+00  1.94225000e-08  1.80000000e+00  1.94225000e-08  0.00000000e+00  1.94225000e-08  2.38922723e-09 
 1.94275000e-08  1.80000000e+00  1.94275000e-08  1.80000000e+00  1.94275000e-08  0.00000000e+00  1.94275000e-08  2.38922723e-09 
 1.94325000e-08  1.80000000e+00  1.94325000e-08  1.80000000e+00  1.94325000e-08  0.00000000e+00  1.94325000e-08  2.38922723e-09 
 1.94375000e-08  1.80000000e+00  1.94375000e-08  1.80000000e+00  1.94375000e-08  0.00000000e+00  1.94375000e-08  2.38922723e-09 
 1.94425000e-08  1.80000000e+00  1.94425000e-08  1.80000000e+00  1.94425000e-08  0.00000000e+00  1.94425000e-08  2.38922723e-09 
 1.94475000e-08  1.80000000e+00  1.94475000e-08  1.80000000e+00  1.94475000e-08  0.00000000e+00  1.94475000e-08  2.38922723e-09 
 1.94525000e-08  1.80000000e+00  1.94525000e-08  1.80000000e+00  1.94525000e-08  0.00000000e+00  1.94525000e-08  2.38922723e-09 
 1.94575000e-08  1.80000000e+00  1.94575000e-08  1.80000000e+00  1.94575000e-08  0.00000000e+00  1.94575000e-08  2.38922723e-09 
 1.94625000e-08  1.80000000e+00  1.94625000e-08  1.80000000e+00  1.94625000e-08  0.00000000e+00  1.94625000e-08  2.38922723e-09 
 1.94675000e-08  1.80000000e+00  1.94675000e-08  1.80000000e+00  1.94675000e-08  0.00000000e+00  1.94675000e-08  2.38922723e-09 
 1.94725000e-08  1.80000000e+00  1.94725000e-08  1.80000000e+00  1.94725000e-08  0.00000000e+00  1.94725000e-08  2.38922723e-09 
 1.94775000e-08  1.80000000e+00  1.94775000e-08  1.80000000e+00  1.94775000e-08  0.00000000e+00  1.94775000e-08  2.38922723e-09 
 1.94825000e-08  1.80000000e+00  1.94825000e-08  1.80000000e+00  1.94825000e-08  0.00000000e+00  1.94825000e-08  2.38922723e-09 
 1.94875000e-08  1.80000000e+00  1.94875000e-08  1.80000000e+00  1.94875000e-08  0.00000000e+00  1.94875000e-08  2.38922723e-09 
 1.94925000e-08  1.80000000e+00  1.94925000e-08  1.80000000e+00  1.94925000e-08  0.00000000e+00  1.94925000e-08  2.38922723e-09 
 1.94975000e-08  1.80000000e+00  1.94975000e-08  1.80000000e+00  1.94975000e-08  0.00000000e+00  1.94975000e-08  2.38922723e-09 
 1.95025000e-08  1.80000000e+00  1.95025000e-08  1.80000000e+00  1.95025000e-08  0.00000000e+00  1.95025000e-08  2.38922723e-09 
 1.95075000e-08  1.80000000e+00  1.95075000e-08  1.80000000e+00  1.95075000e-08  0.00000000e+00  1.95075000e-08  2.38922723e-09 
 1.95125000e-08  1.80000000e+00  1.95125000e-08  1.80000000e+00  1.95125000e-08  0.00000000e+00  1.95125000e-08  2.38922723e-09 
 1.95175000e-08  1.80000000e+00  1.95175000e-08  1.80000000e+00  1.95175000e-08  0.00000000e+00  1.95175000e-08  2.38922723e-09 
 1.95225000e-08  1.80000000e+00  1.95225000e-08  1.80000000e+00  1.95225000e-08  0.00000000e+00  1.95225000e-08  2.38922723e-09 
 1.95275000e-08  1.80000000e+00  1.95275000e-08  1.80000000e+00  1.95275000e-08  0.00000000e+00  1.95275000e-08  2.38922723e-09 
 1.95325000e-08  1.80000000e+00  1.95325000e-08  1.80000000e+00  1.95325000e-08  0.00000000e+00  1.95325000e-08  2.38922723e-09 
 1.95375000e-08  1.80000000e+00  1.95375000e-08  1.80000000e+00  1.95375000e-08  0.00000000e+00  1.95375000e-08  2.38922723e-09 
 1.95425000e-08  1.80000000e+00  1.95425000e-08  1.80000000e+00  1.95425000e-08  0.00000000e+00  1.95425000e-08  2.38922723e-09 
 1.95475000e-08  1.80000000e+00  1.95475000e-08  1.80000000e+00  1.95475000e-08  0.00000000e+00  1.95475000e-08  2.38922723e-09 
 1.95525000e-08  1.80000000e+00  1.95525000e-08  1.80000000e+00  1.95525000e-08  0.00000000e+00  1.95525000e-08  2.38922723e-09 
 1.95575000e-08  1.80000000e+00  1.95575000e-08  1.80000000e+00  1.95575000e-08  0.00000000e+00  1.95575000e-08  2.38922723e-09 
 1.95625000e-08  1.80000000e+00  1.95625000e-08  1.80000000e+00  1.95625000e-08  0.00000000e+00  1.95625000e-08  2.38922723e-09 
 1.95675000e-08  1.80000000e+00  1.95675000e-08  1.80000000e+00  1.95675000e-08  0.00000000e+00  1.95675000e-08  2.38922723e-09 
 1.95725000e-08  1.80000000e+00  1.95725000e-08  1.80000000e+00  1.95725000e-08  0.00000000e+00  1.95725000e-08  2.38922723e-09 
 1.95775000e-08  1.80000000e+00  1.95775000e-08  1.80000000e+00  1.95775000e-08  0.00000000e+00  1.95775000e-08  2.38922723e-09 
 1.95825000e-08  1.80000000e+00  1.95825000e-08  1.80000000e+00  1.95825000e-08  0.00000000e+00  1.95825000e-08  2.38922723e-09 
 1.95875000e-08  1.80000000e+00  1.95875000e-08  1.80000000e+00  1.95875000e-08  0.00000000e+00  1.95875000e-08  2.38922723e-09 
 1.95925000e-08  1.80000000e+00  1.95925000e-08  1.80000000e+00  1.95925000e-08  0.00000000e+00  1.95925000e-08  2.38922723e-09 
 1.95975000e-08  1.80000000e+00  1.95975000e-08  1.80000000e+00  1.95975000e-08  0.00000000e+00  1.95975000e-08  2.38922723e-09 
 1.96025000e-08  1.80000000e+00  1.96025000e-08  1.80000000e+00  1.96025000e-08  0.00000000e+00  1.96025000e-08  2.38922723e-09 
 1.96075000e-08  1.80000000e+00  1.96075000e-08  1.80000000e+00  1.96075000e-08  0.00000000e+00  1.96075000e-08  2.38922723e-09 
 1.96125000e-08  1.80000000e+00  1.96125000e-08  1.80000000e+00  1.96125000e-08  0.00000000e+00  1.96125000e-08  2.38922723e-09 
 1.96175000e-08  1.80000000e+00  1.96175000e-08  1.80000000e+00  1.96175000e-08  0.00000000e+00  1.96175000e-08  2.38922723e-09 
 1.96225000e-08  1.80000000e+00  1.96225000e-08  1.80000000e+00  1.96225000e-08  0.00000000e+00  1.96225000e-08  2.38922723e-09 
 1.96275000e-08  1.80000000e+00  1.96275000e-08  1.80000000e+00  1.96275000e-08  0.00000000e+00  1.96275000e-08  2.38922723e-09 
 1.96325000e-08  1.80000000e+00  1.96325000e-08  1.80000000e+00  1.96325000e-08  0.00000000e+00  1.96325000e-08  2.38922723e-09 
 1.96375000e-08  1.80000000e+00  1.96375000e-08  1.80000000e+00  1.96375000e-08  0.00000000e+00  1.96375000e-08  2.38922723e-09 
 1.96425000e-08  1.80000000e+00  1.96425000e-08  1.80000000e+00  1.96425000e-08  0.00000000e+00  1.96425000e-08  2.38922723e-09 
 1.96475000e-08  1.80000000e+00  1.96475000e-08  1.80000000e+00  1.96475000e-08  0.00000000e+00  1.96475000e-08  2.38922723e-09 
 1.96525000e-08  1.80000000e+00  1.96525000e-08  1.80000000e+00  1.96525000e-08  0.00000000e+00  1.96525000e-08  2.38922723e-09 
 1.96575000e-08  1.80000000e+00  1.96575000e-08  1.80000000e+00  1.96575000e-08  0.00000000e+00  1.96575000e-08  2.38922723e-09 
 1.96625000e-08  1.80000000e+00  1.96625000e-08  1.80000000e+00  1.96625000e-08  0.00000000e+00  1.96625000e-08  2.38922723e-09 
 1.96675000e-08  1.80000000e+00  1.96675000e-08  1.80000000e+00  1.96675000e-08  0.00000000e+00  1.96675000e-08  2.38922723e-09 
 1.96725000e-08  1.80000000e+00  1.96725000e-08  1.80000000e+00  1.96725000e-08  0.00000000e+00  1.96725000e-08  2.38922723e-09 
 1.96775000e-08  1.80000000e+00  1.96775000e-08  1.80000000e+00  1.96775000e-08  0.00000000e+00  1.96775000e-08  2.38922723e-09 
 1.96825000e-08  1.80000000e+00  1.96825000e-08  1.80000000e+00  1.96825000e-08  0.00000000e+00  1.96825000e-08  2.38922723e-09 
 1.96875000e-08  1.80000000e+00  1.96875000e-08  1.80000000e+00  1.96875000e-08  0.00000000e+00  1.96875000e-08  2.38922723e-09 
 1.96925000e-08  1.80000000e+00  1.96925000e-08  1.80000000e+00  1.96925000e-08  0.00000000e+00  1.96925000e-08  2.38922723e-09 
 1.96975000e-08  1.80000000e+00  1.96975000e-08  1.80000000e+00  1.96975000e-08  0.00000000e+00  1.96975000e-08  2.38922723e-09 
 1.97025000e-08  1.80000000e+00  1.97025000e-08  1.80000000e+00  1.97025000e-08  0.00000000e+00  1.97025000e-08  2.38922723e-09 
 1.97075000e-08  1.80000000e+00  1.97075000e-08  1.80000000e+00  1.97075000e-08  0.00000000e+00  1.97075000e-08  2.38922723e-09 
 1.97125000e-08  1.80000000e+00  1.97125000e-08  1.80000000e+00  1.97125000e-08  0.00000000e+00  1.97125000e-08  2.38922723e-09 
 1.97175000e-08  1.80000000e+00  1.97175000e-08  1.80000000e+00  1.97175000e-08  0.00000000e+00  1.97175000e-08  2.38922723e-09 
 1.97225000e-08  1.80000000e+00  1.97225000e-08  1.80000000e+00  1.97225000e-08  0.00000000e+00  1.97225000e-08  2.38922723e-09 
 1.97275000e-08  1.80000000e+00  1.97275000e-08  1.80000000e+00  1.97275000e-08  0.00000000e+00  1.97275000e-08  2.38922723e-09 
 1.97325000e-08  1.80000000e+00  1.97325000e-08  1.80000000e+00  1.97325000e-08  0.00000000e+00  1.97325000e-08  2.38922723e-09 
 1.97375000e-08  1.80000000e+00  1.97375000e-08  1.80000000e+00  1.97375000e-08  0.00000000e+00  1.97375000e-08  2.38922723e-09 
 1.97425000e-08  1.80000000e+00  1.97425000e-08  1.80000000e+00  1.97425000e-08  0.00000000e+00  1.97425000e-08  2.38922723e-09 
 1.97475000e-08  1.80000000e+00  1.97475000e-08  1.80000000e+00  1.97475000e-08  0.00000000e+00  1.97475000e-08  2.38922723e-09 
 1.97525000e-08  1.80000000e+00  1.97525000e-08  1.80000000e+00  1.97525000e-08  0.00000000e+00  1.97525000e-08  2.38922723e-09 
 1.97575000e-08  1.80000000e+00  1.97575000e-08  1.80000000e+00  1.97575000e-08  0.00000000e+00  1.97575000e-08  2.38922723e-09 
 1.97625000e-08  1.80000000e+00  1.97625000e-08  1.80000000e+00  1.97625000e-08  0.00000000e+00  1.97625000e-08  2.38922723e-09 
 1.97675000e-08  1.80000000e+00  1.97675000e-08  1.80000000e+00  1.97675000e-08  0.00000000e+00  1.97675000e-08  2.38922723e-09 
 1.97725000e-08  1.80000000e+00  1.97725000e-08  1.80000000e+00  1.97725000e-08  0.00000000e+00  1.97725000e-08  2.38922723e-09 
 1.97775000e-08  1.80000000e+00  1.97775000e-08  1.80000000e+00  1.97775000e-08  0.00000000e+00  1.97775000e-08  2.38922723e-09 
 1.97825000e-08  1.80000000e+00  1.97825000e-08  1.80000000e+00  1.97825000e-08  0.00000000e+00  1.97825000e-08  2.38922723e-09 
 1.97875000e-08  1.80000000e+00  1.97875000e-08  1.80000000e+00  1.97875000e-08  0.00000000e+00  1.97875000e-08  2.38922723e-09 
 1.97925000e-08  1.80000000e+00  1.97925000e-08  1.80000000e+00  1.97925000e-08  0.00000000e+00  1.97925000e-08  2.38922723e-09 
 1.97975000e-08  1.80000000e+00  1.97975000e-08  1.80000000e+00  1.97975000e-08  0.00000000e+00  1.97975000e-08  2.38922723e-09 
 1.98025000e-08  1.80000000e+00  1.98025000e-08  1.80000000e+00  1.98025000e-08  0.00000000e+00  1.98025000e-08  2.38922723e-09 
 1.98075000e-08  1.80000000e+00  1.98075000e-08  1.80000000e+00  1.98075000e-08  0.00000000e+00  1.98075000e-08  2.38922723e-09 
 1.98125000e-08  1.80000000e+00  1.98125000e-08  1.80000000e+00  1.98125000e-08  0.00000000e+00  1.98125000e-08  2.38922723e-09 
 1.98175000e-08  1.80000000e+00  1.98175000e-08  1.80000000e+00  1.98175000e-08  0.00000000e+00  1.98175000e-08  2.38922723e-09 
 1.98225000e-08  1.80000000e+00  1.98225000e-08  1.80000000e+00  1.98225000e-08  0.00000000e+00  1.98225000e-08  2.38922723e-09 
 1.98275000e-08  1.80000000e+00  1.98275000e-08  1.80000000e+00  1.98275000e-08  0.00000000e+00  1.98275000e-08  2.38922723e-09 
 1.98325000e-08  1.80000000e+00  1.98325000e-08  1.80000000e+00  1.98325000e-08  0.00000000e+00  1.98325000e-08  2.38922723e-09 
 1.98375000e-08  1.80000000e+00  1.98375000e-08  1.80000000e+00  1.98375000e-08  0.00000000e+00  1.98375000e-08  2.38922723e-09 
 1.98425000e-08  1.80000000e+00  1.98425000e-08  1.80000000e+00  1.98425000e-08  0.00000000e+00  1.98425000e-08  2.38922723e-09 
 1.98475000e-08  1.80000000e+00  1.98475000e-08  1.80000000e+00  1.98475000e-08  0.00000000e+00  1.98475000e-08  2.38922723e-09 
 1.98525000e-08  1.80000000e+00  1.98525000e-08  1.80000000e+00  1.98525000e-08  0.00000000e+00  1.98525000e-08  2.38922723e-09 
 1.98575000e-08  1.80000000e+00  1.98575000e-08  1.80000000e+00  1.98575000e-08  0.00000000e+00  1.98575000e-08  2.38922723e-09 
 1.98625000e-08  1.80000000e+00  1.98625000e-08  1.80000000e+00  1.98625000e-08  0.00000000e+00  1.98625000e-08  2.38922723e-09 
 1.98675000e-08  1.80000000e+00  1.98675000e-08  1.80000000e+00  1.98675000e-08  0.00000000e+00  1.98675000e-08  2.38922723e-09 
 1.98725000e-08  1.80000000e+00  1.98725000e-08  1.80000000e+00  1.98725000e-08  0.00000000e+00  1.98725000e-08  2.38922723e-09 
 1.98775000e-08  1.80000000e+00  1.98775000e-08  1.80000000e+00  1.98775000e-08  0.00000000e+00  1.98775000e-08  2.38922723e-09 
 1.98825000e-08  1.80000000e+00  1.98825000e-08  1.80000000e+00  1.98825000e-08  0.00000000e+00  1.98825000e-08  2.38922723e-09 
 1.98875000e-08  1.80000000e+00  1.98875000e-08  1.80000000e+00  1.98875000e-08  0.00000000e+00  1.98875000e-08  2.38922723e-09 
 1.98925000e-08  1.80000000e+00  1.98925000e-08  1.80000000e+00  1.98925000e-08  0.00000000e+00  1.98925000e-08  2.38922723e-09 
 1.98975000e-08  1.80000000e+00  1.98975000e-08  1.80000000e+00  1.98975000e-08  0.00000000e+00  1.98975000e-08  2.38922723e-09 
 1.99025000e-08  1.80000000e+00  1.99025000e-08  1.80000000e+00  1.99025000e-08  0.00000000e+00  1.99025000e-08  2.38922723e-09 
 1.99075000e-08  1.80000000e+00  1.99075000e-08  1.80000000e+00  1.99075000e-08  0.00000000e+00  1.99075000e-08  2.38922723e-09 
 1.99125000e-08  1.80000000e+00  1.99125000e-08  1.80000000e+00  1.99125000e-08  0.00000000e+00  1.99125000e-08  2.38922723e-09 
 1.99175000e-08  1.80000000e+00  1.99175000e-08  1.80000000e+00  1.99175000e-08  0.00000000e+00  1.99175000e-08  2.38922723e-09 
 1.99225000e-08  1.80000000e+00  1.99225000e-08  1.80000000e+00  1.99225000e-08  0.00000000e+00  1.99225000e-08  2.38922723e-09 
 1.99275000e-08  1.80000000e+00  1.99275000e-08  1.80000000e+00  1.99275000e-08  0.00000000e+00  1.99275000e-08  2.38922723e-09 
 1.99325000e-08  1.80000000e+00  1.99325000e-08  1.80000000e+00  1.99325000e-08  0.00000000e+00  1.99325000e-08  2.38922723e-09 
 1.99375000e-08  1.80000000e+00  1.99375000e-08  1.80000000e+00  1.99375000e-08  0.00000000e+00  1.99375000e-08  2.38922723e-09 
 1.99425000e-08  1.80000000e+00  1.99425000e-08  1.80000000e+00  1.99425000e-08  0.00000000e+00  1.99425000e-08  2.38922723e-09 
 1.99475000e-08  1.80000000e+00  1.99475000e-08  1.80000000e+00  1.99475000e-08  0.00000000e+00  1.99475000e-08  2.38922723e-09 
 1.99525000e-08  1.80000000e+00  1.99525000e-08  1.80000000e+00  1.99525000e-08  0.00000000e+00  1.99525000e-08  2.38922723e-09 
 1.99575000e-08  1.80000000e+00  1.99575000e-08  1.80000000e+00  1.99575000e-08  0.00000000e+00  1.99575000e-08  2.38922723e-09 
 1.99625000e-08  1.80000000e+00  1.99625000e-08  1.80000000e+00  1.99625000e-08  0.00000000e+00  1.99625000e-08  2.38922723e-09 
 1.99675000e-08  1.80000000e+00  1.99675000e-08  1.80000000e+00  1.99675000e-08  0.00000000e+00  1.99675000e-08  2.38922723e-09 
 1.99725000e-08  1.80000000e+00  1.99725000e-08  1.80000000e+00  1.99725000e-08  0.00000000e+00  1.99725000e-08  2.38922723e-09 
 1.99775000e-08  1.80000000e+00  1.99775000e-08  1.80000000e+00  1.99775000e-08  0.00000000e+00  1.99775000e-08  2.38922723e-09 
 1.99825000e-08  1.80000000e+00  1.99825000e-08  1.80000000e+00  1.99825000e-08  0.00000000e+00  1.99825000e-08  2.38922723e-09 
 1.99875000e-08  1.80000000e+00  1.99875000e-08  1.80000000e+00  1.99875000e-08  0.00000000e+00  1.99875000e-08  2.38922723e-09 
 1.99925000e-08  1.80000000e+00  1.99925000e-08  1.80000000e+00  1.99925000e-08  0.00000000e+00  1.99925000e-08  2.38922723e-09 
 1.99975000e-08  1.80000000e+00  1.99975000e-08  1.80000000e+00  1.99975000e-08  0.00000000e+00  1.99975000e-08  2.38922723e-09 
 2.00025000e-08  1.80000000e+00  2.00025000e-08  1.80000000e+00  2.00025000e-08  0.00000000e+00  2.00025000e-08  2.38922723e-09 
 2.00075000e-08  1.80000000e+00  2.00075000e-08  1.80000000e+00  2.00075000e-08  0.00000000e+00  2.00075000e-08  2.38922723e-09 
 2.00125000e-08  1.80000000e+00  2.00125000e-08  1.80000000e+00  2.00125000e-08  0.00000000e+00  2.00125000e-08  2.38922723e-09 
 2.00175000e-08  1.80000000e+00  2.00175000e-08  1.80000000e+00  2.00175000e-08  0.00000000e+00  2.00175000e-08  2.38922723e-09 
 2.00225000e-08  1.80000000e+00  2.00225000e-08  1.80000000e+00  2.00225000e-08  0.00000000e+00  2.00225000e-08  2.38922723e-09 
 2.00275000e-08  1.80000000e+00  2.00275000e-08  1.80000000e+00  2.00275000e-08  0.00000000e+00  2.00275000e-08  2.38922723e-09 
 2.00325000e-08  1.80000000e+00  2.00325000e-08  1.80000000e+00  2.00325000e-08  0.00000000e+00  2.00325000e-08  2.38922723e-09 
 2.00375000e-08  1.80000000e+00  2.00375000e-08  1.80000000e+00  2.00375000e-08  0.00000000e+00  2.00375000e-08  2.38922723e-09 
 2.00425000e-08  1.80000000e+00  2.00425000e-08  1.80000000e+00  2.00425000e-08  0.00000000e+00  2.00425000e-08  2.38922723e-09 
 2.00475000e-08  1.80000000e+00  2.00475000e-08  1.80000000e+00  2.00475000e-08  0.00000000e+00  2.00475000e-08  2.38922723e-09 
 2.00525000e-08  1.80000000e+00  2.00525000e-08  1.80000000e+00  2.00525000e-08  0.00000000e+00  2.00525000e-08  2.38922723e-09 
 2.00575000e-08  1.80000000e+00  2.00575000e-08  1.80000000e+00  2.00575000e-08  0.00000000e+00  2.00575000e-08  2.38922723e-09 
 2.00625000e-08  1.80000000e+00  2.00625000e-08  1.80000000e+00  2.00625000e-08  0.00000000e+00  2.00625000e-08  2.38922723e-09 
 2.00675000e-08  1.80000000e+00  2.00675000e-08  1.80000000e+00  2.00675000e-08  0.00000000e+00  2.00675000e-08  2.38922723e-09 
 2.00725000e-08  1.80000000e+00  2.00725000e-08  1.80000000e+00  2.00725000e-08  0.00000000e+00  2.00725000e-08  2.38922723e-09 
 2.00775000e-08  1.80000000e+00  2.00775000e-08  1.80000000e+00  2.00775000e-08  0.00000000e+00  2.00775000e-08  2.38922723e-09 
 2.00825000e-08  1.80000000e+00  2.00825000e-08  1.80000000e+00  2.00825000e-08  0.00000000e+00  2.00825000e-08  2.38922723e-09 
 2.00875000e-08  1.80000000e+00  2.00875000e-08  1.80000000e+00  2.00875000e-08  0.00000000e+00  2.00875000e-08  2.38922723e-09 
 2.00925000e-08  1.80000000e+00  2.00925000e-08  1.80000000e+00  2.00925000e-08  0.00000000e+00  2.00925000e-08  2.38922723e-09 
 2.00975000e-08  1.80000000e+00  2.00975000e-08  1.80000000e+00  2.00975000e-08  0.00000000e+00  2.00975000e-08  2.38922723e-09 
 2.01025000e-08  1.80000000e+00  2.01025000e-08  1.80000000e+00  2.01025000e-08  0.00000000e+00  2.01025000e-08  2.38922723e-09 
 2.01075000e-08  1.80000000e+00  2.01075000e-08  1.80000000e+00  2.01075000e-08  0.00000000e+00  2.01075000e-08  2.38922723e-09 
 2.01125000e-08  1.80000000e+00  2.01125000e-08  1.80000000e+00  2.01125000e-08  0.00000000e+00  2.01125000e-08  2.38922723e-09 
 2.01175000e-08  1.80000000e+00  2.01175000e-08  1.80000000e+00  2.01175000e-08  0.00000000e+00  2.01175000e-08  2.38922723e-09 
 2.01225000e-08  1.80000000e+00  2.01225000e-08  1.80000000e+00  2.01225000e-08  0.00000000e+00  2.01225000e-08  2.38922723e-09 
 2.01275000e-08  1.80000000e+00  2.01275000e-08  1.80000000e+00  2.01275000e-08  0.00000000e+00  2.01275000e-08  2.38922723e-09 
 2.01325000e-08  1.80000000e+00  2.01325000e-08  1.80000000e+00  2.01325000e-08  0.00000000e+00  2.01325000e-08  2.38922723e-09 
 2.01375000e-08  1.80000000e+00  2.01375000e-08  1.80000000e+00  2.01375000e-08  0.00000000e+00  2.01375000e-08  2.38922723e-09 
 2.01425000e-08  1.80000000e+00  2.01425000e-08  1.80000000e+00  2.01425000e-08  0.00000000e+00  2.01425000e-08  2.38922723e-09 
 2.01475000e-08  1.80000000e+00  2.01475000e-08  1.80000000e+00  2.01475000e-08  0.00000000e+00  2.01475000e-08  2.38922723e-09 
 2.01525000e-08  1.80000000e+00  2.01525000e-08  1.80000000e+00  2.01525000e-08  0.00000000e+00  2.01525000e-08  2.38922723e-09 
 2.01575000e-08  1.80000000e+00  2.01575000e-08  1.80000000e+00  2.01575000e-08  0.00000000e+00  2.01575000e-08  2.38922723e-09 
 2.01625000e-08  1.80000000e+00  2.01625000e-08  1.80000000e+00  2.01625000e-08  0.00000000e+00  2.01625000e-08  2.38922723e-09 
 2.01675000e-08  1.80000000e+00  2.01675000e-08  1.80000000e+00  2.01675000e-08  0.00000000e+00  2.01675000e-08  2.38922723e-09 
 2.01725000e-08  1.80000000e+00  2.01725000e-08  1.80000000e+00  2.01725000e-08  0.00000000e+00  2.01725000e-08  2.38922723e-09 
 2.01775000e-08  1.80000000e+00  2.01775000e-08  1.80000000e+00  2.01775000e-08  0.00000000e+00  2.01775000e-08  2.38922723e-09 
 2.01825000e-08  1.80000000e+00  2.01825000e-08  1.80000000e+00  2.01825000e-08  0.00000000e+00  2.01825000e-08  2.38922723e-09 
 2.01875000e-08  1.80000000e+00  2.01875000e-08  1.80000000e+00  2.01875000e-08  0.00000000e+00  2.01875000e-08  2.38922723e-09 
 2.01925000e-08  1.80000000e+00  2.01925000e-08  1.80000000e+00  2.01925000e-08  0.00000000e+00  2.01925000e-08  2.38922723e-09 
 2.01975000e-08  1.80000000e+00  2.01975000e-08  1.80000000e+00  2.01975000e-08  0.00000000e+00  2.01975000e-08  2.38922723e-09 
 2.02025000e-08  1.80000000e+00  2.02025000e-08  1.80000000e+00  2.02025000e-08  0.00000000e+00  2.02025000e-08  2.38922723e-09 
 2.02075000e-08  1.80000000e+00  2.02075000e-08  1.80000000e+00  2.02075000e-08  0.00000000e+00  2.02075000e-08  2.38922723e-09 
 2.02125000e-08  1.80000000e+00  2.02125000e-08  1.80000000e+00  2.02125000e-08  0.00000000e+00  2.02125000e-08  2.38922723e-09 
 2.02175000e-08  1.80000000e+00  2.02175000e-08  1.80000000e+00  2.02175000e-08  0.00000000e+00  2.02175000e-08  2.38922723e-09 
 2.02225000e-08  1.80000000e+00  2.02225000e-08  1.80000000e+00  2.02225000e-08  0.00000000e+00  2.02225000e-08  2.38922723e-09 
 2.02275000e-08  1.80000000e+00  2.02275000e-08  1.80000000e+00  2.02275000e-08  0.00000000e+00  2.02275000e-08  2.38922723e-09 
 2.02325000e-08  1.80000000e+00  2.02325000e-08  1.80000000e+00  2.02325000e-08  0.00000000e+00  2.02325000e-08  2.38922723e-09 
 2.02375000e-08  1.80000000e+00  2.02375000e-08  1.80000000e+00  2.02375000e-08  0.00000000e+00  2.02375000e-08  2.38922723e-09 
 2.02425000e-08  1.80000000e+00  2.02425000e-08  1.80000000e+00  2.02425000e-08  0.00000000e+00  2.02425000e-08  2.38922723e-09 
 2.02475000e-08  1.80000000e+00  2.02475000e-08  1.80000000e+00  2.02475000e-08  0.00000000e+00  2.02475000e-08  2.38922723e-09 
 2.02525000e-08  1.80000000e+00  2.02525000e-08  1.80000000e+00  2.02525000e-08  0.00000000e+00  2.02525000e-08  2.38922723e-09 
 2.02575000e-08  1.80000000e+00  2.02575000e-08  1.80000000e+00  2.02575000e-08  0.00000000e+00  2.02575000e-08  2.38922723e-09 
 2.02625000e-08  1.80000000e+00  2.02625000e-08  1.80000000e+00  2.02625000e-08  0.00000000e+00  2.02625000e-08  2.38922723e-09 
 2.02675000e-08  1.80000000e+00  2.02675000e-08  1.80000000e+00  2.02675000e-08  0.00000000e+00  2.02675000e-08  2.38922723e-09 
 2.02725000e-08  1.80000000e+00  2.02725000e-08  1.80000000e+00  2.02725000e-08  0.00000000e+00  2.02725000e-08  2.38922723e-09 
 2.02775000e-08  1.80000000e+00  2.02775000e-08  1.80000000e+00  2.02775000e-08  0.00000000e+00  2.02775000e-08  2.38922723e-09 
 2.02825000e-08  1.80000000e+00  2.02825000e-08  1.80000000e+00  2.02825000e-08  0.00000000e+00  2.02825000e-08  2.38922723e-09 
 2.02875000e-08  1.80000000e+00  2.02875000e-08  1.80000000e+00  2.02875000e-08  0.00000000e+00  2.02875000e-08  2.38922723e-09 
 2.02925000e-08  1.80000000e+00  2.02925000e-08  1.80000000e+00  2.02925000e-08  0.00000000e+00  2.02925000e-08  2.38922723e-09 
 2.02975000e-08  1.80000000e+00  2.02975000e-08  1.80000000e+00  2.02975000e-08  0.00000000e+00  2.02975000e-08  2.38922723e-09 
 2.03025000e-08  1.80000000e+00  2.03025000e-08  1.80000000e+00  2.03025000e-08  0.00000000e+00  2.03025000e-08  2.38922723e-09 
 2.03075000e-08  1.80000000e+00  2.03075000e-08  1.80000000e+00  2.03075000e-08  0.00000000e+00  2.03075000e-08  2.38922723e-09 
 2.03125000e-08  1.80000000e+00  2.03125000e-08  1.80000000e+00  2.03125000e-08  0.00000000e+00  2.03125000e-08  2.38922723e-09 
 2.03175000e-08  1.80000000e+00  2.03175000e-08  1.80000000e+00  2.03175000e-08  0.00000000e+00  2.03175000e-08  2.38922723e-09 
 2.03225000e-08  1.80000000e+00  2.03225000e-08  1.80000000e+00  2.03225000e-08  0.00000000e+00  2.03225000e-08  2.38922723e-09 
 2.03275000e-08  1.80000000e+00  2.03275000e-08  1.80000000e+00  2.03275000e-08  0.00000000e+00  2.03275000e-08  2.38922723e-09 
 2.03325000e-08  1.80000000e+00  2.03325000e-08  1.80000000e+00  2.03325000e-08  0.00000000e+00  2.03325000e-08  2.38922723e-09 
 2.03375000e-08  1.80000000e+00  2.03375000e-08  1.80000000e+00  2.03375000e-08  0.00000000e+00  2.03375000e-08  2.38922723e-09 
 2.03425000e-08  1.80000000e+00  2.03425000e-08  1.80000000e+00  2.03425000e-08  0.00000000e+00  2.03425000e-08  2.38922723e-09 
 2.03475000e-08  1.80000000e+00  2.03475000e-08  1.80000000e+00  2.03475000e-08  0.00000000e+00  2.03475000e-08  2.38922723e-09 
 2.03525000e-08  1.80000000e+00  2.03525000e-08  1.80000000e+00  2.03525000e-08  0.00000000e+00  2.03525000e-08  2.38922723e-09 
 2.03575000e-08  1.80000000e+00  2.03575000e-08  1.80000000e+00  2.03575000e-08  0.00000000e+00  2.03575000e-08  2.38922723e-09 
 2.03625000e-08  1.80000000e+00  2.03625000e-08  1.80000000e+00  2.03625000e-08  0.00000000e+00  2.03625000e-08  2.38922723e-09 
 2.03675000e-08  1.80000000e+00  2.03675000e-08  1.80000000e+00  2.03675000e-08  0.00000000e+00  2.03675000e-08  2.38922723e-09 
 2.03725000e-08  1.80000000e+00  2.03725000e-08  1.80000000e+00  2.03725000e-08  0.00000000e+00  2.03725000e-08  2.38922723e-09 
 2.03775000e-08  1.80000000e+00  2.03775000e-08  1.80000000e+00  2.03775000e-08  0.00000000e+00  2.03775000e-08  2.38922723e-09 
 2.03825000e-08  1.80000000e+00  2.03825000e-08  1.80000000e+00  2.03825000e-08  0.00000000e+00  2.03825000e-08  2.38922723e-09 
 2.03875000e-08  1.80000000e+00  2.03875000e-08  1.80000000e+00  2.03875000e-08  0.00000000e+00  2.03875000e-08  2.38922723e-09 
 2.03925000e-08  1.80000000e+00  2.03925000e-08  1.80000000e+00  2.03925000e-08  0.00000000e+00  2.03925000e-08  2.38922723e-09 
 2.03975000e-08  1.80000000e+00  2.03975000e-08  1.80000000e+00  2.03975000e-08  0.00000000e+00  2.03975000e-08  2.38922723e-09 
 2.04025000e-08  1.80000000e+00  2.04025000e-08  1.80000000e+00  2.04025000e-08  0.00000000e+00  2.04025000e-08  2.38922723e-09 
 2.04075000e-08  1.80000000e+00  2.04075000e-08  1.80000000e+00  2.04075000e-08  0.00000000e+00  2.04075000e-08  2.38922723e-09 
 2.04125000e-08  1.80000000e+00  2.04125000e-08  1.80000000e+00  2.04125000e-08  0.00000000e+00  2.04125000e-08  2.38922723e-09 
 2.04175000e-08  1.80000000e+00  2.04175000e-08  1.80000000e+00  2.04175000e-08  0.00000000e+00  2.04175000e-08  2.38922723e-09 
 2.04225000e-08  1.80000000e+00  2.04225000e-08  1.80000000e+00  2.04225000e-08  0.00000000e+00  2.04225000e-08  2.38922723e-09 
 2.04275000e-08  1.80000000e+00  2.04275000e-08  1.80000000e+00  2.04275000e-08  0.00000000e+00  2.04275000e-08  2.38922723e-09 
 2.04325000e-08  1.80000000e+00  2.04325000e-08  1.80000000e+00  2.04325000e-08  0.00000000e+00  2.04325000e-08  2.38922723e-09 
 2.04375000e-08  1.80000000e+00  2.04375000e-08  1.80000000e+00  2.04375000e-08  0.00000000e+00  2.04375000e-08  2.38922723e-09 
 2.04425000e-08  1.80000000e+00  2.04425000e-08  1.80000000e+00  2.04425000e-08  0.00000000e+00  2.04425000e-08  2.38922723e-09 
 2.04475000e-08  1.80000000e+00  2.04475000e-08  1.80000000e+00  2.04475000e-08  0.00000000e+00  2.04475000e-08  2.38922723e-09 
 2.04525000e-08  1.80000000e+00  2.04525000e-08  1.80000000e+00  2.04525000e-08  0.00000000e+00  2.04525000e-08  2.38922723e-09 
 2.04575000e-08  1.80000000e+00  2.04575000e-08  1.80000000e+00  2.04575000e-08  0.00000000e+00  2.04575000e-08  2.38922723e-09 
 2.04625000e-08  1.80000000e+00  2.04625000e-08  1.80000000e+00  2.04625000e-08  0.00000000e+00  2.04625000e-08  2.38922723e-09 
 2.04675000e-08  1.80000000e+00  2.04675000e-08  1.80000000e+00  2.04675000e-08  0.00000000e+00  2.04675000e-08  2.38922723e-09 
 2.04725000e-08  1.80000000e+00  2.04725000e-08  1.80000000e+00  2.04725000e-08  0.00000000e+00  2.04725000e-08  2.38922723e-09 
 2.04775000e-08  1.80000000e+00  2.04775000e-08  1.80000000e+00  2.04775000e-08  0.00000000e+00  2.04775000e-08  2.38922723e-09 
 2.04825000e-08  1.80000000e+00  2.04825000e-08  1.80000000e+00  2.04825000e-08  0.00000000e+00  2.04825000e-08  2.38922723e-09 
 2.04875000e-08  1.80000000e+00  2.04875000e-08  1.80000000e+00  2.04875000e-08  0.00000000e+00  2.04875000e-08  2.38922723e-09 
 2.04925000e-08  1.80000000e+00  2.04925000e-08  1.80000000e+00  2.04925000e-08  0.00000000e+00  2.04925000e-08  2.38922723e-09 
 2.04975000e-08  1.80000000e+00  2.04975000e-08  1.80000000e+00  2.04975000e-08  0.00000000e+00  2.04975000e-08  2.38922723e-09 
 2.05025000e-08  1.80000000e+00  2.05025000e-08  1.80000000e+00  2.05025000e-08  0.00000000e+00  2.05025000e-08  2.38922723e-09 
 2.05075000e-08  1.80000000e+00  2.05075000e-08  1.80000000e+00  2.05075000e-08  0.00000000e+00  2.05075000e-08  2.38922723e-09 
 2.05125000e-08  1.80000000e+00  2.05125000e-08  1.80000000e+00  2.05125000e-08  0.00000000e+00  2.05125000e-08  2.38922723e-09 
 2.05175000e-08  1.80000000e+00  2.05175000e-08  1.80000000e+00  2.05175000e-08  0.00000000e+00  2.05175000e-08  2.38922723e-09 
 2.05225000e-08  1.80000000e+00  2.05225000e-08  1.80000000e+00  2.05225000e-08  0.00000000e+00  2.05225000e-08  2.38922723e-09 
 2.05275000e-08  1.80000000e+00  2.05275000e-08  1.80000000e+00  2.05275000e-08  0.00000000e+00  2.05275000e-08  2.38922723e-09 
 2.05325000e-08  1.80000000e+00  2.05325000e-08  1.80000000e+00  2.05325000e-08  0.00000000e+00  2.05325000e-08  2.38922723e-09 
 2.05375000e-08  1.80000000e+00  2.05375000e-08  1.80000000e+00  2.05375000e-08  0.00000000e+00  2.05375000e-08  2.38922723e-09 
 2.05425000e-08  1.80000000e+00  2.05425000e-08  1.80000000e+00  2.05425000e-08  0.00000000e+00  2.05425000e-08  2.38922723e-09 
 2.05475000e-08  1.80000000e+00  2.05475000e-08  1.80000000e+00  2.05475000e-08  0.00000000e+00  2.05475000e-08  2.38922723e-09 
 2.05525000e-08  1.80000000e+00  2.05525000e-08  1.80000000e+00  2.05525000e-08  0.00000000e+00  2.05525000e-08  2.38922723e-09 
 2.05575000e-08  1.80000000e+00  2.05575000e-08  1.80000000e+00  2.05575000e-08  0.00000000e+00  2.05575000e-08  2.38922723e-09 
 2.05625000e-08  1.80000000e+00  2.05625000e-08  1.80000000e+00  2.05625000e-08  0.00000000e+00  2.05625000e-08  2.38922723e-09 
 2.05675000e-08  1.80000000e+00  2.05675000e-08  1.80000000e+00  2.05675000e-08  0.00000000e+00  2.05675000e-08  2.38922723e-09 
 2.05725000e-08  1.80000000e+00  2.05725000e-08  1.80000000e+00  2.05725000e-08  0.00000000e+00  2.05725000e-08  2.38922723e-09 
 2.05775000e-08  1.80000000e+00  2.05775000e-08  1.80000000e+00  2.05775000e-08  0.00000000e+00  2.05775000e-08  2.38922723e-09 
 2.05825000e-08  1.80000000e+00  2.05825000e-08  1.80000000e+00  2.05825000e-08  0.00000000e+00  2.05825000e-08  2.38922723e-09 
 2.05875000e-08  1.80000000e+00  2.05875000e-08  1.80000000e+00  2.05875000e-08  0.00000000e+00  2.05875000e-08  2.38922723e-09 
 2.05925000e-08  1.80000000e+00  2.05925000e-08  1.80000000e+00  2.05925000e-08  0.00000000e+00  2.05925000e-08  2.38922723e-09 
 2.05975000e-08  1.80000000e+00  2.05975000e-08  1.80000000e+00  2.05975000e-08  0.00000000e+00  2.05975000e-08  2.38922723e-09 
 2.06025000e-08  1.80000000e+00  2.06025000e-08  1.80000000e+00  2.06025000e-08  0.00000000e+00  2.06025000e-08  2.38922723e-09 
 2.06075000e-08  1.80000000e+00  2.06075000e-08  1.80000000e+00  2.06075000e-08  0.00000000e+00  2.06075000e-08  2.38922723e-09 
 2.06125000e-08  1.80000000e+00  2.06125000e-08  1.80000000e+00  2.06125000e-08  0.00000000e+00  2.06125000e-08  2.38922723e-09 
 2.06175000e-08  1.80000000e+00  2.06175000e-08  1.80000000e+00  2.06175000e-08  0.00000000e+00  2.06175000e-08  2.38922723e-09 
 2.06225000e-08  1.80000000e+00  2.06225000e-08  1.80000000e+00  2.06225000e-08  0.00000000e+00  2.06225000e-08  2.38922723e-09 
 2.06275000e-08  1.80000000e+00  2.06275000e-08  1.80000000e+00  2.06275000e-08  0.00000000e+00  2.06275000e-08  2.38922723e-09 
 2.06325000e-08  1.80000000e+00  2.06325000e-08  1.80000000e+00  2.06325000e-08  0.00000000e+00  2.06325000e-08  2.38922723e-09 
 2.06375000e-08  1.80000000e+00  2.06375000e-08  1.80000000e+00  2.06375000e-08  0.00000000e+00  2.06375000e-08  2.38922723e-09 
 2.06425000e-08  1.80000000e+00  2.06425000e-08  1.80000000e+00  2.06425000e-08  0.00000000e+00  2.06425000e-08  2.38922723e-09 
 2.06475000e-08  1.80000000e+00  2.06475000e-08  1.80000000e+00  2.06475000e-08  0.00000000e+00  2.06475000e-08  2.38922723e-09 
 2.06525000e-08  1.80000000e+00  2.06525000e-08  1.80000000e+00  2.06525000e-08  0.00000000e+00  2.06525000e-08  2.38922723e-09 
 2.06575000e-08  1.80000000e+00  2.06575000e-08  1.80000000e+00  2.06575000e-08  0.00000000e+00  2.06575000e-08  2.38922723e-09 
 2.06625000e-08  1.80000000e+00  2.06625000e-08  1.80000000e+00  2.06625000e-08  0.00000000e+00  2.06625000e-08  2.38922723e-09 
 2.06675000e-08  1.80000000e+00  2.06675000e-08  1.80000000e+00  2.06675000e-08  0.00000000e+00  2.06675000e-08  2.38922723e-09 
 2.06725000e-08  1.80000000e+00  2.06725000e-08  1.80000000e+00  2.06725000e-08  0.00000000e+00  2.06725000e-08  2.38922723e-09 
 2.06775000e-08  1.80000000e+00  2.06775000e-08  1.80000000e+00  2.06775000e-08  0.00000000e+00  2.06775000e-08  2.38922723e-09 
 2.06825000e-08  1.80000000e+00  2.06825000e-08  1.80000000e+00  2.06825000e-08  0.00000000e+00  2.06825000e-08  2.38922723e-09 
 2.06875000e-08  1.80000000e+00  2.06875000e-08  1.80000000e+00  2.06875000e-08  0.00000000e+00  2.06875000e-08  2.38922723e-09 
 2.06925000e-08  1.80000000e+00  2.06925000e-08  1.80000000e+00  2.06925000e-08  0.00000000e+00  2.06925000e-08  2.38922723e-09 
 2.06975000e-08  1.80000000e+00  2.06975000e-08  1.80000000e+00  2.06975000e-08  0.00000000e+00  2.06975000e-08  2.38922723e-09 
 2.07025000e-08  1.80000000e+00  2.07025000e-08  1.80000000e+00  2.07025000e-08  0.00000000e+00  2.07025000e-08  2.38922723e-09 
 2.07075000e-08  1.80000000e+00  2.07075000e-08  1.80000000e+00  2.07075000e-08  0.00000000e+00  2.07075000e-08  2.38922723e-09 
 2.07125000e-08  1.80000000e+00  2.07125000e-08  1.80000000e+00  2.07125000e-08  0.00000000e+00  2.07125000e-08  2.38922723e-09 
 2.07175000e-08  1.80000000e+00  2.07175000e-08  1.80000000e+00  2.07175000e-08  0.00000000e+00  2.07175000e-08  2.38922723e-09 
 2.07225000e-08  1.80000000e+00  2.07225000e-08  1.80000000e+00  2.07225000e-08  0.00000000e+00  2.07225000e-08  2.38922723e-09 
 2.07275000e-08  1.80000000e+00  2.07275000e-08  1.80000000e+00  2.07275000e-08  0.00000000e+00  2.07275000e-08  2.38922723e-09 
 2.07325000e-08  1.80000000e+00  2.07325000e-08  1.80000000e+00  2.07325000e-08  0.00000000e+00  2.07325000e-08  2.38922723e-09 
 2.07375000e-08  1.80000000e+00  2.07375000e-08  1.80000000e+00  2.07375000e-08  0.00000000e+00  2.07375000e-08  2.38922723e-09 
 2.07425000e-08  1.80000000e+00  2.07425000e-08  1.80000000e+00  2.07425000e-08  0.00000000e+00  2.07425000e-08  2.38922723e-09 
 2.07475000e-08  1.80000000e+00  2.07475000e-08  1.80000000e+00  2.07475000e-08  0.00000000e+00  2.07475000e-08  2.38922723e-09 
 2.07525000e-08  1.80000000e+00  2.07525000e-08  1.80000000e+00  2.07525000e-08  0.00000000e+00  2.07525000e-08  2.38922723e-09 
 2.07575000e-08  1.80000000e+00  2.07575000e-08  1.80000000e+00  2.07575000e-08  0.00000000e+00  2.07575000e-08  2.38922723e-09 
 2.07625000e-08  1.80000000e+00  2.07625000e-08  1.80000000e+00  2.07625000e-08  0.00000000e+00  2.07625000e-08  2.38922723e-09 
 2.07675000e-08  1.80000000e+00  2.07675000e-08  1.80000000e+00  2.07675000e-08  0.00000000e+00  2.07675000e-08  2.38922723e-09 
 2.07725000e-08  1.80000000e+00  2.07725000e-08  1.80000000e+00  2.07725000e-08  0.00000000e+00  2.07725000e-08  2.38922723e-09 
 2.07775000e-08  1.80000000e+00  2.07775000e-08  1.80000000e+00  2.07775000e-08  0.00000000e+00  2.07775000e-08  2.38922723e-09 
 2.07825000e-08  1.80000000e+00  2.07825000e-08  1.80000000e+00  2.07825000e-08  0.00000000e+00  2.07825000e-08  2.38922723e-09 
 2.07875000e-08  1.80000000e+00  2.07875000e-08  1.80000000e+00  2.07875000e-08  0.00000000e+00  2.07875000e-08  2.38922723e-09 
 2.07925000e-08  1.80000000e+00  2.07925000e-08  1.80000000e+00  2.07925000e-08  0.00000000e+00  2.07925000e-08  2.38922723e-09 
 2.07975000e-08  1.80000000e+00  2.07975000e-08  1.80000000e+00  2.07975000e-08  0.00000000e+00  2.07975000e-08  2.38922723e-09 
 2.08025000e-08  1.80000000e+00  2.08025000e-08  1.80000000e+00  2.08025000e-08  0.00000000e+00  2.08025000e-08  2.38922723e-09 
 2.08075000e-08  1.80000000e+00  2.08075000e-08  1.80000000e+00  2.08075000e-08  0.00000000e+00  2.08075000e-08  2.38922723e-09 
 2.08125000e-08  1.80000000e+00  2.08125000e-08  1.80000000e+00  2.08125000e-08  0.00000000e+00  2.08125000e-08  2.38922723e-09 
 2.08175000e-08  1.80000000e+00  2.08175000e-08  1.80000000e+00  2.08175000e-08  0.00000000e+00  2.08175000e-08  2.38922723e-09 
 2.08225000e-08  1.80000000e+00  2.08225000e-08  1.80000000e+00  2.08225000e-08  0.00000000e+00  2.08225000e-08  2.38922723e-09 
 2.08275000e-08  1.80000000e+00  2.08275000e-08  1.80000000e+00  2.08275000e-08  0.00000000e+00  2.08275000e-08  2.38922723e-09 
 2.08325000e-08  1.80000000e+00  2.08325000e-08  1.80000000e+00  2.08325000e-08  0.00000000e+00  2.08325000e-08  2.38922723e-09 
 2.08375000e-08  1.80000000e+00  2.08375000e-08  1.80000000e+00  2.08375000e-08  0.00000000e+00  2.08375000e-08  2.38922723e-09 
 2.08425000e-08  1.80000000e+00  2.08425000e-08  1.80000000e+00  2.08425000e-08  0.00000000e+00  2.08425000e-08  2.38922723e-09 
 2.08475000e-08  1.80000000e+00  2.08475000e-08  1.80000000e+00  2.08475000e-08  0.00000000e+00  2.08475000e-08  2.38922723e-09 
 2.08525000e-08  1.80000000e+00  2.08525000e-08  1.80000000e+00  2.08525000e-08  0.00000000e+00  2.08525000e-08  2.38922723e-09 
 2.08575000e-08  1.80000000e+00  2.08575000e-08  1.80000000e+00  2.08575000e-08  0.00000000e+00  2.08575000e-08  2.38922723e-09 
 2.08625000e-08  1.80000000e+00  2.08625000e-08  1.80000000e+00  2.08625000e-08  0.00000000e+00  2.08625000e-08  2.38922723e-09 
 2.08675000e-08  1.80000000e+00  2.08675000e-08  1.80000000e+00  2.08675000e-08  0.00000000e+00  2.08675000e-08  2.38922723e-09 
 2.08725000e-08  1.80000000e+00  2.08725000e-08  1.80000000e+00  2.08725000e-08  0.00000000e+00  2.08725000e-08  2.38922723e-09 
 2.08775000e-08  1.80000000e+00  2.08775000e-08  1.80000000e+00  2.08775000e-08  0.00000000e+00  2.08775000e-08  2.38922723e-09 
 2.08825000e-08  1.80000000e+00  2.08825000e-08  1.80000000e+00  2.08825000e-08  0.00000000e+00  2.08825000e-08  2.38922723e-09 
 2.08875000e-08  1.80000000e+00  2.08875000e-08  1.80000000e+00  2.08875000e-08  0.00000000e+00  2.08875000e-08  2.38922723e-09 
 2.08925000e-08  1.80000000e+00  2.08925000e-08  1.80000000e+00  2.08925000e-08  0.00000000e+00  2.08925000e-08  2.38922723e-09 
 2.08975000e-08  1.80000000e+00  2.08975000e-08  1.80000000e+00  2.08975000e-08  0.00000000e+00  2.08975000e-08  2.38922723e-09 
 2.09025000e-08  1.80000000e+00  2.09025000e-08  1.80000000e+00  2.09025000e-08  0.00000000e+00  2.09025000e-08  2.38922723e-09 
 2.09075000e-08  1.80000000e+00  2.09075000e-08  1.80000000e+00  2.09075000e-08  0.00000000e+00  2.09075000e-08  2.38922723e-09 
 2.09125000e-08  1.80000000e+00  2.09125000e-08  1.80000000e+00  2.09125000e-08  0.00000000e+00  2.09125000e-08  2.38922723e-09 
 2.09175000e-08  1.80000000e+00  2.09175000e-08  1.80000000e+00  2.09175000e-08  0.00000000e+00  2.09175000e-08  2.38922723e-09 
 2.09225000e-08  1.80000000e+00  2.09225000e-08  1.80000000e+00  2.09225000e-08  0.00000000e+00  2.09225000e-08  2.38922723e-09 
 2.09275000e-08  1.80000000e+00  2.09275000e-08  1.80000000e+00  2.09275000e-08  0.00000000e+00  2.09275000e-08  2.38922723e-09 
 2.09325000e-08  1.80000000e+00  2.09325000e-08  1.80000000e+00  2.09325000e-08  0.00000000e+00  2.09325000e-08  2.38922723e-09 
 2.09375000e-08  1.80000000e+00  2.09375000e-08  1.80000000e+00  2.09375000e-08  0.00000000e+00  2.09375000e-08  2.38922723e-09 
 2.09425000e-08  1.80000000e+00  2.09425000e-08  1.80000000e+00  2.09425000e-08  0.00000000e+00  2.09425000e-08  2.38922723e-09 
 2.09475000e-08  1.80000000e+00  2.09475000e-08  1.80000000e+00  2.09475000e-08  0.00000000e+00  2.09475000e-08  2.38922723e-09 
 2.09525000e-08  1.80000000e+00  2.09525000e-08  1.80000000e+00  2.09525000e-08  0.00000000e+00  2.09525000e-08  2.38922723e-09 
 2.09575000e-08  1.80000000e+00  2.09575000e-08  1.80000000e+00  2.09575000e-08  0.00000000e+00  2.09575000e-08  2.38922723e-09 
 2.09625000e-08  1.80000000e+00  2.09625000e-08  1.80000000e+00  2.09625000e-08  0.00000000e+00  2.09625000e-08  2.38922723e-09 
 2.09675000e-08  1.80000000e+00  2.09675000e-08  1.80000000e+00  2.09675000e-08  0.00000000e+00  2.09675000e-08  2.38922723e-09 
 2.09725000e-08  1.80000000e+00  2.09725000e-08  1.80000000e+00  2.09725000e-08  0.00000000e+00  2.09725000e-08  2.38922723e-09 
 2.09775000e-08  1.80000000e+00  2.09775000e-08  1.80000000e+00  2.09775000e-08  0.00000000e+00  2.09775000e-08  2.38922723e-09 
 2.09825000e-08  1.80000000e+00  2.09825000e-08  1.80000000e+00  2.09825000e-08  0.00000000e+00  2.09825000e-08  2.38922723e-09 
 2.09875000e-08  1.80000000e+00  2.09875000e-08  1.80000000e+00  2.09875000e-08  0.00000000e+00  2.09875000e-08  2.38922723e-09 
 2.09925000e-08  1.80000000e+00  2.09925000e-08  1.80000000e+00  2.09925000e-08  0.00000000e+00  2.09925000e-08  2.38922723e-09 
 2.09975000e-08  1.80000000e+00  2.09975000e-08  1.80000000e+00  2.09975000e-08  0.00000000e+00  2.09975000e-08  2.38922723e-09 
 2.10000000e-08  1.80000000e+00  2.10000000e-08  1.80000000e+00  2.10000000e-08  0.00000000e+00  2.10000000e-08  2.38922723e-09 
 2.10005000e-08  1.80000000e+00  2.10005000e-08  1.80000000e+00  2.10005000e-08  1.80000000e-02  2.10005000e-08  6.52059126e-04 
 2.10015000e-08  1.80000000e+00  2.10015000e-08  1.80000000e+00  2.10015000e-08  5.40000000e-02  2.10015000e-08  3.18895468e-03 
 2.10035000e-08  1.80000000e+00  2.10035000e-08  1.80000000e+00  2.10035000e-08  1.26000000e-01  2.10035000e-08  1.49535530e-02 
 2.10075000e-08  1.80000000e+00  2.10075000e-08  1.80000000e+00  2.10075000e-08  2.70000000e-01  2.10075000e-08  5.91569453e-02 
 2.10125000e-08  1.80000000e+00  2.10125000e-08  1.80000000e+00  2.10125000e-08  4.50000000e-01  2.10125000e-08  1.40625375e-01 
 2.10175000e-08  1.80000000e+00  2.10175000e-08  1.80000000e+00  2.10175000e-08  6.30000000e-01  2.10175000e-08  2.39810451e-01 
 2.10225000e-08  1.80000000e+00  2.10225000e-08  1.80000000e+00  2.10225000e-08  8.10000000e-01  2.10225000e-08  3.52083530e-01 
 2.10275000e-08  1.80000000e+00  2.10275000e-08  1.80000000e+00  2.10275000e-08  9.90000000e-01  2.10275000e-08  4.77126913e-01 
 2.10325000e-08  1.80000000e+00  2.10325000e-08  1.80000000e+00  2.10325000e-08  1.17000000e+00  2.10325000e-08  6.14251515e-01 
 2.10375000e-08  1.80000000e+00  2.10375000e-08  1.80000000e+00  2.10375000e-08  1.35000000e+00  2.10375000e-08  7.61320061e-01 
 2.10425000e-08  1.80000000e+00  2.10425000e-08  1.80000000e+00  2.10425000e-08  1.53000000e+00  2.10425000e-08  9.18146270e-01 
 2.10475000e-08  1.80000000e+00  2.10475000e-08  1.80000000e+00  2.10475000e-08  1.71000000e+00  2.10475000e-08  1.08868875e+00 
 2.10500000e-08  1.80000000e+00  2.10500000e-08  1.80000000e+00  2.10500000e-08  1.80000000e+00  2.10500000e-08  1.18060913e+00 
 2.10505000e-08  1.80000000e+00  2.10505000e-08  1.80000000e+00  2.10505000e-08  1.80000000e+00  2.10505000e-08  1.19900253e+00 
 2.10515000e-08  1.80000000e+00  2.10515000e-08  1.80000000e+00  2.10515000e-08  1.80000000e+00  2.10515000e-08  1.23484770e+00 
 2.10535000e-08  1.80000000e+00  2.10535000e-08  1.80000000e+00  2.10535000e-08  1.80000000e+00  2.10535000e-08  1.30116508e+00 
 2.10575000e-08  1.80000000e+00  2.10575000e-08  1.80000000e+00  2.10575000e-08  1.80000000e+00  2.10575000e-08  1.41471794e+00 
 2.10625000e-08  1.80000000e+00  2.10625000e-08  1.80000000e+00  2.10625000e-08  1.80000000e+00  2.10625000e-08  1.52527618e+00 
 2.10675000e-08  1.80000000e+00  2.10675000e-08  1.80000000e+00  2.10675000e-08  1.80000000e+00  2.10675000e-08  1.60662300e+00 
 2.10725000e-08  1.80000000e+00  2.10725000e-08  1.80000000e+00  2.10725000e-08  1.80000000e+00  2.10725000e-08  1.66516273e+00 
 2.10775000e-08  1.80000000e+00  2.10775000e-08  1.80000000e+00  2.10775000e-08  1.80000000e+00  2.10775000e-08  1.70662868e+00 
 2.10825000e-08  1.80000000e+00  2.10825000e-08  1.80000000e+00  2.10825000e-08  1.80000000e+00  2.10825000e-08  1.73566220e+00 
 2.10875000e-08  1.80000000e+00  2.10875000e-08  1.80000000e+00  2.10875000e-08  1.80000000e+00  2.10875000e-08  1.75581046e+00 
 2.10925000e-08  1.80000000e+00  2.10925000e-08  1.80000000e+00  2.10925000e-08  1.80000000e+00  2.10925000e-08  1.76971624e+00 
 2.10975000e-08  1.80000000e+00  2.10975000e-08  1.80000000e+00  2.10975000e-08  1.80000000e+00  2.10975000e-08  1.77927760e+00 
 2.11025000e-08  1.80000000e+00  2.11025000e-08  1.80000000e+00  2.11025000e-08  1.80000000e+00  2.11025000e-08  1.78583494e+00 
 2.11075000e-08  1.80000000e+00  2.11075000e-08  1.80000000e+00  2.11075000e-08  1.80000000e+00  2.11075000e-08  1.79032418e+00 
 2.11125000e-08  1.80000000e+00  2.11125000e-08  1.80000000e+00  2.11125000e-08  1.80000000e+00  2.11125000e-08  1.79339389e+00 
 2.11175000e-08  1.80000000e+00  2.11175000e-08  1.80000000e+00  2.11175000e-08  1.80000000e+00  2.11175000e-08  1.79549121e+00 
 2.11225000e-08  1.80000000e+00  2.11225000e-08  1.80000000e+00  2.11225000e-08  1.80000000e+00  2.11225000e-08  1.79692336e+00 
 2.11275000e-08  1.80000000e+00  2.11275000e-08  1.80000000e+00  2.11275000e-08  1.80000000e+00  2.11275000e-08  1.79790094e+00 
 2.11325000e-08  1.80000000e+00  2.11325000e-08  1.80000000e+00  2.11325000e-08  1.80000000e+00  2.11325000e-08  1.79856805e+00 
 2.11375000e-08  1.80000000e+00  2.11375000e-08  1.80000000e+00  2.11375000e-08  1.80000000e+00  2.11375000e-08  1.79902321e+00 
 2.11425000e-08  1.80000000e+00  2.11425000e-08  1.80000000e+00  2.11425000e-08  1.80000000e+00  2.11425000e-08  1.79933373e+00 
 2.11475000e-08  1.80000000e+00  2.11475000e-08  1.80000000e+00  2.11475000e-08  1.80000000e+00  2.11475000e-08  1.79954555e+00 
 2.11525000e-08  1.80000000e+00  2.11525000e-08  1.80000000e+00  2.11525000e-08  1.80000000e+00  2.11525000e-08  1.79969003e+00 
 2.11575000e-08  1.80000000e+00  2.11575000e-08  1.80000000e+00  2.11575000e-08  1.80000000e+00  2.11575000e-08  1.79978858e+00 
 2.11625000e-08  1.80000000e+00  2.11625000e-08  1.80000000e+00  2.11625000e-08  1.80000000e+00  2.11625000e-08  1.79985580e+00 
 2.11675000e-08  1.80000000e+00  2.11675000e-08  1.80000000e+00  2.11675000e-08  1.80000000e+00  2.11675000e-08  1.79990165e+00 
 2.11725000e-08  1.80000000e+00  2.11725000e-08  1.80000000e+00  2.11725000e-08  1.80000000e+00  2.11725000e-08  1.79993292e+00 
 2.11775000e-08  1.80000000e+00  2.11775000e-08  1.80000000e+00  2.11775000e-08  1.80000000e+00  2.11775000e-08  1.79995425e+00 
 2.11825000e-08  1.80000000e+00  2.11825000e-08  1.80000000e+00  2.11825000e-08  1.80000000e+00  2.11825000e-08  1.79996880e+00 
 2.11875000e-08  1.80000000e+00  2.11875000e-08  1.80000000e+00  2.11875000e-08  1.80000000e+00  2.11875000e-08  1.79997872e+00 
 2.11925000e-08  1.80000000e+00  2.11925000e-08  1.80000000e+00  2.11925000e-08  1.80000000e+00  2.11925000e-08  1.79998548e+00 
 2.11975000e-08  1.80000000e+00  2.11975000e-08  1.80000000e+00  2.11975000e-08  1.80000000e+00  2.11975000e-08  1.79999010e+00 
 2.12025000e-08  1.80000000e+00  2.12025000e-08  1.80000000e+00  2.12025000e-08  1.80000000e+00  2.12025000e-08  1.79999325e+00 
 2.12075000e-08  1.80000000e+00  2.12075000e-08  1.80000000e+00  2.12075000e-08  1.80000000e+00  2.12075000e-08  1.79999539e+00 
 2.12125000e-08  1.80000000e+00  2.12125000e-08  1.80000000e+00  2.12125000e-08  1.80000000e+00  2.12125000e-08  1.79999686e+00 
 2.12175000e-08  1.80000000e+00  2.12175000e-08  1.80000000e+00  2.12175000e-08  1.80000000e+00  2.12175000e-08  1.79999786e+00 
 2.12225000e-08  1.80000000e+00  2.12225000e-08  1.80000000e+00  2.12225000e-08  1.80000000e+00  2.12225000e-08  1.79999854e+00 
 2.12275000e-08  1.80000000e+00  2.12275000e-08  1.80000000e+00  2.12275000e-08  1.80000000e+00  2.12275000e-08  1.79999900e+00 
 2.12325000e-08  1.80000000e+00  2.12325000e-08  1.80000000e+00  2.12325000e-08  1.80000000e+00  2.12325000e-08  1.79999932e+00 
 2.12375000e-08  1.80000000e+00  2.12375000e-08  1.80000000e+00  2.12375000e-08  1.80000000e+00  2.12375000e-08  1.79999953e+00 
 2.12425000e-08  1.80000000e+00  2.12425000e-08  1.80000000e+00  2.12425000e-08  1.80000000e+00  2.12425000e-08  1.79999968e+00 
 2.12475000e-08  1.80000000e+00  2.12475000e-08  1.80000000e+00  2.12475000e-08  1.80000000e+00  2.12475000e-08  1.79999978e+00 
 2.12525000e-08  1.80000000e+00  2.12525000e-08  1.80000000e+00  2.12525000e-08  1.80000000e+00  2.12525000e-08  1.79999985e+00 
 2.12575000e-08  1.80000000e+00  2.12575000e-08  1.80000000e+00  2.12575000e-08  1.80000000e+00  2.12575000e-08  1.79999990e+00 
 2.12625000e-08  1.80000000e+00  2.12625000e-08  1.80000000e+00  2.12625000e-08  1.80000000e+00  2.12625000e-08  1.79999993e+00 
 2.12675000e-08  1.80000000e+00  2.12675000e-08  1.80000000e+00  2.12675000e-08  1.80000000e+00  2.12675000e-08  1.79999995e+00 
 2.12725000e-08  1.80000000e+00  2.12725000e-08  1.80000000e+00  2.12725000e-08  1.80000000e+00  2.12725000e-08  1.79999997e+00 
 2.12775000e-08  1.80000000e+00  2.12775000e-08  1.80000000e+00  2.12775000e-08  1.80000000e+00  2.12775000e-08  1.79999998e+00 
 2.12825000e-08  1.80000000e+00  2.12825000e-08  1.80000000e+00  2.12825000e-08  1.80000000e+00  2.12825000e-08  1.79999998e+00 
 2.12875000e-08  1.80000000e+00  2.12875000e-08  1.80000000e+00  2.12875000e-08  1.80000000e+00  2.12875000e-08  1.79999999e+00 
 2.12925000e-08  1.80000000e+00  2.12925000e-08  1.80000000e+00  2.12925000e-08  1.80000000e+00  2.12925000e-08  1.79999999e+00 
 2.12975000e-08  1.80000000e+00  2.12975000e-08  1.80000000e+00  2.12975000e-08  1.80000000e+00  2.12975000e-08  1.79999999e+00 
 2.13025000e-08  1.80000000e+00  2.13025000e-08  1.80000000e+00  2.13025000e-08  1.80000000e+00  2.13025000e-08  1.79999999e+00 
 2.13075000e-08  1.80000000e+00  2.13075000e-08  1.80000000e+00  2.13075000e-08  1.80000000e+00  2.13075000e-08  1.80000000e+00 
 2.13125000e-08  1.80000000e+00  2.13125000e-08  1.80000000e+00  2.13125000e-08  1.80000000e+00  2.13125000e-08  1.80000000e+00 
 2.13175000e-08  1.80000000e+00  2.13175000e-08  1.80000000e+00  2.13175000e-08  1.80000000e+00  2.13175000e-08  1.80000000e+00 
 2.13225000e-08  1.80000000e+00  2.13225000e-08  1.80000000e+00  2.13225000e-08  1.80000000e+00  2.13225000e-08  1.80000000e+00 
 2.13275000e-08  1.80000000e+00  2.13275000e-08  1.80000000e+00  2.13275000e-08  1.80000000e+00  2.13275000e-08  1.80000000e+00 
 2.13325000e-08  1.80000000e+00  2.13325000e-08  1.80000000e+00  2.13325000e-08  1.80000000e+00  2.13325000e-08  1.80000000e+00 
 2.13375000e-08  1.80000000e+00  2.13375000e-08  1.80000000e+00  2.13375000e-08  1.80000000e+00  2.13375000e-08  1.80000000e+00 
 2.13425000e-08  1.80000000e+00  2.13425000e-08  1.80000000e+00  2.13425000e-08  1.80000000e+00  2.13425000e-08  1.80000000e+00 
 2.13475000e-08  1.80000000e+00  2.13475000e-08  1.80000000e+00  2.13475000e-08  1.80000000e+00  2.13475000e-08  1.80000000e+00 
 2.13525000e-08  1.80000000e+00  2.13525000e-08  1.80000000e+00  2.13525000e-08  1.80000000e+00  2.13525000e-08  1.80000000e+00 
 2.13575000e-08  1.80000000e+00  2.13575000e-08  1.80000000e+00  2.13575000e-08  1.80000000e+00  2.13575000e-08  1.80000000e+00 
 2.13625000e-08  1.80000000e+00  2.13625000e-08  1.80000000e+00  2.13625000e-08  1.80000000e+00  2.13625000e-08  1.80000000e+00 
 2.13675000e-08  1.80000000e+00  2.13675000e-08  1.80000000e+00  2.13675000e-08  1.80000000e+00  2.13675000e-08  1.80000000e+00 
 2.13725000e-08  1.80000000e+00  2.13725000e-08  1.80000000e+00  2.13725000e-08  1.80000000e+00  2.13725000e-08  1.80000000e+00 
 2.13775000e-08  1.80000000e+00  2.13775000e-08  1.80000000e+00  2.13775000e-08  1.80000000e+00  2.13775000e-08  1.80000000e+00 
 2.13825000e-08  1.80000000e+00  2.13825000e-08  1.80000000e+00  2.13825000e-08  1.80000000e+00  2.13825000e-08  1.80000000e+00 
 2.13875000e-08  1.80000000e+00  2.13875000e-08  1.80000000e+00  2.13875000e-08  1.80000000e+00  2.13875000e-08  1.80000000e+00 
 2.13925000e-08  1.80000000e+00  2.13925000e-08  1.80000000e+00  2.13925000e-08  1.80000000e+00  2.13925000e-08  1.80000000e+00 
 2.13975000e-08  1.80000000e+00  2.13975000e-08  1.80000000e+00  2.13975000e-08  1.80000000e+00  2.13975000e-08  1.80000000e+00 
 2.14025000e-08  1.80000000e+00  2.14025000e-08  1.80000000e+00  2.14025000e-08  1.80000000e+00  2.14025000e-08  1.80000000e+00 
 2.14075000e-08  1.80000000e+00  2.14075000e-08  1.80000000e+00  2.14075000e-08  1.80000000e+00  2.14075000e-08  1.80000000e+00 
 2.14125000e-08  1.80000000e+00  2.14125000e-08  1.80000000e+00  2.14125000e-08  1.80000000e+00  2.14125000e-08  1.80000000e+00 
 2.14175000e-08  1.80000000e+00  2.14175000e-08  1.80000000e+00  2.14175000e-08  1.80000000e+00  2.14175000e-08  1.80000000e+00 
 2.14225000e-08  1.80000000e+00  2.14225000e-08  1.80000000e+00  2.14225000e-08  1.80000000e+00  2.14225000e-08  1.80000000e+00 
 2.14275000e-08  1.80000000e+00  2.14275000e-08  1.80000000e+00  2.14275000e-08  1.80000000e+00  2.14275000e-08  1.80000000e+00 
 2.14325000e-08  1.80000000e+00  2.14325000e-08  1.80000000e+00  2.14325000e-08  1.80000000e+00  2.14325000e-08  1.80000000e+00 
 2.14375000e-08  1.80000000e+00  2.14375000e-08  1.80000000e+00  2.14375000e-08  1.80000000e+00  2.14375000e-08  1.80000000e+00 
 2.14425000e-08  1.80000000e+00  2.14425000e-08  1.80000000e+00  2.14425000e-08  1.80000000e+00  2.14425000e-08  1.80000000e+00 
 2.14475000e-08  1.80000000e+00  2.14475000e-08  1.80000000e+00  2.14475000e-08  1.80000000e+00  2.14475000e-08  1.80000000e+00 
 2.14525000e-08  1.80000000e+00  2.14525000e-08  1.80000000e+00  2.14525000e-08  1.80000000e+00  2.14525000e-08  1.80000000e+00 
 2.14575000e-08  1.80000000e+00  2.14575000e-08  1.80000000e+00  2.14575000e-08  1.80000000e+00  2.14575000e-08  1.80000000e+00 
 2.14625000e-08  1.80000000e+00  2.14625000e-08  1.80000000e+00  2.14625000e-08  1.80000000e+00  2.14625000e-08  1.80000000e+00 
 2.14675000e-08  1.80000000e+00  2.14675000e-08  1.80000000e+00  2.14675000e-08  1.80000000e+00  2.14675000e-08  1.80000000e+00 
 2.14725000e-08  1.80000000e+00  2.14725000e-08  1.80000000e+00  2.14725000e-08  1.80000000e+00  2.14725000e-08  1.80000000e+00 
 2.14775000e-08  1.80000000e+00  2.14775000e-08  1.80000000e+00  2.14775000e-08  1.80000000e+00  2.14775000e-08  1.80000000e+00 
 2.14825000e-08  1.80000000e+00  2.14825000e-08  1.80000000e+00  2.14825000e-08  1.80000000e+00  2.14825000e-08  1.80000000e+00 
 2.14875000e-08  1.80000000e+00  2.14875000e-08  1.80000000e+00  2.14875000e-08  1.80000000e+00  2.14875000e-08  1.80000000e+00 
 2.14925000e-08  1.80000000e+00  2.14925000e-08  1.80000000e+00  2.14925000e-08  1.80000000e+00  2.14925000e-08  1.80000000e+00 
 2.14975000e-08  1.80000000e+00  2.14975000e-08  1.80000000e+00  2.14975000e-08  1.80000000e+00  2.14975000e-08  1.80000000e+00 
 2.15025000e-08  1.80000000e+00  2.15025000e-08  1.80000000e+00  2.15025000e-08  1.80000000e+00  2.15025000e-08  1.80000000e+00 
 2.15075000e-08  1.80000000e+00  2.15075000e-08  1.80000000e+00  2.15075000e-08  1.80000000e+00  2.15075000e-08  1.80000000e+00 
 2.15125000e-08  1.80000000e+00  2.15125000e-08  1.80000000e+00  2.15125000e-08  1.80000000e+00  2.15125000e-08  1.80000000e+00 
 2.15175000e-08  1.80000000e+00  2.15175000e-08  1.80000000e+00  2.15175000e-08  1.80000000e+00  2.15175000e-08  1.80000000e+00 
 2.15225000e-08  1.80000000e+00  2.15225000e-08  1.80000000e+00  2.15225000e-08  1.80000000e+00  2.15225000e-08  1.80000000e+00 
 2.15275000e-08  1.80000000e+00  2.15275000e-08  1.80000000e+00  2.15275000e-08  1.80000000e+00  2.15275000e-08  1.80000000e+00 
 2.15325000e-08  1.80000000e+00  2.15325000e-08  1.80000000e+00  2.15325000e-08  1.80000000e+00  2.15325000e-08  1.80000000e+00 
 2.15375000e-08  1.80000000e+00  2.15375000e-08  1.80000000e+00  2.15375000e-08  1.80000000e+00  2.15375000e-08  1.80000000e+00 
 2.15425000e-08  1.80000000e+00  2.15425000e-08  1.80000000e+00  2.15425000e-08  1.80000000e+00  2.15425000e-08  1.80000000e+00 
 2.15475000e-08  1.80000000e+00  2.15475000e-08  1.80000000e+00  2.15475000e-08  1.80000000e+00  2.15475000e-08  1.80000000e+00 
 2.15525000e-08  1.80000000e+00  2.15525000e-08  1.80000000e+00  2.15525000e-08  1.80000000e+00  2.15525000e-08  1.80000000e+00 
 2.15575000e-08  1.80000000e+00  2.15575000e-08  1.80000000e+00  2.15575000e-08  1.80000000e+00  2.15575000e-08  1.80000000e+00 
 2.15625000e-08  1.80000000e+00  2.15625000e-08  1.80000000e+00  2.15625000e-08  1.80000000e+00  2.15625000e-08  1.80000000e+00 
 2.15675000e-08  1.80000000e+00  2.15675000e-08  1.80000000e+00  2.15675000e-08  1.80000000e+00  2.15675000e-08  1.80000000e+00 
 2.15725000e-08  1.80000000e+00  2.15725000e-08  1.80000000e+00  2.15725000e-08  1.80000000e+00  2.15725000e-08  1.80000000e+00 
 2.15775000e-08  1.80000000e+00  2.15775000e-08  1.80000000e+00  2.15775000e-08  1.80000000e+00  2.15775000e-08  1.80000000e+00 
 2.15825000e-08  1.80000000e+00  2.15825000e-08  1.80000000e+00  2.15825000e-08  1.80000000e+00  2.15825000e-08  1.80000000e+00 
 2.15875000e-08  1.80000000e+00  2.15875000e-08  1.80000000e+00  2.15875000e-08  1.80000000e+00  2.15875000e-08  1.80000000e+00 
 2.15925000e-08  1.80000000e+00  2.15925000e-08  1.80000000e+00  2.15925000e-08  1.80000000e+00  2.15925000e-08  1.80000000e+00 
 2.15975000e-08  1.80000000e+00  2.15975000e-08  1.80000000e+00  2.15975000e-08  1.80000000e+00  2.15975000e-08  1.80000000e+00 
 2.16025000e-08  1.80000000e+00  2.16025000e-08  1.80000000e+00  2.16025000e-08  1.80000000e+00  2.16025000e-08  1.80000000e+00 
 2.16075000e-08  1.80000000e+00  2.16075000e-08  1.80000000e+00  2.16075000e-08  1.80000000e+00  2.16075000e-08  1.80000000e+00 
 2.16125000e-08  1.80000000e+00  2.16125000e-08  1.80000000e+00  2.16125000e-08  1.80000000e+00  2.16125000e-08  1.80000000e+00 
 2.16175000e-08  1.80000000e+00  2.16175000e-08  1.80000000e+00  2.16175000e-08  1.80000000e+00  2.16175000e-08  1.80000000e+00 
 2.16225000e-08  1.80000000e+00  2.16225000e-08  1.80000000e+00  2.16225000e-08  1.80000000e+00  2.16225000e-08  1.80000000e+00 
 2.16275000e-08  1.80000000e+00  2.16275000e-08  1.80000000e+00  2.16275000e-08  1.80000000e+00  2.16275000e-08  1.80000000e+00 
 2.16325000e-08  1.80000000e+00  2.16325000e-08  1.80000000e+00  2.16325000e-08  1.80000000e+00  2.16325000e-08  1.80000000e+00 
 2.16375000e-08  1.80000000e+00  2.16375000e-08  1.80000000e+00  2.16375000e-08  1.80000000e+00  2.16375000e-08  1.80000000e+00 
 2.16425000e-08  1.80000000e+00  2.16425000e-08  1.80000000e+00  2.16425000e-08  1.80000000e+00  2.16425000e-08  1.80000000e+00 
 2.16475000e-08  1.80000000e+00  2.16475000e-08  1.80000000e+00  2.16475000e-08  1.80000000e+00  2.16475000e-08  1.80000000e+00 
 2.16525000e-08  1.80000000e+00  2.16525000e-08  1.80000000e+00  2.16525000e-08  1.80000000e+00  2.16525000e-08  1.80000000e+00 
 2.16575000e-08  1.80000000e+00  2.16575000e-08  1.80000000e+00  2.16575000e-08  1.80000000e+00  2.16575000e-08  1.80000000e+00 
 2.16625000e-08  1.80000000e+00  2.16625000e-08  1.80000000e+00  2.16625000e-08  1.80000000e+00  2.16625000e-08  1.80000000e+00 
 2.16675000e-08  1.80000000e+00  2.16675000e-08  1.80000000e+00  2.16675000e-08  1.80000000e+00  2.16675000e-08  1.80000000e+00 
 2.16725000e-08  1.80000000e+00  2.16725000e-08  1.80000000e+00  2.16725000e-08  1.80000000e+00  2.16725000e-08  1.80000000e+00 
 2.16775000e-08  1.80000000e+00  2.16775000e-08  1.80000000e+00  2.16775000e-08  1.80000000e+00  2.16775000e-08  1.80000000e+00 
 2.16825000e-08  1.80000000e+00  2.16825000e-08  1.80000000e+00  2.16825000e-08  1.80000000e+00  2.16825000e-08  1.80000000e+00 
 2.16875000e-08  1.80000000e+00  2.16875000e-08  1.80000000e+00  2.16875000e-08  1.80000000e+00  2.16875000e-08  1.80000000e+00 
 2.16925000e-08  1.80000000e+00  2.16925000e-08  1.80000000e+00  2.16925000e-08  1.80000000e+00  2.16925000e-08  1.80000000e+00 
 2.16975000e-08  1.80000000e+00  2.16975000e-08  1.80000000e+00  2.16975000e-08  1.80000000e+00  2.16975000e-08  1.80000000e+00 
 2.17025000e-08  1.80000000e+00  2.17025000e-08  1.80000000e+00  2.17025000e-08  1.80000000e+00  2.17025000e-08  1.80000000e+00 
 2.17075000e-08  1.80000000e+00  2.17075000e-08  1.80000000e+00  2.17075000e-08  1.80000000e+00  2.17075000e-08  1.80000000e+00 
 2.17125000e-08  1.80000000e+00  2.17125000e-08  1.80000000e+00  2.17125000e-08  1.80000000e+00  2.17125000e-08  1.80000000e+00 
 2.17175000e-08  1.80000000e+00  2.17175000e-08  1.80000000e+00  2.17175000e-08  1.80000000e+00  2.17175000e-08  1.80000000e+00 
 2.17225000e-08  1.80000000e+00  2.17225000e-08  1.80000000e+00  2.17225000e-08  1.80000000e+00  2.17225000e-08  1.80000000e+00 
 2.17275000e-08  1.80000000e+00  2.17275000e-08  1.80000000e+00  2.17275000e-08  1.80000000e+00  2.17275000e-08  1.80000000e+00 
 2.17325000e-08  1.80000000e+00  2.17325000e-08  1.80000000e+00  2.17325000e-08  1.80000000e+00  2.17325000e-08  1.80000000e+00 
 2.17375000e-08  1.80000000e+00  2.17375000e-08  1.80000000e+00  2.17375000e-08  1.80000000e+00  2.17375000e-08  1.80000000e+00 
 2.17425000e-08  1.80000000e+00  2.17425000e-08  1.80000000e+00  2.17425000e-08  1.80000000e+00  2.17425000e-08  1.80000000e+00 
 2.17475000e-08  1.80000000e+00  2.17475000e-08  1.80000000e+00  2.17475000e-08  1.80000000e+00  2.17475000e-08  1.80000000e+00 
 2.17525000e-08  1.80000000e+00  2.17525000e-08  1.80000000e+00  2.17525000e-08  1.80000000e+00  2.17525000e-08  1.80000000e+00 
 2.17575000e-08  1.80000000e+00  2.17575000e-08  1.80000000e+00  2.17575000e-08  1.80000000e+00  2.17575000e-08  1.80000000e+00 
 2.17625000e-08  1.80000000e+00  2.17625000e-08  1.80000000e+00  2.17625000e-08  1.80000000e+00  2.17625000e-08  1.80000000e+00 
 2.17675000e-08  1.80000000e+00  2.17675000e-08  1.80000000e+00  2.17675000e-08  1.80000000e+00  2.17675000e-08  1.80000000e+00 
 2.17725000e-08  1.80000000e+00  2.17725000e-08  1.80000000e+00  2.17725000e-08  1.80000000e+00  2.17725000e-08  1.80000000e+00 
 2.17775000e-08  1.80000000e+00  2.17775000e-08  1.80000000e+00  2.17775000e-08  1.80000000e+00  2.17775000e-08  1.80000000e+00 
 2.17825000e-08  1.80000000e+00  2.17825000e-08  1.80000000e+00  2.17825000e-08  1.80000000e+00  2.17825000e-08  1.80000000e+00 
 2.17875000e-08  1.80000000e+00  2.17875000e-08  1.80000000e+00  2.17875000e-08  1.80000000e+00  2.17875000e-08  1.80000000e+00 
 2.17925000e-08  1.80000000e+00  2.17925000e-08  1.80000000e+00  2.17925000e-08  1.80000000e+00  2.17925000e-08  1.80000000e+00 
 2.17975000e-08  1.80000000e+00  2.17975000e-08  1.80000000e+00  2.17975000e-08  1.80000000e+00  2.17975000e-08  1.80000000e+00 
 2.18025000e-08  1.80000000e+00  2.18025000e-08  1.80000000e+00  2.18025000e-08  1.80000000e+00  2.18025000e-08  1.80000000e+00 
 2.18075000e-08  1.80000000e+00  2.18075000e-08  1.80000000e+00  2.18075000e-08  1.80000000e+00  2.18075000e-08  1.80000000e+00 
 2.18125000e-08  1.80000000e+00  2.18125000e-08  1.80000000e+00  2.18125000e-08  1.80000000e+00  2.18125000e-08  1.80000000e+00 
 2.18175000e-08  1.80000000e+00  2.18175000e-08  1.80000000e+00  2.18175000e-08  1.80000000e+00  2.18175000e-08  1.80000000e+00 
 2.18225000e-08  1.80000000e+00  2.18225000e-08  1.80000000e+00  2.18225000e-08  1.80000000e+00  2.18225000e-08  1.80000000e+00 
 2.18275000e-08  1.80000000e+00  2.18275000e-08  1.80000000e+00  2.18275000e-08  1.80000000e+00  2.18275000e-08  1.80000000e+00 
 2.18325000e-08  1.80000000e+00  2.18325000e-08  1.80000000e+00  2.18325000e-08  1.80000000e+00  2.18325000e-08  1.80000000e+00 
 2.18375000e-08  1.80000000e+00  2.18375000e-08  1.80000000e+00  2.18375000e-08  1.80000000e+00  2.18375000e-08  1.80000000e+00 
 2.18425000e-08  1.80000000e+00  2.18425000e-08  1.80000000e+00  2.18425000e-08  1.80000000e+00  2.18425000e-08  1.80000000e+00 
 2.18475000e-08  1.80000000e+00  2.18475000e-08  1.80000000e+00  2.18475000e-08  1.80000000e+00  2.18475000e-08  1.80000000e+00 
 2.18525000e-08  1.80000000e+00  2.18525000e-08  1.80000000e+00  2.18525000e-08  1.80000000e+00  2.18525000e-08  1.80000000e+00 
 2.18575000e-08  1.80000000e+00  2.18575000e-08  1.80000000e+00  2.18575000e-08  1.80000000e+00  2.18575000e-08  1.80000000e+00 
 2.18625000e-08  1.80000000e+00  2.18625000e-08  1.80000000e+00  2.18625000e-08  1.80000000e+00  2.18625000e-08  1.80000000e+00 
 2.18675000e-08  1.80000000e+00  2.18675000e-08  1.80000000e+00  2.18675000e-08  1.80000000e+00  2.18675000e-08  1.80000000e+00 
 2.18725000e-08  1.80000000e+00  2.18725000e-08  1.80000000e+00  2.18725000e-08  1.80000000e+00  2.18725000e-08  1.80000000e+00 
 2.18775000e-08  1.80000000e+00  2.18775000e-08  1.80000000e+00  2.18775000e-08  1.80000000e+00  2.18775000e-08  1.80000000e+00 
 2.18825000e-08  1.80000000e+00  2.18825000e-08  1.80000000e+00  2.18825000e-08  1.80000000e+00  2.18825000e-08  1.80000000e+00 
 2.18875000e-08  1.80000000e+00  2.18875000e-08  1.80000000e+00  2.18875000e-08  1.80000000e+00  2.18875000e-08  1.80000000e+00 
 2.18925000e-08  1.80000000e+00  2.18925000e-08  1.80000000e+00  2.18925000e-08  1.80000000e+00  2.18925000e-08  1.80000000e+00 
 2.18975000e-08  1.80000000e+00  2.18975000e-08  1.80000000e+00  2.18975000e-08  1.80000000e+00  2.18975000e-08  1.80000000e+00 
 2.19025000e-08  1.80000000e+00  2.19025000e-08  1.80000000e+00  2.19025000e-08  1.80000000e+00  2.19025000e-08  1.80000000e+00 
 2.19075000e-08  1.80000000e+00  2.19075000e-08  1.80000000e+00  2.19075000e-08  1.80000000e+00  2.19075000e-08  1.80000000e+00 
 2.19125000e-08  1.80000000e+00  2.19125000e-08  1.80000000e+00  2.19125000e-08  1.80000000e+00  2.19125000e-08  1.80000000e+00 
 2.19175000e-08  1.80000000e+00  2.19175000e-08  1.80000000e+00  2.19175000e-08  1.80000000e+00  2.19175000e-08  1.80000000e+00 
 2.19225000e-08  1.80000000e+00  2.19225000e-08  1.80000000e+00  2.19225000e-08  1.80000000e+00  2.19225000e-08  1.80000000e+00 
 2.19275000e-08  1.80000000e+00  2.19275000e-08  1.80000000e+00  2.19275000e-08  1.80000000e+00  2.19275000e-08  1.80000000e+00 
 2.19325000e-08  1.80000000e+00  2.19325000e-08  1.80000000e+00  2.19325000e-08  1.80000000e+00  2.19325000e-08  1.80000000e+00 
 2.19375000e-08  1.80000000e+00  2.19375000e-08  1.80000000e+00  2.19375000e-08  1.80000000e+00  2.19375000e-08  1.80000000e+00 
 2.19425000e-08  1.80000000e+00  2.19425000e-08  1.80000000e+00  2.19425000e-08  1.80000000e+00  2.19425000e-08  1.80000000e+00 
 2.19475000e-08  1.80000000e+00  2.19475000e-08  1.80000000e+00  2.19475000e-08  1.80000000e+00  2.19475000e-08  1.80000000e+00 
 2.19525000e-08  1.80000000e+00  2.19525000e-08  1.80000000e+00  2.19525000e-08  1.80000000e+00  2.19525000e-08  1.80000000e+00 
 2.19575000e-08  1.80000000e+00  2.19575000e-08  1.80000000e+00  2.19575000e-08  1.80000000e+00  2.19575000e-08  1.80000000e+00 
 2.19625000e-08  1.80000000e+00  2.19625000e-08  1.80000000e+00  2.19625000e-08  1.80000000e+00  2.19625000e-08  1.80000000e+00 
 2.19675000e-08  1.80000000e+00  2.19675000e-08  1.80000000e+00  2.19675000e-08  1.80000000e+00  2.19675000e-08  1.80000000e+00 
 2.19725000e-08  1.80000000e+00  2.19725000e-08  1.80000000e+00  2.19725000e-08  1.80000000e+00  2.19725000e-08  1.80000000e+00 
 2.19775000e-08  1.80000000e+00  2.19775000e-08  1.80000000e+00  2.19775000e-08  1.80000000e+00  2.19775000e-08  1.80000000e+00 
 2.19825000e-08  1.80000000e+00  2.19825000e-08  1.80000000e+00  2.19825000e-08  1.80000000e+00  2.19825000e-08  1.80000000e+00 
 2.19875000e-08  1.80000000e+00  2.19875000e-08  1.80000000e+00  2.19875000e-08  1.80000000e+00  2.19875000e-08  1.80000000e+00 
 2.19925000e-08  1.80000000e+00  2.19925000e-08  1.80000000e+00  2.19925000e-08  1.80000000e+00  2.19925000e-08  1.80000000e+00 
 2.19975000e-08  1.80000000e+00  2.19975000e-08  1.80000000e+00  2.19975000e-08  1.80000000e+00  2.19975000e-08  1.80000000e+00 
 2.20025000e-08  1.80000000e+00  2.20025000e-08  1.80000000e+00  2.20025000e-08  1.80000000e+00  2.20025000e-08  1.80000000e+00 
 2.20075000e-08  1.80000000e+00  2.20075000e-08  1.80000000e+00  2.20075000e-08  1.80000000e+00  2.20075000e-08  1.80000000e+00 
 2.20125000e-08  1.80000000e+00  2.20125000e-08  1.80000000e+00  2.20125000e-08  1.80000000e+00  2.20125000e-08  1.80000000e+00 
 2.20175000e-08  1.80000000e+00  2.20175000e-08  1.80000000e+00  2.20175000e-08  1.80000000e+00  2.20175000e-08  1.80000000e+00 
 2.20225000e-08  1.80000000e+00  2.20225000e-08  1.80000000e+00  2.20225000e-08  1.80000000e+00  2.20225000e-08  1.80000000e+00 
 2.20275000e-08  1.80000000e+00  2.20275000e-08  1.80000000e+00  2.20275000e-08  1.80000000e+00  2.20275000e-08  1.80000000e+00 
 2.20325000e-08  1.80000000e+00  2.20325000e-08  1.80000000e+00  2.20325000e-08  1.80000000e+00  2.20325000e-08  1.80000000e+00 
 2.20375000e-08  1.80000000e+00  2.20375000e-08  1.80000000e+00  2.20375000e-08  1.80000000e+00  2.20375000e-08  1.80000000e+00 
 2.20425000e-08  1.80000000e+00  2.20425000e-08  1.80000000e+00  2.20425000e-08  1.80000000e+00  2.20425000e-08  1.80000000e+00 
 2.20475000e-08  1.80000000e+00  2.20475000e-08  1.80000000e+00  2.20475000e-08  1.80000000e+00  2.20475000e-08  1.80000000e+00 
 2.20525000e-08  1.80000000e+00  2.20525000e-08  1.80000000e+00  2.20525000e-08  1.80000000e+00  2.20525000e-08  1.80000000e+00 
 2.20575000e-08  1.80000000e+00  2.20575000e-08  1.80000000e+00  2.20575000e-08  1.80000000e+00  2.20575000e-08  1.80000000e+00 
 2.20625000e-08  1.80000000e+00  2.20625000e-08  1.80000000e+00  2.20625000e-08  1.80000000e+00  2.20625000e-08  1.80000000e+00 
 2.20675000e-08  1.80000000e+00  2.20675000e-08  1.80000000e+00  2.20675000e-08  1.80000000e+00  2.20675000e-08  1.80000000e+00 
 2.20725000e-08  1.80000000e+00  2.20725000e-08  1.80000000e+00  2.20725000e-08  1.80000000e+00  2.20725000e-08  1.80000000e+00 
 2.20775000e-08  1.80000000e+00  2.20775000e-08  1.80000000e+00  2.20775000e-08  1.80000000e+00  2.20775000e-08  1.80000000e+00 
 2.20825000e-08  1.80000000e+00  2.20825000e-08  1.80000000e+00  2.20825000e-08  1.80000000e+00  2.20825000e-08  1.80000000e+00 
 2.20875000e-08  1.80000000e+00  2.20875000e-08  1.80000000e+00  2.20875000e-08  1.80000000e+00  2.20875000e-08  1.80000000e+00 
 2.20925000e-08  1.80000000e+00  2.20925000e-08  1.80000000e+00  2.20925000e-08  1.80000000e+00  2.20925000e-08  1.80000000e+00 
 2.20975000e-08  1.80000000e+00  2.20975000e-08  1.80000000e+00  2.20975000e-08  1.80000000e+00  2.20975000e-08  1.80000000e+00 
 2.21025000e-08  1.80000000e+00  2.21025000e-08  1.80000000e+00  2.21025000e-08  1.80000000e+00  2.21025000e-08  1.80000000e+00 
 2.21075000e-08  1.80000000e+00  2.21075000e-08  1.80000000e+00  2.21075000e-08  1.80000000e+00  2.21075000e-08  1.80000000e+00 
 2.21125000e-08  1.80000000e+00  2.21125000e-08  1.80000000e+00  2.21125000e-08  1.80000000e+00  2.21125000e-08  1.80000000e+00 
 2.21175000e-08  1.80000000e+00  2.21175000e-08  1.80000000e+00  2.21175000e-08  1.80000000e+00  2.21175000e-08  1.80000000e+00 
 2.21225000e-08  1.80000000e+00  2.21225000e-08  1.80000000e+00  2.21225000e-08  1.80000000e+00  2.21225000e-08  1.80000000e+00 
 2.21275000e-08  1.80000000e+00  2.21275000e-08  1.80000000e+00  2.21275000e-08  1.80000000e+00  2.21275000e-08  1.80000000e+00 
 2.21325000e-08  1.80000000e+00  2.21325000e-08  1.80000000e+00  2.21325000e-08  1.80000000e+00  2.21325000e-08  1.80000000e+00 
 2.21375000e-08  1.80000000e+00  2.21375000e-08  1.80000000e+00  2.21375000e-08  1.80000000e+00  2.21375000e-08  1.80000000e+00 
 2.21425000e-08  1.80000000e+00  2.21425000e-08  1.80000000e+00  2.21425000e-08  1.80000000e+00  2.21425000e-08  1.80000000e+00 
 2.21475000e-08  1.80000000e+00  2.21475000e-08  1.80000000e+00  2.21475000e-08  1.80000000e+00  2.21475000e-08  1.80000000e+00 
 2.21525000e-08  1.80000000e+00  2.21525000e-08  1.80000000e+00  2.21525000e-08  1.80000000e+00  2.21525000e-08  1.80000000e+00 
 2.21575000e-08  1.80000000e+00  2.21575000e-08  1.80000000e+00  2.21575000e-08  1.80000000e+00  2.21575000e-08  1.80000000e+00 
 2.21625000e-08  1.80000000e+00  2.21625000e-08  1.80000000e+00  2.21625000e-08  1.80000000e+00  2.21625000e-08  1.80000000e+00 
 2.21675000e-08  1.80000000e+00  2.21675000e-08  1.80000000e+00  2.21675000e-08  1.80000000e+00  2.21675000e-08  1.80000000e+00 
 2.21725000e-08  1.80000000e+00  2.21725000e-08  1.80000000e+00  2.21725000e-08  1.80000000e+00  2.21725000e-08  1.80000000e+00 
 2.21775000e-08  1.80000000e+00  2.21775000e-08  1.80000000e+00  2.21775000e-08  1.80000000e+00  2.21775000e-08  1.80000000e+00 
 2.21825000e-08  1.80000000e+00  2.21825000e-08  1.80000000e+00  2.21825000e-08  1.80000000e+00  2.21825000e-08  1.80000000e+00 
 2.21875000e-08  1.80000000e+00  2.21875000e-08  1.80000000e+00  2.21875000e-08  1.80000000e+00  2.21875000e-08  1.80000000e+00 
 2.21925000e-08  1.80000000e+00  2.21925000e-08  1.80000000e+00  2.21925000e-08  1.80000000e+00  2.21925000e-08  1.80000000e+00 
 2.21975000e-08  1.80000000e+00  2.21975000e-08  1.80000000e+00  2.21975000e-08  1.80000000e+00  2.21975000e-08  1.80000000e+00 
 2.22025000e-08  1.80000000e+00  2.22025000e-08  1.80000000e+00  2.22025000e-08  1.80000000e+00  2.22025000e-08  1.80000000e+00 
 2.22075000e-08  1.80000000e+00  2.22075000e-08  1.80000000e+00  2.22075000e-08  1.80000000e+00  2.22075000e-08  1.80000000e+00 
 2.22125000e-08  1.80000000e+00  2.22125000e-08  1.80000000e+00  2.22125000e-08  1.80000000e+00  2.22125000e-08  1.80000000e+00 
 2.22175000e-08  1.80000000e+00  2.22175000e-08  1.80000000e+00  2.22175000e-08  1.80000000e+00  2.22175000e-08  1.80000000e+00 
 2.22225000e-08  1.80000000e+00  2.22225000e-08  1.80000000e+00  2.22225000e-08  1.80000000e+00  2.22225000e-08  1.80000000e+00 
 2.22275000e-08  1.80000000e+00  2.22275000e-08  1.80000000e+00  2.22275000e-08  1.80000000e+00  2.22275000e-08  1.80000000e+00 
 2.22325000e-08  1.80000000e+00  2.22325000e-08  1.80000000e+00  2.22325000e-08  1.80000000e+00  2.22325000e-08  1.80000000e+00 
 2.22375000e-08  1.80000000e+00  2.22375000e-08  1.80000000e+00  2.22375000e-08  1.80000000e+00  2.22375000e-08  1.80000000e+00 
 2.22425000e-08  1.80000000e+00  2.22425000e-08  1.80000000e+00  2.22425000e-08  1.80000000e+00  2.22425000e-08  1.80000000e+00 
 2.22475000e-08  1.80000000e+00  2.22475000e-08  1.80000000e+00  2.22475000e-08  1.80000000e+00  2.22475000e-08  1.80000000e+00 
 2.22525000e-08  1.80000000e+00  2.22525000e-08  1.80000000e+00  2.22525000e-08  1.80000000e+00  2.22525000e-08  1.80000000e+00 
 2.22575000e-08  1.80000000e+00  2.22575000e-08  1.80000000e+00  2.22575000e-08  1.80000000e+00  2.22575000e-08  1.80000000e+00 
 2.22625000e-08  1.80000000e+00  2.22625000e-08  1.80000000e+00  2.22625000e-08  1.80000000e+00  2.22625000e-08  1.80000000e+00 
 2.22675000e-08  1.80000000e+00  2.22675000e-08  1.80000000e+00  2.22675000e-08  1.80000000e+00  2.22675000e-08  1.80000000e+00 
 2.22725000e-08  1.80000000e+00  2.22725000e-08  1.80000000e+00  2.22725000e-08  1.80000000e+00  2.22725000e-08  1.80000000e+00 
 2.22775000e-08  1.80000000e+00  2.22775000e-08  1.80000000e+00  2.22775000e-08  1.80000000e+00  2.22775000e-08  1.80000000e+00 
 2.22825000e-08  1.80000000e+00  2.22825000e-08  1.80000000e+00  2.22825000e-08  1.80000000e+00  2.22825000e-08  1.80000000e+00 
 2.22875000e-08  1.80000000e+00  2.22875000e-08  1.80000000e+00  2.22875000e-08  1.80000000e+00  2.22875000e-08  1.80000000e+00 
 2.22925000e-08  1.80000000e+00  2.22925000e-08  1.80000000e+00  2.22925000e-08  1.80000000e+00  2.22925000e-08  1.80000000e+00 
 2.22975000e-08  1.80000000e+00  2.22975000e-08  1.80000000e+00  2.22975000e-08  1.80000000e+00  2.22975000e-08  1.80000000e+00 
 2.23025000e-08  1.80000000e+00  2.23025000e-08  1.80000000e+00  2.23025000e-08  1.80000000e+00  2.23025000e-08  1.80000000e+00 
 2.23075000e-08  1.80000000e+00  2.23075000e-08  1.80000000e+00  2.23075000e-08  1.80000000e+00  2.23075000e-08  1.80000000e+00 
 2.23125000e-08  1.80000000e+00  2.23125000e-08  1.80000000e+00  2.23125000e-08  1.80000000e+00  2.23125000e-08  1.80000000e+00 
 2.23175000e-08  1.80000000e+00  2.23175000e-08  1.80000000e+00  2.23175000e-08  1.80000000e+00  2.23175000e-08  1.80000000e+00 
 2.23225000e-08  1.80000000e+00  2.23225000e-08  1.80000000e+00  2.23225000e-08  1.80000000e+00  2.23225000e-08  1.80000000e+00 
 2.23275000e-08  1.80000000e+00  2.23275000e-08  1.80000000e+00  2.23275000e-08  1.80000000e+00  2.23275000e-08  1.80000000e+00 
 2.23325000e-08  1.80000000e+00  2.23325000e-08  1.80000000e+00  2.23325000e-08  1.80000000e+00  2.23325000e-08  1.80000000e+00 
 2.23375000e-08  1.80000000e+00  2.23375000e-08  1.80000000e+00  2.23375000e-08  1.80000000e+00  2.23375000e-08  1.80000000e+00 
 2.23425000e-08  1.80000000e+00  2.23425000e-08  1.80000000e+00  2.23425000e-08  1.80000000e+00  2.23425000e-08  1.80000000e+00 
 2.23475000e-08  1.80000000e+00  2.23475000e-08  1.80000000e+00  2.23475000e-08  1.80000000e+00  2.23475000e-08  1.80000000e+00 
 2.23525000e-08  1.80000000e+00  2.23525000e-08  1.80000000e+00  2.23525000e-08  1.80000000e+00  2.23525000e-08  1.80000000e+00 
 2.23575000e-08  1.80000000e+00  2.23575000e-08  1.80000000e+00  2.23575000e-08  1.80000000e+00  2.23575000e-08  1.80000000e+00 
 2.23625000e-08  1.80000000e+00  2.23625000e-08  1.80000000e+00  2.23625000e-08  1.80000000e+00  2.23625000e-08  1.80000000e+00 
 2.23675000e-08  1.80000000e+00  2.23675000e-08  1.80000000e+00  2.23675000e-08  1.80000000e+00  2.23675000e-08  1.80000000e+00 
 2.23725000e-08  1.80000000e+00  2.23725000e-08  1.80000000e+00  2.23725000e-08  1.80000000e+00  2.23725000e-08  1.80000000e+00 
 2.23775000e-08  1.80000000e+00  2.23775000e-08  1.80000000e+00  2.23775000e-08  1.80000000e+00  2.23775000e-08  1.80000000e+00 
 2.23825000e-08  1.80000000e+00  2.23825000e-08  1.80000000e+00  2.23825000e-08  1.80000000e+00  2.23825000e-08  1.80000000e+00 
 2.23875000e-08  1.80000000e+00  2.23875000e-08  1.80000000e+00  2.23875000e-08  1.80000000e+00  2.23875000e-08  1.80000000e+00 
 2.23925000e-08  1.80000000e+00  2.23925000e-08  1.80000000e+00  2.23925000e-08  1.80000000e+00  2.23925000e-08  1.80000000e+00 
 2.23975000e-08  1.80000000e+00  2.23975000e-08  1.80000000e+00  2.23975000e-08  1.80000000e+00  2.23975000e-08  1.80000000e+00 
 2.24025000e-08  1.80000000e+00  2.24025000e-08  1.80000000e+00  2.24025000e-08  1.80000000e+00  2.24025000e-08  1.80000000e+00 
 2.24075000e-08  1.80000000e+00  2.24075000e-08  1.80000000e+00  2.24075000e-08  1.80000000e+00  2.24075000e-08  1.80000000e+00 
 2.24125000e-08  1.80000000e+00  2.24125000e-08  1.80000000e+00  2.24125000e-08  1.80000000e+00  2.24125000e-08  1.80000000e+00 
 2.24175000e-08  1.80000000e+00  2.24175000e-08  1.80000000e+00  2.24175000e-08  1.80000000e+00  2.24175000e-08  1.80000000e+00 
 2.24225000e-08  1.80000000e+00  2.24225000e-08  1.80000000e+00  2.24225000e-08  1.80000000e+00  2.24225000e-08  1.80000000e+00 
 2.24275000e-08  1.80000000e+00  2.24275000e-08  1.80000000e+00  2.24275000e-08  1.80000000e+00  2.24275000e-08  1.80000000e+00 
 2.24325000e-08  1.80000000e+00  2.24325000e-08  1.80000000e+00  2.24325000e-08  1.80000000e+00  2.24325000e-08  1.80000000e+00 
 2.24375000e-08  1.80000000e+00  2.24375000e-08  1.80000000e+00  2.24375000e-08  1.80000000e+00  2.24375000e-08  1.80000000e+00 
 2.24425000e-08  1.80000000e+00  2.24425000e-08  1.80000000e+00  2.24425000e-08  1.80000000e+00  2.24425000e-08  1.80000000e+00 
 2.24475000e-08  1.80000000e+00  2.24475000e-08  1.80000000e+00  2.24475000e-08  1.80000000e+00  2.24475000e-08  1.80000000e+00 
 2.24525000e-08  1.80000000e+00  2.24525000e-08  1.80000000e+00  2.24525000e-08  1.80000000e+00  2.24525000e-08  1.80000000e+00 
 2.24575000e-08  1.80000000e+00  2.24575000e-08  1.80000000e+00  2.24575000e-08  1.80000000e+00  2.24575000e-08  1.80000000e+00 
 2.24625000e-08  1.80000000e+00  2.24625000e-08  1.80000000e+00  2.24625000e-08  1.80000000e+00  2.24625000e-08  1.80000000e+00 
 2.24675000e-08  1.80000000e+00  2.24675000e-08  1.80000000e+00  2.24675000e-08  1.80000000e+00  2.24675000e-08  1.80000000e+00 
 2.24725000e-08  1.80000000e+00  2.24725000e-08  1.80000000e+00  2.24725000e-08  1.80000000e+00  2.24725000e-08  1.80000000e+00 
 2.24775000e-08  1.80000000e+00  2.24775000e-08  1.80000000e+00  2.24775000e-08  1.80000000e+00  2.24775000e-08  1.80000000e+00 
 2.24825000e-08  1.80000000e+00  2.24825000e-08  1.80000000e+00  2.24825000e-08  1.80000000e+00  2.24825000e-08  1.80000000e+00 
 2.24875000e-08  1.80000000e+00  2.24875000e-08  1.80000000e+00  2.24875000e-08  1.80000000e+00  2.24875000e-08  1.80000000e+00 
 2.24925000e-08  1.80000000e+00  2.24925000e-08  1.80000000e+00  2.24925000e-08  1.80000000e+00  2.24925000e-08  1.80000000e+00 
 2.24975000e-08  1.80000000e+00  2.24975000e-08  1.80000000e+00  2.24975000e-08  1.80000000e+00  2.24975000e-08  1.80000000e+00 
 2.25025000e-08  1.80000000e+00  2.25025000e-08  1.80000000e+00  2.25025000e-08  1.80000000e+00  2.25025000e-08  1.80000000e+00 
 2.25075000e-08  1.80000000e+00  2.25075000e-08  1.80000000e+00  2.25075000e-08  1.80000000e+00  2.25075000e-08  1.80000000e+00 
 2.25125000e-08  1.80000000e+00  2.25125000e-08  1.80000000e+00  2.25125000e-08  1.80000000e+00  2.25125000e-08  1.80000000e+00 
 2.25175000e-08  1.80000000e+00  2.25175000e-08  1.80000000e+00  2.25175000e-08  1.80000000e+00  2.25175000e-08  1.80000000e+00 
 2.25225000e-08  1.80000000e+00  2.25225000e-08  1.80000000e+00  2.25225000e-08  1.80000000e+00  2.25225000e-08  1.80000000e+00 
 2.25275000e-08  1.80000000e+00  2.25275000e-08  1.80000000e+00  2.25275000e-08  1.80000000e+00  2.25275000e-08  1.80000000e+00 
 2.25325000e-08  1.80000000e+00  2.25325000e-08  1.80000000e+00  2.25325000e-08  1.80000000e+00  2.25325000e-08  1.80000000e+00 
 2.25375000e-08  1.80000000e+00  2.25375000e-08  1.80000000e+00  2.25375000e-08  1.80000000e+00  2.25375000e-08  1.80000000e+00 
 2.25425000e-08  1.80000000e+00  2.25425000e-08  1.80000000e+00  2.25425000e-08  1.80000000e+00  2.25425000e-08  1.80000000e+00 
 2.25475000e-08  1.80000000e+00  2.25475000e-08  1.80000000e+00  2.25475000e-08  1.80000000e+00  2.25475000e-08  1.80000000e+00 
 2.25525000e-08  1.80000000e+00  2.25525000e-08  1.80000000e+00  2.25525000e-08  1.80000000e+00  2.25525000e-08  1.80000000e+00 
 2.25575000e-08  1.80000000e+00  2.25575000e-08  1.80000000e+00  2.25575000e-08  1.80000000e+00  2.25575000e-08  1.80000000e+00 
 2.25625000e-08  1.80000000e+00  2.25625000e-08  1.80000000e+00  2.25625000e-08  1.80000000e+00  2.25625000e-08  1.80000000e+00 
 2.25675000e-08  1.80000000e+00  2.25675000e-08  1.80000000e+00  2.25675000e-08  1.80000000e+00  2.25675000e-08  1.80000000e+00 
 2.25725000e-08  1.80000000e+00  2.25725000e-08  1.80000000e+00  2.25725000e-08  1.80000000e+00  2.25725000e-08  1.80000000e+00 
 2.25775000e-08  1.80000000e+00  2.25775000e-08  1.80000000e+00  2.25775000e-08  1.80000000e+00  2.25775000e-08  1.80000000e+00 
 2.25825000e-08  1.80000000e+00  2.25825000e-08  1.80000000e+00  2.25825000e-08  1.80000000e+00  2.25825000e-08  1.80000000e+00 
 2.25875000e-08  1.80000000e+00  2.25875000e-08  1.80000000e+00  2.25875000e-08  1.80000000e+00  2.25875000e-08  1.80000000e+00 
 2.25925000e-08  1.80000000e+00  2.25925000e-08  1.80000000e+00  2.25925000e-08  1.80000000e+00  2.25925000e-08  1.80000000e+00 
 2.25975000e-08  1.80000000e+00  2.25975000e-08  1.80000000e+00  2.25975000e-08  1.80000000e+00  2.25975000e-08  1.80000000e+00 
 2.26025000e-08  1.80000000e+00  2.26025000e-08  1.80000000e+00  2.26025000e-08  1.80000000e+00  2.26025000e-08  1.80000000e+00 
 2.26075000e-08  1.80000000e+00  2.26075000e-08  1.80000000e+00  2.26075000e-08  1.80000000e+00  2.26075000e-08  1.80000000e+00 
 2.26125000e-08  1.80000000e+00  2.26125000e-08  1.80000000e+00  2.26125000e-08  1.80000000e+00  2.26125000e-08  1.80000000e+00 
 2.26175000e-08  1.80000000e+00  2.26175000e-08  1.80000000e+00  2.26175000e-08  1.80000000e+00  2.26175000e-08  1.80000000e+00 
 2.26225000e-08  1.80000000e+00  2.26225000e-08  1.80000000e+00  2.26225000e-08  1.80000000e+00  2.26225000e-08  1.80000000e+00 
 2.26275000e-08  1.80000000e+00  2.26275000e-08  1.80000000e+00  2.26275000e-08  1.80000000e+00  2.26275000e-08  1.80000000e+00 
 2.26325000e-08  1.80000000e+00  2.26325000e-08  1.80000000e+00  2.26325000e-08  1.80000000e+00  2.26325000e-08  1.80000000e+00 
 2.26375000e-08  1.80000000e+00  2.26375000e-08  1.80000000e+00  2.26375000e-08  1.80000000e+00  2.26375000e-08  1.80000000e+00 
 2.26425000e-08  1.80000000e+00  2.26425000e-08  1.80000000e+00  2.26425000e-08  1.80000000e+00  2.26425000e-08  1.80000000e+00 
 2.26475000e-08  1.80000000e+00  2.26475000e-08  1.80000000e+00  2.26475000e-08  1.80000000e+00  2.26475000e-08  1.80000000e+00 
 2.26525000e-08  1.80000000e+00  2.26525000e-08  1.80000000e+00  2.26525000e-08  1.80000000e+00  2.26525000e-08  1.80000000e+00 
 2.26575000e-08  1.80000000e+00  2.26575000e-08  1.80000000e+00  2.26575000e-08  1.80000000e+00  2.26575000e-08  1.80000000e+00 
 2.26625000e-08  1.80000000e+00  2.26625000e-08  1.80000000e+00  2.26625000e-08  1.80000000e+00  2.26625000e-08  1.80000000e+00 
 2.26675000e-08  1.80000000e+00  2.26675000e-08  1.80000000e+00  2.26675000e-08  1.80000000e+00  2.26675000e-08  1.80000000e+00 
 2.26725000e-08  1.80000000e+00  2.26725000e-08  1.80000000e+00  2.26725000e-08  1.80000000e+00  2.26725000e-08  1.80000000e+00 
 2.26775000e-08  1.80000000e+00  2.26775000e-08  1.80000000e+00  2.26775000e-08  1.80000000e+00  2.26775000e-08  1.80000000e+00 
 2.26825000e-08  1.80000000e+00  2.26825000e-08  1.80000000e+00  2.26825000e-08  1.80000000e+00  2.26825000e-08  1.80000000e+00 
 2.26875000e-08  1.80000000e+00  2.26875000e-08  1.80000000e+00  2.26875000e-08  1.80000000e+00  2.26875000e-08  1.80000000e+00 
 2.26925000e-08  1.80000000e+00  2.26925000e-08  1.80000000e+00  2.26925000e-08  1.80000000e+00  2.26925000e-08  1.80000000e+00 
 2.26975000e-08  1.80000000e+00  2.26975000e-08  1.80000000e+00  2.26975000e-08  1.80000000e+00  2.26975000e-08  1.80000000e+00 
 2.27025000e-08  1.80000000e+00  2.27025000e-08  1.80000000e+00  2.27025000e-08  1.80000000e+00  2.27025000e-08  1.80000000e+00 
 2.27075000e-08  1.80000000e+00  2.27075000e-08  1.80000000e+00  2.27075000e-08  1.80000000e+00  2.27075000e-08  1.80000000e+00 
 2.27125000e-08  1.80000000e+00  2.27125000e-08  1.80000000e+00  2.27125000e-08  1.80000000e+00  2.27125000e-08  1.80000000e+00 
 2.27175000e-08  1.80000000e+00  2.27175000e-08  1.80000000e+00  2.27175000e-08  1.80000000e+00  2.27175000e-08  1.80000000e+00 
 2.27225000e-08  1.80000000e+00  2.27225000e-08  1.80000000e+00  2.27225000e-08  1.80000000e+00  2.27225000e-08  1.80000000e+00 
 2.27275000e-08  1.80000000e+00  2.27275000e-08  1.80000000e+00  2.27275000e-08  1.80000000e+00  2.27275000e-08  1.80000000e+00 
 2.27325000e-08  1.80000000e+00  2.27325000e-08  1.80000000e+00  2.27325000e-08  1.80000000e+00  2.27325000e-08  1.80000000e+00 
 2.27375000e-08  1.80000000e+00  2.27375000e-08  1.80000000e+00  2.27375000e-08  1.80000000e+00  2.27375000e-08  1.80000000e+00 
 2.27425000e-08  1.80000000e+00  2.27425000e-08  1.80000000e+00  2.27425000e-08  1.80000000e+00  2.27425000e-08  1.80000000e+00 
 2.27475000e-08  1.80000000e+00  2.27475000e-08  1.80000000e+00  2.27475000e-08  1.80000000e+00  2.27475000e-08  1.80000000e+00 
 2.27525000e-08  1.80000000e+00  2.27525000e-08  1.80000000e+00  2.27525000e-08  1.80000000e+00  2.27525000e-08  1.80000000e+00 
 2.27575000e-08  1.80000000e+00  2.27575000e-08  1.80000000e+00  2.27575000e-08  1.80000000e+00  2.27575000e-08  1.80000000e+00 
 2.27625000e-08  1.80000000e+00  2.27625000e-08  1.80000000e+00  2.27625000e-08  1.80000000e+00  2.27625000e-08  1.80000000e+00 
 2.27675000e-08  1.80000000e+00  2.27675000e-08  1.80000000e+00  2.27675000e-08  1.80000000e+00  2.27675000e-08  1.80000000e+00 
 2.27725000e-08  1.80000000e+00  2.27725000e-08  1.80000000e+00  2.27725000e-08  1.80000000e+00  2.27725000e-08  1.80000000e+00 
 2.27775000e-08  1.80000000e+00  2.27775000e-08  1.80000000e+00  2.27775000e-08  1.80000000e+00  2.27775000e-08  1.80000000e+00 
 2.27825000e-08  1.80000000e+00  2.27825000e-08  1.80000000e+00  2.27825000e-08  1.80000000e+00  2.27825000e-08  1.80000000e+00 
 2.27875000e-08  1.80000000e+00  2.27875000e-08  1.80000000e+00  2.27875000e-08  1.80000000e+00  2.27875000e-08  1.80000000e+00 
 2.27925000e-08  1.80000000e+00  2.27925000e-08  1.80000000e+00  2.27925000e-08  1.80000000e+00  2.27925000e-08  1.80000000e+00 
 2.27975000e-08  1.80000000e+00  2.27975000e-08  1.80000000e+00  2.27975000e-08  1.80000000e+00  2.27975000e-08  1.80000000e+00 
 2.28025000e-08  1.80000000e+00  2.28025000e-08  1.80000000e+00  2.28025000e-08  1.80000000e+00  2.28025000e-08  1.80000000e+00 
 2.28075000e-08  1.80000000e+00  2.28075000e-08  1.80000000e+00  2.28075000e-08  1.80000000e+00  2.28075000e-08  1.80000000e+00 
 2.28125000e-08  1.80000000e+00  2.28125000e-08  1.80000000e+00  2.28125000e-08  1.80000000e+00  2.28125000e-08  1.80000000e+00 
 2.28175000e-08  1.80000000e+00  2.28175000e-08  1.80000000e+00  2.28175000e-08  1.80000000e+00  2.28175000e-08  1.80000000e+00 
 2.28225000e-08  1.80000000e+00  2.28225000e-08  1.80000000e+00  2.28225000e-08  1.80000000e+00  2.28225000e-08  1.80000000e+00 
 2.28275000e-08  1.80000000e+00  2.28275000e-08  1.80000000e+00  2.28275000e-08  1.80000000e+00  2.28275000e-08  1.80000000e+00 
 2.28325000e-08  1.80000000e+00  2.28325000e-08  1.80000000e+00  2.28325000e-08  1.80000000e+00  2.28325000e-08  1.80000000e+00 
 2.28375000e-08  1.80000000e+00  2.28375000e-08  1.80000000e+00  2.28375000e-08  1.80000000e+00  2.28375000e-08  1.80000000e+00 
 2.28425000e-08  1.80000000e+00  2.28425000e-08  1.80000000e+00  2.28425000e-08  1.80000000e+00  2.28425000e-08  1.80000000e+00 
 2.28475000e-08  1.80000000e+00  2.28475000e-08  1.80000000e+00  2.28475000e-08  1.80000000e+00  2.28475000e-08  1.80000000e+00 
 2.28525000e-08  1.80000000e+00  2.28525000e-08  1.80000000e+00  2.28525000e-08  1.80000000e+00  2.28525000e-08  1.80000000e+00 
 2.28575000e-08  1.80000000e+00  2.28575000e-08  1.80000000e+00  2.28575000e-08  1.80000000e+00  2.28575000e-08  1.80000000e+00 
 2.28625000e-08  1.80000000e+00  2.28625000e-08  1.80000000e+00  2.28625000e-08  1.80000000e+00  2.28625000e-08  1.80000000e+00 
 2.28675000e-08  1.80000000e+00  2.28675000e-08  1.80000000e+00  2.28675000e-08  1.80000000e+00  2.28675000e-08  1.80000000e+00 
 2.28725000e-08  1.80000000e+00  2.28725000e-08  1.80000000e+00  2.28725000e-08  1.80000000e+00  2.28725000e-08  1.80000000e+00 
 2.28775000e-08  1.80000000e+00  2.28775000e-08  1.80000000e+00  2.28775000e-08  1.80000000e+00  2.28775000e-08  1.80000000e+00 
 2.28825000e-08  1.80000000e+00  2.28825000e-08  1.80000000e+00  2.28825000e-08  1.80000000e+00  2.28825000e-08  1.80000000e+00 
 2.28875000e-08  1.80000000e+00  2.28875000e-08  1.80000000e+00  2.28875000e-08  1.80000000e+00  2.28875000e-08  1.80000000e+00 
 2.28925000e-08  1.80000000e+00  2.28925000e-08  1.80000000e+00  2.28925000e-08  1.80000000e+00  2.28925000e-08  1.80000000e+00 
 2.28975000e-08  1.80000000e+00  2.28975000e-08  1.80000000e+00  2.28975000e-08  1.80000000e+00  2.28975000e-08  1.80000000e+00 
 2.29025000e-08  1.80000000e+00  2.29025000e-08  1.80000000e+00  2.29025000e-08  1.80000000e+00  2.29025000e-08  1.80000000e+00 
 2.29075000e-08  1.80000000e+00  2.29075000e-08  1.80000000e+00  2.29075000e-08  1.80000000e+00  2.29075000e-08  1.80000000e+00 
 2.29125000e-08  1.80000000e+00  2.29125000e-08  1.80000000e+00  2.29125000e-08  1.80000000e+00  2.29125000e-08  1.80000000e+00 
 2.29175000e-08  1.80000000e+00  2.29175000e-08  1.80000000e+00  2.29175000e-08  1.80000000e+00  2.29175000e-08  1.80000000e+00 
 2.29225000e-08  1.80000000e+00  2.29225000e-08  1.80000000e+00  2.29225000e-08  1.80000000e+00  2.29225000e-08  1.80000000e+00 
 2.29275000e-08  1.80000000e+00  2.29275000e-08  1.80000000e+00  2.29275000e-08  1.80000000e+00  2.29275000e-08  1.80000000e+00 
 2.29325000e-08  1.80000000e+00  2.29325000e-08  1.80000000e+00  2.29325000e-08  1.80000000e+00  2.29325000e-08  1.80000000e+00 
 2.29375000e-08  1.80000000e+00  2.29375000e-08  1.80000000e+00  2.29375000e-08  1.80000000e+00  2.29375000e-08  1.80000000e+00 
 2.29425000e-08  1.80000000e+00  2.29425000e-08  1.80000000e+00  2.29425000e-08  1.80000000e+00  2.29425000e-08  1.80000000e+00 
 2.29475000e-08  1.80000000e+00  2.29475000e-08  1.80000000e+00  2.29475000e-08  1.80000000e+00  2.29475000e-08  1.80000000e+00 
 2.29525000e-08  1.80000000e+00  2.29525000e-08  1.80000000e+00  2.29525000e-08  1.80000000e+00  2.29525000e-08  1.80000000e+00 
 2.29575000e-08  1.80000000e+00  2.29575000e-08  1.80000000e+00  2.29575000e-08  1.80000000e+00  2.29575000e-08  1.80000000e+00 
 2.29625000e-08  1.80000000e+00  2.29625000e-08  1.80000000e+00  2.29625000e-08  1.80000000e+00  2.29625000e-08  1.80000000e+00 
 2.29675000e-08  1.80000000e+00  2.29675000e-08  1.80000000e+00  2.29675000e-08  1.80000000e+00  2.29675000e-08  1.80000000e+00 
 2.29725000e-08  1.80000000e+00  2.29725000e-08  1.80000000e+00  2.29725000e-08  1.80000000e+00  2.29725000e-08  1.80000000e+00 
 2.29775000e-08  1.80000000e+00  2.29775000e-08  1.80000000e+00  2.29775000e-08  1.80000000e+00  2.29775000e-08  1.80000000e+00 
 2.29825000e-08  1.80000000e+00  2.29825000e-08  1.80000000e+00  2.29825000e-08  1.80000000e+00  2.29825000e-08  1.80000000e+00 
 2.29875000e-08  1.80000000e+00  2.29875000e-08  1.80000000e+00  2.29875000e-08  1.80000000e+00  2.29875000e-08  1.80000000e+00 
 2.29925000e-08  1.80000000e+00  2.29925000e-08  1.80000000e+00  2.29925000e-08  1.80000000e+00  2.29925000e-08  1.80000000e+00 
 2.29975000e-08  1.80000000e+00  2.29975000e-08  1.80000000e+00  2.29975000e-08  1.80000000e+00  2.29975000e-08  1.80000000e+00 
 2.30025000e-08  1.80000000e+00  2.30025000e-08  1.80000000e+00  2.30025000e-08  1.80000000e+00  2.30025000e-08  1.80000000e+00 
 2.30075000e-08  1.80000000e+00  2.30075000e-08  1.80000000e+00  2.30075000e-08  1.80000000e+00  2.30075000e-08  1.80000000e+00 
 2.30125000e-08  1.80000000e+00  2.30125000e-08  1.80000000e+00  2.30125000e-08  1.80000000e+00  2.30125000e-08  1.80000000e+00 
 2.30175000e-08  1.80000000e+00  2.30175000e-08  1.80000000e+00  2.30175000e-08  1.80000000e+00  2.30175000e-08  1.80000000e+00 
 2.30225000e-08  1.80000000e+00  2.30225000e-08  1.80000000e+00  2.30225000e-08  1.80000000e+00  2.30225000e-08  1.80000000e+00 
 2.30275000e-08  1.80000000e+00  2.30275000e-08  1.80000000e+00  2.30275000e-08  1.80000000e+00  2.30275000e-08  1.80000000e+00 
 2.30325000e-08  1.80000000e+00  2.30325000e-08  1.80000000e+00  2.30325000e-08  1.80000000e+00  2.30325000e-08  1.80000000e+00 
 2.30375000e-08  1.80000000e+00  2.30375000e-08  1.80000000e+00  2.30375000e-08  1.80000000e+00  2.30375000e-08  1.80000000e+00 
 2.30425000e-08  1.80000000e+00  2.30425000e-08  1.80000000e+00  2.30425000e-08  1.80000000e+00  2.30425000e-08  1.80000000e+00 
 2.30475000e-08  1.80000000e+00  2.30475000e-08  1.80000000e+00  2.30475000e-08  1.80000000e+00  2.30475000e-08  1.80000000e+00 
 2.30525000e-08  1.80000000e+00  2.30525000e-08  1.80000000e+00  2.30525000e-08  1.80000000e+00  2.30525000e-08  1.80000000e+00 
 2.30575000e-08  1.80000000e+00  2.30575000e-08  1.80000000e+00  2.30575000e-08  1.80000000e+00  2.30575000e-08  1.80000000e+00 
 2.30625000e-08  1.80000000e+00  2.30625000e-08  1.80000000e+00  2.30625000e-08  1.80000000e+00  2.30625000e-08  1.80000000e+00 
 2.30675000e-08  1.80000000e+00  2.30675000e-08  1.80000000e+00  2.30675000e-08  1.80000000e+00  2.30675000e-08  1.80000000e+00 
 2.30725000e-08  1.80000000e+00  2.30725000e-08  1.80000000e+00  2.30725000e-08  1.80000000e+00  2.30725000e-08  1.80000000e+00 
 2.30775000e-08  1.80000000e+00  2.30775000e-08  1.80000000e+00  2.30775000e-08  1.80000000e+00  2.30775000e-08  1.80000000e+00 
 2.30825000e-08  1.80000000e+00  2.30825000e-08  1.80000000e+00  2.30825000e-08  1.80000000e+00  2.30825000e-08  1.80000000e+00 
 2.30875000e-08  1.80000000e+00  2.30875000e-08  1.80000000e+00  2.30875000e-08  1.80000000e+00  2.30875000e-08  1.80000000e+00 
 2.30925000e-08  1.80000000e+00  2.30925000e-08  1.80000000e+00  2.30925000e-08  1.80000000e+00  2.30925000e-08  1.80000000e+00 
 2.30975000e-08  1.80000000e+00  2.30975000e-08  1.80000000e+00  2.30975000e-08  1.80000000e+00  2.30975000e-08  1.80000000e+00 
 2.31025000e-08  1.80000000e+00  2.31025000e-08  1.80000000e+00  2.31025000e-08  1.80000000e+00  2.31025000e-08  1.80000000e+00 
 2.31075000e-08  1.80000000e+00  2.31075000e-08  1.80000000e+00  2.31075000e-08  1.80000000e+00  2.31075000e-08  1.80000000e+00 
 2.31125000e-08  1.80000000e+00  2.31125000e-08  1.80000000e+00  2.31125000e-08  1.80000000e+00  2.31125000e-08  1.80000000e+00 
 2.31175000e-08  1.80000000e+00  2.31175000e-08  1.80000000e+00  2.31175000e-08  1.80000000e+00  2.31175000e-08  1.80000000e+00 
 2.31225000e-08  1.80000000e+00  2.31225000e-08  1.80000000e+00  2.31225000e-08  1.80000000e+00  2.31225000e-08  1.80000000e+00 
 2.31275000e-08  1.80000000e+00  2.31275000e-08  1.80000000e+00  2.31275000e-08  1.80000000e+00  2.31275000e-08  1.80000000e+00 
 2.31325000e-08  1.80000000e+00  2.31325000e-08  1.80000000e+00  2.31325000e-08  1.80000000e+00  2.31325000e-08  1.80000000e+00 
 2.31375000e-08  1.80000000e+00  2.31375000e-08  1.80000000e+00  2.31375000e-08  1.80000000e+00  2.31375000e-08  1.80000000e+00 
 2.31425000e-08  1.80000000e+00  2.31425000e-08  1.80000000e+00  2.31425000e-08  1.80000000e+00  2.31425000e-08  1.80000000e+00 
 2.31475000e-08  1.80000000e+00  2.31475000e-08  1.80000000e+00  2.31475000e-08  1.80000000e+00  2.31475000e-08  1.80000000e+00 
 2.31525000e-08  1.80000000e+00  2.31525000e-08  1.80000000e+00  2.31525000e-08  1.80000000e+00  2.31525000e-08  1.80000000e+00 
 2.31575000e-08  1.80000000e+00  2.31575000e-08  1.80000000e+00  2.31575000e-08  1.80000000e+00  2.31575000e-08  1.80000000e+00 
 2.31625000e-08  1.80000000e+00  2.31625000e-08  1.80000000e+00  2.31625000e-08  1.80000000e+00  2.31625000e-08  1.80000000e+00 
 2.31675000e-08  1.80000000e+00  2.31675000e-08  1.80000000e+00  2.31675000e-08  1.80000000e+00  2.31675000e-08  1.80000000e+00 
 2.31725000e-08  1.80000000e+00  2.31725000e-08  1.80000000e+00  2.31725000e-08  1.80000000e+00  2.31725000e-08  1.80000000e+00 
 2.31775000e-08  1.80000000e+00  2.31775000e-08  1.80000000e+00  2.31775000e-08  1.80000000e+00  2.31775000e-08  1.80000000e+00 
 2.31825000e-08  1.80000000e+00  2.31825000e-08  1.80000000e+00  2.31825000e-08  1.80000000e+00  2.31825000e-08  1.80000000e+00 
 2.31875000e-08  1.80000000e+00  2.31875000e-08  1.80000000e+00  2.31875000e-08  1.80000000e+00  2.31875000e-08  1.80000000e+00 
 2.31925000e-08  1.80000000e+00  2.31925000e-08  1.80000000e+00  2.31925000e-08  1.80000000e+00  2.31925000e-08  1.80000000e+00 
 2.31975000e-08  1.80000000e+00  2.31975000e-08  1.80000000e+00  2.31975000e-08  1.80000000e+00  2.31975000e-08  1.80000000e+00 
 2.32025000e-08  1.80000000e+00  2.32025000e-08  1.80000000e+00  2.32025000e-08  1.80000000e+00  2.32025000e-08  1.80000000e+00 
 2.32075000e-08  1.80000000e+00  2.32075000e-08  1.80000000e+00  2.32075000e-08  1.80000000e+00  2.32075000e-08  1.80000000e+00 
 2.32125000e-08  1.80000000e+00  2.32125000e-08  1.80000000e+00  2.32125000e-08  1.80000000e+00  2.32125000e-08  1.80000000e+00 
 2.32175000e-08  1.80000000e+00  2.32175000e-08  1.80000000e+00  2.32175000e-08  1.80000000e+00  2.32175000e-08  1.80000000e+00 
 2.32225000e-08  1.80000000e+00  2.32225000e-08  1.80000000e+00  2.32225000e-08  1.80000000e+00  2.32225000e-08  1.80000000e+00 
 2.32275000e-08  1.80000000e+00  2.32275000e-08  1.80000000e+00  2.32275000e-08  1.80000000e+00  2.32275000e-08  1.80000000e+00 
 2.32325000e-08  1.80000000e+00  2.32325000e-08  1.80000000e+00  2.32325000e-08  1.80000000e+00  2.32325000e-08  1.80000000e+00 
 2.32375000e-08  1.80000000e+00  2.32375000e-08  1.80000000e+00  2.32375000e-08  1.80000000e+00  2.32375000e-08  1.80000000e+00 
 2.32425000e-08  1.80000000e+00  2.32425000e-08  1.80000000e+00  2.32425000e-08  1.80000000e+00  2.32425000e-08  1.80000000e+00 
 2.32475000e-08  1.80000000e+00  2.32475000e-08  1.80000000e+00  2.32475000e-08  1.80000000e+00  2.32475000e-08  1.80000000e+00 
 2.32525000e-08  1.80000000e+00  2.32525000e-08  1.80000000e+00  2.32525000e-08  1.80000000e+00  2.32525000e-08  1.80000000e+00 
 2.32575000e-08  1.80000000e+00  2.32575000e-08  1.80000000e+00  2.32575000e-08  1.80000000e+00  2.32575000e-08  1.80000000e+00 
 2.32625000e-08  1.80000000e+00  2.32625000e-08  1.80000000e+00  2.32625000e-08  1.80000000e+00  2.32625000e-08  1.80000000e+00 
 2.32675000e-08  1.80000000e+00  2.32675000e-08  1.80000000e+00  2.32675000e-08  1.80000000e+00  2.32675000e-08  1.80000000e+00 
 2.32725000e-08  1.80000000e+00  2.32725000e-08  1.80000000e+00  2.32725000e-08  1.80000000e+00  2.32725000e-08  1.80000000e+00 
 2.32775000e-08  1.80000000e+00  2.32775000e-08  1.80000000e+00  2.32775000e-08  1.80000000e+00  2.32775000e-08  1.80000000e+00 
 2.32825000e-08  1.80000000e+00  2.32825000e-08  1.80000000e+00  2.32825000e-08  1.80000000e+00  2.32825000e-08  1.80000000e+00 
 2.32875000e-08  1.80000000e+00  2.32875000e-08  1.80000000e+00  2.32875000e-08  1.80000000e+00  2.32875000e-08  1.80000000e+00 
 2.32925000e-08  1.80000000e+00  2.32925000e-08  1.80000000e+00  2.32925000e-08  1.80000000e+00  2.32925000e-08  1.80000000e+00 
 2.32975000e-08  1.80000000e+00  2.32975000e-08  1.80000000e+00  2.32975000e-08  1.80000000e+00  2.32975000e-08  1.80000000e+00 
 2.33025000e-08  1.80000000e+00  2.33025000e-08  1.80000000e+00  2.33025000e-08  1.80000000e+00  2.33025000e-08  1.80000000e+00 
 2.33075000e-08  1.80000000e+00  2.33075000e-08  1.80000000e+00  2.33075000e-08  1.80000000e+00  2.33075000e-08  1.80000000e+00 
 2.33125000e-08  1.80000000e+00  2.33125000e-08  1.80000000e+00  2.33125000e-08  1.80000000e+00  2.33125000e-08  1.80000000e+00 
 2.33175000e-08  1.80000000e+00  2.33175000e-08  1.80000000e+00  2.33175000e-08  1.80000000e+00  2.33175000e-08  1.80000000e+00 
 2.33225000e-08  1.80000000e+00  2.33225000e-08  1.80000000e+00  2.33225000e-08  1.80000000e+00  2.33225000e-08  1.80000000e+00 
 2.33275000e-08  1.80000000e+00  2.33275000e-08  1.80000000e+00  2.33275000e-08  1.80000000e+00  2.33275000e-08  1.80000000e+00 
 2.33325000e-08  1.80000000e+00  2.33325000e-08  1.80000000e+00  2.33325000e-08  1.80000000e+00  2.33325000e-08  1.80000000e+00 
 2.33375000e-08  1.80000000e+00  2.33375000e-08  1.80000000e+00  2.33375000e-08  1.80000000e+00  2.33375000e-08  1.80000000e+00 
 2.33425000e-08  1.80000000e+00  2.33425000e-08  1.80000000e+00  2.33425000e-08  1.80000000e+00  2.33425000e-08  1.80000000e+00 
 2.33475000e-08  1.80000000e+00  2.33475000e-08  1.80000000e+00  2.33475000e-08  1.80000000e+00  2.33475000e-08  1.80000000e+00 
 2.33525000e-08  1.80000000e+00  2.33525000e-08  1.80000000e+00  2.33525000e-08  1.80000000e+00  2.33525000e-08  1.80000000e+00 
 2.33575000e-08  1.80000000e+00  2.33575000e-08  1.80000000e+00  2.33575000e-08  1.80000000e+00  2.33575000e-08  1.80000000e+00 
 2.33625000e-08  1.80000000e+00  2.33625000e-08  1.80000000e+00  2.33625000e-08  1.80000000e+00  2.33625000e-08  1.80000000e+00 
 2.33675000e-08  1.80000000e+00  2.33675000e-08  1.80000000e+00  2.33675000e-08  1.80000000e+00  2.33675000e-08  1.80000000e+00 
 2.33725000e-08  1.80000000e+00  2.33725000e-08  1.80000000e+00  2.33725000e-08  1.80000000e+00  2.33725000e-08  1.80000000e+00 
 2.33775000e-08  1.80000000e+00  2.33775000e-08  1.80000000e+00  2.33775000e-08  1.80000000e+00  2.33775000e-08  1.80000000e+00 
 2.33825000e-08  1.80000000e+00  2.33825000e-08  1.80000000e+00  2.33825000e-08  1.80000000e+00  2.33825000e-08  1.80000000e+00 
 2.33875000e-08  1.80000000e+00  2.33875000e-08  1.80000000e+00  2.33875000e-08  1.80000000e+00  2.33875000e-08  1.80000000e+00 
 2.33925000e-08  1.80000000e+00  2.33925000e-08  1.80000000e+00  2.33925000e-08  1.80000000e+00  2.33925000e-08  1.80000000e+00 
 2.33975000e-08  1.80000000e+00  2.33975000e-08  1.80000000e+00  2.33975000e-08  1.80000000e+00  2.33975000e-08  1.80000000e+00 
 2.34025000e-08  1.80000000e+00  2.34025000e-08  1.80000000e+00  2.34025000e-08  1.80000000e+00  2.34025000e-08  1.80000000e+00 
 2.34075000e-08  1.80000000e+00  2.34075000e-08  1.80000000e+00  2.34075000e-08  1.80000000e+00  2.34075000e-08  1.80000000e+00 
 2.34125000e-08  1.80000000e+00  2.34125000e-08  1.80000000e+00  2.34125000e-08  1.80000000e+00  2.34125000e-08  1.80000000e+00 
 2.34175000e-08  1.80000000e+00  2.34175000e-08  1.80000000e+00  2.34175000e-08  1.80000000e+00  2.34175000e-08  1.80000000e+00 
 2.34225000e-08  1.80000000e+00  2.34225000e-08  1.80000000e+00  2.34225000e-08  1.80000000e+00  2.34225000e-08  1.80000000e+00 
 2.34275000e-08  1.80000000e+00  2.34275000e-08  1.80000000e+00  2.34275000e-08  1.80000000e+00  2.34275000e-08  1.80000000e+00 
 2.34325000e-08  1.80000000e+00  2.34325000e-08  1.80000000e+00  2.34325000e-08  1.80000000e+00  2.34325000e-08  1.80000000e+00 
 2.34375000e-08  1.80000000e+00  2.34375000e-08  1.80000000e+00  2.34375000e-08  1.80000000e+00  2.34375000e-08  1.80000000e+00 
 2.34425000e-08  1.80000000e+00  2.34425000e-08  1.80000000e+00  2.34425000e-08  1.80000000e+00  2.34425000e-08  1.80000000e+00 
 2.34475000e-08  1.80000000e+00  2.34475000e-08  1.80000000e+00  2.34475000e-08  1.80000000e+00  2.34475000e-08  1.80000000e+00 
 2.34525000e-08  1.80000000e+00  2.34525000e-08  1.80000000e+00  2.34525000e-08  1.80000000e+00  2.34525000e-08  1.80000000e+00 
 2.34575000e-08  1.80000000e+00  2.34575000e-08  1.80000000e+00  2.34575000e-08  1.80000000e+00  2.34575000e-08  1.80000000e+00 
 2.34625000e-08  1.80000000e+00  2.34625000e-08  1.80000000e+00  2.34625000e-08  1.80000000e+00  2.34625000e-08  1.80000000e+00 
 2.34675000e-08  1.80000000e+00  2.34675000e-08  1.80000000e+00  2.34675000e-08  1.80000000e+00  2.34675000e-08  1.80000000e+00 
 2.34725000e-08  1.80000000e+00  2.34725000e-08  1.80000000e+00  2.34725000e-08  1.80000000e+00  2.34725000e-08  1.80000000e+00 
 2.34775000e-08  1.80000000e+00  2.34775000e-08  1.80000000e+00  2.34775000e-08  1.80000000e+00  2.34775000e-08  1.80000000e+00 
 2.34825000e-08  1.80000000e+00  2.34825000e-08  1.80000000e+00  2.34825000e-08  1.80000000e+00  2.34825000e-08  1.80000000e+00 
 2.34875000e-08  1.80000000e+00  2.34875000e-08  1.80000000e+00  2.34875000e-08  1.80000000e+00  2.34875000e-08  1.80000000e+00 
 2.34925000e-08  1.80000000e+00  2.34925000e-08  1.80000000e+00  2.34925000e-08  1.80000000e+00  2.34925000e-08  1.80000000e+00 
 2.34975000e-08  1.80000000e+00  2.34975000e-08  1.80000000e+00  2.34975000e-08  1.80000000e+00  2.34975000e-08  1.80000000e+00 
 2.35025000e-08  1.80000000e+00  2.35025000e-08  1.80000000e+00  2.35025000e-08  1.80000000e+00  2.35025000e-08  1.80000000e+00 
 2.35075000e-08  1.80000000e+00  2.35075000e-08  1.80000000e+00  2.35075000e-08  1.80000000e+00  2.35075000e-08  1.80000000e+00 
 2.35125000e-08  1.80000000e+00  2.35125000e-08  1.80000000e+00  2.35125000e-08  1.80000000e+00  2.35125000e-08  1.80000000e+00 
 2.35175000e-08  1.80000000e+00  2.35175000e-08  1.80000000e+00  2.35175000e-08  1.80000000e+00  2.35175000e-08  1.80000000e+00 
 2.35225000e-08  1.80000000e+00  2.35225000e-08  1.80000000e+00  2.35225000e-08  1.80000000e+00  2.35225000e-08  1.80000000e+00 
 2.35275000e-08  1.80000000e+00  2.35275000e-08  1.80000000e+00  2.35275000e-08  1.80000000e+00  2.35275000e-08  1.80000000e+00 
 2.35325000e-08  1.80000000e+00  2.35325000e-08  1.80000000e+00  2.35325000e-08  1.80000000e+00  2.35325000e-08  1.80000000e+00 
 2.35375000e-08  1.80000000e+00  2.35375000e-08  1.80000000e+00  2.35375000e-08  1.80000000e+00  2.35375000e-08  1.80000000e+00 
 2.35425000e-08  1.80000000e+00  2.35425000e-08  1.80000000e+00  2.35425000e-08  1.80000000e+00  2.35425000e-08  1.80000000e+00 
 2.35475000e-08  1.80000000e+00  2.35475000e-08  1.80000000e+00  2.35475000e-08  1.80000000e+00  2.35475000e-08  1.80000000e+00 
 2.35525000e-08  1.80000000e+00  2.35525000e-08  1.80000000e+00  2.35525000e-08  1.80000000e+00  2.35525000e-08  1.80000000e+00 
 2.35575000e-08  1.80000000e+00  2.35575000e-08  1.80000000e+00  2.35575000e-08  1.80000000e+00  2.35575000e-08  1.80000000e+00 
 2.35625000e-08  1.80000000e+00  2.35625000e-08  1.80000000e+00  2.35625000e-08  1.80000000e+00  2.35625000e-08  1.80000000e+00 
 2.35675000e-08  1.80000000e+00  2.35675000e-08  1.80000000e+00  2.35675000e-08  1.80000000e+00  2.35675000e-08  1.80000000e+00 
 2.35725000e-08  1.80000000e+00  2.35725000e-08  1.80000000e+00  2.35725000e-08  1.80000000e+00  2.35725000e-08  1.80000000e+00 
 2.35775000e-08  1.80000000e+00  2.35775000e-08  1.80000000e+00  2.35775000e-08  1.80000000e+00  2.35775000e-08  1.80000000e+00 
 2.35825000e-08  1.80000000e+00  2.35825000e-08  1.80000000e+00  2.35825000e-08  1.80000000e+00  2.35825000e-08  1.80000000e+00 
 2.35875000e-08  1.80000000e+00  2.35875000e-08  1.80000000e+00  2.35875000e-08  1.80000000e+00  2.35875000e-08  1.80000000e+00 
 2.35925000e-08  1.80000000e+00  2.35925000e-08  1.80000000e+00  2.35925000e-08  1.80000000e+00  2.35925000e-08  1.80000000e+00 
 2.35975000e-08  1.80000000e+00  2.35975000e-08  1.80000000e+00  2.35975000e-08  1.80000000e+00  2.35975000e-08  1.80000000e+00 
 2.36025000e-08  1.80000000e+00  2.36025000e-08  1.80000000e+00  2.36025000e-08  1.80000000e+00  2.36025000e-08  1.80000000e+00 
 2.36075000e-08  1.80000000e+00  2.36075000e-08  1.80000000e+00  2.36075000e-08  1.80000000e+00  2.36075000e-08  1.80000000e+00 
 2.36125000e-08  1.80000000e+00  2.36125000e-08  1.80000000e+00  2.36125000e-08  1.80000000e+00  2.36125000e-08  1.80000000e+00 
 2.36175000e-08  1.80000000e+00  2.36175000e-08  1.80000000e+00  2.36175000e-08  1.80000000e+00  2.36175000e-08  1.80000000e+00 
 2.36225000e-08  1.80000000e+00  2.36225000e-08  1.80000000e+00  2.36225000e-08  1.80000000e+00  2.36225000e-08  1.80000000e+00 
 2.36275000e-08  1.80000000e+00  2.36275000e-08  1.80000000e+00  2.36275000e-08  1.80000000e+00  2.36275000e-08  1.80000000e+00 
 2.36325000e-08  1.80000000e+00  2.36325000e-08  1.80000000e+00  2.36325000e-08  1.80000000e+00  2.36325000e-08  1.80000000e+00 
 2.36375000e-08  1.80000000e+00  2.36375000e-08  1.80000000e+00  2.36375000e-08  1.80000000e+00  2.36375000e-08  1.80000000e+00 
 2.36425000e-08  1.80000000e+00  2.36425000e-08  1.80000000e+00  2.36425000e-08  1.80000000e+00  2.36425000e-08  1.80000000e+00 
 2.36475000e-08  1.80000000e+00  2.36475000e-08  1.80000000e+00  2.36475000e-08  1.80000000e+00  2.36475000e-08  1.80000000e+00 
 2.36525000e-08  1.80000000e+00  2.36525000e-08  1.80000000e+00  2.36525000e-08  1.80000000e+00  2.36525000e-08  1.80000000e+00 
 2.36575000e-08  1.80000000e+00  2.36575000e-08  1.80000000e+00  2.36575000e-08  1.80000000e+00  2.36575000e-08  1.80000000e+00 
 2.36625000e-08  1.80000000e+00  2.36625000e-08  1.80000000e+00  2.36625000e-08  1.80000000e+00  2.36625000e-08  1.80000000e+00 
 2.36675000e-08  1.80000000e+00  2.36675000e-08  1.80000000e+00  2.36675000e-08  1.80000000e+00  2.36675000e-08  1.80000000e+00 
 2.36725000e-08  1.80000000e+00  2.36725000e-08  1.80000000e+00  2.36725000e-08  1.80000000e+00  2.36725000e-08  1.80000000e+00 
 2.36775000e-08  1.80000000e+00  2.36775000e-08  1.80000000e+00  2.36775000e-08  1.80000000e+00  2.36775000e-08  1.80000000e+00 
 2.36825000e-08  1.80000000e+00  2.36825000e-08  1.80000000e+00  2.36825000e-08  1.80000000e+00  2.36825000e-08  1.80000000e+00 
 2.36875000e-08  1.80000000e+00  2.36875000e-08  1.80000000e+00  2.36875000e-08  1.80000000e+00  2.36875000e-08  1.80000000e+00 
 2.36925000e-08  1.80000000e+00  2.36925000e-08  1.80000000e+00  2.36925000e-08  1.80000000e+00  2.36925000e-08  1.80000000e+00 
 2.36975000e-08  1.80000000e+00  2.36975000e-08  1.80000000e+00  2.36975000e-08  1.80000000e+00  2.36975000e-08  1.80000000e+00 
 2.37025000e-08  1.80000000e+00  2.37025000e-08  1.80000000e+00  2.37025000e-08  1.80000000e+00  2.37025000e-08  1.80000000e+00 
 2.37075000e-08  1.80000000e+00  2.37075000e-08  1.80000000e+00  2.37075000e-08  1.80000000e+00  2.37075000e-08  1.80000000e+00 
 2.37125000e-08  1.80000000e+00  2.37125000e-08  1.80000000e+00  2.37125000e-08  1.80000000e+00  2.37125000e-08  1.80000000e+00 
 2.37175000e-08  1.80000000e+00  2.37175000e-08  1.80000000e+00  2.37175000e-08  1.80000000e+00  2.37175000e-08  1.80000000e+00 
 2.37225000e-08  1.80000000e+00  2.37225000e-08  1.80000000e+00  2.37225000e-08  1.80000000e+00  2.37225000e-08  1.80000000e+00 
 2.37275000e-08  1.80000000e+00  2.37275000e-08  1.80000000e+00  2.37275000e-08  1.80000000e+00  2.37275000e-08  1.80000000e+00 
 2.37325000e-08  1.80000000e+00  2.37325000e-08  1.80000000e+00  2.37325000e-08  1.80000000e+00  2.37325000e-08  1.80000000e+00 
 2.37375000e-08  1.80000000e+00  2.37375000e-08  1.80000000e+00  2.37375000e-08  1.80000000e+00  2.37375000e-08  1.80000000e+00 
 2.37425000e-08  1.80000000e+00  2.37425000e-08  1.80000000e+00  2.37425000e-08  1.80000000e+00  2.37425000e-08  1.80000000e+00 
 2.37475000e-08  1.80000000e+00  2.37475000e-08  1.80000000e+00  2.37475000e-08  1.80000000e+00  2.37475000e-08  1.80000000e+00 
 2.37525000e-08  1.80000000e+00  2.37525000e-08  1.80000000e+00  2.37525000e-08  1.80000000e+00  2.37525000e-08  1.80000000e+00 
 2.37575000e-08  1.80000000e+00  2.37575000e-08  1.80000000e+00  2.37575000e-08  1.80000000e+00  2.37575000e-08  1.80000000e+00 
 2.37625000e-08  1.80000000e+00  2.37625000e-08  1.80000000e+00  2.37625000e-08  1.80000000e+00  2.37625000e-08  1.80000000e+00 
 2.37675000e-08  1.80000000e+00  2.37675000e-08  1.80000000e+00  2.37675000e-08  1.80000000e+00  2.37675000e-08  1.80000000e+00 
 2.37725000e-08  1.80000000e+00  2.37725000e-08  1.80000000e+00  2.37725000e-08  1.80000000e+00  2.37725000e-08  1.80000000e+00 
 2.37775000e-08  1.80000000e+00  2.37775000e-08  1.80000000e+00  2.37775000e-08  1.80000000e+00  2.37775000e-08  1.80000000e+00 
 2.37825000e-08  1.80000000e+00  2.37825000e-08  1.80000000e+00  2.37825000e-08  1.80000000e+00  2.37825000e-08  1.80000000e+00 
 2.37875000e-08  1.80000000e+00  2.37875000e-08  1.80000000e+00  2.37875000e-08  1.80000000e+00  2.37875000e-08  1.80000000e+00 
 2.37925000e-08  1.80000000e+00  2.37925000e-08  1.80000000e+00  2.37925000e-08  1.80000000e+00  2.37925000e-08  1.80000000e+00 
 2.37975000e-08  1.80000000e+00  2.37975000e-08  1.80000000e+00  2.37975000e-08  1.80000000e+00  2.37975000e-08  1.80000000e+00 
 2.38025000e-08  1.80000000e+00  2.38025000e-08  1.80000000e+00  2.38025000e-08  1.80000000e+00  2.38025000e-08  1.80000000e+00 
 2.38075000e-08  1.80000000e+00  2.38075000e-08  1.80000000e+00  2.38075000e-08  1.80000000e+00  2.38075000e-08  1.80000000e+00 
 2.38125000e-08  1.80000000e+00  2.38125000e-08  1.80000000e+00  2.38125000e-08  1.80000000e+00  2.38125000e-08  1.80000000e+00 
 2.38175000e-08  1.80000000e+00  2.38175000e-08  1.80000000e+00  2.38175000e-08  1.80000000e+00  2.38175000e-08  1.80000000e+00 
 2.38225000e-08  1.80000000e+00  2.38225000e-08  1.80000000e+00  2.38225000e-08  1.80000000e+00  2.38225000e-08  1.80000000e+00 
 2.38275000e-08  1.80000000e+00  2.38275000e-08  1.80000000e+00  2.38275000e-08  1.80000000e+00  2.38275000e-08  1.80000000e+00 
 2.38325000e-08  1.80000000e+00  2.38325000e-08  1.80000000e+00  2.38325000e-08  1.80000000e+00  2.38325000e-08  1.80000000e+00 
 2.38375000e-08  1.80000000e+00  2.38375000e-08  1.80000000e+00  2.38375000e-08  1.80000000e+00  2.38375000e-08  1.80000000e+00 
 2.38425000e-08  1.80000000e+00  2.38425000e-08  1.80000000e+00  2.38425000e-08  1.80000000e+00  2.38425000e-08  1.80000000e+00 
 2.38475000e-08  1.80000000e+00  2.38475000e-08  1.80000000e+00  2.38475000e-08  1.80000000e+00  2.38475000e-08  1.80000000e+00 
 2.38525000e-08  1.80000000e+00  2.38525000e-08  1.80000000e+00  2.38525000e-08  1.80000000e+00  2.38525000e-08  1.80000000e+00 
 2.38575000e-08  1.80000000e+00  2.38575000e-08  1.80000000e+00  2.38575000e-08  1.80000000e+00  2.38575000e-08  1.80000000e+00 
 2.38625000e-08  1.80000000e+00  2.38625000e-08  1.80000000e+00  2.38625000e-08  1.80000000e+00  2.38625000e-08  1.80000000e+00 
 2.38675000e-08  1.80000000e+00  2.38675000e-08  1.80000000e+00  2.38675000e-08  1.80000000e+00  2.38675000e-08  1.80000000e+00 
 2.38725000e-08  1.80000000e+00  2.38725000e-08  1.80000000e+00  2.38725000e-08  1.80000000e+00  2.38725000e-08  1.80000000e+00 
 2.38775000e-08  1.80000000e+00  2.38775000e-08  1.80000000e+00  2.38775000e-08  1.80000000e+00  2.38775000e-08  1.80000000e+00 
 2.38825000e-08  1.80000000e+00  2.38825000e-08  1.80000000e+00  2.38825000e-08  1.80000000e+00  2.38825000e-08  1.80000000e+00 
 2.38875000e-08  1.80000000e+00  2.38875000e-08  1.80000000e+00  2.38875000e-08  1.80000000e+00  2.38875000e-08  1.80000000e+00 
 2.38925000e-08  1.80000000e+00  2.38925000e-08  1.80000000e+00  2.38925000e-08  1.80000000e+00  2.38925000e-08  1.80000000e+00 
 2.38975000e-08  1.80000000e+00  2.38975000e-08  1.80000000e+00  2.38975000e-08  1.80000000e+00  2.38975000e-08  1.80000000e+00 
 2.39025000e-08  1.80000000e+00  2.39025000e-08  1.80000000e+00  2.39025000e-08  1.80000000e+00  2.39025000e-08  1.80000000e+00 
 2.39075000e-08  1.80000000e+00  2.39075000e-08  1.80000000e+00  2.39075000e-08  1.80000000e+00  2.39075000e-08  1.80000000e+00 
 2.39125000e-08  1.80000000e+00  2.39125000e-08  1.80000000e+00  2.39125000e-08  1.80000000e+00  2.39125000e-08  1.80000000e+00 
 2.39175000e-08  1.80000000e+00  2.39175000e-08  1.80000000e+00  2.39175000e-08  1.80000000e+00  2.39175000e-08  1.80000000e+00 
 2.39225000e-08  1.80000000e+00  2.39225000e-08  1.80000000e+00  2.39225000e-08  1.80000000e+00  2.39225000e-08  1.80000000e+00 
 2.39275000e-08  1.80000000e+00  2.39275000e-08  1.80000000e+00  2.39275000e-08  1.80000000e+00  2.39275000e-08  1.80000000e+00 
 2.39325000e-08  1.80000000e+00  2.39325000e-08  1.80000000e+00  2.39325000e-08  1.80000000e+00  2.39325000e-08  1.80000000e+00 
 2.39375000e-08  1.80000000e+00  2.39375000e-08  1.80000000e+00  2.39375000e-08  1.80000000e+00  2.39375000e-08  1.80000000e+00 
 2.39425000e-08  1.80000000e+00  2.39425000e-08  1.80000000e+00  2.39425000e-08  1.80000000e+00  2.39425000e-08  1.80000000e+00 
 2.39475000e-08  1.80000000e+00  2.39475000e-08  1.80000000e+00  2.39475000e-08  1.80000000e+00  2.39475000e-08  1.80000000e+00 
 2.39525000e-08  1.80000000e+00  2.39525000e-08  1.80000000e+00  2.39525000e-08  1.80000000e+00  2.39525000e-08  1.80000000e+00 
 2.39575000e-08  1.80000000e+00  2.39575000e-08  1.80000000e+00  2.39575000e-08  1.80000000e+00  2.39575000e-08  1.80000000e+00 
 2.39625000e-08  1.80000000e+00  2.39625000e-08  1.80000000e+00  2.39625000e-08  1.80000000e+00  2.39625000e-08  1.80000000e+00 
 2.39675000e-08  1.80000000e+00  2.39675000e-08  1.80000000e+00  2.39675000e-08  1.80000000e+00  2.39675000e-08  1.80000000e+00 
 2.39725000e-08  1.80000000e+00  2.39725000e-08  1.80000000e+00  2.39725000e-08  1.80000000e+00  2.39725000e-08  1.80000000e+00 
 2.39775000e-08  1.80000000e+00  2.39775000e-08  1.80000000e+00  2.39775000e-08  1.80000000e+00  2.39775000e-08  1.80000000e+00 
 2.39825000e-08  1.80000000e+00  2.39825000e-08  1.80000000e+00  2.39825000e-08  1.80000000e+00  2.39825000e-08  1.80000000e+00 
 2.39875000e-08  1.80000000e+00  2.39875000e-08  1.80000000e+00  2.39875000e-08  1.80000000e+00  2.39875000e-08  1.80000000e+00 
 2.39925000e-08  1.80000000e+00  2.39925000e-08  1.80000000e+00  2.39925000e-08  1.80000000e+00  2.39925000e-08  1.80000000e+00 
 2.39975000e-08  1.80000000e+00  2.39975000e-08  1.80000000e+00  2.39975000e-08  1.80000000e+00  2.39975000e-08  1.80000000e+00 
 2.40000000e-08  1.80000000e+00  2.40000000e-08  1.80000000e+00  2.40000000e-08  1.80000000e+00  2.40000000e-08  1.80000000e+00 
